video_name,count,class,fps,video_start_sec,video_end_sec,repetition_segment_start_sec,repetition_segment_end_sec,repetition_segment_start_frame,repetition_segment_end_frame,rep_1_start_frame,rep_1_end_frame,rep_2_start_frame,rep_2_end_frame,rep_3_start_frame,rep_3_end_frame,rep_4_start_frame,rep_4_end_frame,rep_5_start_frame,rep_5_end_frame,rep_6_start_frame,rep_6_end_frame,rep_7_start_frame,rep_7_end_frame,rep_8_start_frame,rep_8_end_frame,rep_9_start_frame,rep_9_end_frame,rep_10_start_frame,rep_10_end_frame,rep_11_start_frame,rep_11_end_frame,rep_12_start_frame,rep_12_end_frame,rep_13_start_frame,rep_13_end_frame,rep_14_start_frame,rep_14_end_frame,rep_15_start_frame,rep_15_end_frame,rep_16_start_frame,rep_16_end_frame,rep_17_start_frame,rep_17_end_frame,rep_18_start_frame,rep_18_end_frame,rep_19_start_frame,rep_19_end_frame,rep_20_start_frame,rep_20_end_frame,rep_21_start_frame,rep_21_end_frame,rep_22_start_frame,rep_22_end_frame,rep_23_start_frame,rep_23_end_frame,rep_24_start_frame,rep_24_end_frame,rep_25_start_frame,rep_25_end_frame,rep_26_start_frame,rep_26_end_frame,rep_27_start_frame,rep_27_end_frame,rep_28_start_frame,rep_28_end_frame,rep_29_start_frame,rep_29_end_frame,rep_30_start_frame,rep_30_end_frame,rep_31_start_frame,rep_31_end_frame,rep_32_start_frame,rep_32_end_frame,rep_33_start_frame,rep_33_end_frame,rep_34_start_frame,rep_34_end_frame,rep_35_start_frame,rep_35_end_frame,rep_36_start_frame,rep_36_end_frame,rep_37_start_frame,rep_37_end_frame,rep_38_start_frame,rep_38_end_frame,rep_39_start_frame,rep_39_end_frame,rep_40_start_frame,rep_40_end_frame,rep_41_start_frame,rep_41_end_frame,rep_42_start_frame,rep_42_end_frame,rep_43_start_frame,rep_43_end_frame,rep_44_start_frame,rep_44_end_frame,rep_45_start_frame,rep_45_end_frame,rep_46_start_frame,rep_46_end_frame,rep_47_start_frame,rep_47_end_frame,rep_48_start_frame,rep_48_end_frame,rep_49_start_frame,rep_49_end_frame,rep_50_start_frame,rep_50_end_frame,rep_51_start_frame,rep_51_end_frame,rep_52_start_frame,rep_52_end_frame
APkos_Kqa3M_000017_000027.mp4,20.0,battle rope training,29.97,0.0,10.01,0.0,9.98,0,299,0,15,15,30,30.0,45.0,45.0,60.0,60.0,75.0,75.0,90.0,90.0,105.0,105.0,120.0,120.0,135.0,135.0,150.0,150.0,164.0,164.0,179.0,179.0,194.0,194.0,209.0,209.0,224.0,224.0,239.0,239.0,254.0,254.0,269.0,269.0,284.0,284.0,299.0,,,,,,,,,,,,,,,,,,,,,,,,,,,,,,,,,,,,,,,,,,,,,,,,,,,,,,,,,,,,,,,,
AaTvErday_s_000121_000131.mp4,12.0,battle rope training,30.0,0.0,10.0,0.9,10.0,27,300,27,50,50,73,73.0,95.0,95.0,118.0,118.0,141.0,141.0,163.0,163.0,186.0,186.0,209.0,209.0,232.0,232.0,255.0,255.0,277.0,277.0,300.0,,,,,,,,,,,,,,,,,,,,,,,,,,,,,,,,,,,,,,,,,,,,,,,,,,,,,,,,,,,,,,,,,,,,,,,,,,,,,,,,
AnEm66_ZHvQ_000020_000030.mp4,8.0,battle rope training,29.97,0.0,9.915,1.0,9.81,30,294,30,63,63,96,96.0,129.0,129.0,162.0,162.0,195.0,195.0,228.0,228.0,261.0,261.0,294.0,,,,,,,,,,,,,,,,,,,,,,,,,,,,,,,,,,,,,,,,,,,,,,,,,,,,,,,,,,,,,,,,,,,,,,,,,,,,,,,,,,,,,,,,
BuhAROfTtx8_000001_000011.mp4,9.0,battle rope training,29.75,0.0,10.017,3.33,9.98,99,297,99,121,121,143,143.0,165.0,165.0,187.0,187.0,209.0,209.0,231.0,231.0,253.0,253.0,275.0,275.0,297.0,,,,,,,,,,,,,,,,,,,,,,,,,,,,,,,,,,,,,,,,,,,,,,,,,,,,,,,,,,,,,,,,,,,,,,,,,,,,,,,,,,,,,,
C-X1eJftb-g_000019_000029.mp4,19.0,battle rope training,29.97,0.0,10.01,0.0,9.98,0,299,0,16,16,31,31.0,47.0,47.0,63.0,63.0,79.0,79.0,94.0,94.0,110.0,110.0,126.0,126.0,142.0,142.0,157.0,157.0,173.0,173.0,189.0,189.0,205.0,205.0,220.0,220.0,236.0,236.0,252.0,252.0,268.0,268.0,283.0,283.0,299.0,,,,,,,,,,,,,,,,,,,,,,,,,,,,,,,,,,,,,,,,,,,,,,,,,,,,,,,,,,,,,,,,,,
DkonD7QOe64_000012_000022.mp4,7.0,battle rope training,29.76,0.0,10.015,0.0,1.3,0,39,0,6,6,11,11.0,17.0,17.0,22.0,22.0,28.0,28.0,33.0,33.0,39.0,,,,,,,,,,,,,,,,,,,,,,,,,,,,,,,,,,,,,,,,,,,,,,,,,,,,,,,,,,,,,,,,,,,,,,,,,,,,,,,,,,,,,,,,,,
DkonD7QOe64_000012_000022.mp4,35.0,battle rope training,29.76,0.0,10.015,1.6,9.23,48,275,48,54,54,61,61.0,67.0,67.0,74.0,74.0,80.0,80.0,87.0,87.0,93.0,93.0,100.0,100.0,106.0,106.0,113.0,113.0,119.0,119.0,126.0,126.0,132.0,132.0,139.0,139.0,145.0,145.0,152.0,152.0,158.0,158.0,165.0,165.0,171.0,171.0,178.0,178.0,184.0,184.0,191.0,191.0,197.0,197.0,204.0,204.0,210.0,210.0,217.0,217.0,223.0,223.0,230.0,230.0,236.0,236.0,243.0,243.0,249.0,249.0,256.0,256.0,262.0,262.0,269.0,269.0,275.0,,,,,,,,,,,,,,,,,,,,,,,,,,,,,,,,,,
D5Ge91h0XZw_000038_000048.mp4,7.0,battle rope training,30.0,0.0,10.0,0.0,6.63,0,199,0,28,28,57,57.0,85.0,85.0,114.0,114.0,142.0,142.0,171.0,171.0,199.0,,,,,,,,,,,,,,,,,,,,,,,,,,,,,,,,,,,,,,,,,,,,,,,,,,,,,,,,,,,,,,,,,,,,,,,,,,,,,,,,,,,,,,,,,,
EKEJHzTW53s_000015_000025.mp4,3.0,battle rope training,30.0,0.0,10.008,7.4,9.87,222,296,222,247,247,271,271.0,296.0,,,,,,,,,,,,,,,,,,,,,,,,,,,,,,,,,,,,,,,,,,,,,,,,,,,,,,,,,,,,,,,,,,,,,,,,,,,,,,,,,,,,,,,,,,,,,,,,,,
EKEJHzTW53s_000015_000025.mp4,4.0,battle rope training,30.0,0.0,10.008,0.0,2.67,0,80,0,20,20,40,40.0,60.0,60.0,80.0,,,,,,,,,,,,,,,,,,,,,,,,,,,,,,,,,,,,,,,,,,,,,,,,,,,,,,,,,,,,,,,,,,,,,,,,,,,,,,,,,,,,,,,,,,,,,,,,
FGsndIt1TW4_000000_000010.mp4,30.0,battle rope training,29.97,0.0,10.01,1.33,9.98,40,299,40,49,49,57,57.0,66.0,66.0,75.0,75.0,83.0,83.0,92.0,92.0,100.0,100.0,109.0,109.0,118.0,118.0,126.0,126.0,135.0,135.0,144.0,144.0,152.0,152.0,161.0,161.0,170.0,170.0,178.0,178.0,187.0,187.0,195.0,195.0,204.0,204.0,213.0,213.0,221.0,221.0,230.0,230.0,239.0,239.0,247.0,247.0,256.0,256.0,264.0,264.0,273.0,273.0,282.0,282.0,290.0,290.0,299.0,,,,,,,,,,,,,,,,,,,,,,,,,,,,,,,,,,,,,,,,,,,,
F-8dgkZaeIk_000000_000010.mp4,20.0,battle rope training,30.0,0.0,10.008,5.08,10.0,152,300,152,159,159,167,167.0,174.0,174.0,182.0,182.0,189.0,189.0,196.0,196.0,204.0,204.0,211.0,211.0,219.0,219.0,226.0,226.0,233.0,233.0,241.0,241.0,248.0,248.0,256.0,256.0,263.0,263.0,270.0,270.0,278.0,278.0,285.0,285.0,293.0,293.0,300.0,,,,,,,,,,,,,,,,,,,,,,,,,,,,,,,,,,,,,,,,,,,,,,,,,,,,,,,,,,,,,,,,
GWOuD3bwuEs_000031_000041.mp4,34.0,battle rope training,29.89,0.0,10.004,2.31,9.97,69,298,69,76,76,82,82.0,89.0,89.0,96.0,96.0,103.0,103.0,109.0,109.0,116.0,116.0,123.0,123.0,130.0,130.0,136.0,136.0,143.0,143.0,150.0,150.0,157.0,157.0,163.0,163.0,170.0,170.0,177.0,177.0,183.0,183.0,190.0,190.0,197.0,197.0,204.0,204.0,210.0,210.0,217.0,217.0,224.0,224.0,231.0,231.0,237.0,237.0,244.0,244.0,251.0,251.0,258.0,258.0,264.0,264.0,271.0,271.0,278.0,278.0,285.0,285.0,291.0,291.0,298.0,,,,,,,,,,,,,,,,,,,,,,,,,,,,,,,,,,,,
JDdb4kNuKOE_000014_000024.mp4,25.0,battle rope training,29.97,0.0,10.01,0.0,9.98,0,299,0,12,12,24,24.0,36.0,36.0,48.0,48.0,60.0,60.0,72.0,72.0,84.0,84.0,96.0,96.0,108.0,108.0,120.0,120.0,132.0,132.0,144.0,144.0,155.0,155.0,167.0,167.0,179.0,179.0,191.0,191.0,203.0,203.0,215.0,215.0,227.0,227.0,239.0,239.0,251.0,251.0,263.0,263.0,275.0,275.0,287.0,287.0,299.0,,,,,,,,,,,,,,,,,,,,,,,,,,,,,,,,,,,,,,,,,,,,,,,,,,,,,,
JQu6cUHQTpI_000220_000230.mp4,7.0,battle rope training,29.57,0.0,10.044,0.0,4.94,0,146,0,21,21,42,42.0,63.0,63.0,83.0,83.0,104.0,104.0,125.0,125.0,146.0,,,,,,,,,,,,,,,,,,,,,,,,,,,,,,,,,,,,,,,,,,,,,,,,,,,,,,,,,,,,,,,,,,,,,,,,,,,,,,,,,,,,,,,,,,
KdF4TYh6YU4_000033_000043.mp4,16.0,battle rope training,30.0,0.0,9.567,0.0,9.53,0,286,0,18,18,36,36.0,54.0,54.0,72.0,72.0,89.0,89.0,107.0,107.0,125.0,125.0,143.0,143.0,161.0,161.0,179.0,179.0,197.0,197.0,214.0,214.0,232.0,232.0,250.0,250.0,268.0,268.0,286.0,,,,,,,,,,,,,,,,,,,,,,,,,,,,,,,,,,,,,,,,,,,,,,,,,,,,,,,,,,,,,,,,,,,,,,,,
M7Urc9uBjBU_000034_000044.mp4,2.0,battle rope training,25.0,0.0,10.0,9.04,10.0,226,250,226,238,238,250,,,,,,,,,,,,,,,,,,,,,,,,,,,,,,,,,,,,,,,,,,,,,,,,,,,,,,,,,,,,,,,,,,,,,,,,,,,,,,,,,,,,,,,,,,,,,,,,,,,,
OCKdRmWU1nE_000021_000031.mp4,8.0,battle rope training,25.0,0.0,10.008,0.0,5.2,0,130,0,16,16,32,32.0,49.0,49.0,65.0,65.0,81.0,81.0,98.0,98.0,114.0,114.0,130.0,,,,,,,,,,,,,,,,,,,,,,,,,,,,,,,,,,,,,,,,,,,,,,,,,,,,,,,,,,,,,,,,,,,,,,,,,,,,,,,,,,,,,,,,
OCKdRmWU1nE_000021_000031.mp4,16.0,battle rope training,25.0,0.0,10.008,5.68,10.0,142,250,142,149,149,156,156.0,162.0,162.0,169.0,169.0,176.0,176.0,182.0,182.0,189.0,189.0,196.0,196.0,203.0,203.0,210.0,210.0,216.0,216.0,223.0,223.0,230.0,230.0,236.0,236.0,243.0,243.0,250.0,,,,,,,,,,,,,,,,,,,,,,,,,,,,,,,,,,,,,,,,,,,,,,,,,,,,,,,,,,,,,,,,,,,,,,,,
Qdz2TK3Gd-U_000011_000021.mp4,14.0,battle rope training,29.97,0.0,10.01,7.81,9.96,234,299,234,239,239,243,243.0,248.0,248.0,253.0,253.0,257.0,257.0,262.0,262.0,266.0,266.0,271.0,271.0,276.0,276.0,280.0,280.0,285.0,285.0,290.0,290.0,294.0,294.0,299.0,,,,,,,,,,,,,,,,,,,,,,,,,,,,,,,,,,,,,,,,,,,,,,,,,,,,,,,,,,,,,,,,,,,,,,,,,,,,
QvHRHdDaSI8_000019_000029.mp4,12.0,battle rope training,29.0,0.0,4.83,0.0,4.21,0,122,0,10,10,20,20.0,30.0,30.0,41.0,41.0,51.0,51.0,61.0,61.0,71.0,71.0,81.0,81.0,92.0,92.0,102.0,102.0,112.0,112.0,122.0,,,,,,,,,,,,,,,,,,,,,,,,,,,,,,,,,,,,,,,,,,,,,,,,,,,,,,,,,,,,,,,,,,,,,,,,,,,,,,,,
Q2L3tDbuIus_000000_000010.mp4,8.0,battle rope training,30.0,0.0,6.34,0.0,6.3,0,189,0,24,24,47,47.0,71.0,71.0,94.0,94.0,118.0,118.0,142.0,142.0,165.0,165.0,189.0,,,,,,,,,,,,,,,,,,,,,,,,,,,,,,,,,,,,,,,,,,,,,,,,,,,,,,,,,,,,,,,,,,,,,,,,,,,,,,,,,,,,,,,,
Q2t1S__Hugo_000000_000010.mp4,23.0,battle rope training,29.97,0.0,10.01,6.07,10.0,182,300,182,187,187,192,192.0,197.0,197.0,203.0,203.0,208.0,208.0,213.0,213.0,218.0,218.0,223.0,223.0,228.0,228.0,233.0,233.0,238.0,238.0,244.0,244.0,249.0,249.0,254.0,254.0,259.0,259.0,264.0,264.0,269.0,269.0,274.0,274.0,279.0,279.0,285.0,285.0,290.0,290.0,295.0,295.0,300.0,,,,,,,,,,,,,,,,,,,,,,,,,,,,,,,,,,,,,,,,,,,,,,,,,,,,,,,,,,
RGq54UYpkmo_000001_000011.mp4,6.0,battle rope training,29.97,0.0,9.542,0.53,9.14,16,274,16,59,59,102,102.0,145.0,145.0,188.0,188.0,231.0,231.0,274.0,,,,,,,,,,,,,,,,,,,,,,,,,,,,,,,,,,,,,,,,,,,,,,,,,,,,,,,,,,,,,,,,,,,,,,,,,,,,,,,,,,,,,,,,,,,,
RQ48AUI_unk_000312_000322.mp4,3.0,battle rope training,30.0,0.0,10.008,7.87,10.0,236,300,236,257,257,279,279.0,300.0,,,,,,,,,,,,,,,,,,,,,,,,,,,,,,,,,,,,,,,,,,,,,,,,,,,,,,,,,,,,,,,,,,,,,,,,,,,,,,,,,,,,,,,,,,,,,,,,,,
THGD3_0enHU_000007_000017.mp4,6.0,battle rope training,14.69,0.0,10.009,0.0,9.87,0,145,0,24,24,48,48.0,72.0,72.0,97.0,97.0,121.0,121.0,145.0,,,,,,,,,,,,,,,,,,,,,,,,,,,,,,,,,,,,,,,,,,,,,,,,,,,,,,,,,,,,,,,,,,,,,,,,,,,,,,,,,,,,,,,,,,,,
TzvT-p_Hq-Y_000028_000038.mp4,6.0,battle rope training,29.97,0.0,10.01,6.31,9.94,189,298,189,207,207,225,225.0,243.0,243.0,262.0,262.0,280.0,280.0,298.0,,,,,,,,,,,,,,,,,,,,,,,,,,,,,,,,,,,,,,,,,,,,,,,,,,,,,,,,,,,,,,,,,,,,,,,,,,,,,,,,,,,,,,,,,,,,
VpUOfMeFx-U_000063_000073.mp4,9.0,battle rope training,30.0,0.0,10.0,0.0,4.8,0,144,0,16,16,32,32.0,48.0,48.0,64.0,64.0,80.0,80.0,96.0,96.0,112.0,112.0,128.0,128.0,144.0,,,,,,,,,,,,,,,,,,,,,,,,,,,,,,,,,,,,,,,,,,,,,,,,,,,,,,,,,,,,,,,,,,,,,,,,,,,,,,,,,,,,,,
W2bvLjnEsMo_000022_000032.mp4,14.0,battle rope training,24.0,0.0,10.008,0.08,9.46,2,227,2,18,18,34,34.0,50.0,50.0,66.0,66.0,82.0,82.0,98.0,98.0,114.0,114.0,131.0,131.0,147.0,147.0,163.0,163.0,179.0,179.0,195.0,195.0,211.0,211.0,227.0,,,,,,,,,,,,,,,,,,,,,,,,,,,,,,,,,,,,,,,,,,,,,,,,,,,,,,,,,,,,,,,,,,,,,,,,,,,,
ZAzz9icRTLY_000015_000025.mp4,26.0,battle rope training,29.97,0.0,6.734,0.0,6.11,0,183,0,7,7,14,14.0,21.0,21.0,28.0,28.0,35.0,35.0,42.0,42.0,49.0,49.0,56.0,56.0,63.0,63.0,70.0,70.0,77.0,77.0,84.0,84.0,92.0,92.0,99.0,99.0,106.0,106.0,113.0,113.0,120.0,120.0,127.0,127.0,134.0,134.0,141.0,141.0,148.0,148.0,155.0,155.0,162.0,162.0,169.0,169.0,176.0,176.0,183.0,,,,,,,,,,,,,,,,,,,,,,,,,,,,,,,,,,,,,,,,,,,,,,,,,,,,
a-APH0A_8FU_000001_000011.mp4,11.0,battle rope training,30.0,0.0,10.0,5.77,10.0,173,300,173,185,185,196,196.0,208.0,208.0,219.0,219.0,231.0,231.0,242.0,242.0,254.0,254.0,265.0,265.0,277.0,277.0,288.0,288.0,300.0,,,,,,,,,,,,,,,,,,,,,,,,,,,,,,,,,,,,,,,,,,,,,,,,,,,,,,,,,,,,,,,,,,,,,,,,,,,,,,,,,,
bEo2REq5rNo_000072_000082.mp4,30.0,battle rope training,30.0,0.0,10.008,0.0,10.0,0,300,0,10,10,20,20.0,30.0,30.0,40.0,40.0,50.0,50.0,60.0,60.0,70.0,70.0,80.0,80.0,90.0,90.0,100.0,100.0,110.0,110.0,120.0,120.0,130.0,130.0,140.0,140.0,150.0,150.0,160.0,160.0,170.0,170.0,180.0,180.0,190.0,190.0,200.0,200.0,210.0,210.0,220.0,220.0,230.0,230.0,240.0,240.0,250.0,250.0,260.0,260.0,270.0,270.0,280.0,280.0,290.0,290.0,300.0,,,,,,,,,,,,,,,,,,,,,,,,,,,,,,,,,,,,,,,,,,,,
g5WozmwLles_000016_000026.mp4,4.0,battle rope training,29.97,0.0,10.01,0.88,4.85,26,145,26,56,56,86,86.0,115.0,115.0,145.0,,,,,,,,,,,,,,,,,,,,,,,,,,,,,,,,,,,,,,,,,,,,,,,,,,,,,,,,,,,,,,,,,,,,,,,,,,,,,,,,,,,,,,,,,,,,,,,,
hEk_hUf5SrM_000000_000010.mp4,4.0,battle rope training,29.97,0.0,7.501,0.5,6.27,15,188,15,58,58,101,101.0,145.0,145.0,188.0,,,,,,,,,,,,,,,,,,,,,,,,,,,,,,,,,,,,,,,,,,,,,,,,,,,,,,,,,,,,,,,,,,,,,,,,,,,,,,,,,,,,,,,,,,,,,,,,
hHdt-T-9m8k_000097_000107.mp4,16.0,battle rope training,30.0,0.0,10.008,0.0,10.0,0,300,0,19,19,38,38.0,56.0,56.0,75.0,75.0,94.0,94.0,112.0,112.0,131.0,131.0,150.0,150.0,169.0,169.0,188.0,188.0,206.0,206.0,225.0,225.0,244.0,244.0,262.0,262.0,281.0,281.0,300.0,,,,,,,,,,,,,,,,,,,,,,,,,,,,,,,,,,,,,,,,,,,,,,,,,,,,,,,,,,,,,,,,,,,,,,,,
jjVpRAHiDiU_000001_000011.mp4,25.0,battle rope training,29.0,0.0,9.552,0.0,9.52,0,276,0,11,11,22,22.0,33.0,33.0,44.0,44.0,55.0,55.0,66.0,66.0,77.0,77.0,88.0,88.0,99.0,99.0,110.0,110.0,121.0,121.0,132.0,132.0,144.0,144.0,155.0,155.0,166.0,166.0,177.0,177.0,188.0,188.0,199.0,199.0,210.0,210.0,221.0,221.0,232.0,232.0,243.0,243.0,254.0,254.0,265.0,265.0,276.0,,,,,,,,,,,,,,,,,,,,,,,,,,,,,,,,,,,,,,,,,,,,,,,,,,,,,,
k3OYki3qGs0_000072_000082.mp4,9.0,battle rope training,29.97,0.0,10.01,0.0,4.64,0,139,0,15,15,31,31.0,46.0,46.0,62.0,62.0,77.0,77.0,93.0,93.0,108.0,108.0,124.0,124.0,139.0,,,,,,,,,,,,,,,,,,,,,,,,,,,,,,,,,,,,,,,,,,,,,,,,,,,,,,,,,,,,,,,,,,,,,,,,,,,,,,,,,,,,,,
l0IbxJrvkps_000000_000010.mp4,5.0,battle rope training,29.97,0.0,6.27,1.43,5.34,43,160,43,66,66,90,90.0,113.0,113.0,137.0,137.0,160.0,,,,,,,,,,,,,,,,,,,,,,,,,,,,,,,,,,,,,,,,,,,,,,,,,,,,,,,,,,,,,,,,,,,,,,,,,,,,,,,,,,,,,,,,,,,,,,
nQD9ZYqcjYk_000005_000015.mp4,13.0,battle rope training,28.93,0.0,9.73,0.66,9.65,19,279,19,39,39,59,59.0,79.0,79.0,99.0,99.0,119.0,119.0,139.0,139.0,159.0,159.0,179.0,179.0,199.0,199.0,219.0,219.0,239.0,239.0,259.0,259.0,279.0,,,,,,,,,,,,,,,,,,,,,,,,,,,,,,,,,,,,,,,,,,,,,,,,,,,,,,,,,,,,,,,,,,,,,,,,,,,,,,
p-FfGCmmvKg_000001_000011.mp4,3.0,battle rope training,24.0,0.0,9.5,1.71,8.09,41,194,41,92,92,143,143.0,194.0,,,,,,,,,,,,,,,,,,,,,,,,,,,,,,,,,,,,,,,,,,,,,,,,,,,,,,,,,,,,,,,,,,,,,,,,,,,,,,,,,,,,,,,,,,,,,,,,,,
qCM65vJ2DJw_000000_000010.mp4,27.0,battle rope training,30.0,0.0,10.008,0.0,7.23,0,217,0,8,8,16,16.0,24.0,24.0,32.0,32.0,40.0,40.0,48.0,48.0,56.0,56.0,64.0,64.0,72.0,72.0,80.0,80.0,88.0,88.0,96.0,96.0,104.0,104.0,113.0,113.0,121.0,121.0,129.0,129.0,137.0,137.0,145.0,145.0,153.0,153.0,161.0,161.0,169.0,169.0,177.0,177.0,185.0,185.0,193.0,193.0,201.0,201.0,209.0,209.0,217.0,,,,,,,,,,,,,,,,,,,,,,,,,,,,,,,,,,,,,,,,,,,,,,,,,,
qCM65vJ2DJw_000000_000010.mp4,3.0,battle rope training,30.0,0.0,10.008,9.53,10.0,286,300,286,291,291,295,295.0,300.0,,,,,,,,,,,,,,,,,,,,,,,,,,,,,,,,,,,,,,,,,,,,,,,,,,,,,,,,,,,,,,,,,,,,,,,,,,,,,,,,,,,,,,,,,,,,,,,,,,
r1B4eCjOsQA_000147_000157.mp4,10.0,battle rope training,29.92,0.0,10.028,0.0,4.82,0,144,0,14,14,29,29.0,43.0,43.0,58.0,58.0,72.0,72.0,86.0,86.0,101.0,101.0,115.0,115.0,130.0,130.0,144.0,,,,,,,,,,,,,,,,,,,,,,,,,,,,,,,,,,,,,,,,,,,,,,,,,,,,,,,,,,,,,,,,,,,,,,,,,,,,,,,,,,,,
r1B4eCjOsQA_000147_000157.mp4,9.0,battle rope training,29.92,0.0,10.028,5.66,9.97,169,298,169,183,183,198,198.0,212.0,212.0,226.0,226.0,241.0,241.0,255.0,255.0,269.0,269.0,284.0,284.0,298.0,,,,,,,,,,,,,,,,,,,,,,,,,,,,,,,,,,,,,,,,,,,,,,,,,,,,,,,,,,,,,,,,,,,,,,,,,,,,,,,,,,,,,,
r1Y8JuMLABE_000006_000016.mp4,7.0,battle rope training,15.0,0.0,4.714,0.0,4.6,0,69,0,10,10,20,20.0,30.0,30.0,39.0,39.0,49.0,49.0,59.0,59.0,69.0,,,,,,,,,,,,,,,,,,,,,,,,,,,,,,,,,,,,,,,,,,,,,,,,,,,,,,,,,,,,,,,,,,,,,,,,,,,,,,,,,,,,,,,,,,
sM3uTGBNGw8_000023_000033.mp4,18.0,battle rope training,29.97,0.0,9.962,3.6,9.68,108,290,108,118,118,128,128.0,138.0,138.0,148.0,148.0,159.0,159.0,169.0,169.0,179.0,179.0,189.0,189.0,199.0,199.0,209.0,209.0,219.0,219.0,229.0,229.0,239.0,239.0,250.0,250.0,260.0,260.0,270.0,270.0,280.0,280.0,290.0,,,,,,,,,,,,,,,,,,,,,,,,,,,,,,,,,,,,,,,,,,,,,,,,,,,,,,,,,,,,,,,,,,,,
t4v60Uown1Y_000003_000013.mp4,44.0,battle rope training,29.97,0.0,10.01,0.0,8.59,0,257,0,6,6,12,12.0,18.0,18.0,23.0,23.0,29.0,29.0,35.0,35.0,41.0,41.0,47.0,47.0,53.0,53.0,58.0,58.0,64.0,64.0,70.0,70.0,76.0,76.0,82.0,82.0,88.0,88.0,93.0,93.0,99.0,99.0,105.0,105.0,111.0,111.0,117.0,117.0,123.0,123.0,128.0,128.0,134.0,134.0,140.0,140.0,146.0,146.0,152.0,152.0,158.0,158.0,164.0,164.0,169.0,169.0,175.0,175.0,181.0,181.0,187.0,187.0,193.0,193.0,199.0,199.0,204.0,204.0,210.0,210.0,216.0,216.0,222.0,222.0,228.0,228.0,234.0,234.0,239.0,239.0,245.0,245.0,251.0,251.0,257.0,,,,,,,,,,,,,,,,
t4v60Uown1Y_000003_000013.mp4,4.0,battle rope training,29.97,0.0,10.01,8.74,9.96,262,299,262,271,271,280,280.0,290.0,290.0,299.0,,,,,,,,,,,,,,,,,,,,,,,,,,,,,,,,,,,,,,,,,,,,,,,,,,,,,,,,,,,,,,,,,,,,,,,,,,,,,,,,,,,,,,,,,,,,,,,,
xCFVQU7cV9I_000012_000022.mp4,19.0,battle rope training,30.0,0.0,9.405,1.23,8.6,37,258,37,49,49,60,60.0,72.0,72.0,84.0,84.0,95.0,95.0,107.0,107.0,118.0,118.0,130.0,130.0,142.0,142.0,153.0,153.0,165.0,165.0,177.0,177.0,188.0,188.0,200.0,200.0,211.0,211.0,223.0,223.0,235.0,235.0,246.0,246.0,258.0,,,,,,,,,,,,,,,,,,,,,,,,,,,,,,,,,,,,,,,,,,,,,,,,,,,,,,,,,,,,,,,,,,
1SivOp5wzR4_000012_000022.mp4,9.0,battle rope training,29.97,0.0,10.008,0.0,8.51,0,255,0,28,28,57,57.0,85.0,85.0,113.0,113.0,142.0,142.0,170.0,170.0,198.0,198.0,227.0,227.0,255.0,,,,,,,,,,,,,,,,,,,,,,,,,,,,,,,,,,,,,,,,,,,,,,,,,,,,,,,,,,,,,,,,,,,,,,,,,,,,,,,,,,,,,,
268qJev1jaE_000000_000010.mp4,5.0,battle rope training,30.0,0.0,2.88,0.0,2.8,0,84,0,17,17,34,34.0,50.0,50.0,67.0,67.0,84.0,,,,,,,,,,,,,,,,,,,,,,,,,,,,,,,,,,,,,,,,,,,,,,,,,,,,,,,,,,,,,,,,,,,,,,,,,,,,,,,,,,,,,,,,,,,,,,
66806zjlX0Q_000099_000109.mp4,15.0,battle rope training,30.0,0.0,10.008,1.0,4.93,30,148,30,38,38,46,46.0,54.0,54.0,61.0,61.0,69.0,69.0,77.0,77.0,85.0,85.0,93.0,93.0,101.0,101.0,109.0,109.0,117.0,117.0,124.0,124.0,132.0,132.0,140.0,140.0,148.0,,,,,,,,,,,,,,,,,,,,,,,,,,,,,,,,,,,,,,,,,,,,,,,,,,,,,,,,,,,,,,,,,,,,,,,,,,
7eS2fihBToE_000003_000013.mp4,14.0,battle rope training,29.97,0.0,9.892,0.0,9.01,0,270,0,19,19,39,39.0,58.0,58.0,77.0,77.0,96.0,96.0,116.0,116.0,135.0,135.0,154.0,154.0,174.0,174.0,193.0,193.0,212.0,212.0,231.0,231.0,251.0,251.0,270.0,,,,,,,,,,,,,,,,,,,,,,,,,,,,,,,,,,,,,,,,,,,,,,,,,,,,,,,,,,,,,,,,,,,,,,,,,,,,
-i2ZylN33X0_000110_000120.mp4,31.0,battle rope training,30.0,0.0,9.683,0.0,6.28,0,188,0,6,6,12,12.0,18.0,18.0,24.0,24.0,30.0,30.0,36.0,36.0,42.0,42.0,49.0,49.0,55.0,55.0,61.0,61.0,67.0,67.0,73.0,73.0,79.0,79.0,85.0,85.0,91.0,91.0,97.0,97.0,103.0,103.0,109.0,109.0,115.0,115.0,121.0,121.0,127.0,127.0,133.0,133.0,139.0,139.0,146.0,146.0,152.0,152.0,158.0,158.0,164.0,164.0,170.0,170.0,176.0,176.0,182.0,182.0,188.0,,,,,,,,,,,,,,,,,,,,,,,,,,,,,,,,,,,,,,,,,,
-m5EgnvIT0A_000029_000039.mp4,14.0,battle rope training,29.97,0.0,10.01,0.0,9.94,0,298,0,21,21,43,43.0,64.0,64.0,85.0,85.0,106.0,106.0,128.0,128.0,149.0,149.0,170.0,170.0,192.0,192.0,213.0,213.0,234.0,234.0,255.0,255.0,277.0,277.0,298.0,,,,,,,,,,,,,,,,,,,,,,,,,,,,,,,,,,,,,,,,,,,,,,,,,,,,,,,,,,,,,,,,,,,,,,,,,,,,
--oGGqMZmAA_000007_000017.mp4,11.0,battle rope training,30.0,0.0,10.008,0.0,10.0,0,300,0,27,27,55,55.0,82.0,82.0,109.0,109.0,136.0,136.0,164.0,164.0,191.0,191.0,218.0,218.0,245.0,245.0,273.0,273.0,300.0,,,,,,,,,,,,,,,,,,,,,,,,,,,,,,,,,,,,,,,,,,,,,,,,,,,,,,,,,,,,,,,,,,,,,,,,,,,,,,,,,,
DzGDU949CO0_000221_000231.mp4,2.0,bouncing ball (not juggling),30.0,0.0,10.008,2.03,2.78,61,83,61,72,72,83,,,,,,,,,,,,,,,,,,,,,,,,,,,,,,,,,,,,,,,,,,,,,,,,,,,,,,,,,,,,,,,,,,,,,,,,,,,,,,,,,,,,,,,,,,,,,,,,,,,,
D2fP3lx1z1A_000004_000014.mp4,12.0,bouncing ball (not juggling),30.0,0.0,10.0,1.9,4.4,57,132,57,63,63,69,69.0,76.0,76.0,82.0,82.0,88.0,88.0,95.0,95.0,101.0,101.0,107.0,107.0,113.0,113.0,119.0,119.0,126.0,126.0,132.0,,,,,,,,,,,,,,,,,,,,,,,,,,,,,,,,,,,,,,,,,,,,,,,,,,,,,,,,,,,,,,,,,,,,,,,,,,,,,,,,
D2fP3lx1z1A_000004_000014.mp4,5.0,bouncing ball (not juggling),30.0,0.0,10.0,8.2,9.97,246,299,246,257,257,267,267.0,278.0,278.0,288.0,288.0,299.0,,,,,,,,,,,,,,,,,,,,,,,,,,,,,,,,,,,,,,,,,,,,,,,,,,,,,,,,,,,,,,,,,,,,,,,,,,,,,,,,,,,,,,,,,,,,,,
EECxzwPpbP4_000005_000015.mp4,2.0,bouncing ball (not juggling),29.97,0.0,9.985,0.9,2.87,27,86,27,57,57,86,,,,,,,,,,,,,,,,,,,,,,,,,,,,,,,,,,,,,,,,,,,,,,,,,,,,,,,,,,,,,,,,,,,,,,,,,,,,,,,,,,,,,,,,,,,,,,,,,,,,
EECxzwPpbP4_000005_000015.mp4,8.0,bouncing ball (not juggling),29.97,0.0,9.985,3.99,6.07,120,182,120,128,128,136,136.0,143.0,143.0,151.0,151.0,159.0,159.0,166.0,166.0,174.0,174.0,182.0,,,,,,,,,,,,,,,,,,,,,,,,,,,,,,,,,,,,,,,,,,,,,,,,,,,,,,,,,,,,,,,,,,,,,,,,,,,,,,,,,,,,,,,,
FLY2D2gE0qs_000605_000615.mp4,16.0,bouncing ball (not juggling),25.0,0.0,9.818,0.0,9.4,0,235,0,15,15,29,29.0,44.0,44.0,59.0,59.0,73.0,73.0,88.0,88.0,103.0,103.0,118.0,118.0,132.0,132.0,147.0,147.0,162.0,162.0,176.0,176.0,191.0,191.0,206.0,206.0,220.0,220.0,235.0,,,,,,,,,,,,,,,,,,,,,,,,,,,,,,,,,,,,,,,,,,,,,,,,,,,,,,,,,,,,,,,,,,,,,,,,
FpDag2X2zVA_000025_000035.mp4,7.0,bouncing ball (not juggling),29.94,0.0,10.02,0.53,5.31,16,159,16,36,36,57,57.0,77.0,77.0,98.0,98.0,118.0,118.0,139.0,139.0,159.0,,,,,,,,,,,,,,,,,,,,,,,,,,,,,,,,,,,,,,,,,,,,,,,,,,,,,,,,,,,,,,,,,,,,,,,,,,,,,,,,,,,,,,,,,,
FpDag2X2zVA_000025_000035.mp4,3.0,bouncing ball (not juggling),29.94,0.0,10.02,7.99,8.92,239,267,239,248,248,258,258.0,267.0,,,,,,,,,,,,,,,,,,,,,,,,,,,,,,,,,,,,,,,,,,,,,,,,,,,,,,,,,,,,,,,,,,,,,,,,,,,,,,,,,,,,,,,,,,,,,,,,,,
GQJcsl3nwUA_000002_000012.mp4,7.0,bouncing ball (not juggling),29.97,0.0,10.01,0.37,1.84,11,55,11,17,17,24,24.0,30.0,30.0,36.0,36.0,42.0,42.0,49.0,49.0,55.0,,,,,,,,,,,,,,,,,,,,,,,,,,,,,,,,,,,,,,,,,,,,,,,,,,,,,,,,,,,,,,,,,,,,,,,,,,,,,,,,,,,,,,,,,,
GQJcsl3nwUA_000002_000012.mp4,2.0,bouncing ball (not juggling),29.97,0.0,10.01,8.34,8.74,250,262,250,256,256,262,,,,,,,,,,,,,,,,,,,,,,,,,,,,,,,,,,,,,,,,,,,,,,,,,,,,,,,,,,,,,,,,,,,,,,,,,,,,,,,,,,,,,,,,,,,,,,,,,,,,
HFlwKbbeFXY_000018_000028.mp4,2.0,bouncing ball (not juggling),30.0,0.0,10.0,1.77,6.4,53,192,53,123,123,192,,,,,,,,,,,,,,,,,,,,,,,,,,,,,,,,,,,,,,,,,,,,,,,,,,,,,,,,,,,,,,,,,,,,,,,,,,,,,,,,,,,,,,,,,,,,,,,,,,,,
H4DNu9OjgKU_000000_000010.mp4,22.0,bouncing ball (not juggling),29.97,0.0,10.01,3.07,9.08,92,272,92,100,100,108,108.0,117.0,117.0,125.0,125.0,133.0,133.0,141.0,141.0,149.0,149.0,157.0,157.0,166.0,166.0,174.0,174.0,182.0,182.0,190.0,190.0,198.0,198.0,207.0,207.0,215.0,215.0,223.0,223.0,231.0,231.0,239.0,239.0,247.0,247.0,256.0,256.0,264.0,264.0,272.0,,,,,,,,,,,,,,,,,,,,,,,,,,,,,,,,,,,,,,,,,,,,,,,,,,,,,,,,,,,,
IQyJivv_5KU_000008_000018.mp4,4.0,bouncing ball (not juggling),15.0,0.0,10.008,2.8,4.47,42,67,42,48,48,54,54.0,61.0,61.0,67.0,,,,,,,,,,,,,,,,,,,,,,,,,,,,,,,,,,,,,,,,,,,,,,,,,,,,,,,,,,,,,,,,,,,,,,,,,,,,,,,,,,,,,,,,,,,,,,,,
Iuw-aS1Q2RQ_000055_000065.mp4,5.0,bouncing ball (not juggling),29.97,0.0,10.01,0.8,9.38,24,281,24,75,75,127,127.0,178.0,178.0,230.0,230.0,281.0,,,,,,,,,,,,,,,,,,,,,,,,,,,,,,,,,,,,,,,,,,,,,,,,,,,,,,,,,,,,,,,,,,,,,,,,,,,,,,,,,,,,,,,,,,,,,,
I6PShxS_Uf8_000000_000010.mp4,4.0,bouncing ball (not juggling),30.0,0.0,10.008,0.0,0.7,0,21,0,5,5,10,10.0,16.0,16.0,21.0,,,,,,,,,,,,,,,,,,,,,,,,,,,,,,,,,,,,,,,,,,,,,,,,,,,,,,,,,,,,,,,,,,,,,,,,,,,,,,,,,,,,,,,,,,,,,,,,
I6PShxS_Uf8_000000_000010.mp4,4.0,bouncing ball (not juggling),30.0,0.0,10.008,9.1,9.67,273,290,273,277,277,281,281.0,286.0,286.0,290.0,,,,,,,,,,,,,,,,,,,,,,,,,,,,,,,,,,,,,,,,,,,,,,,,,,,,,,,,,,,,,,,,,,,,,,,,,,,,,,,,,,,,,,,,,,,,,,,,
KhDjVeu4Xxo_000075_000085.mp4,2.0,bouncing ball (not juggling),29.97,0.0,10.01,2.24,3.24,67,97,67,82,82,97,,,,,,,,,,,,,,,,,,,,,,,,,,,,,,,,,,,,,,,,,,,,,,,,,,,,,,,,,,,,,,,,,,,,,,,,,,,,,,,,,,,,,,,,,,,,,,,,,,,,
MUIWvu58u4E_000089_000099.mp4,2.0,bouncing ball (not juggling),29.97,0.0,10.01,0.87,2.57,26,77,26,52,52,77,,,,,,,,,,,,,,,,,,,,,,,,,,,,,,,,,,,,,,,,,,,,,,,,,,,,,,,,,,,,,,,,,,,,,,,,,,,,,,,,,,,,,,,,,,,,,,,,,,,,
MUIWvu58u4E_000089_000099.mp4,6.0,bouncing ball (not juggling),29.97,0.0,10.01,4.77,8.68,143,260,143,163,163,182,182.0,201.0,201.0,221.0,221.0,241.0,241.0,260.0,,,,,,,,,,,,,,,,,,,,,,,,,,,,,,,,,,,,,,,,,,,,,,,,,,,,,,,,,,,,,,,,,,,,,,,,,,,,,,,,,,,,,,,,,,,,
NY9M0VS3Z0A_000122_000132.mp4,15.0,bouncing ball (not juggling),30.0,0.0,10.0,0.13,10.0,4,300,4,24,24,43,43.0,63.0,63.0,83.0,83.0,103.0,103.0,122.0,122.0,142.0,142.0,162.0,162.0,182.0,182.0,201.0,201.0,221.0,221.0,241.0,241.0,261.0,261.0,280.0,280.0,300.0,,,,,,,,,,,,,,,,,,,,,,,,,,,,,,,,,,,,,,,,,,,,,,,,,,,,,,,,,,,,,,,,,,,,,,,,,,
OcdqxcHMuOU_000027_000037.mp4,5.0,bouncing ball (not juggling),20.0,0.0,10.008,0.45,4.95,9,99,9,27,27,45,45.0,63.0,63.0,81.0,81.0,99.0,,,,,,,,,,,,,,,,,,,,,,,,,,,,,,,,,,,,,,,,,,,,,,,,,,,,,,,,,,,,,,,,,,,,,,,,,,,,,,,,,,,,,,,,,,,,,,
RLeaNDEMuKM_000029_000039.mp4,7.0,bouncing ball (not juggling),15.04,0.0,9.892,0.0,4.06,0,61,0,9,9,17,17.0,26.0,26.0,35.0,35.0,44.0,44.0,52.0,52.0,61.0,,,,,,,,,,,,,,,,,,,,,,,,,,,,,,,,,,,,,,,,,,,,,,,,,,,,,,,,,,,,,,,,,,,,,,,,,,,,,,,,,,,,,,,,,,
RQWRtYYctbQ_000000_000010.mp4,4.0,bouncing ball (not juggling),30.0,0.0,10.008,1.97,9.3,59,279,59,114,114,169,169.0,224.0,224.0,279.0,,,,,,,,,,,,,,,,,,,,,,,,,,,,,,,,,,,,,,,,,,,,,,,,,,,,,,,,,,,,,,,,,,,,,,,,,,,,,,,,,,,,,,,,,,,,,,,,
T94ugTHMwHU_000000_000010.mp4,5.0,bouncing ball (not juggling),30.0,0.0,10.008,4.0,10.0,120,300,120,156,156,192,192.0,228.0,228.0,264.0,264.0,300.0,,,,,,,,,,,,,,,,,,,,,,,,,,,,,,,,,,,,,,,,,,,,,,,,,,,,,,,,,,,,,,,,,,,,,,,,,,,,,,,,,,,,,,,,,,,,,,
UcoP26Ka9kE_000005_000015.mp4,10.0,bouncing ball (not juggling),29.95,0.0,9.28,3.37,7.37,101,221,101,113,113,125,125.0,137.0,137.0,149.0,149.0,161.0,161.0,173.0,173.0,185.0,185.0,197.0,197.0,209.0,209.0,221.0,,,,,,,,,,,,,,,,,,,,,,,,,,,,,,,,,,,,,,,,,,,,,,,,,,,,,,,,,,,,,,,,,,,,,,,,,,,,,,,,,,,,
dQjeV03_rys_000002_000012.mp4,13.0,bouncing ball (not juggling),30.0,0.0,10.0,0.0,10.0,0,300,0,23,23,46,46.0,69.0,69.0,92.0,92.0,115.0,115.0,138.0,138.0,162.0,162.0,185.0,185.0,208.0,208.0,231.0,231.0,254.0,254.0,277.0,277.0,300.0,,,,,,,,,,,,,,,,,,,,,,,,,,,,,,,,,,,,,,,,,,,,,,,,,,,,,,,,,,,,,,,,,,,,,,,,,,,,,,
ea1CCha0-S0_000037_000047.mp4,8.0,bouncing ball (not juggling),25.0,0.0,9.846,4.08,8.06,102,202,102,114,114,127,127.0,140.0,140.0,152.0,152.0,164.0,164.0,177.0,177.0,190.0,190.0,202.0,,,,,,,,,,,,,,,,,,,,,,,,,,,,,,,,,,,,,,,,,,,,,,,,,,,,,,,,,,,,,,,,,,,,,,,,,,,,,,,,,,,,,,,,
egNaV5U_EJk_000024_000034.mp4,3.0,bouncing ball (not juggling),29.94,0.0,10.02,7.13,9.95,213,298,213,241,241,270,270.0,298.0,,,,,,,,,,,,,,,,,,,,,,,,,,,,,,,,,,,,,,,,,,,,,,,,,,,,,,,,,,,,,,,,,,,,,,,,,,,,,,,,,,,,,,,,,,,,,,,,,,
fVU85a0AhQI_000000_000010.mp4,29.0,bouncing ball (not juggling),30.0,0.0,10.008,0.0,10.0,0,300,0,10,10,21,21.0,31.0,31.0,41.0,41.0,52.0,52.0,62.0,62.0,72.0,72.0,83.0,83.0,93.0,93.0,103.0,103.0,114.0,114.0,124.0,124.0,134.0,134.0,145.0,145.0,155.0,155.0,166.0,166.0,176.0,176.0,186.0,186.0,197.0,197.0,207.0,207.0,217.0,217.0,228.0,228.0,238.0,238.0,248.0,248.0,259.0,259.0,269.0,269.0,279.0,279.0,290.0,290.0,300.0,,,,,,,,,,,,,,,,,,,,,,,,,,,,,,,,,,,,,,,,,,,,,,
hQxd8tVcPiY_000004_000014.mp4,2.0,bouncing ball (not juggling),15.0,0.0,10.0,0.0,0.87,0,13,0,6,6,13,,,,,,,,,,,,,,,,,,,,,,,,,,,,,,,,,,,,,,,,,,,,,,,,,,,,,,,,,,,,,,,,,,,,,,,,,,,,,,,,,,,,,,,,,,,,,,,,,,,,
hQxd8tVcPiY_000004_000014.mp4,14.0,bouncing ball (not juggling),15.0,0.0,10.0,4.13,10.0,62,150,62,68,68,75,75.0,81.0,81.0,87.0,87.0,93.0,93.0,100.0,100.0,106.0,106.0,112.0,112.0,119.0,119.0,125.0,125.0,131.0,131.0,137.0,137.0,144.0,144.0,150.0,,,,,,,,,,,,,,,,,,,,,,,,,,,,,,,,,,,,,,,,,,,,,,,,,,,,,,,,,,,,,,,,,,,,,,,,,,,,
hi6lkugoBss_000000_000010.mp4,4.0,bouncing ball (not juggling),30.0,0.0,10.009,6.5,7.8,195,234,195,205,205,215,215.0,224.0,224.0,234.0,,,,,,,,,,,,,,,,,,,,,,,,,,,,,,,,,,,,,,,,,,,,,,,,,,,,,,,,,,,,,,,,,,,,,,,,,,,,,,,,,,,,,,,,,,,,,,,,
iGoQXYmIViU_000106_000116.mp4,8.0,bouncing ball (not juggling),15.0,0.0,10.0,3.93,9.97,59,150,59,70,70,82,82.0,93.0,93.0,105.0,105.0,116.0,116.0,127.0,127.0,139.0,139.0,150.0,,,,,,,,,,,,,,,,,,,,,,,,,,,,,,,,,,,,,,,,,,,,,,,,,,,,,,,,,,,,,,,,,,,,,,,,,,,,,,,,,,,,,,,,
jcb6Vwwq0N4_000057_000067.mp4,6.0,bouncing ball (not juggling),25.0,0.0,9.753,0.8,4.48,20,112,20,35,35,51,51.0,66.0,66.0,81.0,81.0,97.0,97.0,112.0,,,,,,,,,,,,,,,,,,,,,,,,,,,,,,,,,,,,,,,,,,,,,,,,,,,,,,,,,,,,,,,,,,,,,,,,,,,,,,,,,,,,,,,,,,,,
kXR_MFXsYpQ_000140_000150.mp4,12.0,bouncing ball (not juggling),30.0,0.0,10.0,0.4,7.13,12,214,12,29,29,46,46.0,62.0,62.0,79.0,79.0,96.0,96.0,113.0,113.0,130.0,130.0,147.0,147.0,164.0,164.0,180.0,180.0,197.0,197.0,214.0,,,,,,,,,,,,,,,,,,,,,,,,,,,,,,,,,,,,,,,,,,,,,,,,,,,,,,,,,,,,,,,,,,,,,,,,,,,,,,,,
kXR_MFXsYpQ_000140_000150.mp4,3.0,bouncing ball (not juggling),30.0,0.0,10.0,8.03,9.97,241,299,241,260,260,280,280.0,299.0,,,,,,,,,,,,,,,,,,,,,,,,,,,,,,,,,,,,,,,,,,,,,,,,,,,,,,,,,,,,,,,,,,,,,,,,,,,,,,,,,,,,,,,,,,,,,,,,,,
lEPLsVKWkr0_000013_000023.mp4,5.0,bouncing ball (not juggling),15.0,0.0,10.008,2.07,3.93,31,59,31,37,37,42,42.0,48.0,48.0,53.0,53.0,59.0,,,,,,,,,,,,,,,,,,,,,,,,,,,,,,,,,,,,,,,,,,,,,,,,,,,,,,,,,,,,,,,,,,,,,,,,,,,,,,,,,,,,,,,,,,,,,,
lEPLsVKWkr0_000013_000023.mp4,8.0,bouncing ball (not juggling),15.0,0.0,10.008,6.07,9.47,91,142,91,97,97,104,104.0,110.0,110.0,117.0,117.0,123.0,123.0,129.0,129.0,136.0,136.0,142.0,,,,,,,,,,,,,,,,,,,,,,,,,,,,,,,,,,,,,,,,,,,,,,,,,,,,,,,,,,,,,,,,,,,,,,,,,,,,,,,,,,,,,,,,
l4-nExOlhY8_000001_000011.mp4,3.0,bouncing ball (not juggling),30.0,0.0,9.196,4.42,7.45,133,224,133,163,163,194,194.0,224.0,,,,,,,,,,,,,,,,,,,,,,,,,,,,,,,,,,,,,,,,,,,,,,,,,,,,,,,,,,,,,,,,,,,,,,,,,,,,,,,,,,,,,,,,,,,,,,,,,,
mPPiAtlUrnI_000056_000066.mp4,4.0,bouncing ball (not juggling),29.92,0.0,10.028,0.3,1.57,9,47,9,19,19,28,28.0,37.0,37.0,47.0,,,,,,,,,,,,,,,,,,,,,,,,,,,,,,,,,,,,,,,,,,,,,,,,,,,,,,,,,,,,,,,,,,,,,,,,,,,,,,,,,,,,,,,,,,,,,,,,
mPPiAtlUrnI_000056_000066.mp4,4.0,bouncing ball (not juggling),29.92,0.0,10.028,6.28,7.39,188,221,188,196,196,204,204.0,213.0,213.0,221.0,,,,,,,,,,,,,,,,,,,,,,,,,,,,,,,,,,,,,,,,,,,,,,,,,,,,,,,,,,,,,,,,,,,,,,,,,,,,,,,,,,,,,,,,,,,,,,,,
m25SIEETLew_000000_000010.mp4,4.0,bouncing ball (not juggling),19.95,0.0,10.024,1.44,1.96,29,39,29,31,31,34,34.0,37.0,37.0,39.0,,,,,,,,,,,,,,,,,,,,,,,,,,,,,,,,,,,,,,,,,,,,,,,,,,,,,,,,,,,,,,,,,,,,,,,,,,,,,,,,,,,,,,,,,,,,,,,,
m25SIEETLew_000000_000010.mp4,2.0,bouncing ball (not juggling),19.95,0.0,10.024,7.39,7.72,147,154,147,151,151,154,,,,,,,,,,,,,,,,,,,,,,,,,,,,,,,,,,,,,,,,,,,,,,,,,,,,,,,,,,,,,,,,,,,,,,,,,,,,,,,,,,,,,,,,,,,,,,,,,,,,
oG1pIEm7MN4_000079_000089.mp4,4.0,bouncing ball (not juggling),30.0,0.0,10.0,1.17,9.97,35,299,35,101,101,167,167.0,233.0,233.0,299.0,,,,,,,,,,,,,,,,,,,,,,,,,,,,,,,,,,,,,,,,,,,,,,,,,,,,,,,,,,,,,,,,,,,,,,,,,,,,,,,,,,,,,,,,,,,,,,,,
pavLZ-4ajlo_000042_000052.mp4,16.0,bouncing ball (not juggling),20.0,0.0,10.008,0.15,6.4,3,128,3,11,11,19,19.0,26.0,26.0,34.0,34.0,42.0,42.0,50.0,50.0,58.0,58.0,65.0,65.0,73.0,73.0,81.0,81.0,89.0,89.0,97.0,97.0,105.0,105.0,112.0,112.0,120.0,120.0,128.0,,,,,,,,,,,,,,,,,,,,,,,,,,,,,,,,,,,,,,,,,,,,,,,,,,,,,,,,,,,,,,,,,,,,,,,,
pavLZ-4ajlo_000042_000052.mp4,5.0,bouncing ball (not juggling),20.0,0.0,10.008,7.8,9.7,156,194,156,164,164,171,171.0,179.0,179.0,186.0,186.0,194.0,,,,,,,,,,,,,,,,,,,,,,,,,,,,,,,,,,,,,,,,,,,,,,,,,,,,,,,,,,,,,,,,,,,,,,,,,,,,,,,,,,,,,,,,,,,,,,
poNxCziylHM_000004_000014.mp4,17.0,bouncing ball (not juggling),30.0,0.0,10.0,0.23,7.8,7,234,7,20,20,34,34.0,47.0,47.0,60.0,60.0,74.0,74.0,87.0,87.0,100.0,100.0,114.0,114.0,127.0,127.0,141.0,141.0,154.0,154.0,167.0,167.0,181.0,181.0,194.0,194.0,207.0,207.0,221.0,221.0,234.0,,,,,,,,,,,,,,,,,,,,,,,,,,,,,,,,,,,,,,,,,,,,,,,,,,,,,,,,,,,,,,,,,,,,,,
poNxCziylHM_000004_000014.mp4,2.0,bouncing ball (not juggling),30.0,0.0,10.0,9.13,10.0,274,300,274,287,287,300,,,,,,,,,,,,,,,,,,,,,,,,,,,,,,,,,,,,,,,,,,,,,,,,,,,,,,,,,,,,,,,,,,,,,,,,,,,,,,,,,,,,,,,,,,,,,,,,,,,,
qIIOP4-EzDU_000062_000072.mp4,7.0,bouncing ball (not juggling),23.98,0.0,10.01,1.71,3.88,41,93,41,48,48,56,56.0,63.0,63.0,71.0,71.0,78.0,78.0,86.0,86.0,93.0,,,,,,,,,,,,,,,,,,,,,,,,,,,,,,,,,,,,,,,,,,,,,,,,,,,,,,,,,,,,,,,,,,,,,,,,,,,,,,,,,,,,,,,,,,
qIIOP4-EzDU_000062_000072.mp4,3.0,bouncing ball (not juggling),23.98,0.0,10.01,8.88,9.93,213,238,213,221,221,230,230.0,238.0,,,,,,,,,,,,,,,,,,,,,,,,,,,,,,,,,,,,,,,,,,,,,,,,,,,,,,,,,,,,,,,,,,,,,,,,,,,,,,,,,,,,,,,,,,,,,,,,,,
rMCYWGDKYNI_000015_000025.mp4,21.0,bouncing ball (not juggling),30.0,0.0,9.497,0.0,9.3,0,279,0,13,13,27,27.0,40.0,40.0,53.0,53.0,66.0,66.0,80.0,80.0,93.0,93.0,106.0,106.0,120.0,120.0,133.0,133.0,146.0,146.0,159.0,159.0,173.0,173.0,186.0,186.0,199.0,199.0,213.0,213.0,226.0,226.0,239.0,239.0,252.0,252.0,266.0,266.0,279.0,,,,,,,,,,,,,,,,,,,,,,,,,,,,,,,,,,,,,,,,,,,,,,,,,,,,,,,,,,,,,,
rfJiT4fjsfU_000106_000116.mp4,4.0,bouncing ball (not juggling),29.83,0.0,10.023,6.93,7.87,207,235,207,214,214,221,221.0,228.0,228.0,235.0,,,,,,,,,,,,,,,,,,,,,,,,,,,,,,,,,,,,,,,,,,,,,,,,,,,,,,,,,,,,,,,,,,,,,,,,,,,,,,,,,,,,,,,,,,,,,,,,
rfJiT4fjsfU_000106_000116.mp4,2.0,bouncing ball (not juggling),29.83,0.0,10.023,9.31,9.98,278,298,278,288,288,298,,,,,,,,,,,,,,,,,,,,,,,,,,,,,,,,,,,,,,,,,,,,,,,,,,,,,,,,,,,,,,,,,,,,,,,,,,,,,,,,,,,,,,,,,,,,,,,,,,,,
swPcVjBBYMw_000000_000010.mp4,6.0,bouncing ball (not juggling),30.0,0.0,10.008,1.13,4.13,34,124,34,49,49,64,64.0,79.0,79.0,94.0,94.0,109.0,109.0,124.0,,,,,,,,,,,,,,,,,,,,,,,,,,,,,,,,,,,,,,,,,,,,,,,,,,,,,,,,,,,,,,,,,,,,,,,,,,,,,,,,,,,,,,,,,,,,
swPcVjBBYMw_000000_000010.mp4,3.0,bouncing ball (not juggling),30.0,0.0,10.008,5.95,7.85,178,236,178,197,197,217,217.0,236.0,,,,,,,,,,,,,,,,,,,,,,,,,,,,,,,,,,,,,,,,,,,,,,,,,,,,,,,,,,,,,,,,,,,,,,,,,,,,,,,,,,,,,,,,,,,,,,,,,,
tF9w3kUTE4Q_000003_000013.mp4,2.0,bouncing ball (not juggling),30.0,0.0,10.0,3.53,4.33,106,130,106,118,118,130,,,,,,,,,,,,,,,,,,,,,,,,,,,,,,,,,,,,,,,,,,,,,,,,,,,,,,,,,,,,,,,,,,,,,,,,,,,,,,,,,,,,,,,,,,,,,,,,,,,,
tF9w3kUTE4Q_000003_000013.mp4,2.0,bouncing ball (not juggling),30.0,0.0,10.0,8.17,8.77,245,263,245,254,254,263,,,,,,,,,,,,,,,,,,,,,,,,,,,,,,,,,,,,,,,,,,,,,,,,,,,,,,,,,,,,,,,,,,,,,,,,,,,,,,,,,,,,,,,,,,,,,,,,,,,,
tzjjj1LGg1s_000008_000018.mp4,8.0,bouncing ball (not juggling),29.92,0.0,10.028,4.08,8.02,122,240,122,137,137,152,152.0,166.0,166.0,181.0,181.0,196.0,196.0,210.0,210.0,225.0,225.0,240.0,,,,,,,,,,,,,,,,,,,,,,,,,,,,,,,,,,,,,,,,,,,,,,,,,,,,,,,,,,,,,,,,,,,,,,,,,,,,,,,,,,,,,,,,
v95whkDim20_000000_000010.mp4,9.0,bouncing ball (not juggling),30.0,0.0,10.008,3.03,6.45,91,194,91,102,102,114,114.0,125.0,125.0,137.0,137.0,148.0,148.0,160.0,160.0,171.0,171.0,183.0,183.0,194.0,,,,,,,,,,,,,,,,,,,,,,,,,,,,,,,,,,,,,,,,,,,,,,,,,,,,,,,,,,,,,,,,,,,,,,,,,,,,,,,,,,,,,,
v95whkDim20_000000_000010.mp4,4.0,bouncing ball (not juggling),30.0,0.0,10.008,7.63,10.0,229,300,229,247,247,265,265.0,282.0,282.0,300.0,,,,,,,,,,,,,,,,,,,,,,,,,,,,,,,,,,,,,,,,,,,,,,,,,,,,,,,,,,,,,,,,,,,,,,,,,,,,,,,,,,,,,,,,,,,,,,,,
BJ5STOKry58_000175_000185.mp4,7.0,bouncing on trampoline,30.0,0.0,10.008,0.0,5.2,0,156,0,22,22,45,45.0,67.0,67.0,89.0,89.0,111.0,111.0,134.0,134.0,156.0,,,,,,,,,,,,,,,,,,,,,,,,,,,,,,,,,,,,,,,,,,,,,,,,,,,,,,,,,,,,,,,,,,,,,,,,,,,,,,,,,,,,,,,,,,
CMsLTAo6ftY_000006_000016.mp4,3.0,bouncing on trampoline,15.0,0.0,10.008,0.0,3.13,0,47,0,16,16,31,31.0,47.0,,,,,,,,,,,,,,,,,,,,,,,,,,,,,,,,,,,,,,,,,,,,,,,,,,,,,,,,,,,,,,,,,,,,,,,,,,,,,,,,,,,,,,,,,,,,,,,,,,
CMsLTAo6ftY_000006_000016.mp4,3.0,bouncing on trampoline,15.0,0.0,10.008,7.37,10.0,111,150,111,124,124,137,137.0,150.0,,,,,,,,,,,,,,,,,,,,,,,,,,,,,,,,,,,,,,,,,,,,,,,,,,,,,,,,,,,,,,,,,,,,,,,,,,,,,,,,,,,,,,,,,,,,,,,,,,
NBuZrEx4j6Q_000000_000010.mp4,9.0,bouncing on trampoline,30.0,0.0,10.008,1.87,10.0,56,300,56,83,83,110,110.0,137.0,137.0,164.0,164.0,192.0,192.0,219.0,219.0,246.0,246.0,273.0,273.0,300.0,,,,,,,,,,,,,,,,,,,,,,,,,,,,,,,,,,,,,,,,,,,,,,,,,,,,,,,,,,,,,,,,,,,,,,,,,,,,,,,,,,,,,,
NrCkx10n0lo_000071_000081.mp4,10.0,bouncing on trampoline,22.44,0.0,9.962,0.09,9.45,2,212,2,23,23,44,44.0,65.0,65.0,86.0,86.0,107.0,107.0,128.0,128.0,149.0,149.0,170.0,170.0,191.0,191.0,212.0,,,,,,,,,,,,,,,,,,,,,,,,,,,,,,,,,,,,,,,,,,,,,,,,,,,,,,,,,,,,,,,,,,,,,,,,,,,,,,,,,,,,
gymLHNWWAqg_000102_000112.mp4,12.0,bouncing on trampoline,23.98,0.0,10.01,0.0,10.0,0,240,0,20,20,40,40.0,60.0,60.0,80.0,80.0,100.0,100.0,120.0,120.0,140.0,140.0,160.0,160.0,180.0,180.0,200.0,200.0,220.0,220.0,240.0,,,,,,,,,,,,,,,,,,,,,,,,,,,,,,,,,,,,,,,,,,,,,,,,,,,,,,,,,,,,,,,,,,,,,,,,,,,,,,,,
iUGDlrMDonk_000088_000098.mp4,6.0,bouncing on trampoline,29.97,0.0,10.01,5.04,9.98,151,299,151,176,176,200,200.0,225.0,225.0,250.0,250.0,274.0,274.0,299.0,,,,,,,,,,,,,,,,,,,,,,,,,,,,,,,,,,,,,,,,,,,,,,,,,,,,,,,,,,,,,,,,,,,,,,,,,,,,,,,,,,,,,,,,,,,,
k3RQEXLtwdQ_000186_000196.mp4,2.0,bouncing on trampoline,29.97,0.0,10.01,0.0,1.9,0,57,0,28,28,57,,,,,,,,,,,,,,,,,,,,,,,,,,,,,,,,,,,,,,,,,,,,,,,,,,,,,,,,,,,,,,,,,,,,,,,,,,,,,,,,,,,,,,,,,,,,,,,,,,,,
lHMpUBZ0ycY_000063_000073.mp4,6.0,bouncing on trampoline,29.67,0.0,10.012,2.6,7.0,77,208,77,99,99,121,121.0,143.0,143.0,164.0,164.0,186.0,186.0,208.0,,,,,,,,,,,,,,,,,,,,,,,,,,,,,,,,,,,,,,,,,,,,,,,,,,,,,,,,,,,,,,,,,,,,,,,,,,,,,,,,,,,,,,,,,,,,
l4Z6LkdDoKE_000000_000010.mp4,5.0,bouncing on trampoline,25.0,0.0,7.268,0.0,4.6,0,115,0,23,23,46,46.0,69.0,69.0,92.0,92.0,115.0,,,,,,,,,,,,,,,,,,,,,,,,,,,,,,,,,,,,,,,,,,,,,,,,,,,,,,,,,,,,,,,,,,,,,,,,,,,,,,,,,,,,,,,,,,,,,,
mmExEQ88fEo_000000_000010.mp4,5.0,bouncing on trampoline,29.97,0.0,6.78,0.03,4.64,1,139,1,29,29,56,56.0,84.0,84.0,111.0,111.0,139.0,,,,,,,,,,,,,,,,,,,,,,,,,,,,,,,,,,,,,,,,,,,,,,,,,,,,,,,,,,,,,,,,,,,,,,,,,,,,,,,,,,,,,,,,,,,,,,
porHzaZgm2o_000015_000025.mp4,6.0,bouncing on trampoline,29.97,0.0,10.01,4.44,9.98,133,299,133,161,161,188,188.0,216.0,216.0,244.0,244.0,271.0,271.0,299.0,,,,,,,,,,,,,,,,,,,,,,,,,,,,,,,,,,,,,,,,,,,,,,,,,,,,,,,,,,,,,,,,,,,,,,,,,,,,,,,,,,,,,,,,,,,,
tHOAJA8QWGc_000018_000028.mp4,2.0,bouncing on trampoline,30.0,0.0,10.0,8.0,10.0,240,300,240,270,270,300,,,,,,,,,,,,,,,,,,,,,,,,,,,,,,,,,,,,,,,,,,,,,,,,,,,,,,,,,,,,,,,,,,,,,,,,,,,,,,,,,,,,,,,,,,,,,,,,,,,,
ukDzEo-V0Eg_000038_000048.mp4,3.0,bouncing on trampoline,14.29,0.0,8.011,0.0,3.21,0,46,0,15,15,31,31.0,46.0,,,,,,,,,,,,,,,,,,,,,,,,,,,,,,,,,,,,,,,,,,,,,,,,,,,,,,,,,,,,,,,,,,,,,,,,,,,,,,,,,,,,,,,,,,,,,,,,,,
2ECQLcJoQl0_000000_000010.mp4,2.0,bouncing on trampoline,25.0,0.0,10.008,3.52,5.28,88,132,88,110,110,132,,,,,,,,,,,,,,,,,,,,,,,,,,,,,,,,,,,,,,,,,,,,,,,,,,,,,,,,,,,,,,,,,,,,,,,,,,,,,,,,,,,,,,,,,,,,,,,,,,,,
2ECQLcJoQl0_000000_000010.mp4,4.0,bouncing on trampoline,25.0,0.0,10.008,5.6,10.0,140,250,140,168,168,195,195.0,222.0,222.0,250.0,,,,,,,,,,,,,,,,,,,,,,,,,,,,,,,,,,,,,,,,,,,,,,,,,,,,,,,,,,,,,,,,,,,,,,,,,,,,,,,,,,,,,,,,,,,,,,,,
3hLFNkW7TP8_000003_000013.mp4,13.0,bouncing on trampoline,15.0,0.0,10.0,0.0,10.0,0,150,0,12,12,23,23.0,35.0,35.0,46.0,46.0,58.0,58.0,69.0,69.0,81.0,81.0,92.0,92.0,104.0,104.0,115.0,115.0,127.0,127.0,138.0,138.0,150.0,,,,,,,,,,,,,,,,,,,,,,,,,,,,,,,,,,,,,,,,,,,,,,,,,,,,,,,,,,,,,,,,,,,,,,,,,,,,,,
6GT4tKfVQQ4_000217_000227.mp4,10.0,bouncing on trampoline,30.0,0.0,10.008,0.0,10.0,0,300,0,30,30,60,60.0,90.0,90.0,120.0,120.0,150.0,150.0,180.0,180.0,210.0,210.0,240.0,240.0,270.0,270.0,300.0,,,,,,,,,,,,,,,,,,,,,,,,,,,,,,,,,,,,,,,,,,,,,,,,,,,,,,,,,,,,,,,,,,,,,,,,,,,,,,,,,,,,
9Fg_DQe_FYg_000045_000055.mp4,5.0,bouncing on trampoline,30.0,0.0,10.009,0.0,2.8,0,84,0,17,17,34,34.0,50.0,50.0,67.0,67.0,84.0,,,,,,,,,,,,,,,,,,,,,,,,,,,,,,,,,,,,,,,,,,,,,,,,,,,,,,,,,,,,,,,,,,,,,,,,,,,,,,,,,,,,,,,,,,,,,,
9Fg_DQe_FYg_000045_000055.mp4,3.0,bouncing on trampoline,30.0,0.0,10.009,3.9,6.1,117,183,117,139,139,161,161.0,183.0,,,,,,,,,,,,,,,,,,,,,,,,,,,,,,,,,,,,,,,,,,,,,,,,,,,,,,,,,,,,,,,,,,,,,,,,,,,,,,,,,,,,,,,,,,,,,,,,,,
D9-sgFDmlyo_000019_000029.mp4,3.0,clapping,29.97,0.0,6.874,0.0,1.17,0,35,0,12,12,23,23.0,35.0,,,,,,,,,,,,,,,,,,,,,,,,,,,,,,,,,,,,,,,,,,,,,,,,,,,,,,,,,,,,,,,,,,,,,,,,,,,,,,,,,,,,,,,,,,,,,,,,,,
Nyei_vA2ZI4_000007_000017.mp4,9.0,clapping,30.0,0.0,10.008,0.2,3.9,6,117,6,18,18,31,31.0,43.0,43.0,55.0,55.0,68.0,68.0,80.0,80.0,92.0,92.0,105.0,105.0,117.0,,,,,,,,,,,,,,,,,,,,,,,,,,,,,,,,,,,,,,,,,,,,,,,,,,,,,,,,,,,,,,,,,,,,,,,,,,,,,,,,,,,,,,
Rd4R5XURJow_000019_000029.mp4,16.0,clapping,29.97,0.0,10.01,0.0,9.74,0,292,0,18,18,36,36.0,55.0,55.0,73.0,73.0,91.0,91.0,110.0,110.0,128.0,128.0,146.0,146.0,164.0,164.0,182.0,182.0,201.0,201.0,219.0,219.0,237.0,237.0,256.0,256.0,274.0,274.0,292.0,,,,,,,,,,,,,,,,,,,,,,,,,,,,,,,,,,,,,,,,,,,,,,,,,,,,,,,,,,,,,,,,,,,,,,,,
STSlc05O4Zs_000000_000010.mp4,9.0,clapping,30.0,0.0,10.008,1.13,4.1,34,123,34,44,44,54,54.0,64.0,64.0,74.0,74.0,83.0,83.0,93.0,93.0,103.0,103.0,113.0,113.0,123.0,,,,,,,,,,,,,,,,,,,,,,,,,,,,,,,,,,,,,,,,,,,,,,,,,,,,,,,,,,,,,,,,,,,,,,,,,,,,,,,,,,,,,,
STSlc05O4Zs_000000_000010.mp4,2.0,clapping,30.0,0.0,10.008,9.53,9.87,286,296,286,291,291,296,,,,,,,,,,,,,,,,,,,,,,,,,,,,,,,,,,,,,,,,,,,,,,,,,,,,,,,,,,,,,,,,,,,,,,,,,,,,,,,,,,,,,,,,,,,,,,,,,,,,
aGhMTBV1r2o_000000_000010.mp4,2.0,clapping,30.0,0.0,2.322,1.57,1.77,47,53,47,50,50,53,,,,,,,,,,,,,,,,,,,,,,,,,,,,,,,,,,,,,,,,,,,,,,,,,,,,,,,,,,,,,,,,,,,,,,,,,,,,,,,,,,,,,,,,,,,,,,,,,,,,
fmjbHBm5jYM_000138_000148.mp4,5.0,clapping,25.0,0.0,10.0,2.68,9.64,67,241,67,102,102,137,137.0,171.0,171.0,206.0,206.0,241.0,,,,,,,,,,,,,,,,,,,,,,,,,,,,,,,,,,,,,,,,,,,,,,,,,,,,,,,,,,,,,,,,,,,,,,,,,,,,,,,,,,,,,,,,,,,,,,
jgrg1Yy61OA_000055_000065.mp4,9.0,clapping,30.0,0.0,9.915,2.8,6.42,84,193,84,96,96,108,108.0,120.0,120.0,132.0,132.0,145.0,145.0,157.0,157.0,169.0,169.0,181.0,181.0,193.0,,,,,,,,,,,,,,,,,,,,,,,,,,,,,,,,,,,,,,,,,,,,,,,,,,,,,,,,,,,,,,,,,,,,,,,,,,,,,,,,,,,,,,
r38Zd6vAl4Y_000122_000132.mp4,14.0,clapping,29.92,0.0,9.753,0.23,2.57,7,77,7,12,12,17,17.0,22.0,22.0,27.0,27.0,32.0,32.0,37.0,37.0,42.0,42.0,47.0,47.0,52.0,52.0,57.0,57.0,62.0,62.0,67.0,67.0,72.0,72.0,77.0,,,,,,,,,,,,,,,,,,,,,,,,,,,,,,,,,,,,,,,,,,,,,,,,,,,,,,,,,,,,,,,,,,,,,,,,,,,,
sazNP47MOV4_000005_000015.mp4,2.0,clapping,23.83,0.0,10.028,0.0,1.01,0,24,0,12,12,24,,,,,,,,,,,,,,,,,,,,,,,,,,,,,,,,,,,,,,,,,,,,,,,,,,,,,,,,,,,,,,,,,,,,,,,,,,,,,,,,,,,,,,,,,,,,,,,,,,,,
sazNP47MOV4_000005_000015.mp4,8.0,clapping,23.83,0.0,10.028,6.42,9.69,153,231,153,163,163,173,173.0,182.0,182.0,192.0,192.0,202.0,202.0,211.0,211.0,221.0,221.0,231.0,,,,,,,,,,,,,,,,,,,,,,,,,,,,,,,,,,,,,,,,,,,,,,,,,,,,,,,,,,,,,,,,,,,,,,,,,,,,,,,,,,,,,,,,
vN1JxANg17Q_000037_000047.mp4,8.0,clapping,30.0,0.0,10.0,0.0,1.47,0,44,0,6,6,11,11.0,16.0,16.0,22.0,22.0,28.0,28.0,33.0,33.0,38.0,38.0,44.0,,,,,,,,,,,,,,,,,,,,,,,,,,,,,,,,,,,,,,,,,,,,,,,,,,,,,,,,,,,,,,,,,,,,,,,,,,,,,,,,,,,,,,,,
vN1JxANg17Q_000037_000047.mp4,3.0,clapping,30.0,0.0,10.0,3.43,8.03,103,241,103,149,149,195,195.0,241.0,,,,,,,,,,,,,,,,,,,,,,,,,,,,,,,,,,,,,,,,,,,,,,,,,,,,,,,,,,,,,,,,,,,,,,,,,,,,,,,,,,,,,,,,,,,,,,,,,,
x27_ay1e28k_000072_000082.mp4,2.0,clapping,29.92,0.0,10.028,4.9,5.34,147,160,147,153,153,160,,,,,,,,,,,,,,,,,,,,,,,,,,,,,,,,,,,,,,,,,,,,,,,,,,,,,,,,,,,,,,,,,,,,,,,,,,,,,,,,,,,,,,,,,,,,,,,,,,,,
yITsaFYFAWI_000006_000016.mp4,10.0,clapping,30.0,0.0,9.405,0.5,6.23,15,187,15,32,32,49,49.0,67.0,67.0,84.0,84.0,101.0,101.0,118.0,118.0,135.0,135.0,153.0,153.0,170.0,170.0,187.0,,,,,,,,,,,,,,,,,,,,,,,,,,,,,,,,,,,,,,,,,,,,,,,,,,,,,,,,,,,,,,,,,,,,,,,,,,,,,,,,,,,,
_a30VHk7KAo_000040_000050.mp4,5.0,clapping,14.62,0.0,10.052,4.65,5.68,68,83,68,71,71,74,74.0,77.0,77.0,80.0,80.0,83.0,,,,,,,,,,,,,,,,,,,,,,,,,,,,,,,,,,,,,,,,,,,,,,,,,,,,,,,,,,,,,,,,,,,,,,,,,,,,,,,,,,,,,,,,,,,,,,
DgLUB2tqxxU_000005_000015.mp4,2.0,gymnastics tumbling,29.97,0.0,10.01,6.74,9.41,202,282,202,242,242,282,,,,,,,,,,,,,,,,,,,,,,,,,,,,,,,,,,,,,,,,,,,,,,,,,,,,,,,,,,,,,,,,,,,,,,,,,,,,,,,,,,,,,,,,,,,,,,,,,,,,
FQnH6pjj4DA_000000_000010.mp4,3.0,gymnastics tumbling,15.0,0.0,6.223,3.07,5.8,46,87,46,60,60,73,73.0,87.0,,,,,,,,,,,,,,,,,,,,,,,,,,,,,,,,,,,,,,,,,,,,,,,,,,,,,,,,,,,,,,,,,,,,,,,,,,,,,,,,,,,,,,,,,,,,,,,,,,
HFuOhzpSyEU_000000_000010.mp4,4.0,gymnastics tumbling,29.92,0.0,9.381,4.57,8.41,137,252,137,166,166,195,195.0,223.0,223.0,252.0,,,,,,,,,,,,,,,,,,,,,,,,,,,,,,,,,,,,,,,,,,,,,,,,,,,,,,,,,,,,,,,,,,,,,,,,,,,,,,,,,,,,,,,,,,,,,,,,
Hb0xqpm3E_4_000000_000010.mp4,8.0,gymnastics tumbling,29.97,0.0,9.01,0.0,6.91,0,207,0,26,26,52,52.0,78.0,78.0,104.0,104.0,129.0,129.0,155.0,155.0,181.0,181.0,207.0,,,,,,,,,,,,,,,,,,,,,,,,,,,,,,,,,,,,,,,,,,,,,,,,,,,,,,,,,,,,,,,,,,,,,,,,,,,,,,,,,,,,,,,,
MJUV4xuOazo_000011_000021.mp4,3.0,gymnastics tumbling,30.0,0.0,10.008,5.78,8.15,173,244,173,197,197,220,220.0,244.0,,,,,,,,,,,,,,,,,,,,,,,,,,,,,,,,,,,,,,,,,,,,,,,,,,,,,,,,,,,,,,,,,,,,,,,,,,,,,,,,,,,,,,,,,,,,,,,,,,
OVG9FlEXUsk_000099_000109.mp4,3.0,gymnastics tumbling,29.97,0.0,10.01,8.11,9.94,243,298,243,261,261,280,280.0,298.0,,,,,,,,,,,,,,,,,,,,,,,,,,,,,,,,,,,,,,,,,,,,,,,,,,,,,,,,,,,,,,,,,,,,,,,,,,,,,,,,,,,,,,,,,,,,,,,,,,
PSjsZbsL-5w_000015_000025.mp4,2.0,gymnastics tumbling,30.0,0.0,10.0,0.9,3.47,27,104,27,65,65,104,,,,,,,,,,,,,,,,,,,,,,,,,,,,,,,,,,,,,,,,,,,,,,,,,,,,,,,,,,,,,,,,,,,,,,,,,,,,,,,,,,,,,,,,,,,,,,,,,,,,
PSjsZbsL-5w_000015_000025.mp4,2.0,gymnastics tumbling,30.0,0.0,10.0,8.62,10.0,259,300,259,279,279,300,,,,,,,,,,,,,,,,,,,,,,,,,,,,,,,,,,,,,,,,,,,,,,,,,,,,,,,,,,,,,,,,,,,,,,,,,,,,,,,,,,,,,,,,,,,,,,,,,,,,
Pct0eQYej3o_000005_000015.mp4,3.0,gymnastics tumbling,25.0,0.0,10.0,7.72,9.94,193,248,193,211,211,230,230.0,248.0,,,,,,,,,,,,,,,,,,,,,,,,,,,,,,,,,,,,,,,,,,,,,,,,,,,,,,,,,,,,,,,,,,,,,,,,,,,,,,,,,,,,,,,,,,,,,,,,,,
SZRaAzB3QBM_000000_000010.mp4,4.0,gymnastics tumbling,29.97,0.0,10.01,7.21,9.98,216,299,216,237,237,258,258.0,278.0,278.0,299.0,,,,,,,,,,,,,,,,,,,,,,,,,,,,,,,,,,,,,,,,,,,,,,,,,,,,,,,,,,,,,,,,,,,,,,,,,,,,,,,,,,,,,,,,,,,,,,,,
SefnEPNTw_A_000016_000026.mp4,2.0,gymnastics tumbling,30.0,0.0,10.0,8.72,10.0,262,300,262,281,281,300,,,,,,,,,,,,,,,,,,,,,,,,,,,,,,,,,,,,,,,,,,,,,,,,,,,,,,,,,,,,,,,,,,,,,,,,,,,,,,,,,,,,,,,,,,,,,,,,,,,,
UX4Qi1opOXs_000015_000025.mp4,3.0,gymnastics tumbling,29.97,0.0,6.688,3.44,6.37,103,191,103,132,132,162,162.0,191.0,,,,,,,,,,,,,,,,,,,,,,,,,,,,,,,,,,,,,,,,,,,,,,,,,,,,,,,,,,,,,,,,,,,,,,,,,,,,,,,,,,,,,,,,,,,,,,,,,,
VPBUGLdGqD0_000004_000014.mp4,4.0,gymnastics tumbling,30.0,0.0,3.948,0.0,3.1,0,93,0,23,23,46,46.0,70.0,70.0,93.0,,,,,,,,,,,,,,,,,,,,,,,,,,,,,,,,,,,,,,,,,,,,,,,,,,,,,,,,,,,,,,,,,,,,,,,,,,,,,,,,,,,,,,,,,,,,,,,,
e5uBDSv4AC8_000000_000010.mp4,2.0,gymnastics tumbling,29.83,0.0,7.04,4.47,6.39,133,191,133,162,162,191,,,,,,,,,,,,,,,,,,,,,,,,,,,,,,,,,,,,,,,,,,,,,,,,,,,,,,,,,,,,,,,,,,,,,,,,,,,,,,,,,,,,,,,,,,,,,,,,,,,,
gTSnIOgM87A_000003_000013.mp4,5.0,gymnastics tumbling,25.0,0.0,6.363,0.76,4.92,19,123,19,40,40,61,61.0,81.0,81.0,102.0,102.0,123.0,,,,,,,,,,,,,,,,,,,,,,,,,,,,,,,,,,,,,,,,,,,,,,,,,,,,,,,,,,,,,,,,,,,,,,,,,,,,,,,,,,,,,,,,,,,,,,
gyJkrOIGoi4_000001_000011.mp4,3.0,gymnastics tumbling,29.97,0.0,9.009,5.74,8.94,172,268,172,204,204,236,236.0,268.0,,,,,,,,,,,,,,,,,,,,,,,,,,,,,,,,,,,,,,,,,,,,,,,,,,,,,,,,,,,,,,,,,,,,,,,,,,,,,,,,,,,,,,,,,,,,,,,,,,
oN3qOlphjfo_000000_000010.mp4,6.0,gymnastics tumbling,30.0,0.0,7.0,0.5,5.73,15,172,15,41,41,67,67.0,93.0,93.0,120.0,120.0,146.0,146.0,172.0,,,,,,,,,,,,,,,,,,,,,,,,,,,,,,,,,,,,,,,,,,,,,,,,,,,,,,,,,,,,,,,,,,,,,,,,,,,,,,,,,,,,,,,,,,,,
r_QAJpJZN0Y_000001_000011.mp4,2.0,gymnastics tumbling,30.0,0.0,5.7,2.28,4.07,68,122,68,95,95,122,,,,,,,,,,,,,,,,,,,,,,,,,,,,,,,,,,,,,,,,,,,,,,,,,,,,,,,,,,,,,,,,,,,,,,,,,,,,,,,,,,,,,,,,,,,,,,,,,,,,
t5h7YZ5UB_k_000000_000010.mp4,3.0,gymnastics tumbling,30.0,0.0,10.008,5.1,7.8,153,234,153,180,180,207,207.0,234.0,,,,,,,,,,,,,,,,,,,,,,,,,,,,,,,,,,,,,,,,,,,,,,,,,,,,,,,,,,,,,,,,,,,,,,,,,,,,,,,,,,,,,,,,,,,,,,,,,,
ue76rkIZDF4_000004_000014.mp4,6.0,gymnastics tumbling,24.87,0.0,4.296,0.0,3.64,0,91,0,15,15,30,30.0,46.0,46.0,61.0,61.0,76.0,76.0,91.0,,,,,,,,,,,,,,,,,,,,,,,,,,,,,,,,,,,,,,,,,,,,,,,,,,,,,,,,,,,,,,,,,,,,,,,,,,,,,,,,,,,,,,,,,,,,
3q_hYozNomk_000006_000016.mp4,3.0,gymnastics tumbling,30.0,0.0,10.008,6.57,9.07,197,272,197,222,222,247,247.0,272.0,,,,,,,,,,,,,,,,,,,,,,,,,,,,,,,,,,,,,,,,,,,,,,,,,,,,,,,,,,,,,,,,,,,,,,,,,,,,,,,,,,,,,,,,,,,,,,,,,,
4tSdZzeV7BU_000014_000024.mp4,5.0,gymnastics tumbling,30.0,0.0,10.008,0.0,4.17,0,125,0,25,25,50,50.0,75.0,75.0,100.0,100.0,125.0,,,,,,,,,,,,,,,,,,,,,,,,,,,,,,,,,,,,,,,,,,,,,,,,,,,,,,,,,,,,,,,,,,,,,,,,,,,,,,,,,,,,,,,,,,,,,,
48jTnRkRWEM_000007_000017.mp4,4.0,gymnastics tumbling,30.0,0.0,9.934,0.73,3.97,22,119,22,46,46,70,70.0,95.0,95.0,119.0,,,,,,,,,,,,,,,,,,,,,,,,,,,,,,,,,,,,,,,,,,,,,,,,,,,,,,,,,,,,,,,,,,,,,,,,,,,,,,,,,,,,,,,,,,,,,,,,
67yBz3lzUic_000001_000011.mp4,2.0,gymnastics tumbling,23.96,0.0,5.388,0.42,3.0,10,72,10,41,41,72,,,,,,,,,,,,,,,,,,,,,,,,,,,,,,,,,,,,,,,,,,,,,,,,,,,,,,,,,,,,,,,,,,,,,,,,,,,,,,,,,,,,,,,,,,,,,,,,,,,,
7Jr-3f-aKzE_000017_000027.mp4,6.0,gymnastics tumbling,30.0,0.0,10.0,3.33,8.8,100,264,100,127,127,155,155.0,182.0,182.0,209.0,209.0,237.0,237.0,264.0,,,,,,,,,,,,,,,,,,,,,,,,,,,,,,,,,,,,,,,,,,,,,,,,,,,,,,,,,,,,,,,,,,,,,,,,,,,,,,,,,,,,,,,,,,,,
-Gfncisg2GE_000001_000011.mp4,3.0,gymnastics tumbling,10.0,0.0,3.437,0.0,2.9,0,29,0,10,10,19,19.0,29.0,,,,,,,,,,,,,,,,,,,,,,,,,,,,,,,,,,,,,,,,,,,,,,,,,,,,,,,,,,,,,,,,,,,,,,,,,,,,,,,,,,,,,,,,,,,,,,,,,,
-qemAFCmsGs_000000_000010.mp4,2.0,gymnastics tumbling,29.97,0.0,6.061,2.69,4.62,81,138,81,109,109,138,,,,,,,,,,,,,,,,,,,,,,,,,,,,,,,,,,,,,,,,,,,,,,,,,,,,,,,,,,,,,,,,,,,,,,,,,,,,,,,,,,,,,,,,,,,,,,,,,,,,
AVsSyPj6Zy0_000026_000036.mp4,10.0,juggling soccer ball,30.0,0.0,10.0,3.97,10.0,119,300,119,137,137,155,155.0,173.0,173.0,191.0,191.0,209.0,209.0,228.0,228.0,246.0,246.0,264.0,264.0,282.0,282.0,300.0,,,,,,,,,,,,,,,,,,,,,,,,,,,,,,,,,,,,,,,,,,,,,,,,,,,,,,,,,,,,,,,,,,,,,,,,,,,,,,,,,,,,
Ar5CfcirqgY_000425_000435.mp4,17.0,juggling soccer ball,25.0,0.0,10.0,0.0,10.0,0,250,0,15,15,29,29.0,44.0,44.0,59.0,59.0,74.0,74.0,88.0,88.0,103.0,103.0,118.0,118.0,132.0,132.0,147.0,147.0,162.0,162.0,176.0,176.0,191.0,191.0,206.0,206.0,221.0,221.0,235.0,235.0,250.0,,,,,,,,,,,,,,,,,,,,,,,,,,,,,,,,,,,,,,,,,,,,,,,,,,,,,,,,,,,,,,,,,,,,,,
CepI41kpYqM_000099_000109.mp4,23.0,juggling soccer ball,29.97,0.0,10.01,0.0,9.94,0,298,0,13,13,26,26.0,39.0,39.0,52.0,52.0,65.0,65.0,78.0,78.0,91.0,91.0,104.0,104.0,117.0,117.0,130.0,130.0,143.0,143.0,155.0,155.0,168.0,168.0,181.0,181.0,194.0,194.0,207.0,207.0,220.0,220.0,233.0,233.0,246.0,246.0,259.0,259.0,272.0,272.0,285.0,285.0,298.0,,,,,,,,,,,,,,,,,,,,,,,,,,,,,,,,,,,,,,,,,,,,,,,,,,,,,,,,,,
ErgWAKiq1ho_000030_000040.mp4,12.0,juggling soccer ball,24.0,0.0,10.0,0.0,6.12,0,147,0,12,12,24,24.0,37.0,37.0,49.0,49.0,61.0,61.0,74.0,74.0,86.0,86.0,98.0,98.0,110.0,110.0,122.0,122.0,135.0,135.0,147.0,,,,,,,,,,,,,,,,,,,,,,,,,,,,,,,,,,,,,,,,,,,,,,,,,,,,,,,,,,,,,,,,,,,,,,,,,,,,,,,,
ErgWAKiq1ho_000030_000040.mp4,6.0,juggling soccer ball,24.0,0.0,10.0,6.54,10.0,157,240,157,171,171,185,185.0,199.0,199.0,212.0,212.0,226.0,226.0,240.0,,,,,,,,,,,,,,,,,,,,,,,,,,,,,,,,,,,,,,,,,,,,,,,,,,,,,,,,,,,,,,,,,,,,,,,,,,,,,,,,,,,,,,,,,,,,
FZT-MzHMhd8_000012_000022.mp4,13.0,juggling soccer ball,29.97,0.0,10.01,0.0,9.98,0,299,0,23,23,46,46.0,69.0,69.0,92.0,92.0,115.0,115.0,138.0,138.0,161.0,161.0,184.0,184.0,207.0,207.0,230.0,230.0,253.0,253.0,276.0,276.0,299.0,,,,,,,,,,,,,,,,,,,,,,,,,,,,,,,,,,,,,,,,,,,,,,,,,,,,,,,,,,,,,,,,,,,,,,,,,,,,,,
GE6VK3ySAtI_000020_000030.mp4,2.0,juggling soccer ball,29.97,0.0,10.044,0.0,1.07,0,32,0,16,16,32,,,,,,,,,,,,,,,,,,,,,,,,,,,,,,,,,,,,,,,,,,,,,,,,,,,,,,,,,,,,,,,,,,,,,,,,,,,,,,,,,,,,,,,,,,,,,,,,,,,,
GE6VK3ySAtI_000020_000030.mp4,5.0,juggling soccer ball,29.97,0.0,10.044,1.84,5.01,55,150,55,74,74,93,93.0,112.0,112.0,131.0,131.0,150.0,,,,,,,,,,,,,,,,,,,,,,,,,,,,,,,,,,,,,,,,,,,,,,,,,,,,,,,,,,,,,,,,,,,,,,,,,,,,,,,,,,,,,,,,,,,,,,
GE6VK3ySAtI_000020_000030.mp4,8.0,juggling soccer ball,29.97,0.0,10.044,5.64,9.44,169,283,169,183,183,197,197.0,212.0,212.0,226.0,226.0,240.0,240.0,255.0,255.0,269.0,269.0,283.0,,,,,,,,,,,,,,,,,,,,,,,,,,,,,,,,,,,,,,,,,,,,,,,,,,,,,,,,,,,,,,,,,,,,,,,,,,,,,,,,,,,,,,,,
HAVLxBVitWU_000002_000012.mp4,5.0,juggling soccer ball,13.58,0.0,10.014,1.8,6.13,24,83,24,36,36,48,48.0,59.0,59.0,71.0,71.0,83.0,,,,,,,,,,,,,,,,,,,,,,,,,,,,,,,,,,,,,,,,,,,,,,,,,,,,,,,,,,,,,,,,,,,,,,,,,,,,,,,,,,,,,,,,,,,,,,
HMf8FWYBPIE_000017_000027.mp4,8.0,juggling soccer ball,29.97,0.0,10.01,3.94,9.98,118,299,118,141,141,163,163.0,186.0,186.0,208.0,208.0,231.0,231.0,254.0,254.0,276.0,276.0,299.0,,,,,,,,,,,,,,,,,,,,,,,,,,,,,,,,,,,,,,,,,,,,,,,,,,,,,,,,,,,,,,,,,,,,,,,,,,,,,,,,,,,,,,,,
HfId2NwUew8_000083_000093.mp4,7.0,juggling soccer ball,30.0,0.0,10.008,0.0,4.5,0,135,0,19,19,39,39.0,58.0,58.0,77.0,77.0,96.0,96.0,116.0,116.0,135.0,,,,,,,,,,,,,,,,,,,,,,,,,,,,,,,,,,,,,,,,,,,,,,,,,,,,,,,,,,,,,,,,,,,,,,,,,,,,,,,,,,,,,,,,,,
IEidzT4MEMk_000117_000127.mp4,19.0,juggling soccer ball,30.0,0.0,10.0,0.0,10.0,0,300,0,16,16,32,32.0,47.0,47.0,63.0,63.0,79.0,79.0,95.0,95.0,111.0,111.0,126.0,126.0,142.0,142.0,158.0,158.0,174.0,174.0,189.0,189.0,205.0,205.0,221.0,221.0,237.0,237.0,253.0,253.0,268.0,268.0,284.0,284.0,300.0,,,,,,,,,,,,,,,,,,,,,,,,,,,,,,,,,,,,,,,,,,,,,,,,,,,,,,,,,,,,,,,,,,
INE1G3CoLaU_000017_000027.mp4,7.0,juggling soccer ball,30.0,0.0,9.985,1.1,5.3,33,159,33,51,51,69,69.0,87.0,87.0,105.0,105.0,123.0,123.0,141.0,141.0,159.0,,,,,,,,,,,,,,,,,,,,,,,,,,,,,,,,,,,,,,,,,,,,,,,,,,,,,,,,,,,,,,,,,,,,,,,,,,,,,,,,,,,,,,,,,,
KH6P86revfc_000002_000012.mp4,16.0,juggling soccer ball,29.97,0.0,9.009,0.0,7.97,0,239,0,15,15,30,30.0,45.0,45.0,60.0,60.0,75.0,75.0,90.0,90.0,105.0,105.0,120.0,120.0,134.0,134.0,149.0,149.0,164.0,164.0,179.0,179.0,194.0,194.0,209.0,209.0,224.0,224.0,239.0,,,,,,,,,,,,,,,,,,,,,,,,,,,,,,,,,,,,,,,,,,,,,,,,,,,,,,,,,,,,,,,,,,,,,,,,
Kk6n29KqipA_000010_000020.mp4,5.0,juggling soccer ball,29.97,0.0,10.01,0.0,3.6,0,108,0,22,22,43,43.0,65.0,65.0,86.0,86.0,108.0,,,,,,,,,,,,,,,,,,,,,,,,,,,,,,,,,,,,,,,,,,,,,,,,,,,,,,,,,,,,,,,,,,,,,,,,,,,,,,,,,,,,,,,,,,,,,,
Kk6n29KqipA_000010_000020.mp4,7.0,juggling soccer ball,29.97,0.0,10.01,5.57,9.98,167,299,167,186,186,205,205.0,224.0,224.0,242.0,242.0,261.0,261.0,280.0,280.0,299.0,,,,,,,,,,,,,,,,,,,,,,,,,,,,,,,,,,,,,,,,,,,,,,,,,,,,,,,,,,,,,,,,,,,,,,,,,,,,,,,,,,,,,,,,,,
L8bee5aEgBA_000252_000262.mp4,14.0,juggling soccer ball,29.97,0.0,10.044,0.37,9.98,11,299,11,32,32,52,52.0,73.0,73.0,93.0,93.0,114.0,114.0,134.0,134.0,155.0,155.0,176.0,176.0,196.0,196.0,217.0,217.0,237.0,237.0,258.0,258.0,278.0,278.0,299.0,,,,,,,,,,,,,,,,,,,,,,,,,,,,,,,,,,,,,,,,,,,,,,,,,,,,,,,,,,,,,,,,,,,,,,,,,,,,
MgXequXumns_000090_000100.mp4,17.0,juggling soccer ball,30.0,0.0,10.008,0.0,10.0,0,300,0,18,18,35,35.0,53.0,53.0,71.0,71.0,88.0,88.0,106.0,106.0,124.0,124.0,141.0,141.0,159.0,159.0,176.0,176.0,194.0,194.0,212.0,212.0,229.0,229.0,247.0,247.0,265.0,265.0,282.0,282.0,300.0,,,,,,,,,,,,,,,,,,,,,,,,,,,,,,,,,,,,,,,,,,,,,,,,,,,,,,,,,,,,,,,,,,,,,,
MkVRQmJnYgk_000022_000032.mp4,12.0,juggling soccer ball,30.0,0.0,10.008,0.0,10.0,0,300,0,25,25,50,50.0,75.0,75.0,100.0,100.0,125.0,125.0,150.0,150.0,175.0,175.0,200.0,200.0,225.0,225.0,250.0,250.0,275.0,275.0,300.0,,,,,,,,,,,,,,,,,,,,,,,,,,,,,,,,,,,,,,,,,,,,,,,,,,,,,,,,,,,,,,,,,,,,,,,,,,,,,,,,
PM05EC64rlc_000014_000024.mp4,15.0,juggling soccer ball,30.0,0.0,10.0,0.0,9.98,0,299,0,20,20,40,40.0,60.0,60.0,80.0,80.0,100.0,100.0,120.0,120.0,140.0,140.0,159.0,159.0,179.0,179.0,199.0,199.0,219.0,219.0,239.0,239.0,259.0,259.0,279.0,279.0,299.0,,,,,,,,,,,,,,,,,,,,,,,,,,,,,,,,,,,,,,,,,,,,,,,,,,,,,,,,,,,,,,,,,,,,,,,,,,
SJIcljExpK4_000000_000010.mp4,9.0,juggling soccer ball,30.0,0.0,10.008,0.65,8.58,20,257,20,46,46,73,73.0,99.0,99.0,125.0,125.0,152.0,152.0,178.0,178.0,204.0,204.0,231.0,231.0,257.0,,,,,,,,,,,,,,,,,,,,,,,,,,,,,,,,,,,,,,,,,,,,,,,,,,,,,,,,,,,,,,,,,,,,,,,,,,,,,,,,,,,,,,
TnfsFO-CDRg_000024_000034.mp4,5.0,juggling soccer ball,30.0,0.0,10.008,7.93,10.0,238,300,238,250,250,263,263.0,275.0,275.0,288.0,288.0,300.0,,,,,,,,,,,,,,,,,,,,,,,,,,,,,,,,,,,,,,,,,,,,,,,,,,,,,,,,,,,,,,,,,,,,,,,,,,,,,,,,,,,,,,,,,,,,,,
Wd_O0WkiMNE_000001_000011.mp4,8.0,juggling soccer ball,29.97,0.0,8.987,0.0,4.34,0,130,0,16,16,32,32.0,49.0,49.0,65.0,65.0,81.0,81.0,98.0,98.0,114.0,114.0,130.0,,,,,,,,,,,,,,,,,,,,,,,,,,,,,,,,,,,,,,,,,,,,,,,,,,,,,,,,,,,,,,,,,,,,,,,,,,,,,,,,,,,,,,,,
Wd_O0WkiMNE_000001_000011.mp4,3.0,juggling soccer ball,29.97,0.0,8.987,6.07,7.69,182,230,182,198,198,214,214.0,230.0,,,,,,,,,,,,,,,,,,,,,,,,,,,,,,,,,,,,,,,,,,,,,,,,,,,,,,,,,,,,,,,,,,,,,,,,,,,,,,,,,,,,,,,,,,,,,,,,,,
Xp3ruKdw2YI_000000_000010.mp4,21.0,juggling soccer ball,29.97,0.0,10.01,0.0,9.98,0,299,0,14,14,28,28.0,43.0,43.0,57.0,57.0,71.0,71.0,85.0,85.0,100.0,100.0,114.0,114.0,128.0,128.0,142.0,142.0,157.0,157.0,171.0,171.0,185.0,185.0,199.0,199.0,214.0,214.0,228.0,228.0,242.0,242.0,256.0,256.0,271.0,271.0,285.0,285.0,299.0,,,,,,,,,,,,,,,,,,,,,,,,,,,,,,,,,,,,,,,,,,,,,,,,,,,,,,,,,,,,,,
aL6AsKzzZFk_000018_000028.mp4,5.0,juggling soccer ball,30.0,0.0,9.474,0.0,7.17,0,215,0,43,43,86,86.0,129.0,129.0,172.0,172.0,215.0,,,,,,,,,,,,,,,,,,,,,,,,,,,,,,,,,,,,,,,,,,,,,,,,,,,,,,,,,,,,,,,,,,,,,,,,,,,,,,,,,,,,,,,,,,,,,,
bH9cE46eZJY_000062_000072.mp4,13.0,juggling soccer ball,29.67,0.0,9.985,0.0,8.09,0,240,0,18,18,37,37.0,55.0,55.0,74.0,74.0,92.0,92.0,111.0,111.0,129.0,129.0,148.0,148.0,166.0,166.0,185.0,185.0,203.0,203.0,222.0,222.0,240.0,,,,,,,,,,,,,,,,,,,,,,,,,,,,,,,,,,,,,,,,,,,,,,,,,,,,,,,,,,,,,,,,,,,,,,,,,,,,,,
c68Z9cjgVsk_000284_000294.mp4,19.0,juggling soccer ball,15.0,0.0,10.008,0.0,10.0,0,150,0,8,8,16,16.0,24.0,24.0,32.0,32.0,39.0,39.0,47.0,47.0,55.0,55.0,63.0,63.0,71.0,71.0,79.0,79.0,87.0,87.0,95.0,95.0,103.0,103.0,111.0,111.0,118.0,118.0,126.0,126.0,134.0,134.0,142.0,142.0,150.0,,,,,,,,,,,,,,,,,,,,,,,,,,,,,,,,,,,,,,,,,,,,,,,,,,,,,,,,,,,,,,,,,,
dmtxU26lF6E_000000_000010.mp4,18.0,juggling soccer ball,30.0,0.0,10.0,0.57,10.0,17,300,17,33,33,48,48.0,64.0,64.0,80.0,80.0,96.0,96.0,111.0,111.0,127.0,127.0,143.0,143.0,159.0,159.0,174.0,174.0,190.0,190.0,206.0,206.0,221.0,221.0,237.0,237.0,253.0,253.0,269.0,269.0,284.0,284.0,300.0,,,,,,,,,,,,,,,,,,,,,,,,,,,,,,,,,,,,,,,,,,,,,,,,,,,,,,,,,,,,,,,,,,,,
en_HZhvSYk4_000004_000014.mp4,9.0,juggling soccer ball,30.0,0.0,8.035,0.0,7.32,0,220,0,24,24,49,49.0,73.0,73.0,98.0,98.0,122.0,122.0,147.0,147.0,171.0,171.0,196.0,196.0,220.0,,,,,,,,,,,,,,,,,,,,,,,,,,,,,,,,,,,,,,,,,,,,,,,,,,,,,,,,,,,,,,,,,,,,,,,,,,,,,,,,,,,,,,
fjMUSqdb_5I_000016_000026.mp4,14.0,juggling soccer ball,30.0,0.0,10.0,0.0,10.0,0,300,0,21,21,43,43.0,64.0,64.0,86.0,86.0,107.0,107.0,129.0,129.0,150.0,150.0,171.0,171.0,193.0,193.0,214.0,214.0,236.0,236.0,257.0,257.0,279.0,279.0,300.0,,,,,,,,,,,,,,,,,,,,,,,,,,,,,,,,,,,,,,,,,,,,,,,,,,,,,,,,,,,,,,,,,,,,,,,,,,,,
gap1tQ4c438_000020_000030.mp4,8.0,juggling soccer ball,29.97,0.0,10.044,1.23,5.59,37,168,37,53,53,70,70.0,86.0,86.0,103.0,103.0,119.0,119.0,135.0,135.0,152.0,152.0,168.0,,,,,,,,,,,,,,,,,,,,,,,,,,,,,,,,,,,,,,,,,,,,,,,,,,,,,,,,,,,,,,,,,,,,,,,,,,,,,,,,,,,,,,,,
gap1tQ4c438_000020_000030.mp4,3.0,juggling soccer ball,29.97,0.0,10.044,8.31,9.98,249,299,249,266,266,282,282.0,299.0,,,,,,,,,,,,,,,,,,,,,,,,,,,,,,,,,,,,,,,,,,,,,,,,,,,,,,,,,,,,,,,,,,,,,,,,,,,,,,,,,,,,,,,,,,,,,,,,,,
g89EYJr6NGY_000035_000045.mp4,8.0,juggling soccer ball,15.0,0.0,5.713,0.0,4.47,0,67,0,8,8,17,17.0,25.0,25.0,34.0,34.0,42.0,42.0,50.0,50.0,59.0,59.0,67.0,,,,,,,,,,,,,,,,,,,,,,,,,,,,,,,,,,,,,,,,,,,,,,,,,,,,,,,,,,,,,,,,,,,,,,,,,,,,,,,,,,,,,,,,
jCiSc4NeWgk_000003_000013.mp4,8.0,juggling soccer ball,30.0,0.0,5.805,0.0,3.87,0,116,0,14,14,29,29.0,44.0,44.0,58.0,58.0,72.0,72.0,87.0,87.0,102.0,102.0,116.0,,,,,,,,,,,,,,,,,,,,,,,,,,,,,,,,,,,,,,,,,,,,,,,,,,,,,,,,,,,,,,,,,,,,,,,,,,,,,,,,,,,,,,,,
jjCWGg_JYp0_000031_000041.mp4,8.0,juggling soccer ball,30.0,0.0,10.0,0.0,8.07,0,242,0,30,30,60,60.0,91.0,91.0,121.0,121.0,151.0,151.0,182.0,182.0,212.0,212.0,242.0,,,,,,,,,,,,,,,,,,,,,,,,,,,,,,,,,,,,,,,,,,,,,,,,,,,,,,,,,,,,,,,,,,,,,,,,,,,,,,,,,,,,,,,,
kEyAKdsgdQ0_000018_000028.mp4,13.0,juggling soccer ball,25.0,0.0,8.987,0.0,8.84,0,221,0,17,17,34,34.0,51.0,51.0,68.0,68.0,85.0,85.0,102.0,102.0,119.0,119.0,136.0,136.0,153.0,153.0,170.0,170.0,187.0,187.0,204.0,204.0,221.0,,,,,,,,,,,,,,,,,,,,,,,,,,,,,,,,,,,,,,,,,,,,,,,,,,,,,,,,,,,,,,,,,,,,,,,,,,,,,,
ko7TLBFSpPk_000008_000018.mp4,3.0,juggling soccer ball,30.0,0.0,10.008,2.97,4.53,89,136,89,105,105,120,120.0,136.0,,,,,,,,,,,,,,,,,,,,,,,,,,,,,,,,,,,,,,,,,,,,,,,,,,,,,,,,,,,,,,,,,,,,,,,,,,,,,,,,,,,,,,,,,,,,,,,,,,
lHQef0d14tw_000003_000013.mp4,4.0,juggling soccer ball,29.97,0.0,8.847,2.82,6.74,85,202,85,114,114,143,143.0,173.0,173.0,202.0,,,,,,,,,,,,,,,,,,,,,,,,,,,,,,,,,,,,,,,,,,,,,,,,,,,,,,,,,,,,,,,,,,,,,,,,,,,,,,,,,,,,,,,,,,,,,,,,
l-xvnuY2cS0_000052_000062.mp4,18.0,juggling soccer ball,25.0,0.0,10.008,0.0,10.0,0,250,0,14,14,28,28.0,42.0,42.0,56.0,56.0,69.0,69.0,83.0,83.0,97.0,97.0,111.0,111.0,125.0,125.0,139.0,139.0,153.0,153.0,167.0,167.0,181.0,181.0,194.0,194.0,208.0,208.0,222.0,222.0,236.0,236.0,250.0,,,,,,,,,,,,,,,,,,,,,,,,,,,,,,,,,,,,,,,,,,,,,,,,,,,,,,,,,,,,,,,,,,,,
nIJ4q_zmQIY_000019_000029.mp4,3.0,juggling soccer ball,30.0,0.0,5.527,0.0,2.13,0,64,0,21,21,43,43.0,64.0,,,,,,,,,,,,,,,,,,,,,,,,,,,,,,,,,,,,,,,,,,,,,,,,,,,,,,,,,,,,,,,,,,,,,,,,,,,,,,,,,,,,,,,,,,,,,,,,,,
oIDXnbpHF-8_000007_000017.mp4,8.0,juggling soccer ball,30.0,0.0,10.008,0.0,5.03,0,151,0,19,19,38,38.0,57.0,57.0,76.0,76.0,94.0,94.0,113.0,113.0,132.0,132.0,151.0,,,,,,,,,,,,,,,,,,,,,,,,,,,,,,,,,,,,,,,,,,,,,,,,,,,,,,,,,,,,,,,,,,,,,,,,,,,,,,,,,,,,,,,,
o6VXqemdLg8_000181_000191.mp4,12.0,juggling soccer ball,30.0,0.0,9.289,0.0,8.12,0,244,0,20,20,41,41.0,61.0,61.0,81.0,81.0,102.0,102.0,122.0,122.0,142.0,142.0,163.0,163.0,183.0,183.0,203.0,203.0,224.0,224.0,244.0,,,,,,,,,,,,,,,,,,,,,,,,,,,,,,,,,,,,,,,,,,,,,,,,,,,,,,,,,,,,,,,,,,,,,,,,,,,,,,,,
pDJzsvU2gIs_000000_000010.mp4,9.0,juggling soccer ball,29.97,0.0,7.129,0.7,6.64,21,199,21,41,41,61,61.0,80.0,80.0,100.0,100.0,120.0,120.0,140.0,140.0,159.0,159.0,179.0,179.0,199.0,,,,,,,,,,,,,,,,,,,,,,,,,,,,,,,,,,,,,,,,,,,,,,,,,,,,,,,,,,,,,,,,,,,,,,,,,,,,,,,,,,,,,,
rbngfUJgu8Y_000007_000017.mp4,19.0,juggling soccer ball,29.51,0.0,10.032,0.0,9.96,0,294,0,15,15,31,31.0,46.0,46.0,62.0,62.0,77.0,77.0,93.0,93.0,108.0,108.0,124.0,124.0,139.0,139.0,155.0,155.0,170.0,170.0,186.0,186.0,201.0,201.0,217.0,217.0,232.0,232.0,248.0,248.0,263.0,263.0,279.0,279.0,294.0,,,,,,,,,,,,,,,,,,,,,,,,,,,,,,,,,,,,,,,,,,,,,,,,,,,,,,,,,,,,,,,,,,
sVTUhon4yf8_000009_000019.mp4,11.0,juggling soccer ball,30.0,0.0,10.008,4.0,10.0,120,300,120,136,136,153,153.0,169.0,169.0,185.0,185.0,202.0,202.0,218.0,218.0,235.0,235.0,251.0,251.0,267.0,267.0,284.0,284.0,300.0,,,,,,,,,,,,,,,,,,,,,,,,,,,,,,,,,,,,,,,,,,,,,,,,,,,,,,,,,,,,,,,,,,,,,,,,,,,,,,,,,,
t7ACNYMaZIc_000082_000092.mp4,8.0,juggling soccer ball,30.0,0.0,6.084,0.0,5.59,0,168,0,21,21,42,42.0,63.0,63.0,84.0,84.0,105.0,105.0,126.0,126.0,147.0,147.0,168.0,,,,,,,,,,,,,,,,,,,,,,,,,,,,,,,,,,,,,,,,,,,,,,,,,,,,,,,,,,,,,,,,,,,,,,,,,,,,,,,,,,,,,,,,
zBwBvHSHVr8_000010_000020.mp4,15.0,juggling soccer ball,15.0,0.0,10.009,0.0,9.13,0,137,0,9,9,18,18.0,27.0,27.0,37.0,37.0,46.0,46.0,55.0,55.0,64.0,64.0,73.0,73.0,82.0,82.0,91.0,91.0,100.0,100.0,110.0,110.0,119.0,119.0,128.0,128.0,137.0,,,,,,,,,,,,,,,,,,,,,,,,,,,,,,,,,,,,,,,,,,,,,,,,,,,,,,,,,,,,,,,,,,,,,,,,,,
zBwBvHSHVr8_000017_000027.mp4,15.0,kicking soccer ball,15.0,0.0,10.0,0.0,9.13,0,137,0,9,9,18,18.0,27.0,27.0,37.0,37.0,46.0,46.0,55.0,55.0,64.0,64.0,73.0,73.0,82.0,82.0,91.0,91.0,100.0,100.0,110.0,110.0,119.0,119.0,128.0,128.0,137.0,,,,,,,,,,,,,,,,,,,,,,,,,,,,,,,,,,,,,,,,,,,,,,,,,,,,,,,,,,,,,,,,,,,,,,,,,,
0Byb4qkFe6w_000081_000091.mp4,13.0,juggling soccer ball,30.0,0.0,10.008,0.0,7.8,0,234,0,18,18,36,36.0,54.0,54.0,72.0,72.0,90.0,90.0,108.0,108.0,126.0,126.0,144.0,144.0,162.0,162.0,180.0,180.0,198.0,198.0,216.0,216.0,234.0,,,,,,,,,,,,,,,,,,,,,,,,,,,,,,,,,,,,,,,,,,,,,,,,,,,,,,,,,,,,,,,,,,,,,,,,,,,,,,
0Z1uxgfM-5U_000041_000051.mp4,3.0,juggling soccer ball,24.0,0.0,10.008,7.75,9.71,186,233,186,202,202,217,217.0,233.0,,,,,,,,,,,,,,,,,,,,,,,,,,,,,,,,,,,,,,,,,,,,,,,,,,,,,,,,,,,,,,,,,,,,,,,,,,,,,,,,,,,,,,,,,,,,,,,,,,
0q0j95ANrms_000057_000067.mp4,18.0,juggling soccer ball,23.92,0.0,10.035,0.0,9.95,0,238,0,13,13,26,26.0,40.0,40.0,53.0,53.0,66.0,66.0,79.0,79.0,93.0,93.0,106.0,106.0,119.0,119.0,132.0,132.0,145.0,145.0,159.0,159.0,172.0,172.0,185.0,185.0,198.0,198.0,212.0,212.0,225.0,225.0,238.0,,,,,,,,,,,,,,,,,,,,,,,,,,,,,,,,,,,,,,,,,,,,,,,,,,,,,,,,,,,,,,,,,,,,
1Ssb6RnzL-A_000001_000011.mp4,13.0,juggling soccer ball,29.97,0.0,10.01,0.6,9.21,18,276,18,38,38,58,58.0,78.0,78.0,97.0,97.0,117.0,117.0,137.0,137.0,157.0,157.0,177.0,177.0,197.0,197.0,216.0,216.0,236.0,236.0,256.0,256.0,276.0,,,,,,,,,,,,,,,,,,,,,,,,,,,,,,,,,,,,,,,,,,,,,,,,,,,,,,,,,,,,,,,,,,,,,,,,,,,,,,
3R0KIDzX1SI_000054_000064.mp4,18.0,juggling soccer ball,29.97,0.0,10.044,0.0,9.98,0,299,0,17,17,33,33.0,50.0,50.0,66.0,66.0,83.0,83.0,100.0,100.0,116.0,116.0,133.0,133.0,150.0,150.0,166.0,166.0,183.0,183.0,199.0,199.0,216.0,216.0,233.0,233.0,249.0,249.0,266.0,266.0,282.0,282.0,299.0,,,,,,,,,,,,,,,,,,,,,,,,,,,,,,,,,,,,,,,,,,,,,,,,,,,,,,,,,,,,,,,,,,,,
32K6CeUzJvg_000048_000058.mp4,6.0,juggling soccer ball,30.0,0.0,9.59,0.0,4.83,0,145,0,24,24,48,48.0,72.0,72.0,97.0,97.0,121.0,121.0,145.0,,,,,,,,,,,,,,,,,,,,,,,,,,,,,,,,,,,,,,,,,,,,,,,,,,,,,,,,,,,,,,,,,,,,,,,,,,,,,,,,,,,,,,,,,,,,
4kDmPvYr6Mo_000077_000087.mp4,7.0,juggling soccer ball,14.54,0.0,10.045,0.0,4.82,0,70,0,10,10,20,20.0,30.0,30.0,40.0,40.0,50.0,50.0,60.0,60.0,70.0,,,,,,,,,,,,,,,,,,,,,,,,,,,,,,,,,,,,,,,,,,,,,,,,,,,,,,,,,,,,,,,,,,,,,,,,,,,,,,,,,,,,,,,,,,
4qEYlnS0kQA_000457_000467.mp4,18.0,juggling soccer ball,29.97,0.0,10.01,0.0,9.98,0,299,0,17,17,33,33.0,50.0,50.0,66.0,66.0,83.0,83.0,100.0,100.0,116.0,116.0,133.0,133.0,150.0,150.0,166.0,166.0,183.0,183.0,199.0,199.0,216.0,216.0,233.0,233.0,249.0,249.0,266.0,266.0,282.0,282.0,299.0,,,,,,,,,,,,,,,,,,,,,,,,,,,,,,,,,,,,,,,,,,,,,,,,,,,,,,,,,,,,,,,,,,,,
5ogPyRTZ21k_000046_000056.mp4,3.0,juggling soccer ball,30.0,0.0,10.0,0.0,1.33,0,40,0,13,13,27,27.0,40.0,,,,,,,,,,,,,,,,,,,,,,,,,,,,,,,,,,,,,,,,,,,,,,,,,,,,,,,,,,,,,,,,,,,,,,,,,,,,,,,,,,,,,,,,,,,,,,,,,,
5ymVYO4Al98_000121_000131.mp4,19.0,juggling soccer ball,30.0,0.0,10.0,0.0,10.0,0,300,0,16,16,32,32.0,47.0,47.0,63.0,63.0,79.0,79.0,95.0,95.0,111.0,111.0,126.0,126.0,142.0,142.0,158.0,158.0,174.0,174.0,189.0,189.0,205.0,205.0,221.0,221.0,237.0,237.0,253.0,253.0,268.0,268.0,284.0,284.0,300.0,,,,,,,,,,,,,,,,,,,,,,,,,,,,,,,,,,,,,,,,,,,,,,,,,,,,,,,,,,,,,,,,,,
6tIalN4k2Ro_000138_000148.mp4,13.0,juggling soccer ball,30.0,0.0,10.0,0.0,8.27,0,248,0,19,19,38,38.0,57.0,57.0,76.0,76.0,95.0,95.0,114.0,114.0,134.0,134.0,153.0,153.0,172.0,172.0,191.0,191.0,210.0,210.0,229.0,229.0,248.0,,,,,,,,,,,,,,,,,,,,,,,,,,,,,,,,,,,,,,,,,,,,,,,,,,,,,,,,,,,,,,,,,,,,,,,,,,,,,,
7u7bZsPmsgs_000024_000034.mp4,20.0,juggling soccer ball,29.98,0.0,10.009,0.0,9.97,0,299,0,15,15,30,30.0,45.0,45.0,60.0,60.0,75.0,75.0,90.0,90.0,105.0,105.0,120.0,120.0,135.0,135.0,150.0,150.0,164.0,164.0,179.0,179.0,194.0,194.0,209.0,209.0,224.0,224.0,239.0,239.0,254.0,254.0,269.0,269.0,284.0,284.0,299.0,,,,,,,,,,,,,,,,,,,,,,,,,,,,,,,,,,,,,,,,,,,,,,,,,,,,,,,,,,,,,,,,
8CECtLqmusQ_000012_000022.mp4,11.0,juggling soccer ball,30.0,0.0,7.756,0.0,6.72,0,202,0,18,18,37,37.0,55.0,55.0,73.0,73.0,92.0,92.0,110.0,110.0,129.0,129.0,147.0,147.0,165.0,165.0,184.0,184.0,202.0,,,,,,,,,,,,,,,,,,,,,,,,,,,,,,,,,,,,,,,,,,,,,,,,,,,,,,,,,,,,,,,,,,,,,,,,,,,,,,,,,,
8Q9pPZdicRo_000075_000085.mp4,7.0,juggling soccer ball,30.0,0.0,9.034,2.47,7.07,74,212,74,94,94,113,113.0,133.0,133.0,153.0,153.0,173.0,173.0,192.0,192.0,212.0,,,,,,,,,,,,,,,,,,,,,,,,,,,,,,,,,,,,,,,,,,,,,,,,,,,,,,,,,,,,,,,,,,,,,,,,,,,,,,,,,,,,,,,,,,
A9ABeh6UxIE_000000_000010.mp4,11.0,jumping jacks,24.0,0.0,10.008,0.0,9.97,0,239,0,22,22,43,43.0,65.0,65.0,87.0,87.0,109.0,109.0,130.0,130.0,152.0,152.0,174.0,174.0,196.0,196.0,217.0,217.0,239.0,,,,,,,,,,,,,,,,,,,,,,,,,,,,,,,,,,,,,,,,,,,,,,,,,,,,,,,,,,,,,,,,,,,,,,,,,,,,,,,,,,
DI6RmQHYduw_000000_000010.mp4,6.0,jumping jacks,25.0,0.0,6.12,0.0,6.08,0,152,0,25,25,51,51.0,76.0,76.0,101.0,101.0,127.0,127.0,152.0,,,,,,,,,,,,,,,,,,,,,,,,,,,,,,,,,,,,,,,,,,,,,,,,,,,,,,,,,,,,,,,,,,,,,,,,,,,,,,,,,,,,,,,,,,,,
Iq2V18wd8vM_000031_000041.mp4,5.0,jumping jacks,30.0,0.0,9.4,1.5,7.0,45,210,45,78,78,111,111.0,144.0,144.0,177.0,177.0,210.0,,,,,,,,,,,,,,,,,,,,,,,,,,,,,,,,,,,,,,,,,,,,,,,,,,,,,,,,,,,,,,,,,,,,,,,,,,,,,,,,,,,,,,,,,,,,,,
K9xEfrOwWo8_000019_000029.mp4,11.0,jumping jacks,30.0,0.0,10.0,0.0,10.0,0,300,0,27,27,55,55.0,82.0,82.0,109.0,109.0,136.0,136.0,164.0,164.0,191.0,191.0,218.0,218.0,245.0,245.0,273.0,273.0,300.0,,,,,,,,,,,,,,,,,,,,,,,,,,,,,,,,,,,,,,,,,,,,,,,,,,,,,,,,,,,,,,,,,,,,,,,,,,,,,,,,,,
LBAujoJIP84_000000_000010.mp4,6.0,jumping jacks,30.0,0.0,6.316,0.37,6.23,11,187,11,40,40,70,70.0,99.0,99.0,128.0,128.0,158.0,158.0,187.0,,,,,,,,,,,,,,,,,,,,,,,,,,,,,,,,,,,,,,,,,,,,,,,,,,,,,,,,,,,,,,,,,,,,,,,,,,,,,,,,,,,,,,,,,,,,
LhNmFoojJg8_000002_000012.mp4,6.0,jumping jacks,29.97,0.0,10.01,0.0,9.94,0,298,0,50,50,99,99.0,149.0,149.0,199.0,199.0,248.0,248.0,298.0,,,,,,,,,,,,,,,,,,,,,,,,,,,,,,,,,,,,,,,,,,,,,,,,,,,,,,,,,,,,,,,,,,,,,,,,,,,,,,,,,,,,,,,,,,,,
LqwloThYE7Y_000035_000045.mp4,10.0,jumping jacks,23.98,0.0,10.01,0.0,9.93,0,238,0,24,24,48,48.0,71.0,71.0,95.0,95.0,119.0,119.0,143.0,143.0,167.0,167.0,190.0,190.0,214.0,214.0,238.0,,,,,,,,,,,,,,,,,,,,,,,,,,,,,,,,,,,,,,,,,,,,,,,,,,,,,,,,,,,,,,,,,,,,,,,,,,,,,,,,,,,,
M18u9iUgSvo_000010_000020.mp4,2.0,jumping jacks,30.0,0.0,10.0,7.83,10.0,235,300,235,267,267,300,,,,,,,,,,,,,,,,,,,,,,,,,,,,,,,,,,,,,,,,,,,,,,,,,,,,,,,,,,,,,,,,,,,,,,,,,,,,,,,,,,,,,,,,,,,,,,,,,,,,
N3W0u17tLXk_000310_000320.mp4,12.0,jumping jacks,21.44,0.0,10.027,0.0,10.0,0,214,0,18,18,36,36.0,54.0,54.0,71.0,71.0,89.0,89.0,107.0,107.0,125.0,125.0,143.0,143.0,160.0,160.0,178.0,178.0,196.0,196.0,214.0,,,,,,,,,,,,,,,,,,,,,,,,,,,,,,,,,,,,,,,,,,,,,,,,,,,,,,,,,,,,,,,,,,,,,,,,,,,,,,,,
P5ohYhxsYo8_000002_000012.mp4,5.0,jumping jacks,29.92,0.0,10.026,0.0,9.98,0,299,0,60,60,120,120.0,179.0,179.0,239.0,239.0,299.0,,,,,,,,,,,,,,,,,,,,,,,,,,,,,,,,,,,,,,,,,,,,,,,,,,,,,,,,,,,,,,,,,,,,,,,,,,,,,,,,,,,,,,,,,,,,,,
Ry2hr9Ff0Fs_000005_000015.mp4,8.0,jumping jacks,29.97,0.0,10.01,0.0,9.97,0,299,0,37,37,75,75.0,112.0,112.0,150.0,150.0,187.0,187.0,224.0,224.0,262.0,262.0,299.0,,,,,,,,,,,,,,,,,,,,,,,,,,,,,,,,,,,,,,,,,,,,,,,,,,,,,,,,,,,,,,,,,,,,,,,,,,,,,,,,,,,,,,,,
U3ZT2OunZbI_000000_000010.mp4,4.0,jumping jacks,29.97,0.0,4.669,0.0,4.57,0,137,0,34,34,68,68.0,103.0,103.0,137.0,,,,,,,,,,,,,,,,,,,,,,,,,,,,,,,,,,,,,,,,,,,,,,,,,,,,,,,,,,,,,,,,,,,,,,,,,,,,,,,,,,,,,,,,,,,,,,,,
Zd8JopgebnI_000021_000031.mp4,10.0,jumping jacks,29.97,0.0,10.044,0.0,9.98,0,299,0,30,30,60,60.0,90.0,90.0,120.0,120.0,150.0,150.0,179.0,179.0,209.0,209.0,239.0,239.0,269.0,269.0,299.0,,,,,,,,,,,,,,,,,,,,,,,,,,,,,,,,,,,,,,,,,,,,,,,,,,,,,,,,,,,,,,,,,,,,,,,,,,,,,,,,,,,,
eJaEi7R9AR8_000011_000021.mp4,7.0,jumping jacks,30.0,0.0,10.008,0.0,6.07,0,182,0,26,26,52,52.0,78.0,78.0,104.0,104.0,130.0,130.0,156.0,156.0,182.0,,,,,,,,,,,,,,,,,,,,,,,,,,,,,,,,,,,,,,,,,,,,,,,,,,,,,,,,,,,,,,,,,,,,,,,,,,,,,,,,,,,,,,,,,,
hf721om62L8_000000_000010.mp4,4.0,jumping jacks,29.97,0.0,6.85,0.0,6.07,0,182,0,46,46,91,91.0,136.0,136.0,182.0,,,,,,,,,,,,,,,,,,,,,,,,,,,,,,,,,,,,,,,,,,,,,,,,,,,,,,,,,,,,,,,,,,,,,,,,,,,,,,,,,,,,,,,,,,,,,,,,
j5QeY7ZH5-8_000000_000010.mp4,3.0,jumping jacks,29.97,0.0,6.549,0.0,6.47,0,194,0,65,65,129,129.0,194.0,,,,,,,,,,,,,,,,,,,,,,,,,,,,,,,,,,,,,,,,,,,,,,,,,,,,,,,,,,,,,,,,,,,,,,,,,,,,,,,,,,,,,,,,,,,,,,,,,,
m7Hwkg-Pm3k_000002_000012.mp4,7.0,jumping jacks,29.97,0.0,9.567,0.0,6.37,0,191,0,27,27,55,55.0,82.0,82.0,109.0,109.0,136.0,136.0,164.0,164.0,191.0,,,,,,,,,,,,,,,,,,,,,,,,,,,,,,,,,,,,,,,,,,,,,,,,,,,,,,,,,,,,,,,,,,,,,,,,,,,,,,,,,,,,,,,,,,
qOf1R4dmPbE_000017_000027.mp4,6.0,jumping jacks,24.98,0.0,10.008,5.24,10.0,131,250,131,151,151,171,171.0,191.0,191.0,210.0,210.0,230.0,230.0,250.0,,,,,,,,,,,,,,,,,,,,,,,,,,,,,,,,,,,,,,,,,,,,,,,,,,,,,,,,,,,,,,,,,,,,,,,,,,,,,,,,,,,,,,,,,,,,
s4RscMfmi6Y_000084_000094.mp4,12.0,jumping jacks,29.0,0.0,10.008,0.0,10.0,0,290,0,24,24,48,48.0,72.0,72.0,97.0,97.0,121.0,121.0,145.0,145.0,169.0,169.0,193.0,193.0,218.0,218.0,242.0,242.0,266.0,266.0,290.0,,,,,,,,,,,,,,,,,,,,,,,,,,,,,,,,,,,,,,,,,,,,,,,,,,,,,,,,,,,,,,,,,,,,,,,,,,,,,,,,
ubP9lG6Xv-k_000000_000010.mp4,9.0,jumping jacks,30.0,0.0,8.336,0.0,8.3,0,249,0,28,28,55,55.0,83.0,83.0,111.0,111.0,138.0,138.0,166.0,166.0,194.0,194.0,221.0,221.0,249.0,,,,,,,,,,,,,,,,,,,,,,,,,,,,,,,,,,,,,,,,,,,,,,,,,,,,,,,,,,,,,,,,,,,,,,,,,,,,,,,,,,,,,,
w-qqx2l30tY_000015_000025.mp4,4.0,jumping jacks,23.98,0.0,10.01,4.42,8.63,106,207,106,131,131,156,156.0,182.0,182.0,207.0,,,,,,,,,,,,,,,,,,,,,,,,,,,,,,,,,,,,,,,,,,,,,,,,,,,,,,,,,,,,,,,,,,,,,,,,,,,,,,,,,,,,,,,,,,,,,,,,
yMpW4AEvfww_000003_000013.mp4,5.0,jumping jacks,30.0,0.0,9.544,4.1,9.47,123,284,123,155,155,187,187.0,220.0,220.0,252.0,252.0,284.0,,,,,,,,,,,,,,,,,,,,,,,,,,,,,,,,,,,,,,,,,,,,,,,,,,,,,,,,,,,,,,,,,,,,,,,,,,,,,,,,,,,,,,,,,,,,,,
yMpW4AEvfww_000003_000013.mp4,3.0,jumping jacks,30.0,0.0,9.544,0.0,2.97,0,89,0,30,30,59,59.0,89.0,,,,,,,,,,,,,,,,,,,,,,,,,,,,,,,,,,,,,,,,,,,,,,,,,,,,,,,,,,,,,,,,,,,,,,,,,,,,,,,,,,,,,,,,,,,,,,,,,,
yROniuXQHEY_000045_000055.mp4,11.0,jumping jacks,29.97,0.0,10.01,0.0,9.98,0,299,0,27,27,54,54.0,82.0,82.0,109.0,109.0,136.0,136.0,163.0,163.0,190.0,190.0,217.0,217.0,245.0,245.0,272.0,272.0,299.0,,,,,,,,,,,,,,,,,,,,,,,,,,,,,,,,,,,,,,,,,,,,,,,,,,,,,,,,,,,,,,,,,,,,,,,,,,,,,,,,,,
2Ja9R7o4fC0_000006_000016.mp4,7.0,jumping jacks,24.0,0.0,9.753,0.0,6.46,0,155,0,22,22,44,44.0,66.0,66.0,89.0,89.0,111.0,111.0,133.0,133.0,155.0,,,,,,,,,,,,,,,,,,,,,,,,,,,,,,,,,,,,,,,,,,,,,,,,,,,,,,,,,,,,,,,,,,,,,,,,,,,,,,,,,,,,,,,,,,
7M0PFzXmIjw_000000_000010.mp4,6.0,jumping jacks,24.0,0.0,9.358,0.0,6.12,0,147,0,24,24,49,49.0,74.0,74.0,98.0,98.0,122.0,122.0,147.0,,,,,,,,,,,,,,,,,,,,,,,,,,,,,,,,,,,,,,,,,,,,,,,,,,,,,,,,,,,,,,,,,,,,,,,,,,,,,,,,,,,,,,,,,,,,
-TP6LtP3F1E_000103_000113.mp4,8.0,jumping jacks,28.41,0.0,10.033,0.0,7.01,0,199,0,25,25,50,50.0,75.0,75.0,100.0,100.0,124.0,124.0,149.0,149.0,174.0,174.0,199.0,,,,,,,,,,,,,,,,,,,,,,,,,,,,,,,,,,,,,,,,,,,,,,,,,,,,,,,,,,,,,,,,,,,,,,,,,,,,,,,,,,,,,,,,
A_d2bn243-Y_000032_000042.mp4,5.0,mountain climber (exercise),29.97,0.0,10.01,7.94,9.94,238,298,238,250,250,262,262.0,274.0,274.0,286.0,286.0,298.0,,,,,,,,,,,,,,,,,,,,,,,,,,,,,,,,,,,,,,,,,,,,,,,,,,,,,,,,,,,,,,,,,,,,,,,,,,,,,,,,,,,,,,,,,,,,,,
BE4gOCcrvgs_000241_000251.mp4,26.0,mountain climber (exercise),29.97,0.0,10.01,0.0,9.98,0,299,0,12,12,23,23.0,34.0,34.0,46.0,46.0,58.0,58.0,69.0,69.0,80.0,80.0,92.0,92.0,104.0,104.0,115.0,115.0,126.0,126.0,138.0,138.0,150.0,150.0,161.0,161.0,172.0,172.0,184.0,184.0,196.0,196.0,207.0,207.0,218.0,218.0,230.0,230.0,242.0,242.0,253.0,253.0,264.0,264.0,276.0,276.0,288.0,288.0,299.0,,,,,,,,,,,,,,,,,,,,,,,,,,,,,,,,,,,,,,,,,,,,,,,,,,,,
BuKbxHQaMtI_000000_000010.mp4,4.0,mountain climber (exercise),29.41,0.0,10.03,2.9,10.0,85,294,85,137,137,189,189.0,242.0,242.0,294.0,,,,,,,,,,,,,,,,,,,,,,,,,,,,,,,,,,,,,,,,,,,,,,,,,,,,,,,,,,,,,,,,,,,,,,,,,,,,,,,,,,,,,,,,,,,,,,,,
FlYUxQyB-34_000000_000010.mp4,3.0,mountain climber (exercise),29.97,0.0,8.058,1.77,8.01,53,240,53,115,115,178,178.0,240.0,,,,,,,,,,,,,,,,,,,,,,,,,,,,,,,,,,,,,,,,,,,,,,,,,,,,,,,,,,,,,,,,,,,,,,,,,,,,,,,,,,,,,,,,,,,,,,,,,,
HNeMmcAuAMI_000025_000035.mp4,2.0,mountain climber (exercise),30.0,0.0,4.505,0.17,1.9,5,57,5,31,31,57,,,,,,,,,,,,,,,,,,,,,,,,,,,,,,,,,,,,,,,,,,,,,,,,,,,,,,,,,,,,,,,,,,,,,,,,,,,,,,,,,,,,,,,,,,,,,,,,,,,,
Jc3QV8id9Ns_000000_000010.mp4,28.0,mountain climber (exercise),29.97,0.0,10.01,0.0,9.98,0,299,0,11,11,21,21.0,32.0,32.0,43.0,43.0,53.0,53.0,64.0,64.0,75.0,75.0,85.0,85.0,96.0,96.0,107.0,107.0,117.0,117.0,128.0,128.0,139.0,139.0,150.0,150.0,160.0,160.0,171.0,171.0,182.0,182.0,192.0,192.0,203.0,203.0,214.0,214.0,224.0,224.0,235.0,235.0,246.0,246.0,256.0,256.0,267.0,267.0,278.0,278.0,288.0,288.0,299.0,,,,,,,,,,,,,,,,,,,,,,,,,,,,,,,,,,,,,,,,,,,,,,,,
Pg2Q-r2sS5k_000000_000010.mp4,10.0,mountain climber (exercise),29.97,0.0,7.64,0.17,7.24,5,217,5,26,26,47,47.0,69.0,69.0,90.0,90.0,111.0,111.0,132.0,132.0,153.0,153.0,175.0,175.0,196.0,196.0,217.0,,,,,,,,,,,,,,,,,,,,,,,,,,,,,,,,,,,,,,,,,,,,,,,,,,,,,,,,,,,,,,,,,,,,,,,,,,,,,,,,,,,,
Q2L7hXvIfRw_000000_000010.mp4,12.0,mountain climber (exercise),30.0,0.0,7.384,0.13,7.2,4,216,4,22,22,39,39.0,57.0,57.0,75.0,75.0,92.0,92.0,110.0,110.0,128.0,128.0,145.0,145.0,163.0,163.0,181.0,181.0,198.0,198.0,216.0,,,,,,,,,,,,,,,,,,,,,,,,,,,,,,,,,,,,,,,,,,,,,,,,,,,,,,,,,,,,,,,,,,,,,,,,,,,,,,,,
ROpLFuMHnOU_000012_000022.mp4,4.0,mountain climber (exercise),30.0,0.0,10.008,0.0,6.37,0,191,0,48,48,96,96.0,143.0,143.0,191.0,,,,,,,,,,,,,,,,,,,,,,,,,,,,,,,,,,,,,,,,,,,,,,,,,,,,,,,,,,,,,,,,,,,,,,,,,,,,,,,,,,,,,,,,,,,,,,,,
RfMhdJv_h2k_000030_000040.mp4,16.0,mountain climber (exercise),30.0,0.0,10.008,1.73,10.0,52,300,52,68,68,83,83.0,98.0,98.0,114.0,114.0,130.0,130.0,145.0,145.0,160.0,160.0,176.0,176.0,192.0,192.0,207.0,207.0,222.0,222.0,238.0,238.0,254.0,254.0,269.0,269.0,284.0,284.0,300.0,,,,,,,,,,,,,,,,,,,,,,,,,,,,,,,,,,,,,,,,,,,,,,,,,,,,,,,,,,,,,,,,,,,,,,,,
S3iJkKGY5RE_000019_000029.mp4,4.0,mountain climber (exercise),29.97,0.0,9.08,0.0,7.54,0,226,0,56,56,113,113.0,170.0,170.0,226.0,,,,,,,,,,,,,,,,,,,,,,,,,,,,,,,,,,,,,,,,,,,,,,,,,,,,,,,,,,,,,,,,,,,,,,,,,,,,,,,,,,,,,,,,,,,,,,,,
V58HNVFaHpw_000067_000077.mp4,11.0,mountain climber (exercise),29.97,0.0,10.01,0.0,5.27,0,158,0,14,14,29,29.0,43.0,43.0,57.0,57.0,72.0,72.0,86.0,86.0,101.0,101.0,115.0,115.0,129.0,129.0,144.0,144.0,158.0,,,,,,,,,,,,,,,,,,,,,,,,,,,,,,,,,,,,,,,,,,,,,,,,,,,,,,,,,,,,,,,,,,,,,,,,,,,,,,,,,,
V58HNVFaHpw_000067_000077.mp4,5.0,mountain climber (exercise),29.97,0.0,10.01,5.47,7.74,164,232,164,178,178,191,191.0,205.0,205.0,218.0,218.0,232.0,,,,,,,,,,,,,,,,,,,,,,,,,,,,,,,,,,,,,,,,,,,,,,,,,,,,,,,,,,,,,,,,,,,,,,,,,,,,,,,,,,,,,,,,,,,,,,
V58HNVFaHpw_000067_000077.mp4,2.0,mountain climber (exercise),29.97,0.0,10.01,9.04,9.98,271,299,271,285,285,299,,,,,,,,,,,,,,,,,,,,,,,,,,,,,,,,,,,,,,,,,,,,,,,,,,,,,,,,,,,,,,,,,,,,,,,,,,,,,,,,,,,,,,,,,,,,,,,,,,,,
bbEXuOiqDpk_000000_000010.mp4,18.0,mountain climber (exercise),29.97,0.0,10.01,0.0,9.98,0,299,0,17,17,33,33.0,50.0,50.0,66.0,66.0,83.0,83.0,100.0,100.0,116.0,116.0,133.0,133.0,150.0,150.0,166.0,166.0,183.0,183.0,199.0,199.0,216.0,216.0,233.0,233.0,249.0,249.0,266.0,266.0,282.0,282.0,299.0,,,,,,,,,,,,,,,,,,,,,,,,,,,,,,,,,,,,,,,,,,,,,,,,,,,,,,,,,,,,,,,,,,,,
eFpRcxfYsjY_000000_000010.mp4,4.0,mountain climber (exercise),29.92,0.0,4.737,0.0,4.28,0,128,0,32,32,64,64.0,96.0,96.0,128.0,,,,,,,,,,,,,,,,,,,,,,,,,,,,,,,,,,,,,,,,,,,,,,,,,,,,,,,,,,,,,,,,,,,,,,,,,,,,,,,,,,,,,,,,,,,,,,,,
gfZyIoEjJf4_000029_000039.mp4,10.0,mountain climber (exercise),25.0,0.0,10.009,0.0,6.8,0,170,0,17,17,34,34.0,51.0,51.0,68.0,68.0,85.0,85.0,102.0,102.0,119.0,119.0,136.0,136.0,153.0,153.0,170.0,,,,,,,,,,,,,,,,,,,,,,,,,,,,,,,,,,,,,,,,,,,,,,,,,,,,,,,,,,,,,,,,,,,,,,,,,,,,,,,,,,,,
iQGDL71bVxY_000010_000020.mp4,5.0,mountain climber (exercise),30.0,0.0,10.008,3.67,6.1,110,183,110,125,125,139,139.0,154.0,154.0,168.0,168.0,183.0,,,,,,,,,,,,,,,,,,,,,,,,,,,,,,,,,,,,,,,,,,,,,,,,,,,,,,,,,,,,,,,,,,,,,,,,,,,,,,,,,,,,,,,,,,,,,,
j8En6ujQSbM_000000_000010.mp4,10.0,mountain climber (exercise),29.97,0.0,5.55,0.0,4.64,0,139,0,14,14,28,28.0,42.0,42.0,56.0,56.0,70.0,70.0,83.0,83.0,97.0,97.0,111.0,111.0,125.0,125.0,139.0,,,,,,,,,,,,,,,,,,,,,,,,,,,,,,,,,,,,,,,,,,,,,,,,,,,,,,,,,,,,,,,,,,,,,,,,,,,,,,,,,,,,
nQIROQk78Do_000021_000031.mp4,8.0,mountain climber (exercise),29.97,0.0,10.044,0.5,6.77,15,203,15,39,39,62,62.0,85.0,85.0,109.0,109.0,133.0,133.0,156.0,156.0,179.0,179.0,203.0,,,,,,,,,,,,,,,,,,,,,,,,,,,,,,,,,,,,,,,,,,,,,,,,,,,,,,,,,,,,,,,,,,,,,,,,,,,,,,,,,,,,,,,,
oE8Ygc98M9A_000000_000010.mp4,11.0,mountain climber (exercise),29.97,0.0,10.01,4.64,9.98,139,299,139,154,154,168,168.0,183.0,183.0,197.0,197.0,212.0,212.0,226.0,226.0,241.0,241.0,255.0,255.0,270.0,270.0,284.0,284.0,299.0,,,,,,,,,,,,,,,,,,,,,,,,,,,,,,,,,,,,,,,,,,,,,,,,,,,,,,,,,,,,,,,,,,,,,,,,,,,,,,,,,,
q9cmUVCejCQ_000000_000010.mp4,3.0,mountain climber (exercise),29.97,0.0,5.062,0.23,1.8,7,54,7,23,23,38,38.0,54.0,,,,,,,,,,,,,,,,,,,,,,,,,,,,,,,,,,,,,,,,,,,,,,,,,,,,,,,,,,,,,,,,,,,,,,,,,,,,,,,,,,,,,,,,,,,,,,,,,,
rKxDUp0teo8_000000_000010.mp4,7.0,mountain climber (exercise),30.0,0.0,7.059,0.0,6.97,0,209,0,30,30,60,60.0,90.0,90.0,119.0,119.0,149.0,149.0,179.0,179.0,209.0,,,,,,,,,,,,,,,,,,,,,,,,,,,,,,,,,,,,,,,,,,,,,,,,,,,,,,,,,,,,,,,,,,,,,,,,,,,,,,,,,,,,,,,,,,
sEFZ45uYI2c_000045_000055.mp4,13.0,mountain climber (exercise),25.0,0.0,10.0,0.0,8.6,0,215,0,17,17,33,33.0,50.0,50.0,66.0,66.0,83.0,83.0,99.0,99.0,116.0,116.0,132.0,132.0,149.0,149.0,165.0,165.0,182.0,182.0,198.0,198.0,215.0,,,,,,,,,,,,,,,,,,,,,,,,,,,,,,,,,,,,,,,,,,,,,,,,,,,,,,,,,,,,,,,,,,,,,,,,,,,,,,
szlw8XOERl8_000018_000028.mp4,4.0,mountain climber (exercise),29.97,0.0,9.655,5.74,8.84,172,265,172,195,195,218,218.0,242.0,242.0,265.0,,,,,,,,,,,,,,,,,,,,,,,,,,,,,,,,,,,,,,,,,,,,,,,,,,,,,,,,,,,,,,,,,,,,,,,,,,,,,,,,,,,,,,,,,,,,,,,,
uK7EUBdQYGs_000000_000010.mp4,16.0,mountain climber (exercise),30.0,0.0,10.008,1.73,10.0,52,300,52,68,68,83,83.0,98.0,98.0,114.0,114.0,130.0,130.0,145.0,145.0,160.0,160.0,176.0,176.0,192.0,192.0,207.0,207.0,222.0,222.0,238.0,238.0,254.0,254.0,269.0,269.0,284.0,284.0,300.0,,,,,,,,,,,,,,,,,,,,,,,,,,,,,,,,,,,,,,,,,,,,,,,,,,,,,,,,,,,,,,,,,,,,,,,,
vejrt1l5AQM_000062_000072.mp4,4.0,mountain climber (exercise),30.0,0.0,10.0,7.03,10.0,211,300,211,233,233,255,255.0,278.0,278.0,300.0,,,,,,,,,,,,,,,,,,,,,,,,,,,,,,,,,,,,,,,,,,,,,,,,,,,,,,,,,,,,,,,,,,,,,,,,,,,,,,,,,,,,,,,,,,,,,,,,
y3OzOR80dHM_000000_000010.mp4,15.0,mountain climber (exercise),29.97,0.0,6.014,0.0,5.97,0,179,0,12,12,24,24.0,36.0,36.0,48.0,48.0,60.0,60.0,72.0,72.0,84.0,84.0,95.0,95.0,107.0,107.0,119.0,119.0,131.0,131.0,143.0,143.0,155.0,155.0,167.0,167.0,179.0,,,,,,,,,,,,,,,,,,,,,,,,,,,,,,,,,,,,,,,,,,,,,,,,,,,,,,,,,,,,,,,,,,,,,,,,,,
3KB7l9vakic_000085_000095.mp4,3.0,mountain climber (exercise),59.94,0.0,10.01,7.79,9.44,467,566,467,500,500,533,533.0,566.0,,,,,,,,,,,,,,,,,,,,,,,,,,,,,,,,,,,,,,,,,,,,,,,,,,,,,,,,,,,,,,,,,,,,,,,,,,,,,,,,,,,,,,,,,,,,,,,,,,
37BRxdkQu_o_000050_000060.mp4,5.0,mountain climber (exercise),30.0,0.0,10.0,0.0,7.47,0,224,0,45,45,90,90.0,134.0,134.0,179.0,179.0,224.0,,,,,,,,,,,,,,,,,,,,,,,,,,,,,,,,,,,,,,,,,,,,,,,,,,,,,,,,,,,,,,,,,,,,,,,,,,,,,,,,,,,,,,,,,,,,,,
6glQQIb5Tc0_000060_000070.mp4,2.0,mountain climber (exercise),29.97,0.0,10.008,0.0,3.84,0,115,0,58,58,115,,,,,,,,,,,,,,,,,,,,,,,,,,,,,,,,,,,,,,,,,,,,,,,,,,,,,,,,,,,,,,,,,,,,,,,,,,,,,,,,,,,,,,,,,,,,,,,,,,,,
6zBw9IVnqCU_000000_000010.mp4,23.0,mountain climber (exercise),29.0,0.0,5.875,0.0,5.83,0,169,0,7,7,15,15.0,22.0,22.0,29.0,29.0,37.0,37.0,44.0,44.0,51.0,51.0,59.0,59.0,66.0,66.0,73.0,73.0,81.0,81.0,88.0,88.0,96.0,96.0,103.0,103.0,110.0,110.0,118.0,118.0,125.0,125.0,132.0,132.0,140.0,140.0,147.0,147.0,154.0,154.0,162.0,162.0,169.0,,,,,,,,,,,,,,,,,,,,,,,,,,,,,,,,,,,,,,,,,,,,,,,,,,,,,,,,,,
8gtxBbw7Dy8_000027_000037.mp4,3.0,mountain climber (exercise),29.97,0.0,10.01,7.01,9.94,210,298,210,239,239,269,269.0,298.0,,,,,,,,,,,,,,,,,,,,,,,,,,,,,,,,,,,,,,,,,,,,,,,,,,,,,,,,,,,,,,,,,,,,,,,,,,,,,,,,,,,,,,,,,,,,,,,,,,
9BOBcx51Ul4_000000_000010.mp4,40.0,mountain climber (exercise),29.97,0.0,10.01,0.63,9.98,19,299,19,26,26,33,33.0,40.0,40.0,47.0,47.0,54.0,54.0,61.0,61.0,68.0,68.0,75.0,75.0,82.0,82.0,89.0,89.0,96.0,96.0,103.0,103.0,110.0,110.0,117.0,117.0,124.0,124.0,131.0,131.0,138.0,138.0,145.0,145.0,152.0,152.0,159.0,159.0,166.0,166.0,173.0,173.0,180.0,180.0,187.0,187.0,194.0,194.0,201.0,201.0,208.0,208.0,215.0,215.0,222.0,222.0,229.0,229.0,236.0,236.0,243.0,243.0,250.0,250.0,257.0,257.0,264.0,264.0,271.0,271.0,278.0,278.0,285.0,285.0,292.0,292.0,299.0,,,,,,,,,,,,,,,,,,,,,,,,
9HMp2bgMR9k_000065_000075.mp4,5.0,mountain climber (exercise),25.0,0.0,10.0,0.0,8.28,0,207,0,41,41,83,83.0,124.0,124.0,166.0,166.0,207.0,,,,,,,,,,,,,,,,,,,,,,,,,,,,,,,,,,,,,,,,,,,,,,,,,,,,,,,,,,,,,,,,,,,,,,,,,,,,,,,,,,,,,,,,,,,,,,
A87mG7GM7n8_000041_000051.mp4,2.0,planing wood,13.5,0.0,10.008,0.0,9.93,0,134,0,67,67,134,,,,,,,,,,,,,,,,,,,,,,,,,,,,,,,,,,,,,,,,,,,,,,,,,,,,,,,,,,,,,,,,,,,,,,,,,,,,,,,,,,,,,,,,,,,,,,,,,,,,
ETo6wgt7i2k_000173_000183.mp4,4.0,planing wood,29.45,0.0,10.051,0.0,10.0,0,295,0,74,74,148,148.0,221.0,221.0,295.0,,,,,,,,,,,,,,,,,,,,,,,,,,,,,,,,,,,,,,,,,,,,,,,,,,,,,,,,,,,,,,,,,,,,,,,,,,,,,,,,,,,,,,,,,,,,,,,,
FQn6pVdKmmk_000015_000025.mp4,3.0,planing wood,29.97,0.0,10.01,0.0,8.88,0,266,0,89,89,177,177.0,266.0,,,,,,,,,,,,,,,,,,,,,,,,,,,,,,,,,,,,,,,,,,,,,,,,,,,,,,,,,,,,,,,,,,,,,,,,,,,,,,,,,,,,,,,,,,,,,,,,,,
L0Ma-QTGmBk_000114_000124.mp4,3.0,planing wood,29.97,0.0,10.01,4.5,8.01,135,240,135,170,170,205,205.0,240.0,,,,,,,,,,,,,,,,,,,,,,,,,,,,,,,,,,,,,,,,,,,,,,,,,,,,,,,,,,,,,,,,,,,,,,,,,,,,,,,,,,,,,,,,,,,,,,,,,,
O35C4gqgg1U_001278_001288.mp4,2.0,planing wood,29.83,0.0,10.023,0.0,2.38,0,71,0,36,36,71,,,,,,,,,,,,,,,,,,,,,,,,,,,,,,,,,,,,,,,,,,,,,,,,,,,,,,,,,,,,,,,,,,,,,,,,,,,,,,,,,,,,,,,,,,,,,,,,,,,,
O35C4gqgg1U_001278_001288.mp4,6.0,planing wood,29.83,0.0,10.023,3.46,9.96,103,297,103,135,135,168,168.0,200.0,200.0,232.0,232.0,265.0,265.0,297.0,,,,,,,,,,,,,,,,,,,,,,,,,,,,,,,,,,,,,,,,,,,,,,,,,,,,,,,,,,,,,,,,,,,,,,,,,,,,,,,,,,,,,,,,,,,,
PU9yNlkDJb4_000036_000046.mp4,4.0,planing wood,30.0,0.0,10.008,0.0,8.67,0,260,0,65,65,130,130.0,195.0,195.0,260.0,,,,,,,,,,,,,,,,,,,,,,,,,,,,,,,,,,,,,,,,,,,,,,,,,,,,,,,,,,,,,,,,,,,,,,,,,,,,,,,,,,,,,,,,,,,,,,,,
QGlnpr-_PAI_000070_000080.mp4,7.0,planing wood,30.0,0.0,10.008,0.0,8.23,0,247,0,35,35,71,71.0,106.0,106.0,141.0,141.0,176.0,176.0,212.0,212.0,247.0,,,,,,,,,,,,,,,,,,,,,,,,,,,,,,,,,,,,,,,,,,,,,,,,,,,,,,,,,,,,,,,,,,,,,,,,,,,,,,,,,,,,,,,,,,
QTTcnqAR3Fk_000002_000012.mp4,3.0,planing wood,29.97,0.0,9.477,0.0,9.44,0,283,0,94,94,189,189.0,283.0,,,,,,,,,,,,,,,,,,,,,,,,,,,,,,,,,,,,,,,,,,,,,,,,,,,,,,,,,,,,,,,,,,,,,,,,,,,,,,,,,,,,,,,,,,,,,,,,,,
SSnFwDTeO9c_000033_000043.mp4,4.0,planing wood,30.0,0.0,10.0,0.0,10.0,0,300,0,75,75,150,150.0,225.0,225.0,300.0,,,,,,,,,,,,,,,,,,,,,,,,,,,,,,,,,,,,,,,,,,,,,,,,,,,,,,,,,,,,,,,,,,,,,,,,,,,,,,,,,,,,,,,,,,,,,,,,
T8rPPqC5b34_001010_001020.mp4,2.0,planing wood,15.0,0.0,9.242,0.0,0.73,0,11,0,6,6,11,,,,,,,,,,,,,,,,,,,,,,,,,,,,,,,,,,,,,,,,,,,,,,,,,,,,,,,,,,,,,,,,,,,,,,,,,,,,,,,,,,,,,,,,,,,,,,,,,,,,
Wy_7F_l6Hr0_000017_000027.mp4,2.0,planing wood,29.97,0.0,10.01,0.23,7.21,7,216,7,111,111,216,,,,,,,,,,,,,,,,,,,,,,,,,,,,,,,,,,,,,,,,,,,,,,,,,,,,,,,,,,,,,,,,,,,,,,,,,,,,,,,,,,,,,,,,,,,,,,,,,,,,
ab-MmudKdD0_000012_000022.mp4,2.0,planing wood,29.97,0.0,10.01,0.0,3.07,0,92,0,46,46,92,,,,,,,,,,,,,,,,,,,,,,,,,,,,,,,,,,,,,,,,,,,,,,,,,,,,,,,,,,,,,,,,,,,,,,,,,,,,,,,,,,,,,,,,,,,,,,,,,,,,
bw0A0gTXrbk_000284_000294.mp4,3.0,planing wood,29.97,0.0,10.01,0.0,1.77,0,53,0,18,18,35,35.0,53.0,,,,,,,,,,,,,,,,,,,,,,,,,,,,,,,,,,,,,,,,,,,,,,,,,,,,,,,,,,,,,,,,,,,,,,,,,,,,,,,,,,,,,,,,,,,,,,,,,,
casDTQ0y60Y_000072_000082.mp4,2.0,planing wood,29.97,0.0,10.01,0.53,9.98,16,299,16,158,158,299,,,,,,,,,,,,,,,,,,,,,,,,,,,,,,,,,,,,,,,,,,,,,,,,,,,,,,,,,,,,,,,,,,,,,,,,,,,,,,,,,,,,,,,,,,,,,,,,,,,,
dCIX9Ocwab0_000000_000010.mp4,6.0,planing wood,30.0,0.0,10.008,0.0,10.0,0,300,0,50,50,100,100.0,150.0,150.0,200.0,200.0,250.0,250.0,300.0,,,,,,,,,,,,,,,,,,,,,,,,,,,,,,,,,,,,,,,,,,,,,,,,,,,,,,,,,,,,,,,,,,,,,,,,,,,,,,,,,,,,,,,,,,,,
dQ6CHtVH5jE_000145_000155.mp4,2.0,planing wood,23.98,0.0,10.01,0.0,9.97,0,239,0,120,120,239,,,,,,,,,,,,,,,,,,,,,,,,,,,,,,,,,,,,,,,,,,,,,,,,,,,,,,,,,,,,,,,,,,,,,,,,,,,,,,,,,,,,,,,,,,,,,,,,,,,,
g3V9JXXCfNI_000023_000033.mp4,4.0,planing wood,29.97,0.0,10.044,0.0,6.81,0,204,0,51,51,102,102.0,153.0,153.0,204.0,,,,,,,,,,,,,,,,,,,,,,,,,,,,,,,,,,,,,,,,,,,,,,,,,,,,,,,,,,,,,,,,,,,,,,,,,,,,,,,,,,,,,,,,,,,,,,,,
hRO4a07k89o_000019_000029.mp4,4.0,planing wood,29.97,0.0,10.01,0.0,9.98,0,299,0,75,75,150,150.0,224.0,224.0,299.0,,,,,,,,,,,,,,,,,,,,,,,,,,,,,,,,,,,,,,,,,,,,,,,,,,,,,,,,,,,,,,,,,,,,,,,,,,,,,,,,,,,,,,,,,,,,,,,,
jqSA8eD-WkA_000355_000365.mp4,2.0,planing wood,29.97,0.0,10.01,0.0,1.5,0,45,0,22,22,45,,,,,,,,,,,,,,,,,,,,,,,,,,,,,,,,,,,,,,,,,,,,,,,,,,,,,,,,,,,,,,,,,,,,,,,,,,,,,,,,,,,,,,,,,,,,,,,,,,,,
jqSA8eD-WkA_000355_000365.mp4,4.0,planing wood,29.97,0.0,10.01,3.27,7.77,98,233,98,132,132,166,166.0,199.0,199.0,233.0,,,,,,,,,,,,,,,,,,,,,,,,,,,,,,,,,,,,,,,,,,,,,,,,,,,,,,,,,,,,,,,,,,,,,,,,,,,,,,,,,,,,,,,,,,,,,,,,
oeAs2FGDpZ0_000110_000120.mp4,2.0,planing wood,30.0,0.0,10.0,0.0,10.0,0,300,0,150,150,300,,,,,,,,,,,,,,,,,,,,,,,,,,,,,,,,,,,,,,,,,,,,,,,,,,,,,,,,,,,,,,,,,,,,,,,,,,,,,,,,,,,,,,,,,,,,,,,,,,,,
q6HF4zpH9xM_000046_000056.mp4,12.0,planing wood,29.97,0.0,7.942,0.0,6.97,0,209,0,17,17,35,35.0,52.0,52.0,70.0,70.0,87.0,87.0,104.0,104.0,122.0,122.0,139.0,139.0,157.0,157.0,174.0,174.0,192.0,192.0,209.0,,,,,,,,,,,,,,,,,,,,,,,,,,,,,,,,,,,,,,,,,,,,,,,,,,,,,,,,,,,,,,,,,,,,,,,,,,,,,,,,
rGoeNj74nDM_000014_000024.mp4,6.0,planing wood,30.0,0.0,10.008,1.3,4.5,39,135,39,55,55,71,71.0,87.0,87.0,103.0,103.0,119.0,119.0,135.0,,,,,,,,,,,,,,,,,,,,,,,,,,,,,,,,,,,,,,,,,,,,,,,,,,,,,,,,,,,,,,,,,,,,,,,,,,,,,,,,,,,,,,,,,,,,
rGoeNj74nDM_000014_000024.mp4,4.0,planing wood,30.0,0.0,10.008,5.87,7.63,176,229,176,189,189,202,202.0,216.0,216.0,229.0,,,,,,,,,,,,,,,,,,,,,,,,,,,,,,,,,,,,,,,,,,,,,,,,,,,,,,,,,,,,,,,,,,,,,,,,,,,,,,,,,,,,,,,,,,,,,,,,
rGoeNj74nDM_000014_000024.mp4,5.0,planing wood,30.0,0.0,10.008,8.37,10.0,251,300,251,261,261,271,271.0,280.0,280.0,290.0,290.0,300.0,,,,,,,,,,,,,,,,,,,,,,,,,,,,,,,,,,,,,,,,,,,,,,,,,,,,,,,,,,,,,,,,,,,,,,,,,,,,,,,,,,,,,,,,,,,,,,
t34ROASdQfE_000079_000089.mp4,5.0,planing wood,30.0,0.0,10.0,0.0,5.03,0,151,0,30,30,60,60.0,91.0,91.0,121.0,121.0,151.0,,,,,,,,,,,,,,,,,,,,,,,,,,,,,,,,,,,,,,,,,,,,,,,,,,,,,,,,,,,,,,,,,,,,,,,,,,,,,,,,,,,,,,,,,,,,,,
vEzF8Q7IZnw_000005_000015.mp4,7.0,planing wood,29.97,0.0,10.01,0.0,9.98,0,299,0,43,43,85,85.0,128.0,128.0,171.0,171.0,214.0,214.0,256.0,256.0,299.0,,,,,,,,,,,,,,,,,,,,,,,,,,,,,,,,,,,,,,,,,,,,,,,,,,,,,,,,,,,,,,,,,,,,,,,,,,,,,,,,,,,,,,,,,,
v174SjBDXlE_000201_000211.mp4,21.0,planing wood,30.0,0.0,10.008,0.0,8.93,0,268,0,13,13,26,26.0,38.0,38.0,51.0,51.0,64.0,64.0,77.0,77.0,89.0,89.0,102.0,102.0,115.0,115.0,128.0,128.0,140.0,140.0,153.0,153.0,166.0,166.0,179.0,179.0,191.0,191.0,204.0,204.0,217.0,217.0,230.0,230.0,242.0,242.0,255.0,255.0,268.0,,,,,,,,,,,,,,,,,,,,,,,,,,,,,,,,,,,,,,,,,,,,,,,,,,,,,,,,,,,,,,
0rvBA3Lk2eo_000004_000014.mp4,5.0,planing wood,30.0,0.0,10.0,2.37,10.0,71,300,71,117,117,163,163.0,208.0,208.0,254.0,254.0,300.0,,,,,,,,,,,,,,,,,,,,,,,,,,,,,,,,,,,,,,,,,,,,,,,,,,,,,,,,,,,,,,,,,,,,,,,,,,,,,,,,,,,,,,,,,,,,,,
1ChYrZMCXHg_000075_000085.mp4,3.0,planing wood,25.0,0.0,10.008,5.0,10.0,125,250,125,167,167,208,208.0,250.0,,,,,,,,,,,,,,,,,,,,,,,,,,,,,,,,,,,,,,,,,,,,,,,,,,,,,,,,,,,,,,,,,,,,,,,,,,,,,,,,,,,,,,,,,,,,,,,,,,
4UIfesmvftc_000788_000798.mp4,2.0,planing wood,30.0,0.0,10.0,0.0,1.73,0,52,0,26,26,52,,,,,,,,,,,,,,,,,,,,,,,,,,,,,,,,,,,,,,,,,,,,,,,,,,,,,,,,,,,,,,,,,,,,,,,,,,,,,,,,,,,,,,,,,,,,,,,,,,,,
6GZPVfofQ2c_000074_000084.mp4,10.0,planing wood,15.0,0.0,10.0,0.0,10.0,0,150,0,15,15,30,30.0,45.0,45.0,60.0,60.0,75.0,75.0,90.0,90.0,105.0,105.0,120.0,120.0,135.0,135.0,150.0,,,,,,,,,,,,,,,,,,,,,,,,,,,,,,,,,,,,,,,,,,,,,,,,,,,,,,,,,,,,,,,,,,,,,,,,,,,,,,,,,,,,
6MiQ_VGEUgA_000089_000099.mp4,2.0,planing wood,29.97,0.0,10.01,7.47,9.98,224,299,224,262,262,299,,,,,,,,,,,,,,,,,,,,,,,,,,,,,,,,,,,,,,,,,,,,,,,,,,,,,,,,,,,,,,,,,,,,,,,,,,,,,,,,,,,,,,,,,,,,,,,,,,,,
7qaTPDNmKbw_000297_000307.mp4,13.0,planing wood,29.97,0.0,6.99,0.0,4.77,0,143,0,11,11,22,22.0,33.0,33.0,44.0,44.0,55.0,55.0,66.0,66.0,77.0,77.0,88.0,88.0,99.0,99.0,110.0,110.0,121.0,121.0,132.0,132.0,143.0,,,,,,,,,,,,,,,,,,,,,,,,,,,,,,,,,,,,,,,,,,,,,,,,,,,,,,,,,,,,,,,,,,,,,,,,,,,,,,
9valohwCw4g_000092_000102.mp4,16.0,planing wood,24.0,0.0,10.0,0.0,10.0,0,240,0,15,15,30,30.0,45.0,45.0,60.0,60.0,75.0,75.0,90.0,90.0,105.0,105.0,120.0,120.0,135.0,135.0,150.0,150.0,165.0,165.0,180.0,180.0,195.0,195.0,210.0,210.0,225.0,225.0,240.0,,,,,,,,,,,,,,,,,,,,,,,,,,,,,,,,,,,,,,,,,,,,,,,,,,,,,,,,,,,,,,,,,,,,,,,,
-YkNA24s4Ho_000280_000290.mp4,3.0,planing wood,23.98,0.0,10.01,5.96,9.97,143,239,143,175,175,207,207.0,239.0,,,,,,,,,,,,,,,,,,,,,,,,,,,,,,,,,,,,,,,,,,,,,,,,,,,,,,,,,,,,,,,,,,,,,,,,,,,,,,,,,,,,,,,,,,,,,,,,,,
A_T0nQJ981c_000020_000030.mp4,2.0,playing ping pong,30.0,0.0,3.414,0.0,2.47,0,74,0,37,37,74,,,,,,,,,,,,,,,,,,,,,,,,,,,,,,,,,,,,,,,,,,,,,,,,,,,,,,,,,,,,,,,,,,,,,,,,,,,,,,,,,,,,,,,,,,,,,,,,,,,,
BL3Vs4pVOKc_000022_000032.mp4,2.0,playing ping pong,29.97,0.0,10.01,6.14,8.61,184,258,184,221,221,258,,,,,,,,,,,,,,,,,,,,,,,,,,,,,,,,,,,,,,,,,,,,,,,,,,,,,,,,,,,,,,,,,,,,,,,,,,,,,,,,,,,,,,,,,,,,,,,,,,,,
DIaerqmqN1E_000006_000016.mp4,3.0,playing ping pong,15.0,0.0,10.008,1.6,7.0,24,105,24,51,51,78,78.0,105.0,,,,,,,,,,,,,,,,,,,,,,,,,,,,,,,,,,,,,,,,,,,,,,,,,,,,,,,,,,,,,,,,,,,,,,,,,,,,,,,,,,,,,,,,,,,,,,,,,,
DpDyuhF6Alc_000160_000170.mp4,2.0,playing ping pong,29.97,0.0,10.044,0.0,2.4,0,72,0,36,36,72,,,,,,,,,,,,,,,,,,,,,,,,,,,,,,,,,,,,,,,,,,,,,,,,,,,,,,,,,,,,,,,,,,,,,,,,,,,,,,,,,,,,,,,,,,,,,,,,,,,,
DpDyuhF6Alc_000160_000170.mp4,2.0,playing ping pong,29.97,0.0,10.044,5.71,8.31,171,249,171,210,210,249,,,,,,,,,,,,,,,,,,,,,,,,,,,,,,,,,,,,,,,,,,,,,,,,,,,,,,,,,,,,,,,,,,,,,,,,,,,,,,,,,,,,,,,,,,,,,,,,,,,,
E5A5JfS5wwk_000078_000088.mp4,2.0,playing ping pong,29.86,0.0,10.015,1.63,9.12,49,272,49,161,161,272,,,,,,,,,,,,,,,,,,,,,,,,,,,,,,,,,,,,,,,,,,,,,,,,,,,,,,,,,,,,,,,,,,,,,,,,,,,,,,,,,,,,,,,,,,,,,,,,,,,,
FeYJGxE6fkY_000310_000320.mp4,2.0,playing ping pong,30.0,0.0,3.251,0.0,2.63,0,79,0,40,40,79,,,,,,,,,,,,,,,,,,,,,,,,,,,,,,,,,,,,,,,,,,,,,,,,,,,,,,,,,,,,,,,,,,,,,,,,,,,,,,,,,,,,,,,,,,,,,,,,,,,,
GyHVFdfEbyI_000419_000429.mp4,3.0,playing ping pong,30.0,0.0,10.0,4.08,7.97,122,239,122,161,161,200,200.0,239.0,,,,,,,,,,,,,,,,,,,,,,,,,,,,,,,,,,,,,,,,,,,,,,,,,,,,,,,,,,,,,,,,,,,,,,,,,,,,,,,,,,,,,,,,,,,,,,,,,,
HcL0NZUUeWo_000122_000132.mp4,2.0,playing ping pong,29.97,0.0,10.01,3.77,7.11,113,213,113,163,163,213,,,,,,,,,,,,,,,,,,,,,,,,,,,,,,,,,,,,,,,,,,,,,,,,,,,,,,,,,,,,,,,,,,,,,,,,,,,,,,,,,,,,,,,,,,,,,,,,,,,,
IIqg12rlSgo_000140_000150.mp4,2.0,playing ping pong,30.0,0.0,10.0,5.17,9.9,155,297,155,226,226,297,,,,,,,,,,,,,,,,,,,,,,,,,,,,,,,,,,,,,,,,,,,,,,,,,,,,,,,,,,,,,,,,,,,,,,,,,,,,,,,,,,,,,,,,,,,,,,,,,,,,
IIqg12rlSgo_000140_000150.mp4,2.0,playing ping pong,30.0,0.0,10.0,0.0,4.15,0,125,0,62,62,125,,,,,,,,,,,,,,,,,,,,,,,,,,,,,,,,,,,,,,,,,,,,,,,,,,,,,,,,,,,,,,,,,,,,,,,,,,,,,,,,,,,,,,,,,,,,,,,,,,,,
JDbWT8TC1q8_000042_000052.mp4,3.0,playing ping pong,29.97,0.0,9.009,0.0,3.79,0,114,0,38,38,76,76.0,114.0,,,,,,,,,,,,,,,,,,,,,,,,,,,,,,,,,,,,,,,,,,,,,,,,,,,,,,,,,,,,,,,,,,,,,,,,,,,,,,,,,,,,,,,,,,,,,,,,,,
JI64dikSIm4_000000_000010.mp4,3.0,playing ping pong,29.97,0.0,10.01,3.47,7.57,104,227,104,145,145,186,186.0,227.0,,,,,,,,,,,,,,,,,,,,,,,,,,,,,,,,,,,,,,,,,,,,,,,,,,,,,,,,,,,,,,,,,,,,,,,,,,,,,,,,,,,,,,,,,,,,,,,,,,
JI64dikSIm4_000000_000010.mp4,2.0,playing ping pong,29.97,0.0,10.01,7.96,9.98,239,299,239,269,269,299,,,,,,,,,,,,,,,,,,,,,,,,,,,,,,,,,,,,,,,,,,,,,,,,,,,,,,,,,,,,,,,,,,,,,,,,,,,,,,,,,,,,,,,,,,,,,,,,,,,,
J2dmwQeNxp8_000021_000031.mp4,2.0,playing ping pong,29.97,0.0,10.008,0.47,2.0,14,60,14,37,37,60,,,,,,,,,,,,,,,,,,,,,,,,,,,,,,,,,,,,,,,,,,,,,,,,,,,,,,,,,,,,,,,,,,,,,,,,,,,,,,,,,,,,,,,,,,,,,,,,,,,,
Lm1yrhHEPhQ_000010_000020.mp4,6.0,playing ping pong,30.0,0.0,10.008,0.0,10.0,0,300,0,50,50,100,100.0,150.0,150.0,200.0,200.0,250.0,250.0,300.0,,,,,,,,,,,,,,,,,,,,,,,,,,,,,,,,,,,,,,,,,,,,,,,,,,,,,,,,,,,,,,,,,,,,,,,,,,,,,,,,,,,,,,,,,,,,
L0AXgXjT6Zo_000004_000014.mp4,4.0,playing ping pong,29.97,0.0,9.567,0.0,6.24,0,187,0,47,47,94,94.0,140.0,140.0,187.0,,,,,,,,,,,,,,,,,,,,,,,,,,,,,,,,,,,,,,,,,,,,,,,,,,,,,,,,,,,,,,,,,,,,,,,,,,,,,,,,,,,,,,,,,,,,,,,,
L7fYjIlMnR8_000041_000051.mp4,7.0,playing ping pong,29.97,0.0,10.01,0.0,9.98,0,299,0,43,43,85,85.0,128.0,128.0,171.0,171.0,214.0,214.0,256.0,256.0,299.0,,,,,,,,,,,,,,,,,,,,,,,,,,,,,,,,,,,,,,,,,,,,,,,,,,,,,,,,,,,,,,,,,,,,,,,,,,,,,,,,,,,,,,,,,,
Nhl46d2bueI_000001_000011.mp4,3.0,playing ping pong,29.97,0.0,10.01,3.9,9.91,117,297,117,177,177,237,237.0,297.0,,,,,,,,,,,,,,,,,,,,,,,,,,,,,,,,,,,,,,,,,,,,,,,,,,,,,,,,,,,,,,,,,,,,,,,,,,,,,,,,,,,,,,,,,,,,,,,,,,
OmIcycXGkG8_000110_000120.mp4,3.0,playing ping pong,29.97,0.0,10.01,0.0,3.8,0,114,0,38,38,76,76.0,114.0,,,,,,,,,,,,,,,,,,,,,,,,,,,,,,,,,,,,,,,,,,,,,,,,,,,,,,,,,,,,,,,,,,,,,,,,,,,,,,,,,,,,,,,,,,,,,,,,,,
O1luitbv8sE_000153_000163.mp4,2.0,playing ping pong,30.0,0.0,10.0,0.0,1.03,0,31,0,16,16,31,,,,,,,,,,,,,,,,,,,,,,,,,,,,,,,,,,,,,,,,,,,,,,,,,,,,,,,,,,,,,,,,,,,,,,,,,,,,,,,,,,,,,,,,,,,,,,,,,,,,
PagVojz4-qk_000106_000116.mp4,4.0,playing ping pong,29.81,0.0,9.024,0.6,5.51,18,164,18,54,54,91,91.0,128.0,128.0,164.0,,,,,,,,,,,,,,,,,,,,,,,,,,,,,,,,,,,,,,,,,,,,,,,,,,,,,,,,,,,,,,,,,,,,,,,,,,,,,,,,,,,,,,,,,,,,,,,,
QkzF1myWJsE_000000_000010.mp4,5.0,playing ping pong,30.0,0.0,10.008,3.67,10.0,110,300,110,148,148,186,186.0,224.0,224.0,262.0,262.0,300.0,,,,,,,,,,,,,,,,,,,,,,,,,,,,,,,,,,,,,,,,,,,,,,,,,,,,,,,,,,,,,,,,,,,,,,,,,,,,,,,,,,,,,,,,,,,,,,
T13NYMpFfpw_000000_000010.mp4,4.0,playing ping pong,29.69,0.0,10.003,0.54,5.87,16,174,16,56,56,95,95.0,134.0,134.0,174.0,,,,,,,,,,,,,,,,,,,,,,,,,,,,,,,,,,,,,,,,,,,,,,,,,,,,,,,,,,,,,,,,,,,,,,,,,,,,,,,,,,,,,,,,,,,,,,,,
T13NYMpFfpw_000000_000010.mp4,2.0,playing ping pong,29.69,0.0,10.003,8.6,9.98,255,296,255,275,275,296,,,,,,,,,,,,,,,,,,,,,,,,,,,,,,,,,,,,,,,,,,,,,,,,,,,,,,,,,,,,,,,,,,,,,,,,,,,,,,,,,,,,,,,,,,,,,,,,,,,,
V6cnJ9nG3oc_000008_000018.mp4,4.0,playing ping pong,15.0,0.0,9.335,0.0,4.8,0,72,0,18,18,36,36.0,54.0,54.0,72.0,,,,,,,,,,,,,,,,,,,,,,,,,,,,,,,,,,,,,,,,,,,,,,,,,,,,,,,,,,,,,,,,,,,,,,,,,,,,,,,,,,,,,,,,,,,,,,,,
X7RMG1-Srp8_000042_000052.mp4,3.0,playing ping pong,29.97,0.0,10.01,0.0,3.64,0,109,0,36,36,73,73.0,109.0,,,,,,,,,,,,,,,,,,,,,,,,,,,,,,,,,,,,,,,,,,,,,,,,,,,,,,,,,,,,,,,,,,,,,,,,,,,,,,,,,,,,,,,,,,,,,,,,,,
X7RMG1-Srp8_000042_000052.mp4,5.0,playing ping pong,29.97,0.0,10.01,5.27,9.98,158,299,158,186,186,214,214.0,243.0,243.0,271.0,271.0,299.0,,,,,,,,,,,,,,,,,,,,,,,,,,,,,,,,,,,,,,,,,,,,,,,,,,,,,,,,,,,,,,,,,,,,,,,,,,,,,,,,,,,,,,,,,,,,,,
aRwp3NPsGOg_000025_000035.mp4,3.0,playing ping pong,30.0,0.0,10.008,3.33,7.43,100,223,100,141,141,182,182.0,223.0,,,,,,,,,,,,,,,,,,,,,,,,,,,,,,,,,,,,,,,,,,,,,,,,,,,,,,,,,,,,,,,,,,,,,,,,,,,,,,,,,,,,,,,,,,,,,,,,,,
bUhuBlsOack_000028_000038.mp4,3.0,playing ping pong,30.0,0.0,8.476,1.77,6.67,53,200,53,102,102,151,151.0,200.0,,,,,,,,,,,,,,,,,,,,,,,,,,,,,,,,,,,,,,,,,,,,,,,,,,,,,,,,,,,,,,,,,,,,,,,,,,,,,,,,,,,,,,,,,,,,,,,,,,
cKvFVbUaOCA_000215_000225.mp4,2.0,playing ping pong,30.0,0.0,10.0,0.0,2.73,0,82,0,41,41,82,,,,,,,,,,,,,,,,,,,,,,,,,,,,,,,,,,,,,,,,,,,,,,,,,,,,,,,,,,,,,,,,,,,,,,,,,,,,,,,,,,,,,,,,,,,,,,,,,,,,
cKvFVbUaOCA_000215_000225.mp4,3.0,playing ping pong,30.0,0.0,10.0,5.77,9.5,173,285,173,210,210,248,248.0,285.0,,,,,,,,,,,,,,,,,,,,,,,,,,,,,,,,,,,,,,,,,,,,,,,,,,,,,,,,,,,,,,,,,,,,,,,,,,,,,,,,,,,,,,,,,,,,,,,,,,
ekRz5KwqQFo_000037_000047.mp4,2.0,playing ping pong,29.97,0.0,10.01,0.0,3.5,0,105,0,52,52,105,,,,,,,,,,,,,,,,,,,,,,,,,,,,,,,,,,,,,,,,,,,,,,,,,,,,,,,,,,,,,,,,,,,,,,,,,,,,,,,,,,,,,,,,,,,,,,,,,,,,
ekRz5KwqQFo_000037_000047.mp4,3.0,playing ping pong,29.97,0.0,10.01,4.8,9.98,144,299,144,196,196,247,247.0,299.0,,,,,,,,,,,,,,,,,,,,,,,,,,,,,,,,,,,,,,,,,,,,,,,,,,,,,,,,,,,,,,,,,,,,,,,,,,,,,,,,,,,,,,,,,,,,,,,,,,
fOt5iVsSa4Q_000000_000010.mp4,4.0,playing ping pong,29.97,0.0,8.894,0.53,5.31,16,159,16,52,52,88,88.0,123.0,123.0,159.0,,,,,,,,,,,,,,,,,,,,,,,,,,,,,,,,,,,,,,,,,,,,,,,,,,,,,,,,,,,,,,,,,,,,,,,,,,,,,,,,,,,,,,,,,,,,,,,,
hCvymi8U8ZA_000029_000039.mp4,2.0,playing ping pong,30.0,0.0,10.008,7.33,9.87,220,296,220,258,258,296,,,,,,,,,,,,,,,,,,,,,,,,,,,,,,,,,,,,,,,,,,,,,,,,,,,,,,,,,,,,,,,,,,,,,,,,,,,,,,,,,,,,,,,,,,,,,,,,,,,,
hP-c5DGf6vo_000024_000034.mp4,9.0,playing ping pong,29.97,0.0,10.01,0.0,5.47,0,164,0,18,18,36,36.0,55.0,55.0,73.0,73.0,91.0,91.0,109.0,109.0,128.0,128.0,146.0,146.0,164.0,,,,,,,,,,,,,,,,,,,,,,,,,,,,,,,,,,,,,,,,,,,,,,,,,,,,,,,,,,,,,,,,,,,,,,,,,,,,,,,,,,,,,,
hP-c5DGf6vo_000024_000034.mp4,3.0,playing ping pong,29.97,0.0,10.01,7.14,9.94,214,298,214,242,242,270,270.0,298.0,,,,,,,,,,,,,,,,,,,,,,,,,,,,,,,,,,,,,,,,,,,,,,,,,,,,,,,,,,,,,,,,,,,,,,,,,,,,,,,,,,,,,,,,,,,,,,,,,,
hkPD4SbMS8c_000207_000217.mp4,3.0,playing ping pong,30.0,0.0,10.0,3.2,8.63,96,259,96,150,150,205,205.0,259.0,,,,,,,,,,,,,,,,,,,,,,,,,,,,,,,,,,,,,,,,,,,,,,,,,,,,,,,,,,,,,,,,,,,,,,,,,,,,,,,,,,,,,,,,,,,,,,,,,,
h0L3IaePcZQ_000018_000028.mp4,8.0,playing ping pong,23.98,0.0,10.01,2.54,7.9,61,189,61,77,77,93,93.0,109.0,109.0,125.0,125.0,141.0,141.0,157.0,157.0,173.0,173.0,189.0,,,,,,,,,,,,,,,,,,,,,,,,,,,,,,,,,,,,,,,,,,,,,,,,,,,,,,,,,,,,,,,,,,,,,,,,,,,,,,,,,,,,,,,,
jMIzjrV_RBU_000000_000010.mp4,5.0,playing ping pong,29.97,0.0,10.01,1.67,8.24,50,247,50,89,89,129,129.0,168.0,168.0,208.0,208.0,247.0,,,,,,,,,,,,,,,,,,,,,,,,,,,,,,,,,,,,,,,,,,,,,,,,,,,,,,,,,,,,,,,,,,,,,,,,,,,,,,,,,,,,,,,,,,,,,,
jop1zxGB0-Q_000052_000062.mp4,2.0,playing ping pong,30.0,0.0,10.008,0.27,7.0,8,210,8,109,109,210,,,,,,,,,,,,,,,,,,,,,,,,,,,,,,,,,,,,,,,,,,,,,,,,,,,,,,,,,,,,,,,,,,,,,,,,,,,,,,,,,,,,,,,,,,,,,,,,,,,,
keeoSu3FkTc_000091_000101.mp4,3.0,playing ping pong,30.0,0.0,10.0,3.9,9.4,117,282,117,172,172,227,227.0,282.0,,,,,,,,,,,,,,,,,,,,,,,,,,,,,,,,,,,,,,,,,,,,,,,,,,,,,,,,,,,,,,,,,,,,,,,,,,,,,,,,,,,,,,,,,,,,,,,,,,
k3zt30q3aMI_000089_000099.mp4,2.0,playing ping pong,29.97,0.0,10.044,2.6,4.27,78,128,78,103,103,128,,,,,,,,,,,,,,,,,,,,,,,,,,,,,,,,,,,,,,,,,,,,,,,,,,,,,,,,,,,,,,,,,,,,,,,,,,,,,,,,,,,,,,,,,,,,,,,,,,,,
oKAQl7fNkzg_000538_000548.mp4,6.0,playing ping pong,29.97,0.0,10.01,0.0,9.04,0,271,0,45,45,90,90.0,136.0,136.0,181.0,181.0,226.0,226.0,271.0,,,,,,,,,,,,,,,,,,,,,,,,,,,,,,,,,,,,,,,,,,,,,,,,,,,,,,,,,,,,,,,,,,,,,,,,,,,,,,,,,,,,,,,,,,,,
od1VcoamwXM_000000_000010.mp4,2.0,playing ping pong,29.58,0.0,10.008,4.02,6.56,119,194,119,157,157,194,,,,,,,,,,,,,,,,,,,,,,,,,,,,,,,,,,,,,,,,,,,,,,,,,,,,,,,,,,,,,,,,,,,,,,,,,,,,,,,,,,,,,,,,,,,,,,,,,,,,
o6Fjd8hm3W8_000061_000071.mp4,4.0,playing ping pong,24.08,0.0,10.008,5.5,10.0,132,241,132,159,159,186,186.0,214.0,214.0,241.0,,,,,,,,,,,,,,,,,,,,,,,,,,,,,,,,,,,,,,,,,,,,,,,,,,,,,,,,,,,,,,,,,,,,,,,,,,,,,,,,,,,,,,,,,,,,,,,,
qBYVmxHS-bM_000189_000199.mp4,2.0,playing ping pong,30.0,0.0,10.0,0.0,7.01,0,210,0,105,105,210,,,,,,,,,,,,,,,,,,,,,,,,,,,,,,,,,,,,,,,,,,,,,,,,,,,,,,,,,,,,,,,,,,,,,,,,,,,,,,,,,,,,,,,,,,,,,,,,,,,,
qOF0asQlWgc_000000_000010.mp4,2.0,playing ping pong,30.0,0.0,3.692,0.17,1.82,5,55,5,30,30,55,,,,,,,,,,,,,,,,,,,,,,,,,,,,,,,,,,,,,,,,,,,,,,,,,,,,,,,,,,,,,,,,,,,,,,,,,,,,,,,,,,,,,,,,,,,,,,,,,,,,
rccE6Fwf8jQ_000018_000028.mp4,3.0,playing ping pong,25.0,0.0,10.0,1.36,4.56,34,114,34,61,61,87,87.0,114.0,,,,,,,,,,,,,,,,,,,,,,,,,,,,,,,,,,,,,,,,,,,,,,,,,,,,,,,,,,,,,,,,,,,,,,,,,,,,,,,,,,,,,,,,,,,,,,,,,,
unx6iNSj6p4_000000_000010.mp4,2.0,playing ping pong,30.0,0.0,10.008,0.93,5.23,28,157,28,92,92,157,,,,,,,,,,,,,,,,,,,,,,,,,,,,,,,,,,,,,,,,,,,,,,,,,,,,,,,,,,,,,,,,,,,,,,,,,,,,,,,,,,,,,,,,,,,,,,,,,,,,
vGR9pUDGVbA_000084_000094.mp4,3.0,playing ping pong,29.97,0.0,10.01,0.0,3.97,0,119,0,40,40,79,79.0,119.0,,,,,,,,,,,,,,,,,,,,,,,,,,,,,,,,,,,,,,,,,,,,,,,,,,,,,,,,,,,,,,,,,,,,,,,,,,,,,,,,,,,,,,,,,,,,,,,,,,
vGR9pUDGVbA_000084_000094.mp4,2.0,playing ping pong,29.97,0.0,10.01,8.07,9.98,242,299,242,270,270,299,,,,,,,,,,,,,,,,,,,,,,,,,,,,,,,,,,,,,,,,,,,,,,,,,,,,,,,,,,,,,,,,,,,,,,,,,,,,,,,,,,,,,,,,,,,,,,,,,,,,
w2ikRqbMxC4_000010_000020.mp4,6.0,playing ping pong,30.0,0.0,10.008,0.0,9.5,0,285,0,48,48,95,95.0,142.0,142.0,190.0,190.0,238.0,238.0,285.0,,,,,,,,,,,,,,,,,,,,,,,,,,,,,,,,,,,,,,,,,,,,,,,,,,,,,,,,,,,,,,,,,,,,,,,,,,,,,,,,,,,,,,,,,,,,
xGwoKxL8Sfs_000023_000033.mp4,2.0,playing ping pong,12.03,0.0,9.428,0.92,3.42,11,41,11,26,26,41,,,,,,,,,,,,,,,,,,,,,,,,,,,,,,,,,,,,,,,,,,,,,,,,,,,,,,,,,,,,,,,,,,,,,,,,,,,,,,,,,,,,,,,,,,,,,,,,,,,,
xGwoKxL8Sfs_000023_000033.mp4,2.0,playing ping pong,12.03,0.0,9.428,6.04,7.46,73,90,73,81,81,90,,,,,,,,,,,,,,,,,,,,,,,,,,,,,,,,,,,,,,,,,,,,,,,,,,,,,,,,,,,,,,,,,,,,,,,,,,,,,,,,,,,,,,,,,,,,,,,,,,,,
xMEFlMjEjTs_000005_000015.mp4,3.0,playing ping pong,29.97,0.0,10.01,5.87,8.88,176,266,176,206,206,236,236.0,266.0,,,,,,,,,,,,,,,,,,,,,,,,,,,,,,,,,,,,,,,,,,,,,,,,,,,,,,,,,,,,,,,,,,,,,,,,,,,,,,,,,,,,,,,,,,,,,,,,,,
xmQ0g72b33Q_000082_000092.mp4,2.0,playing ping pong,29.88,0.0,10.009,5.14,9.07,154,271,154,212,212,271,,,,,,,,,,,,,,,,,,,,,,,,,,,,,,,,,,,,,,,,,,,,,,,,,,,,,,,,,,,,,,,,,,,,,,,,,,,,,,,,,,,,,,,,,,,,,,,,,,,,
0dLWCxdfmPQ_000669_000679.mp4,2.0,playing ping pong,30.0,0.0,10.008,3.23,5.08,97,152,97,125,125,152,,,,,,,,,,,,,,,,,,,,,,,,,,,,,,,,,,,,,,,,,,,,,,,,,,,,,,,,,,,,,,,,,,,,,,,,,,,,,,,,,,,,,,,,,,,,,,,,,,,,
1QLJSaPSDvM_000171_000181.mp4,2.0,playing ping pong,30.0,0.0,10.008,0.0,8.15,0,244,0,122,122,244,,,,,,,,,,,,,,,,,,,,,,,,,,,,,,,,,,,,,,,,,,,,,,,,,,,,,,,,,,,,,,,,,,,,,,,,,,,,,,,,,,,,,,,,,,,,,,,,,,,,
1dTE0SO9jZU_000145_000155.mp4,3.0,playing ping pong,30.0,0.0,10.008,1.77,7.4,53,222,53,109,109,166,166.0,222.0,,,,,,,,,,,,,,,,,,,,,,,,,,,,,,,,,,,,,,,,,,,,,,,,,,,,,,,,,,,,,,,,,,,,,,,,,,,,,,,,,,,,,,,,,,,,,,,,,,
1_ydzDt9SAc_000036_000046.mp4,2.0,playing ping pong,29.97,0.0,3.832,0.3,1.8,9,54,9,31,31,54,,,,,,,,,,,,,,,,,,,,,,,,,,,,,,,,,,,,,,,,,,,,,,,,,,,,,,,,,,,,,,,,,,,,,,,,,,,,,,,,,,,,,,,,,,,,,,,,,,,,
3EqF5Aavx3Y_000015_000025.mp4,2.0,playing ping pong,29.97,0.0,10.01,0.3,2.5,9,75,9,42,42,75,,,,,,,,,,,,,,,,,,,,,,,,,,,,,,,,,,,,,,,,,,,,,,,,,,,,,,,,,,,,,,,,,,,,,,,,,,,,,,,,,,,,,,,,,,,,,,,,,,,,
3EqF5Aavx3Y_000015_000025.mp4,2.0,playing ping pong,29.97,0.0,10.01,7.49,9.98,224,299,224,262,262,299,,,,,,,,,,,,,,,,,,,,,,,,,,,,,,,,,,,,,,,,,,,,,,,,,,,,,,,,,,,,,,,,,,,,,,,,,,,,,,,,,,,,,,,,,,,,,,,,,,,,
4oY0nsUwZgk_000026_000036.mp4,3.0,playing ping pong,29.97,0.0,10.01,6.37,9.81,191,294,191,225,225,260,260.0,294.0,,,,,,,,,,,,,,,,,,,,,,,,,,,,,,,,,,,,,,,,,,,,,,,,,,,,,,,,,,,,,,,,,,,,,,,,,,,,,,,,,,,,,,,,,,,,,,,,,,
5NN1RfCxJHs_000030_000040.mp4,3.0,playing ping pong,29.96,0.0,10.015,0.6,7.31,18,219,18,85,85,152,152.0,219.0,,,,,,,,,,,,,,,,,,,,,,,,,,,,,,,,,,,,,,,,,,,,,,,,,,,,,,,,,,,,,,,,,,,,,,,,,,,,,,,,,,,,,,,,,,,,,,,,,,
5tbH0GIz9rM_000010_000020.mp4,10.0,playing ping pong,29.97,0.0,9.637,0.0,8.78,0,263,0,26,26,53,53.0,79.0,79.0,105.0,105.0,132.0,132.0,158.0,158.0,184.0,184.0,210.0,210.0,237.0,237.0,263.0,,,,,,,,,,,,,,,,,,,,,,,,,,,,,,,,,,,,,,,,,,,,,,,,,,,,,,,,,,,,,,,,,,,,,,,,,,,,,,,,,,,,
6OCGaAPwCbw_000005_000015.mp4,3.0,playing ping pong,24.0,0.0,9.497,0.0,2.62,0,63,0,21,21,42,42.0,63.0,,,,,,,,,,,,,,,,,,,,,,,,,,,,,,,,,,,,,,,,,,,,,,,,,,,,,,,,,,,,,,,,,,,,,,,,,,,,,,,,,,,,,,,,,,,,,,,,,,
6OCGaAPwCbw_000005_000015.mp4,4.0,playing ping pong,24.0,0.0,9.497,4.62,9.42,111,226,111,140,140,169,169.0,197.0,197.0,226.0,,,,,,,,,,,,,,,,,,,,,,,,,,,,,,,,,,,,,,,,,,,,,,,,,,,,,,,,,,,,,,,,,,,,,,,,,,,,,,,,,,,,,,,,,,,,,,,,
6i_uanzEaTY_000045_000055.mp4,2.0,playing ping pong,29.97,0.0,10.01,0.0,3.34,0,100,0,50,50,100,,,,,,,,,,,,,,,,,,,,,,,,,,,,,,,,,,,,,,,,,,,,,,,,,,,,,,,,,,,,,,,,,,,,,,,,,,,,,,,,,,,,,,,,,,,,,,,,,,,,
6i_uanzEaTY_000045_000055.mp4,3.0,playing ping pong,29.97,0.0,10.01,5.97,9.98,179,299,179,219,219,259,259.0,299.0,,,,,,,,,,,,,,,,,,,,,,,,,,,,,,,,,,,,,,,,,,,,,,,,,,,,,,,,,,,,,,,,,,,,,,,,,,,,,,,,,,,,,,,,,,,,,,,,,,
9OVVwWkTb1Q_000092_000102.mp4,2.0,playing ping pong,24.87,0.0,10.011,3.9,5.51,97,137,97,117,117,137,,,,,,,,,,,,,,,,,,,,,,,,,,,,,,,,,,,,,,,,,,,,,,,,,,,,,,,,,,,,,,,,,,,,,,,,,,,,,,,,,,,,,,,,,,,,,,,,,,,,
9QFy5GnAO88_000145_000155.mp4,3.0,playing ping pong,29.97,0.0,10.01,4.14,7.51,124,225,124,158,158,191,191.0,225.0,,,,,,,,,,,,,,,,,,,,,,,,,,,,,,,,,,,,,,,,,,,,,,,,,,,,,,,,,,,,,,,,,,,,,,,,,,,,,,,,,,,,,,,,,,,,,,,,,,
-CIJZEAu_Pg_000017_000027.mp4,2.0,playing ping pong,24.0,0.0,9.497,7.04,9.42,169,226,169,197,197,226,,,,,,,,,,,,,,,,,,,,,,,,,,,,,,,,,,,,,,,,,,,,,,,,,,,,,,,,,,,,,,,,,,,,,,,,,,,,,,,,,,,,,,,,,,,,,,,,,,,,
-k5o6IDibk0_000006_000016.mp4,3.0,playing ping pong,30.0,0.0,10.0,0.0,10.0,0,300,0,100,100,200,200.0,300.0,,,,,,,,,,,,,,,,,,,,,,,,,,,,,,,,,,,,,,,,,,,,,,,,,,,,,,,,,,,,,,,,,,,,,,,,,,,,,,,,,,,,,,,,,,,,,,,,,,
ARb0rBemhFE_000025_000035.mp4,2.0,playing tennis,25.0,0.0,10.008,3.62,9.38,90,235,90,162,162,235,,,,,,,,,,,,,,,,,,,,,,,,,,,,,,,,,,,,,,,,,,,,,,,,,,,,,,,,,,,,,,,,,,,,,,,,,,,,,,,,,,,,,,,,,,,,,,,,,,,,
CBL31JcCt24_000063_000073.mp4,5.0,playing tennis,29.97,0.0,10.01,0.0,9.94,0,298,0,60,60,119,119.0,179.0,179.0,238.0,238.0,298.0,,,,,,,,,,,,,,,,,,,,,,,,,,,,,,,,,,,,,,,,,,,,,,,,,,,,,,,,,,,,,,,,,,,,,,,,,,,,,,,,,,,,,,,,,,,,,,
FZVIxsv8lh4_000002_000012.mp4,3.0,playing tennis,25.0,0.0,10.0,0.84,10.0,21,250,21,97,97,174,174.0,250.0,,,,,,,,,,,,,,,,,,,,,,,,,,,,,,,,,,,,,,,,,,,,,,,,,,,,,,,,,,,,,,,,,,,,,,,,,,,,,,,,,,,,,,,,,,,,,,,,,,
FdI7-_2s5kk_000043_000053.mp4,4.0,playing tennis,29.97,0.0,10.01,0.0,5.9,0,177,0,44,44,88,88.0,133.0,133.0,177.0,,,,,,,,,,,,,,,,,,,,,,,,,,,,,,,,,,,,,,,,,,,,,,,,,,,,,,,,,,,,,,,,,,,,,,,,,,,,,,,,,,,,,,,,,,,,,,,,
FdI7-_2s5kk_000043_000053.mp4,2.0,playing tennis,29.97,0.0,10.01,7.13,10.0,214,300,214,257,257,300,,,,,,,,,,,,,,,,,,,,,,,,,,,,,,,,,,,,,,,,,,,,,,,,,,,,,,,,,,,,,,,,,,,,,,,,,,,,,,,,,,,,,,,,,,,,,,,,,,,,
F2WQiE9wod8_000026_000036.mp4,4.0,playing tennis,29.97,0.0,10.01,2.37,9.94,71,298,71,128,128,185,185.0,241.0,241.0,298.0,,,,,,,,,,,,,,,,,,,,,,,,,,,,,,,,,,,,,,,,,,,,,,,,,,,,,,,,,,,,,,,,,,,,,,,,,,,,,,,,,,,,,,,,,,,,,,,,
IgJIy7yGaHA_000021_000031.mp4,2.0,playing tennis,29.97,0.0,10.044,4.6,9.63,138,289,138,214,214,289,,,,,,,,,,,,,,,,,,,,,,,,,,,,,,,,,,,,,,,,,,,,,,,,,,,,,,,,,,,,,,,,,,,,,,,,,,,,,,,,,,,,,,,,,,,,,,,,,,,,
IpSChE964fg_000357_000367.mp4,3.0,playing tennis,29.97,0.0,10.01,0.23,9.98,7,299,7,104,104,202,202.0,299.0,,,,,,,,,,,,,,,,,,,,,,,,,,,,,,,,,,,,,,,,,,,,,,,,,,,,,,,,,,,,,,,,,,,,,,,,,,,,,,,,,,,,,,,,,,,,,,,,,,
KQe713QCuw8_000157_000167.mp4,2.0,playing tennis,29.97,0.0,10.01,2.9,9.94,87,298,87,193,193,298,,,,,,,,,,,,,,,,,,,,,,,,,,,,,,,,,,,,,,,,,,,,,,,,,,,,,,,,,,,,,,,,,,,,,,,,,,,,,,,,,,,,,,,,,,,,,,,,,,,,
LHvb6Gn-riQ_000061_000071.mp4,5.0,playing tennis,30.0,0.0,10.0,0.0,10.0,0,300,0,60,60,120,120.0,180.0,180.0,240.0,240.0,300.0,,,,,,,,,,,,,,,,,,,,,,,,,,,,,,,,,,,,,,,,,,,,,,,,,,,,,,,,,,,,,,,,,,,,,,,,,,,,,,,,,,,,,,,,,,,,,,
LZY_iF7EjyY_000000_000010.mp4,3.0,playing tennis,23.98,0.0,10.01,3.96,9.97,95,239,95,143,143,191,191.0,239.0,,,,,,,,,,,,,,,,,,,,,,,,,,,,,,,,,,,,,,,,,,,,,,,,,,,,,,,,,,,,,,,,,,,,,,,,,,,,,,,,,,,,,,,,,,,,,,,,,,
NGIHzgTCjho_000150_000160.mp4,3.0,playing tennis,29.97,0.0,10.01,5.44,9.98,163,299,163,208,208,254,254.0,299.0,,,,,,,,,,,,,,,,,,,,,,,,,,,,,,,,,,,,,,,,,,,,,,,,,,,,,,,,,,,,,,,,,,,,,,,,,,,,,,,,,,,,,,,,,,,,,,,,,,
NPiDwkZRy6w_000003_000013.mp4,3.0,playing tennis,29.92,0.0,10.028,0.0,8.21,0,246,0,82,82,164,164.0,246.0,,,,,,,,,,,,,,,,,,,,,,,,,,,,,,,,,,,,,,,,,,,,,,,,,,,,,,,,,,,,,,,,,,,,,,,,,,,,,,,,,,,,,,,,,,,,,,,,,,
Q6ETsMJKUbc_000034_000044.mp4,3.0,playing tennis,30.0,0.0,10.0,0.62,9.7,19,291,19,110,110,200,200.0,291.0,,,,,,,,,,,,,,,,,,,,,,,,,,,,,,,,,,,,,,,,,,,,,,,,,,,,,,,,,,,,,,,,,,,,,,,,,,,,,,,,,,,,,,,,,,,,,,,,,,
SVtw5PRuo9Y_000466_000476.mp4,3.0,playing tennis,30.0,0.0,10.008,0.27,8.73,8,262,8,93,93,177,177.0,262.0,,,,,,,,,,,,,,,,,,,,,,,,,,,,,,,,,,,,,,,,,,,,,,,,,,,,,,,,,,,,,,,,,,,,,,,,,,,,,,,,,,,,,,,,,,,,,,,,,,
TOovstsXhYc_000001_000011.mp4,2.0,playing tennis,30.0,0.0,5.573,0.67,3.83,20,115,20,68,68,115,,,,,,,,,,,,,,,,,,,,,,,,,,,,,,,,,,,,,,,,,,,,,,,,,,,,,,,,,,,,,,,,,,,,,,,,,,,,,,,,,,,,,,,,,,,,,,,,,,,,
T3Q10NrKG8k_000145_000155.mp4,2.0,playing tennis,25.0,0.0,10.0,2.22,8.08,56,202,56,129,129,202,,,,,,,,,,,,,,,,,,,,,,,,,,,,,,,,,,,,,,,,,,,,,,,,,,,,,,,,,,,,,,,,,,,,,,,,,,,,,,,,,,,,,,,,,,,,,,,,,,,,
W9QrPtfD72Y_000002_000012.mp4,4.0,playing tennis,30.0,0.0,10.0,2.9,10.0,87,300,87,140,140,193,193.0,247.0,247.0,300.0,,,,,,,,,,,,,,,,,,,,,,,,,,,,,,,,,,,,,,,,,,,,,,,,,,,,,,,,,,,,,,,,,,,,,,,,,,,,,,,,,,,,,,,,,,,,,,,,
XPkXLpvking_000000_000010.mp4,3.0,playing tennis,30.0,0.0,10.008,2.3,9.57,69,287,69,142,142,214,214.0,287.0,,,,,,,,,,,,,,,,,,,,,,,,,,,,,,,,,,,,,,,,,,,,,,,,,,,,,,,,,,,,,,,,,,,,,,,,,,,,,,,,,,,,,,,,,,,,,,,,,,
ZBTIf18Nmq0_000117_000127.mp4,2.0,playing tennis,29.97,0.0,10.01,3.97,9.98,119,299,119,209,209,299,,,,,,,,,,,,,,,,,,,,,,,,,,,,,,,,,,,,,,,,,,,,,,,,,,,,,,,,,,,,,,,,,,,,,,,,,,,,,,,,,,,,,,,,,,,,,,,,,,,,
bHdrczuS4jI_000003_000013.mp4,2.0,playing tennis,25.0,0.0,7.68,0.42,6.86,10,172,10,91,91,172,,,,,,,,,,,,,,,,,,,,,,,,,,,,,,,,,,,,,,,,,,,,,,,,,,,,,,,,,,,,,,,,,,,,,,,,,,,,,,,,,,,,,,,,,,,,,,,,,,,,
by0T-MNPoQ8_000001_000011.mp4,2.0,playing tennis,24.0,0.0,10.0,1.08,4.67,26,112,26,69,69,112,,,,,,,,,,,,,,,,,,,,,,,,,,,,,,,,,,,,,,,,,,,,,,,,,,,,,,,,,,,,,,,,,,,,,,,,,,,,,,,,,,,,,,,,,,,,,,,,,,,,
b0arsxa4cUM_000039_000049.mp4,3.0,playing tennis,29.97,0.0,10.01,1.43,9.18,43,275,43,120,120,198,198.0,275.0,,,,,,,,,,,,,,,,,,,,,,,,,,,,,,,,,,,,,,,,,,,,,,,,,,,,,,,,,,,,,,,,,,,,,,,,,,,,,,,,,,,,,,,,,,,,,,,,,,
dXyrR-ARNWw_000495_000505.mp4,3.0,playing tennis,29.97,0.0,10.01,0.17,8.81,5,264,5,91,91,178,178.0,264.0,,,,,,,,,,,,,,,,,,,,,,,,,,,,,,,,,,,,,,,,,,,,,,,,,,,,,,,,,,,,,,,,,,,,,,,,,,,,,,,,,,,,,,,,,,,,,,,,,,
e2dwACRESXc_000220_000230.mp4,3.0,playing tennis,30.0,0.0,10.008,0.15,10.0,4,300,4,103,103,201,201.0,300.0,,,,,,,,,,,,,,,,,,,,,,,,,,,,,,,,,,,,,,,,,,,,,,,,,,,,,,,,,,,,,,,,,,,,,,,,,,,,,,,,,,,,,,,,,,,,,,,,,,
hPuylJBmk_8_000047_000057.mp4,3.0,playing tennis,29.97,0.0,10.01,2.77,9.98,83,299,83,155,155,227,227.0,299.0,,,,,,,,,,,,,,,,,,,,,,,,,,,,,,,,,,,,,,,,,,,,,,,,,,,,,,,,,,,,,,,,,,,,,,,,,,,,,,,,,,,,,,,,,,,,,,,,,,
irWWnEAID5U_000008_000018.mp4,2.0,playing tennis,30.0,0.0,10.008,0.87,9.18,26,275,26,150,150,275,,,,,,,,,,,,,,,,,,,,,,,,,,,,,,,,,,,,,,,,,,,,,,,,,,,,,,,,,,,,,,,,,,,,,,,,,,,,,,,,,,,,,,,,,,,,,,,,,,,,
ix0RvakZ6Lk_000077_000087.mp4,3.0,playing tennis,24.99,0.0,10.004,0.84,8.68,21,217,21,86,86,152,152.0,217.0,,,,,,,,,,,,,,,,,,,,,,,,,,,,,,,,,,,,,,,,,,,,,,,,,,,,,,,,,,,,,,,,,,,,,,,,,,,,,,,,,,,,,,,,,,,,,,,,,,
i-JTfS97N68_000006_000016.mp4,2.0,playing tennis,29.97,0.0,10.01,4.57,9.38,137,281,137,209,209,281,,,,,,,,,,,,,,,,,,,,,,,,,,,,,,,,,,,,,,,,,,,,,,,,,,,,,,,,,,,,,,,,,,,,,,,,,,,,,,,,,,,,,,,,,,,,,,,,,,,,
oWK-Lj8Ls18_000024_000034.mp4,3.0,playing tennis,30.0,0.0,10.008,0.23,9.37,7,281,7,98,98,190,190.0,281.0,,,,,,,,,,,,,,,,,,,,,,,,,,,,,,,,,,,,,,,,,,,,,,,,,,,,,,,,,,,,,,,,,,,,,,,,,,,,,,,,,,,,,,,,,,,,,,,,,,
qw3JiXhP-4s_000013_000023.mp4,2.0,playing tennis,30.0,0.0,10.008,0.65,5.28,20,158,20,89,89,158,,,,,,,,,,,,,,,,,,,,,,,,,,,,,,,,,,,,,,,,,,,,,,,,,,,,,,,,,,,,,,,,,,,,,,,,,,,,,,,,,,,,,,,,,,,,,,,,,,,,
rZl881ilvr0_000003_000013.mp4,2.0,playing tennis,29.83,0.0,6.704,1.14,4.78,34,143,34,88,88,143,,,,,,,,,,,,,,,,,,,,,,,,,,,,,,,,,,,,,,,,,,,,,,,,,,,,,,,,,,,,,,,,,,,,,,,,,,,,,,,,,,,,,,,,,,,,,,,,,,,,
sPKu2KAeqI0_000094_000104.mp4,2.0,playing tennis,29.97,0.0,10.044,1.03,6.62,31,198,31,115,115,198,,,,,,,,,,,,,,,,,,,,,,,,,,,,,,,,,,,,,,,,,,,,,,,,,,,,,,,,,,,,,,,,,,,,,,,,,,,,,,,,,,,,,,,,,,,,,,,,,,,,
sk6TF18LRvs_000009_000019.mp4,3.0,playing tennis,25.0,0.0,10.008,6.72,10.0,168,250,168,195,195,223,223.0,250.0,,,,,,,,,,,,,,,,,,,,,,,,,,,,,,,,,,,,,,,,,,,,,,,,,,,,,,,,,,,,,,,,,,,,,,,,,,,,,,,,,,,,,,,,,,,,,,,,,,
vKKTlOW95SE_000020_000030.mp4,3.0,playing tennis,13.01,0.0,10.07,1.23,8.62,16,112,16,48,48,80,80.0,112.0,,,,,,,,,,,,,,,,,,,,,,,,,,,,,,,,,,,,,,,,,,,,,,,,,,,,,,,,,,,,,,,,,,,,,,,,,,,,,,,,,,,,,,,,,,,,,,,,,,
wHVw6YYqwVE_000505_000515.mp4,2.0,playing tennis,29.97,0.0,10.01,2.65,6.07,79,182,79,131,131,182,,,,,,,,,,,,,,,,,,,,,,,,,,,,,,,,,,,,,,,,,,,,,,,,,,,,,,,,,,,,,,,,,,,,,,,,,,,,,,,,,,,,,,,,,,,,,,,,,,,,
y_LxC6EZZF4_000009_000019.mp4,3.0,playing tennis,25.0,0.0,10.008,0.0,9.2,0,230,0,77,77,153,153.0,230.0,,,,,,,,,,,,,,,,,,,,,,,,,,,,,,,,,,,,,,,,,,,,,,,,,,,,,,,,,,,,,,,,,,,,,,,,,,,,,,,,,,,,,,,,,,,,,,,,,,
2RTltupmW0w_000223_000233.mp4,2.0,playing tennis,29.97,0.0,10.01,0.0,3.74,0,112,0,56,56,112,,,,,,,,,,,,,,,,,,,,,,,,,,,,,,,,,,,,,,,,,,,,,,,,,,,,,,,,,,,,,,,,,,,,,,,,,,,,,,,,,,,,,,,,,,,,,,,,,,,,
4ts_ojvQheM_000280_000290.mp4,2.0,playing tennis,29.97,0.0,10.01,0.0,3.34,0,100,0,50,50,100,,,,,,,,,,,,,,,,,,,,,,,,,,,,,,,,,,,,,,,,,,,,,,,,,,,,,,,,,,,,,,,,,,,,,,,,,,,,,,,,,,,,,,,,,,,,,,,,,,,,
4ts_ojvQheM_000280_000290.mp4,2.0,playing tennis,29.97,0.0,10.01,6.67,9.98,200,299,200,250,250,299,,,,,,,,,,,,,,,,,,,,,,,,,,,,,,,,,,,,,,,,,,,,,,,,,,,,,,,,,,,,,,,,,,,,,,,,,,,,,,,,,,,,,,,,,,,,,,,,,,,,
5UY4_ty1lek_000431_000441.mp4,4.0,playing tennis,29.66,0.0,10.013,0.0,9.98,0,296,0,74,74,148,148.0,222.0,222.0,296.0,,,,,,,,,,,,,,,,,,,,,,,,,,,,,,,,,,,,,,,,,,,,,,,,,,,,,,,,,,,,,,,,,,,,,,,,,,,,,,,,,,,,,,,,,,,,,,,,
8exXIpJRAqA_000073_000083.mp4,4.0,playing tennis,29.97,0.0,10.01,0.0,9.98,0,299,0,75,75,150,150.0,224.0,224.0,299.0,,,,,,,,,,,,,,,,,,,,,,,,,,,,,,,,,,,,,,,,,,,,,,,,,,,,,,,,,,,,,,,,,,,,,,,,,,,,,,,,,,,,,,,,,,,,,,,,
BM5aQmuyim0_000016_000026.mp4,4.0,running on treadmill,30.0,0.0,9.753,5.17,7.13,155,214,155,170,170,185,185.0,199.0,199.0,214.0,,,,,,,,,,,,,,,,,,,,,,,,,,,,,,,,,,,,,,,,,,,,,,,,,,,,,,,,,,,,,,,,,,,,,,,,,,,,,,,,,,,,,,,,,,,,,,,,
CLq2sHHP4kU_000035_000045.mp4,14.0,running on treadmill,29.97,0.0,10.01,0.0,9.98,0,299,0,21,21,43,43.0,64.0,64.0,85.0,85.0,107.0,107.0,128.0,128.0,150.0,150.0,171.0,171.0,192.0,192.0,214.0,214.0,235.0,235.0,256.0,256.0,278.0,278.0,299.0,,,,,,,,,,,,,,,,,,,,,,,,,,,,,,,,,,,,,,,,,,,,,,,,,,,,,,,,,,,,,,,,,,,,,,,,,,,,
C18Z9oBHtn4_000000_000010.mp4,13.0,running on treadmill,30.0,0.0,9.521,0.0,9.43,0,283,0,22,22,44,44.0,65.0,65.0,87.0,87.0,109.0,109.0,131.0,131.0,152.0,152.0,174.0,174.0,196.0,196.0,218.0,218.0,239.0,239.0,261.0,261.0,283.0,,,,,,,,,,,,,,,,,,,,,,,,,,,,,,,,,,,,,,,,,,,,,,,,,,,,,,,,,,,,,,,,,,,,,,,,,,,,,,
DiHx6PJ1AIc_000011_000021.mp4,14.0,running on treadmill,29.97,0.0,10.01,0.0,9.98,0,299,0,21,21,43,43.0,64.0,64.0,85.0,85.0,107.0,107.0,128.0,128.0,150.0,150.0,171.0,171.0,192.0,192.0,214.0,214.0,235.0,235.0,256.0,256.0,278.0,278.0,299.0,,,,,,,,,,,,,,,,,,,,,,,,,,,,,,,,,,,,,,,,,,,,,,,,,,,,,,,,,,,,,,,,,,,,,,,,,,,,
E_F7EtYJ7nM_000008_000018.mp4,16.0,running on treadmill,25.0,0.0,10.008,0.0,9.96,0,249,0,16,16,31,31.0,47.0,47.0,62.0,62.0,78.0,78.0,93.0,93.0,109.0,109.0,124.0,124.0,140.0,140.0,156.0,156.0,171.0,171.0,187.0,187.0,202.0,202.0,218.0,218.0,233.0,233.0,249.0,,,,,,,,,,,,,,,,,,,,,,,,,,,,,,,,,,,,,,,,,,,,,,,,,,,,,,,,,,,,,,,,,,,,,,,,
FGKCxoi8m8A_000000_000010.mp4,17.0,running on treadmill,24.0,0.0,10.008,0.0,10.0,0,240,0,14,14,28,28.0,42.0,42.0,56.0,56.0,71.0,71.0,85.0,85.0,99.0,99.0,113.0,113.0,127.0,127.0,141.0,141.0,155.0,155.0,169.0,169.0,184.0,184.0,198.0,198.0,212.0,212.0,226.0,226.0,240.0,,,,,,,,,,,,,,,,,,,,,,,,,,,,,,,,,,,,,,,,,,,,,,,,,,,,,,,,,,,,,,,,,,,,,,
II6QhgfQRH0_000000_000010.mp4,14.0,running on treadmill,30.0,0.0,9.172,0.0,8.97,0,269,0,19,19,38,38.0,58.0,58.0,77.0,77.0,96.0,96.0,115.0,115.0,134.0,134.0,154.0,154.0,173.0,173.0,192.0,192.0,211.0,211.0,231.0,231.0,250.0,250.0,269.0,,,,,,,,,,,,,,,,,,,,,,,,,,,,,,,,,,,,,,,,,,,,,,,,,,,,,,,,,,,,,,,,,,,,,,,,,,,,
JPzwrXznAQ4_000009_000019.mp4,17.0,running on treadmill,29.97,0.0,10.01,0.0,9.88,0,296,0,17,17,35,35.0,52.0,52.0,70.0,70.0,87.0,87.0,104.0,104.0,122.0,122.0,139.0,139.0,157.0,157.0,174.0,174.0,192.0,192.0,209.0,209.0,226.0,226.0,244.0,244.0,261.0,261.0,279.0,279.0,296.0,,,,,,,,,,,,,,,,,,,,,,,,,,,,,,,,,,,,,,,,,,,,,,,,,,,,,,,,,,,,,,,,,,,,,,
JlJIiXQ3Ctw_000034_000044.mp4,14.0,running on treadmill,29.69,0.0,10.005,0.0,8.93,0,265,0,19,19,38,38.0,57.0,57.0,76.0,76.0,95.0,95.0,114.0,114.0,132.0,132.0,151.0,151.0,170.0,170.0,189.0,189.0,208.0,208.0,227.0,227.0,246.0,246.0,265.0,,,,,,,,,,,,,,,,,,,,,,,,,,,,,,,,,,,,,,,,,,,,,,,,,,,,,,,,,,,,,,,,,,,,,,,,,,,,
MJPb-M3-2C0_000011_000021.mp4,15.0,running on treadmill,30.0,0.0,9.149,0.0,9.1,0,273,0,18,18,36,36.0,55.0,55.0,73.0,73.0,91.0,91.0,109.0,109.0,127.0,127.0,146.0,146.0,164.0,164.0,182.0,182.0,200.0,200.0,218.0,218.0,237.0,237.0,255.0,255.0,273.0,,,,,,,,,,,,,,,,,,,,,,,,,,,,,,,,,,,,,,,,,,,,,,,,,,,,,,,,,,,,,,,,,,,,,,,,,,
P9-vFMAEwY4_000000_000010.mp4,13.0,running on treadmill,29.0,0.0,9.428,0.0,9.38,0,272,0,21,21,42,42.0,63.0,63.0,84.0,84.0,105.0,105.0,126.0,126.0,146.0,146.0,167.0,167.0,188.0,188.0,209.0,209.0,230.0,230.0,251.0,251.0,272.0,,,,,,,,,,,,,,,,,,,,,,,,,,,,,,,,,,,,,,,,,,,,,,,,,,,,,,,,,,,,,,,,,,,,,,,,,,,,,,
Q5Tj5UrCWgs_000000_000010.mp4,18.0,running on treadmill,14.99,0.0,10.01,0.0,9.88,0,148,0,8,8,16,16.0,25.0,25.0,33.0,33.0,41.0,41.0,49.0,49.0,58.0,58.0,66.0,66.0,74.0,74.0,82.0,82.0,90.0,90.0,99.0,99.0,107.0,107.0,115.0,115.0,123.0,123.0,132.0,132.0,140.0,140.0,148.0,,,,,,,,,,,,,,,,,,,,,,,,,,,,,,,,,,,,,,,,,,,,,,,,,,,,,,,,,,,,,,,,,,,,
RSDE2r_qyoM_000029_000039.mp4,6.0,running on treadmill,29.97,0.0,10.01,0.0,4.07,0,122,0,20,20,41,41.0,61.0,61.0,81.0,81.0,102.0,102.0,122.0,,,,,,,,,,,,,,,,,,,,,,,,,,,,,,,,,,,,,,,,,,,,,,,,,,,,,,,,,,,,,,,,,,,,,,,,,,,,,,,,,,,,,,,,,,,,
SlmcFIKPACU_000009_000019.mp4,9.0,running on treadmill,29.97,0.0,10.01,0.0,5.93,0,178,0,20,20,40,40.0,59.0,59.0,79.0,79.0,99.0,99.0,119.0,119.0,138.0,138.0,158.0,158.0,178.0,,,,,,,,,,,,,,,,,,,,,,,,,,,,,,,,,,,,,,,,,,,,,,,,,,,,,,,,,,,,,,,,,,,,,,,,,,,,,,,,,,,,,,
a9x40T2Ti1Q_000041_000051.mp4,11.0,running on treadmill,30.0,0.0,10.008,3.67,9.9,110,297,110,127,127,144,144.0,161.0,161.0,178.0,178.0,195.0,195.0,212.0,212.0,229.0,229.0,246.0,246.0,263.0,263.0,280.0,280.0,297.0,,,,,,,,,,,,,,,,,,,,,,,,,,,,,,,,,,,,,,,,,,,,,,,,,,,,,,,,,,,,,,,,,,,,,,,,,,,,,,,,,,
bPuY7gCtCXQ_000005_000015.mp4,16.0,running on treadmill,30.0,0.0,9.676,0.0,7.27,0,218,0,14,14,27,27.0,41.0,41.0,54.0,54.0,68.0,68.0,82.0,82.0,95.0,95.0,109.0,109.0,123.0,123.0,136.0,136.0,150.0,150.0,164.0,164.0,177.0,177.0,191.0,191.0,204.0,204.0,218.0,,,,,,,,,,,,,,,,,,,,,,,,,,,,,,,,,,,,,,,,,,,,,,,,,,,,,,,,,,,,,,,,,,,,,,,,
buGMTfZgT9g_000020_000030.mp4,15.0,running on treadmill,24.0,0.0,10.0,0.21,10.0,5,240,5,21,21,36,36.0,52.0,52.0,68.0,68.0,83.0,83.0,99.0,99.0,115.0,115.0,130.0,130.0,146.0,146.0,162.0,162.0,177.0,177.0,193.0,193.0,209.0,209.0,224.0,224.0,240.0,,,,,,,,,,,,,,,,,,,,,,,,,,,,,,,,,,,,,,,,,,,,,,,,,,,,,,,,,,,,,,,,,,,,,,,,,,
b4MsbYinV_s_000028_000038.mp4,14.0,running on treadmill,29.97,0.0,10.01,0.0,9.94,0,298,0,21,21,43,43.0,64.0,64.0,85.0,85.0,106.0,106.0,128.0,128.0,149.0,149.0,170.0,170.0,192.0,192.0,213.0,213.0,234.0,234.0,255.0,255.0,277.0,277.0,298.0,,,,,,,,,,,,,,,,,,,,,,,,,,,,,,,,,,,,,,,,,,,,,,,,,,,,,,,,,,,,,,,,,,,,,,,,,,,,
e3jy0dPj1Og_000000_000010.mp4,16.0,running on treadmill,20.0,0.0,10.008,0.0,10.0,0,200,0,12,12,25,25.0,38.0,38.0,50.0,50.0,62.0,62.0,75.0,75.0,88.0,88.0,100.0,100.0,112.0,112.0,125.0,125.0,138.0,138.0,150.0,150.0,162.0,162.0,175.0,175.0,188.0,188.0,200.0,,,,,,,,,,,,,,,,,,,,,,,,,,,,,,,,,,,,,,,,,,,,,,,,,,,,,,,,,,,,,,,,,,,,,,,,
h-Ym7dHR2kA_000000_000010.mp4,8.0,running on treadmill,30.0,0.0,10.008,6.27,10.0,188,300,188,202,202,216,216.0,230.0,230.0,244.0,244.0,258.0,258.0,272.0,272.0,286.0,286.0,300.0,,,,,,,,,,,,,,,,,,,,,,,,,,,,,,,,,,,,,,,,,,,,,,,,,,,,,,,,,,,,,,,,,,,,,,,,,,,,,,,,,,,,,,,,
iC2aEryhu7c_000032_000042.mp4,13.0,running on treadmill,29.97,0.0,10.01,2.64,9.91,79,297,79,96,96,113,113.0,129.0,129.0,146.0,146.0,163.0,163.0,180.0,180.0,196.0,196.0,213.0,213.0,230.0,230.0,247.0,247.0,263.0,263.0,280.0,280.0,297.0,,,,,,,,,,,,,,,,,,,,,,,,,,,,,,,,,,,,,,,,,,,,,,,,,,,,,,,,,,,,,,,,,,,,,,,,,,,,,,
i3gUl-rJqh0_000002_000012.mp4,11.0,running on treadmill,30.0,0.0,10.0,0.0,7.0,0,210,0,19,19,38,38.0,57.0,57.0,76.0,76.0,95.0,95.0,115.0,115.0,134.0,134.0,153.0,153.0,172.0,172.0,191.0,191.0,210.0,,,,,,,,,,,,,,,,,,,,,,,,,,,,,,,,,,,,,,,,,,,,,,,,,,,,,,,,,,,,,,,,,,,,,,,,,,,,,,,,,,
jDkoB6KJ538_000140_000150.mp4,19.0,running on treadmill,29.97,0.0,10.01,0.0,9.98,0,299,0,16,16,31,31.0,47.0,47.0,63.0,63.0,79.0,79.0,94.0,94.0,110.0,110.0,126.0,126.0,142.0,142.0,157.0,157.0,173.0,173.0,189.0,189.0,205.0,205.0,220.0,220.0,236.0,236.0,252.0,252.0,268.0,268.0,283.0,283.0,299.0,,,,,,,,,,,,,,,,,,,,,,,,,,,,,,,,,,,,,,,,,,,,,,,,,,,,,,,,,,,,,,,,,,
kM15mI8Co3U_000012_000022.mp4,5.0,running on treadmill,23.98,0.0,10.01,6.09,9.97,146,239,146,165,165,183,183.0,202.0,202.0,220.0,220.0,239.0,,,,,,,,,,,,,,,,,,,,,,,,,,,,,,,,,,,,,,,,,,,,,,,,,,,,,,,,,,,,,,,,,,,,,,,,,,,,,,,,,,,,,,,,,,,,,,
oOZNo3rsrGw_000000_000010.mp4,11.0,running on treadmill,29.97,0.0,10.01,3.7,9.98,111,299,111,128,128,145,145.0,162.0,162.0,179.0,179.0,196.0,196.0,214.0,214.0,231.0,231.0,248.0,248.0,265.0,265.0,282.0,282.0,299.0,,,,,,,,,,,,,,,,,,,,,,,,,,,,,,,,,,,,,,,,,,,,,,,,,,,,,,,,,,,,,,,,,,,,,,,,,,,,,,,,,,
pOWjM59jWWI_000009_000019.mp4,16.0,running on treadmill,24.0,0.0,10.008,0.0,10.0,0,240,0,15,15,30,30.0,45.0,45.0,60.0,60.0,75.0,75.0,90.0,90.0,105.0,105.0,120.0,120.0,135.0,135.0,150.0,150.0,165.0,165.0,180.0,180.0,195.0,195.0,210.0,210.0,225.0,225.0,240.0,,,,,,,,,,,,,,,,,,,,,,,,,,,,,,,,,,,,,,,,,,,,,,,,,,,,,,,,,,,,,,,,,,,,,,,,
qFhoDkvJFnc_000004_000014.mp4,8.0,running on treadmill,29.97,0.0,5.005,0.0,5.01,0,150,0,19,19,38,38.0,56.0,56.0,75.0,75.0,94.0,94.0,112.0,112.0,131.0,131.0,150.0,,,,,,,,,,,,,,,,,,,,,,,,,,,,,,,,,,,,,,,,,,,,,,,,,,,,,,,,,,,,,,,,,,,,,,,,,,,,,,,,,,,,,,,,
sjbyEx20ou4_000000_000010.mp4,10.0,running on treadmill,30.0,0.0,8.801,2.8,7.4,84,222,84,98,98,112,112.0,125.0,125.0,139.0,139.0,153.0,153.0,167.0,167.0,181.0,181.0,194.0,194.0,208.0,208.0,222.0,,,,,,,,,,,,,,,,,,,,,,,,,,,,,,,,,,,,,,,,,,,,,,,,,,,,,,,,,,,,,,,,,,,,,,,,,,,,,,,,,,,,
uM8WU3ZLq9Q_000002_000012.mp4,2.0,running on treadmill,29.97,0.0,10.01,9.21,9.98,276,299,276,288,288,299,,,,,,,,,,,,,,,,,,,,,,,,,,,,,,,,,,,,,,,,,,,,,,,,,,,,,,,,,,,,,,,,,,,,,,,,,,,,,,,,,,,,,,,,,,,,,,,,,,,,
uj1Q8esHCgM_000004_000014.mp4,22.0,running on treadmill,30.0,0.0,9.265,0.0,9.2,0,276,0,13,13,25,25.0,38.0,38.0,50.0,50.0,63.0,63.0,75.0,75.0,88.0,88.0,100.0,100.0,113.0,113.0,125.0,125.0,138.0,138.0,151.0,151.0,163.0,163.0,176.0,176.0,188.0,188.0,201.0,201.0,213.0,213.0,226.0,226.0,238.0,238.0,251.0,251.0,263.0,263.0,276.0,,,,,,,,,,,,,,,,,,,,,,,,,,,,,,,,,,,,,,,,,,,,,,,,,,,,,,,,,,,,
vQMkOPwkcyw_000000_000010.mp4,20.0,running on treadmill,24.0,0.0,10.008,0.0,9.89,0,237,0,12,12,24,24.0,36.0,36.0,47.0,47.0,59.0,59.0,71.0,71.0,83.0,83.0,95.0,95.0,107.0,107.0,118.0,118.0,130.0,130.0,142.0,142.0,154.0,154.0,166.0,166.0,178.0,178.0,190.0,190.0,201.0,201.0,213.0,213.0,225.0,225.0,237.0,,,,,,,,,,,,,,,,,,,,,,,,,,,,,,,,,,,,,,,,,,,,,,,,,,,,,,,,,,,,,,,,
wyGKsNDxf5I_000002_000012.mp4,13.0,running on treadmill,29.97,0.0,9.381,0.0,9.38,0,281,0,22,22,43,43.0,65.0,65.0,86.0,86.0,108.0,108.0,130.0,130.0,151.0,151.0,173.0,173.0,195.0,195.0,216.0,216.0,238.0,238.0,259.0,259.0,281.0,,,,,,,,,,,,,,,,,,,,,,,,,,,,,,,,,,,,,,,,,,,,,,,,,,,,,,,,,,,,,,,,,,,,,,,,,,,,,,
zJvL6ZsTTBI_000025_000035.mp4,15.0,running on treadmill,30.0,0.0,10.009,0.0,10.0,0,300,0,20,20,40,40.0,60.0,60.0,80.0,80.0,100.0,100.0,120.0,120.0,140.0,140.0,160.0,160.0,180.0,180.0,200.0,200.0,220.0,220.0,240.0,240.0,260.0,260.0,280.0,280.0,300.0,,,,,,,,,,,,,,,,,,,,,,,,,,,,,,,,,,,,,,,,,,,,,,,,,,,,,,,,,,,,,,,,,,,,,,,,,,
z-C6xNVWadY_000000_000010.mp4,19.0,running on treadmill,30.0,0.0,10.008,0.0,10.0,0,300,0,16,16,32,32.0,47.0,47.0,63.0,63.0,79.0,79.0,95.0,95.0,111.0,111.0,126.0,126.0,142.0,142.0,158.0,158.0,174.0,174.0,189.0,189.0,205.0,205.0,221.0,221.0,237.0,237.0,253.0,253.0,268.0,268.0,284.0,284.0,300.0,,,,,,,,,,,,,,,,,,,,,,,,,,,,,,,,,,,,,,,,,,,,,,,,,,,,,,,,,,,,,,,,,,
0LPtA8-2SaY_000038_000048.mp4,17.0,running on treadmill,30.0,0.0,10.008,0.0,10.0,0,300,0,18,18,35,35.0,53.0,53.0,71.0,71.0,88.0,88.0,106.0,106.0,124.0,124.0,141.0,141.0,159.0,159.0,176.0,176.0,194.0,194.0,212.0,212.0,229.0,229.0,247.0,247.0,265.0,265.0,282.0,282.0,300.0,,,,,,,,,,,,,,,,,,,,,,,,,,,,,,,,,,,,,,,,,,,,,,,,,,,,,,,,,,,,,,,,,,,,,,
0LjEtt9Nfx4_000034_000044.mp4,17.0,running on treadmill,29.72,0.0,10.061,0.17,9.95,5,296,5,22,22,39,39.0,56.0,56.0,73.0,73.0,91.0,91.0,108.0,108.0,125.0,125.0,142.0,142.0,159.0,159.0,176.0,176.0,193.0,193.0,210.0,210.0,228.0,228.0,245.0,245.0,262.0,262.0,279.0,279.0,296.0,,,,,,,,,,,,,,,,,,,,,,,,,,,,,,,,,,,,,,,,,,,,,,,,,,,,,,,,,,,,,,,,,,,,,,
1K1wkuDGWSU_000075_000085.mp4,17.0,running on treadmill,20.0,0.0,10.008,0.0,10.0,0,200,0,12,12,24,24.0,35.0,35.0,47.0,47.0,59.0,59.0,71.0,71.0,82.0,82.0,94.0,94.0,106.0,106.0,118.0,118.0,129.0,129.0,141.0,141.0,153.0,153.0,165.0,165.0,176.0,176.0,188.0,188.0,200.0,,,,,,,,,,,,,,,,,,,,,,,,,,,,,,,,,,,,,,,,,,,,,,,,,,,,,,,,,,,,,,,,,,,,,,
3gy0tYV40Eg_000007_000017.mp4,17.0,running on treadmill,29.97,0.0,10.01,0.0,9.98,0,299,0,18,18,35,35.0,53.0,53.0,70.0,70.0,88.0,88.0,106.0,106.0,123.0,123.0,141.0,141.0,158.0,158.0,176.0,176.0,193.0,193.0,211.0,211.0,229.0,229.0,246.0,246.0,264.0,264.0,281.0,281.0,299.0,,,,,,,,,,,,,,,,,,,,,,,,,,,,,,,,,,,,,,,,,,,,,,,,,,,,,,,,,,,,,,,,,,,,,,
3l0DNyqdz60_000009_000019.mp4,14.0,running on treadmill,29.9,0.0,9.405,0.0,7.32,0,219,0,16,16,31,31.0,47.0,47.0,63.0,63.0,78.0,78.0,94.0,94.0,110.0,110.0,125.0,125.0,141.0,141.0,156.0,156.0,172.0,172.0,188.0,188.0,203.0,203.0,219.0,,,,,,,,,,,,,,,,,,,,,,,,,,,,,,,,,,,,,,,,,,,,,,,,,,,,,,,,,,,,,,,,,,,,,,,,,,,,
5MHiTtndWR4_000009_000019.mp4,15.0,running on treadmill,15.0,0.0,9.056,0.2,7.4,3,111,3,10,10,17,17.0,25.0,25.0,32.0,32.0,39.0,39.0,46.0,46.0,53.0,53.0,61.0,61.0,68.0,68.0,75.0,75.0,82.0,82.0,89.0,89.0,97.0,97.0,104.0,104.0,111.0,,,,,,,,,,,,,,,,,,,,,,,,,,,,,,,,,,,,,,,,,,,,,,,,,,,,,,,,,,,,,,,,,,,,,,,,,,
5YuTvYKd978_000000_000010.mp4,10.0,running on treadmill,24.0,0.0,10.008,1.58,8.21,38,197,38,54,54,70,70.0,86.0,86.0,102.0,102.0,118.0,118.0,133.0,133.0,149.0,149.0,165.0,165.0,181.0,181.0,197.0,,,,,,,,,,,,,,,,,,,,,,,,,,,,,,,,,,,,,,,,,,,,,,,,,,,,,,,,,,,,,,,,,,,,,,,,,,,,,,,,,,,,
7RBKcUMno90_000001_000011.mp4,5.0,running on treadmill,30.0,0.0,10.0,0.0,2.03,0,61,0,12,12,24,24.0,37.0,37.0,49.0,49.0,61.0,,,,,,,,,,,,,,,,,,,,,,,,,,,,,,,,,,,,,,,,,,,,,,,,,,,,,,,,,,,,,,,,,,,,,,,,,,,,,,,,,,,,,,,,,,,,,,
7RBKcUMno90_000001_000011.mp4,15.0,running on treadmill,30.0,0.0,10.0,3.17,10.0,95,300,95,109,109,122,122.0,136.0,136.0,150.0,150.0,163.0,163.0,177.0,177.0,191.0,191.0,204.0,204.0,218.0,218.0,232.0,232.0,245.0,245.0,259.0,259.0,273.0,273.0,286.0,286.0,300.0,,,,,,,,,,,,,,,,,,,,,,,,,,,,,,,,,,,,,,,,,,,,,,,,,,,,,,,,,,,,,,,,,,,,,,,,,,
8EtOGDoR2JA_000005_000015.mp4,18.0,running on treadmill,29.97,0.0,10.01,0.0,9.98,0,299,0,17,17,33,33.0,50.0,50.0,66.0,66.0,83.0,83.0,100.0,100.0,116.0,116.0,133.0,133.0,150.0,150.0,166.0,166.0,183.0,183.0,199.0,199.0,216.0,216.0,233.0,233.0,249.0,249.0,266.0,266.0,282.0,282.0,299.0,,,,,,,,,,,,,,,,,,,,,,,,,,,,,,,,,,,,,,,,,,,,,,,,,,,,,,,,,,,,,,,,,,,,
8OElLf7LSAo_000005_000015.mp4,14.0,running on treadmill,30.0,0.0,9.776,0.0,9.7,0,291,0,21,21,42,42.0,62.0,62.0,83.0,83.0,104.0,104.0,125.0,125.0,146.0,146.0,166.0,166.0,187.0,187.0,208.0,208.0,229.0,229.0,249.0,249.0,270.0,270.0,291.0,,,,,,,,,,,,,,,,,,,,,,,,,,,,,,,,,,,,,,,,,,,,,,,,,,,,,,,,,,,,,,,,,,,,,,,,,,,,
808DBlYAyEg_000029_000039.mp4,15.0,running on treadmill,15.0,0.0,10.008,0.0,9.67,0,145,0,10,10,19,19.0,29.0,29.0,39.0,39.0,48.0,48.0,58.0,58.0,68.0,68.0,77.0,77.0,87.0,87.0,97.0,97.0,106.0,106.0,116.0,116.0,126.0,126.0,135.0,135.0,145.0,,,,,,,,,,,,,,,,,,,,,,,,,,,,,,,,,,,,,,,,,,,,,,,,,,,,,,,,,,,,,,,,,,,,,,,,,,
9wnZaUX7wpU_000002_000012.mp4,14.0,running on treadmill,30.0,0.0,10.0,0.0,9.99,0,300,0,21,21,43,43.0,64.0,64.0,86.0,86.0,107.0,107.0,129.0,129.0,150.0,150.0,171.0,171.0,193.0,193.0,214.0,214.0,236.0,236.0,257.0,257.0,279.0,279.0,300.0,,,,,,,,,,,,,,,,,,,,,,,,,,,,,,,,,,,,,,,,,,,,,,,,,,,,,,,,,,,,,,,,,,,,,,,,,,,,
-KvDvP44fxc_000025_000035.mp4,16.0,running on treadmill,30.0,0.0,10.008,0.0,10.0,0,300,0,19,19,38,38.0,56.0,56.0,75.0,75.0,94.0,94.0,112.0,112.0,131.0,131.0,150.0,150.0,169.0,169.0,188.0,188.0,206.0,206.0,225.0,225.0,244.0,244.0,262.0,262.0,281.0,281.0,300.0,,,,,,,,,,,,,,,,,,,,,,,,,,,,,,,,,,,,,,,,,,,,,,,,,,,,,,,,,,,,,,,,,,,,,,,,
-OSzhjxCHPQ_000030_000040.mp4,10.0,running on treadmill,12.58,0.0,10.014,0.0,6.04,0,76,0,8,8,15,15.0,23.0,23.0,30.0,30.0,38.0,38.0,46.0,46.0,53.0,53.0,61.0,61.0,68.0,68.0,76.0,,,,,,,,,,,,,,,,,,,,,,,,,,,,,,,,,,,,,,,,,,,,,,,,,,,,,,,,,,,,,,,,,,,,,,,,,,,,,,,,,,,,
-OSzhjxCHPQ_000030_000040.mp4,5.0,running on treadmill,12.58,0.0,10.014,6.6,9.85,83,124,83,91,91,99,99.0,108.0,108.0,116.0,116.0,124.0,,,,,,,,,,,,,,,,,,,,,,,,,,,,,,,,,,,,,,,,,,,,,,,,,,,,,,,,,,,,,,,,,,,,,,,,,,,,,,,,,,,,,,,,,,,,,,
BpYBgTXu274_000498_000508.mp4,14.0,sawing wood,30.0,0.0,10.0,0.0,8.4,0,252,0,18,18,36,36.0,54.0,54.0,72.0,72.0,90.0,90.0,108.0,108.0,126.0,126.0,144.0,144.0,162.0,162.0,180.0,180.0,198.0,198.0,216.0,216.0,234.0,234.0,252.0,,,,,,,,,,,,,,,,,,,,,,,,,,,,,,,,,,,,,,,,,,,,,,,,,,,,,,,,,,,,,,,,,,,,,,,,,,,,
Bw_MIVvvhUU_000165_000175.mp4,2.0,sawing wood,25.0,0.0,10.0,1.44,7.92,36,198,36,117,117,198,,,,,,,,,,,,,,,,,,,,,,,,,,,,,,,,,,,,,,,,,,,,,,,,,,,,,,,,,,,,,,,,,,,,,,,,,,,,,,,,,,,,,,,,,,,,,,,,,,,,
DpszcCKDiJM_000007_000017.mp4,7.0,sawing wood,29.97,0.0,9.985,0.0,2.04,0,61,0,9,9,17,17.0,26.0,26.0,35.0,35.0,44.0,44.0,52.0,52.0,61.0,,,,,,,,,,,,,,,,,,,,,,,,,,,,,,,,,,,,,,,,,,,,,,,,,,,,,,,,,,,,,,,,,,,,,,,,,,,,,,,,,,,,,,,,,,
FB8nG3ZA00o_000025_000035.mp4,2.0,sawing wood,30.0,0.0,10.0,0.0,6.93,0,208,0,104,104,208,,,,,,,,,,,,,,,,,,,,,,,,,,,,,,,,,,,,,,,,,,,,,,,,,,,,,,,,,,,,,,,,,,,,,,,,,,,,,,,,,,,,,,,,,,,,,,,,,,,,
HbAYoheAboo_000008_000018.mp4,20.0,sawing wood,59.94,0.0,10.01,0.48,9.51,29,570,29,56,56,83,83.0,110.0,110.0,137.0,137.0,164.0,164.0,191.0,191.0,218.0,218.0,245.0,245.0,272.0,272.0,299.0,299.0,327.0,327.0,354.0,354.0,381.0,381.0,408.0,408.0,435.0,435.0,462.0,462.0,489.0,489.0,516.0,516.0,543.0,543.0,570.0,,,,,,,,,,,,,,,,,,,,,,,,,,,,,,,,,,,,,,,,,,,,,,,,,,,,,,,,,,,,,,,,
HyaANg2OZTw_000002_000012.mp4,16.0,sawing wood,29.97,0.0,10.01,2.74,9.98,82,299,82,96,96,109,109.0,123.0,123.0,136.0,136.0,150.0,150.0,163.0,163.0,177.0,177.0,190.0,190.0,204.0,204.0,218.0,218.0,231.0,231.0,245.0,245.0,258.0,258.0,272.0,272.0,285.0,285.0,299.0,,,,,,,,,,,,,,,,,,,,,,,,,,,,,,,,,,,,,,,,,,,,,,,,,,,,,,,,,,,,,,,,,,,,,,,,
IGmUTlH9LdE_000026_000036.mp4,12.0,sawing wood,15.06,0.0,10.027,0.0,8.3,0,125,0,10,10,21,21.0,31.0,31.0,42.0,42.0,52.0,52.0,62.0,62.0,73.0,73.0,83.0,83.0,94.0,94.0,104.0,104.0,115.0,115.0,125.0,,,,,,,,,,,,,,,,,,,,,,,,,,,,,,,,,,,,,,,,,,,,,,,,,,,,,,,,,,,,,,,,,,,,,,,,,,,,,,,,
KODgB416W00_000315_000325.mp4,16.0,sawing wood,29.97,0.0,10.01,3.27,9.98,98,299,98,111,111,123,123.0,136.0,136.0,148.0,148.0,161.0,161.0,173.0,173.0,186.0,186.0,198.0,198.0,211.0,211.0,224.0,224.0,236.0,236.0,249.0,249.0,261.0,261.0,274.0,274.0,286.0,286.0,299.0,,,,,,,,,,,,,,,,,,,,,,,,,,,,,,,,,,,,,,,,,,,,,,,,,,,,,,,,,,,,,,,,,,,,,,,,
LFo7f8nBKOw_000003_000013.mp4,18.0,sawing wood,30.0,0.0,10.0,0.75,8.57,22,257,22,35,35,48,48.0,61.0,61.0,74.0,74.0,87.0,87.0,100.0,100.0,113.0,113.0,126.0,126.0,140.0,140.0,153.0,153.0,166.0,166.0,179.0,179.0,192.0,192.0,205.0,205.0,218.0,218.0,231.0,231.0,244.0,244.0,257.0,,,,,,,,,,,,,,,,,,,,,,,,,,,,,,,,,,,,,,,,,,,,,,,,,,,,,,,,,,,,,,,,,,,,
NIAJJ73frFA_000014_000024.mp4,20.0,sawing wood,30.0,0.0,10.008,0.0,10.0,0,300,0,15,15,30,30.0,45.0,45.0,60.0,60.0,75.0,75.0,90.0,90.0,105.0,105.0,120.0,120.0,135.0,135.0,150.0,150.0,165.0,165.0,180.0,180.0,195.0,195.0,210.0,210.0,225.0,225.0,240.0,240.0,255.0,255.0,270.0,270.0,285.0,285.0,300.0,,,,,,,,,,,,,,,,,,,,,,,,,,,,,,,,,,,,,,,,,,,,,,,,,,,,,,,,,,,,,,,,
NtgPEb95Ox4_000026_000036.mp4,2.0,sawing wood,28.0,0.0,10.008,6.14,10.0,172,280,172,226,226,280,,,,,,,,,,,,,,,,,,,,,,,,,,,,,,,,,,,,,,,,,,,,,,,,,,,,,,,,,,,,,,,,,,,,,,,,,,,,,,,,,,,,,,,,,,,,,,,,,,,,
OA8awpmbe_E_000022_000032.mp4,5.0,sawing wood,30.0,0.0,10.008,0.0,10.0,0,300,0,60,60,120,120.0,180.0,180.0,240.0,240.0,300.0,,,,,,,,,,,,,,,,,,,,,,,,,,,,,,,,,,,,,,,,,,,,,,,,,,,,,,,,,,,,,,,,,,,,,,,,,,,,,,,,,,,,,,,,,,,,,,
Oz08rNjcF3Y_000008_000018.mp4,3.0,sawing wood,29.97,0.0,10.01,0.0,9.98,0,299,0,100,100,199,199.0,299.0,,,,,,,,,,,,,,,,,,,,,,,,,,,,,,,,,,,,,,,,,,,,,,,,,,,,,,,,,,,,,,,,,,,,,,,,,,,,,,,,,,,,,,,,,,,,,,,,,,
Q80TUW0sE5Y_000000_000010.mp4,24.0,sawing wood,27.0,0.0,10.008,0.0,7.37,0,199,0,8,8,17,17.0,25.0,25.0,33.0,33.0,41.0,41.0,50.0,50.0,58.0,58.0,66.0,66.0,75.0,75.0,83.0,83.0,91.0,91.0,100.0,100.0,108.0,108.0,116.0,116.0,124.0,124.0,133.0,133.0,141.0,141.0,149.0,149.0,158.0,158.0,166.0,166.0,174.0,174.0,182.0,182.0,191.0,191.0,199.0,,,,,,,,,,,,,,,,,,,,,,,,,,,,,,,,,,,,,,,,,,,,,,,,,,,,,,,,
RJ8m7r8ydr8_000033_000043.mp4,2.0,sawing wood,30.0,0.0,10.0,5.23,10.0,157,300,157,229,229,300,,,,,,,,,,,,,,,,,,,,,,,,,,,,,,,,,,,,,,,,,,,,,,,,,,,,,,,,,,,,,,,,,,,,,,,,,,,,,,,,,,,,,,,,,,,,,,,,,,,,
RavLI1kUqXk_000018_000028.mp4,2.0,sawing wood,30.0,0.0,10.0,0.0,9.97,0,299,0,150,150,299,,,,,,,,,,,,,,,,,,,,,,,,,,,,,,,,,,,,,,,,,,,,,,,,,,,,,,,,,,,,,,,,,,,,,,,,,,,,,,,,,,,,,,,,,,,,,,,,,,,,
R3HZO8Wl1f8_000049_000059.mp4,4.0,sawing wood,29.97,0.0,9.962,0.0,4.75,0,142,0,36,36,71,71.0,106.0,106.0,142.0,,,,,,,,,,,,,,,,,,,,,,,,,,,,,,,,,,,,,,,,,,,,,,,,,,,,,,,,,,,,,,,,,,,,,,,,,,,,,,,,,,,,,,,,,,,,,,,,
SgaJZvQwF2g_000121_000131.mp4,5.0,sawing wood,29.83,0.0,10.023,3.65,9.98,109,298,109,147,147,185,185.0,222.0,222.0,260.0,260.0,298.0,,,,,,,,,,,,,,,,,,,,,,,,,,,,,,,,,,,,,,,,,,,,,,,,,,,,,,,,,,,,,,,,,,,,,,,,,,,,,,,,,,,,,,,,,,,,,,
SvLlHFO-VM0_000015_000025.mp4,7.0,sawing wood,30.0,0.0,10.008,0.0,10.0,0,300,0,43,43,86,86.0,129.0,129.0,171.0,171.0,214.0,214.0,257.0,257.0,300.0,,,,,,,,,,,,,,,,,,,,,,,,,,,,,,,,,,,,,,,,,,,,,,,,,,,,,,,,,,,,,,,,,,,,,,,,,,,,,,,,,,,,,,,,,,
TAPVSYlu0ss_000027_000037.mp4,2.0,sawing wood,29.97,0.0,10.01,0.0,8.98,0,269,0,134,134,269,,,,,,,,,,,,,,,,,,,,,,,,,,,,,,,,,,,,,,,,,,,,,,,,,,,,,,,,,,,,,,,,,,,,,,,,,,,,,,,,,,,,,,,,,,,,,,,,,,,,
VHYbsaPfLiA_000011_000021.mp4,26.0,sawing wood,30.0,0.0,10.008,0.0,8.77,0,263,0,10,10,20,20.0,30.0,30.0,40.0,40.0,51.0,51.0,61.0,61.0,71.0,71.0,81.0,81.0,91.0,91.0,101.0,101.0,111.0,111.0,121.0,121.0,132.0,132.0,142.0,142.0,152.0,152.0,162.0,162.0,172.0,172.0,182.0,182.0,192.0,192.0,202.0,202.0,212.0,212.0,223.0,223.0,233.0,233.0,243.0,243.0,253.0,253.0,263.0,,,,,,,,,,,,,,,,,,,,,,,,,,,,,,,,,,,,,,,,,,,,,,,,,,,,
afVjOpuAC68_000064_000074.mp4,5.0,sawing wood,30.0,0.0,10.0,2.03,5.12,61,154,61,80,80,98,98.0,117.0,117.0,135.0,135.0,154.0,,,,,,,,,,,,,,,,,,,,,,,,,,,,,,,,,,,,,,,,,,,,,,,,,,,,,,,,,,,,,,,,,,,,,,,,,,,,,,,,,,,,,,,,,,,,,,
a8HxCmj0850_000000_000010.mp4,9.0,sawing wood,14.99,0.0,10.01,0.0,9.94,0,149,0,17,17,33,33.0,50.0,50.0,66.0,66.0,83.0,83.0,99.0,99.0,116.0,116.0,132.0,132.0,149.0,,,,,,,,,,,,,,,,,,,,,,,,,,,,,,,,,,,,,,,,,,,,,,,,,,,,,,,,,,,,,,,,,,,,,,,,,,,,,,,,,,,,,,
bROOdKAmNQ0_000024_000034.mp4,3.0,sawing wood,30.0,0.0,10.008,7.97,10.0,239,300,239,259,259,280,280.0,300.0,,,,,,,,,,,,,,,,,,,,,,,,,,,,,,,,,,,,,,,,,,,,,,,,,,,,,,,,,,,,,,,,,,,,,,,,,,,,,,,,,,,,,,,,,,,,,,,,,,
c4_Bsp0447I_000000_000010.mp4,3.0,sawing wood,30.0,0.0,10.008,0.0,9.92,0,298,0,99,99,199,199.0,298.0,,,,,,,,,,,,,,,,,,,,,,,,,,,,,,,,,,,,,,,,,,,,,,,,,,,,,,,,,,,,,,,,,,,,,,,,,,,,,,,,,,,,,,,,,,,,,,,,,,
dat-J1eXkYE_000018_000028.mp4,5.0,sawing wood,14.8,0.0,9.126,0.0,8.99,0,133,0,27,27,53,53.0,80.0,80.0,106.0,106.0,133.0,,,,,,,,,,,,,,,,,,,,,,,,,,,,,,,,,,,,,,,,,,,,,,,,,,,,,,,,,,,,,,,,,,,,,,,,,,,,,,,,,,,,,,,,,,,,,,
d3CuNToEcbU_000163_000173.mp4,5.0,sawing wood,30.0,0.0,10.008,0.0,8.0,0,240,0,48,48,96,96.0,144.0,144.0,192.0,192.0,240.0,,,,,,,,,,,,,,,,,,,,,,,,,,,,,,,,,,,,,,,,,,,,,,,,,,,,,,,,,,,,,,,,,,,,,,,,,,,,,,,,,,,,,,,,,,,,,,
gOgk2o7TOJA_000042_000052.mp4,4.0,sawing wood,29.97,0.0,10.01,0.0,9.98,0,299,0,75,75,150,150.0,224.0,224.0,299.0,,,,,,,,,,,,,,,,,,,,,,,,,,,,,,,,,,,,,,,,,,,,,,,,,,,,,,,,,,,,,,,,,,,,,,,,,,,,,,,,,,,,,,,,,,,,,,,,
gmmcV3AqHZg_000004_000014.mp4,2.0,sawing wood,15.0,0.0,9.59,3.3,6.47,50,97,50,74,74,97,,,,,,,,,,,,,,,,,,,,,,,,,,,,,,,,,,,,,,,,,,,,,,,,,,,,,,,,,,,,,,,,,,,,,,,,,,,,,,,,,,,,,,,,,,,,,,,,,,,,
ipnS2WX96GM_000029_000039.mp4,12.0,sawing wood,29.97,0.0,10.01,3.4,9.91,102,297,102,118,118,134,134.0,151.0,151.0,167.0,167.0,183.0,183.0,200.0,200.0,216.0,216.0,232.0,232.0,248.0,248.0,264.0,264.0,281.0,281.0,297.0,,,,,,,,,,,,,,,,,,,,,,,,,,,,,,,,,,,,,,,,,,,,,,,,,,,,,,,,,,,,,,,,,,,,,,,,,,,,,,,,
ipnS2WX96GM_000029_000039.mp4,7.0,sawing wood,29.97,0.0,10.01,0.0,3.14,0,94,0,13,13,27,27.0,40.0,40.0,54.0,54.0,67.0,67.0,81.0,81.0,94.0,,,,,,,,,,,,,,,,,,,,,,,,,,,,,,,,,,,,,,,,,,,,,,,,,,,,,,,,,,,,,,,,,,,,,,,,,,,,,,,,,,,,,,,,,,
kfudDjgZD-k_000000_000010.mp4,13.0,sawing wood,25.0,0.0,10.009,0.0,6.12,0,153,0,12,12,24,24.0,35.0,35.0,47.0,47.0,59.0,59.0,71.0,71.0,82.0,82.0,94.0,94.0,106.0,106.0,118.0,118.0,129.0,129.0,141.0,141.0,153.0,,,,,,,,,,,,,,,,,,,,,,,,,,,,,,,,,,,,,,,,,,,,,,,,,,,,,,,,,,,,,,,,,,,,,,,,,,,,,,
kfudDjgZD-k_000000_000010.mp4,4.0,sawing wood,25.0,0.0,10.009,8.16,10.0,204,250,204,216,216,227,227.0,238.0,238.0,250.0,,,,,,,,,,,,,,,,,,,,,,,,,,,,,,,,,,,,,,,,,,,,,,,,,,,,,,,,,,,,,,,,,,,,,,,,,,,,,,,,,,,,,,,,,,,,,,,,
l4QWI5dgmZs_000005_000015.mp4,5.0,sawing wood,30.0,0.0,9.405,0.0,9.33,0,280,0,56,56,112,112.0,168.0,168.0,224.0,224.0,280.0,,,,,,,,,,,,,,,,,,,,,,,,,,,,,,,,,,,,,,,,,,,,,,,,,,,,,,,,,,,,,,,,,,,,,,,,,,,,,,,,,,,,,,,,,,,,,,
rY_oN_82-do_000005_000015.mp4,2.0,sawing wood,30.0,0.0,9.381,0.0,4.4,0,132,0,66,66,132,,,,,,,,,,,,,,,,,,,,,,,,,,,,,,,,,,,,,,,,,,,,,,,,,,,,,,,,,,,,,,,,,,,,,,,,,,,,,,,,,,,,,,,,,,,,,,,,,,,,
roNF133x3ao_000019_000029.mp4,8.0,sawing wood,25.0,0.0,10.0,4.38,10.0,110,250,110,128,128,145,145.0,162.0,162.0,180.0,180.0,198.0,198.0,215.0,215.0,232.0,232.0,250.0,,,,,,,,,,,,,,,,,,,,,,,,,,,,,,,,,,,,,,,,,,,,,,,,,,,,,,,,,,,,,,,,,,,,,,,,,,,,,,,,,,,,,,,,
tmyftMqNJlE_000041_000051.mp4,5.0,sawing wood,29.93,0.0,9.196,0.0,9.17,0,274,0,55,55,110,110.0,164.0,164.0,219.0,219.0,274.0,,,,,,,,,,,,,,,,,,,,,,,,,,,,,,,,,,,,,,,,,,,,,,,,,,,,,,,,,,,,,,,,,,,,,,,,,,,,,,,,,,,,,,,,,,,,,,
u2WPzrpz38g_000009_000019.mp4,15.0,sawing wood,29.97,0.0,10.01,0.0,6.36,0,191,0,13,13,25,25.0,38.0,38.0,51.0,51.0,64.0,64.0,76.0,76.0,89.0,89.0,102.0,102.0,115.0,115.0,127.0,127.0,140.0,140.0,153.0,153.0,166.0,166.0,178.0,178.0,191.0,,,,,,,,,,,,,,,,,,,,,,,,,,,,,,,,,,,,,,,,,,,,,,,,,,,,,,,,,,,,,,,,,,,,,,,,,,
0Q2sqxP7sZQ_000128_000138.mp4,2.0,sawing wood,29.97,0.0,10.044,6.89,9.94,206,298,206,252,252,298,,,,,,,,,,,,,,,,,,,,,,,,,,,,,,,,,,,,,,,,,,,,,,,,,,,,,,,,,,,,,,,,,,,,,,,,,,,,,,,,,,,,,,,,,,,,,,,,,,,,
1TC4Mx8FvRU_000035_000045.mp4,3.0,sawing wood,30.0,0.0,10.0,0.0,9.98,0,299,0,100,100,199,199.0,299.0,,,,,,,,,,,,,,,,,,,,,,,,,,,,,,,,,,,,,,,,,,,,,,,,,,,,,,,,,,,,,,,,,,,,,,,,,,,,,,,,,,,,,,,,,,,,,,,,,,
2HShvkdMsjo_000046_000056.mp4,10.0,sawing wood,30.0,0.0,10.0,0.0,10.0,0,300,0,30,30,60,60.0,90.0,90.0,120.0,120.0,150.0,150.0,180.0,180.0,210.0,210.0,240.0,240.0,270.0,270.0,300.0,,,,,,,,,,,,,,,,,,,,,,,,,,,,,,,,,,,,,,,,,,,,,,,,,,,,,,,,,,,,,,,,,,,,,,,,,,,,,,,,,,,,
24H9meyG5hI_000004_000014.mp4,7.0,sawing wood,29.97,0.0,10.01,0.0,10.0,0,300,0,43,43,86,86.0,129.0,129.0,171.0,171.0,214.0,214.0,257.0,257.0,300.0,,,,,,,,,,,,,,,,,,,,,,,,,,,,,,,,,,,,,,,,,,,,,,,,,,,,,,,,,,,,,,,,,,,,,,,,,,,,,,,,,,,,,,,,,,
4fI3VzIGnNE_000043_000053.mp4,6.0,sawing wood,25.0,0.0,10.008,0.0,5.94,0,148,0,25,25,49,49.0,74.0,74.0,99.0,99.0,123.0,123.0,148.0,,,,,,,,,,,,,,,,,,,,,,,,,,,,,,,,,,,,,,,,,,,,,,,,,,,,,,,,,,,,,,,,,,,,,,,,,,,,,,,,,,,,,,,,,,,,
5H9y1DiSgBo_000075_000085.mp4,10.0,sawing wood,30.0,0.0,10.008,4.42,7.8,133,234,133,143,143,153,153.0,163.0,163.0,173.0,173.0,183.0,183.0,194.0,194.0,204.0,204.0,214.0,214.0,224.0,224.0,234.0,,,,,,,,,,,,,,,,,,,,,,,,,,,,,,,,,,,,,,,,,,,,,,,,,,,,,,,,,,,,,,,,,,,,,,,,,,,,,,,,,,,,
7S3-Ff0JnNY_000026_000036.mp4,2.0,sawing wood,15.0,0.0,10.008,1.7,8.97,26,135,26,80,80,135,,,,,,,,,,,,,,,,,,,,,,,,,,,,,,,,,,,,,,,,,,,,,,,,,,,,,,,,,,,,,,,,,,,,,,,,,,,,,,,,,,,,,,,,,,,,,,,,,,,,
8frtN1kXCmM_000078_000088.mp4,3.0,sawing wood,24.98,0.0,10.01,0.0,9.92,0,248,0,83,83,165,165.0,248.0,,,,,,,,,,,,,,,,,,,,,,,,,,,,,,,,,,,,,,,,,,,,,,,,,,,,,,,,,,,,,,,,,,,,,,,,,,,,,,,,,,,,,,,,,,,,,,,,,,
8j_roCqyldE_000001_000011.mp4,24.0,sawing wood,29.97,0.0,10.01,0.0,9.94,0,298,0,12,12,25,25.0,37.0,37.0,50.0,50.0,62.0,62.0,74.0,74.0,87.0,87.0,99.0,99.0,112.0,112.0,124.0,124.0,137.0,137.0,149.0,149.0,161.0,161.0,174.0,174.0,186.0,186.0,199.0,199.0,211.0,211.0,224.0,224.0,236.0,236.0,248.0,248.0,261.0,261.0,273.0,273.0,286.0,286.0,298.0,,,,,,,,,,,,,,,,,,,,,,,,,,,,,,,,,,,,,,,,,,,,,,,,,,,,,,,,
9yb75QQ5MyM_000000_000010.mp4,25.0,sawing wood,29.97,0.0,9.892,0.0,9.74,0,292,0,12,12,23,23.0,35.0,35.0,47.0,47.0,58.0,58.0,70.0,70.0,82.0,82.0,93.0,93.0,105.0,105.0,117.0,117.0,128.0,128.0,140.0,140.0,152.0,152.0,164.0,164.0,175.0,175.0,187.0,187.0,199.0,199.0,210.0,210.0,222.0,222.0,234.0,234.0,245.0,245.0,257.0,257.0,269.0,269.0,280.0,280.0,292.0,,,,,,,,,,,,,,,,,,,,,,,,,,,,,,,,,,,,,,,,,,,,,,,,,,,,,,
C6n52jYoAoA_000021_000031.mp4,20.0,skipping rope,29.88,0.0,9.892,0.0,7.5,0,224,0,11,11,22,22.0,34.0,34.0,45.0,45.0,56.0,56.0,67.0,67.0,78.0,78.0,90.0,90.0,101.0,101.0,112.0,112.0,123.0,123.0,134.0,134.0,146.0,146.0,157.0,157.0,168.0,168.0,179.0,179.0,190.0,190.0,202.0,202.0,213.0,213.0,224.0,,,,,,,,,,,,,,,,,,,,,,,,,,,,,,,,,,,,,,,,,,,,,,,,,,,,,,,,,,,,,,,,
GGFmVtXYdd4_000000_000010.mp4,15.0,skipping rope,29.92,0.0,10.028,0.0,9.98,0,299,0,20,20,40,40.0,60.0,60.0,80.0,80.0,100.0,100.0,120.0,120.0,140.0,140.0,159.0,159.0,179.0,179.0,199.0,199.0,219.0,219.0,239.0,239.0,259.0,259.0,279.0,279.0,299.0,,,,,,,,,,,,,,,,,,,,,,,,,,,,,,,,,,,,,,,,,,,,,,,,,,,,,,,,,,,,,,,,,,,,,,,,,,
H73-Y41J28U_000001_000011.mp4,21.0,skipping rope,29.97,0.0,9.443,0.0,9.41,0,282,0,13,13,27,27.0,40.0,40.0,54.0,54.0,67.0,67.0,81.0,81.0,94.0,94.0,107.0,107.0,121.0,121.0,134.0,134.0,148.0,148.0,161.0,161.0,175.0,175.0,188.0,188.0,201.0,201.0,215.0,215.0,228.0,228.0,242.0,242.0,255.0,255.0,269.0,269.0,282.0,,,,,,,,,,,,,,,,,,,,,,,,,,,,,,,,,,,,,,,,,,,,,,,,,,,,,,,,,,,,,,
KcoQnHNhhrY_000013_000023.mp4,3.0,skipping rope,24.03,0.0,10.03,4.04,5.95,97,143,97,112,112,128,128.0,143.0,,,,,,,,,,,,,,,,,,,,,,,,,,,,,,,,,,,,,,,,,,,,,,,,,,,,,,,,,,,,,,,,,,,,,,,,,,,,,,,,,,,,,,,,,,,,,,,,,,
KcoQnHNhhrY_000013_000023.mp4,2.0,skipping rope,24.03,0.0,10.03,8.11,9.68,195,233,195,214,214,233,,,,,,,,,,,,,,,,,,,,,,,,,,,,,,,,,,,,,,,,,,,,,,,,,,,,,,,,,,,,,,,,,,,,,,,,,,,,,,,,,,,,,,,,,,,,,,,,,,,,
MGpp_EJ_hHY_000025_000035.mp4,22.0,skipping rope,29.97,0.0,10.01,0.0,9.94,0,298,0,14,14,27,27.0,41.0,41.0,54.0,54.0,68.0,68.0,81.0,81.0,95.0,95.0,108.0,108.0,122.0,122.0,135.0,135.0,149.0,149.0,163.0,163.0,176.0,176.0,190.0,190.0,203.0,203.0,217.0,217.0,230.0,230.0,244.0,244.0,257.0,257.0,271.0,271.0,284.0,284.0,298.0,,,,,,,,,,,,,,,,,,,,,,,,,,,,,,,,,,,,,,,,,,,,,,,,,,,,,,,,,,,,
M6KhZySGjz4_000020_000030.mp4,17.0,skipping rope,30.0,0.0,9.033,0.0,8.97,0,269,0,16,16,32,32.0,47.0,47.0,63.0,63.0,79.0,79.0,95.0,95.0,111.0,111.0,127.0,127.0,142.0,142.0,158.0,158.0,174.0,174.0,190.0,190.0,206.0,206.0,222.0,222.0,237.0,237.0,253.0,253.0,269.0,,,,,,,,,,,,,,,,,,,,,,,,,,,,,,,,,,,,,,,,,,,,,,,,,,,,,,,,,,,,,,,,,,,,,,
N1IDxNGggR4_000000_000010.mp4,31.0,skipping rope,30.0,0.0,10.008,0.77,10.0,23,300,23,32,32,41,41.0,50.0,50.0,59.0,59.0,68.0,68.0,77.0,77.0,86.0,86.0,94.0,94.0,103.0,103.0,112.0,112.0,121.0,121.0,130.0,130.0,139.0,139.0,148.0,148.0,157.0,157.0,166.0,166.0,175.0,175.0,184.0,184.0,193.0,193.0,202.0,202.0,211.0,211.0,220.0,220.0,229.0,229.0,237.0,237.0,246.0,246.0,255.0,255.0,264.0,264.0,273.0,273.0,282.0,282.0,291.0,291.0,300.0,,,,,,,,,,,,,,,,,,,,,,,,,,,,,,,,,,,,,,,,,,
N2IQ-KU1akQ_000033_000043.mp4,11.0,skipping rope,29.88,0.0,9.573,0.0,5.92,0,177,0,16,16,32,32.0,48.0,48.0,64.0,64.0,80.0,80.0,97.0,97.0,113.0,113.0,129.0,129.0,145.0,145.0,161.0,161.0,177.0,,,,,,,,,,,,,,,,,,,,,,,,,,,,,,,,,,,,,,,,,,,,,,,,,,,,,,,,,,,,,,,,,,,,,,,,,,,,,,,,,,
OFOwqlTnzFE_000121_000131.mp4,23.0,skipping rope,30.0,0.0,10.0,0.0,10.0,0,300,0,13,13,26,26.0,39.0,39.0,52.0,52.0,65.0,65.0,78.0,78.0,91.0,91.0,104.0,104.0,117.0,117.0,130.0,130.0,143.0,143.0,157.0,157.0,170.0,170.0,183.0,183.0,196.0,196.0,209.0,209.0,222.0,222.0,235.0,235.0,248.0,248.0,261.0,261.0,274.0,274.0,287.0,287.0,300.0,,,,,,,,,,,,,,,,,,,,,,,,,,,,,,,,,,,,,,,,,,,,,,,,,,,,,,,,,,
PaQMCSuKoPY_000008_000018.mp4,20.0,skipping rope,30.0,0.0,10.008,2.6,10.0,78,300,78,89,89,100,100.0,111.0,111.0,122.0,122.0,134.0,134.0,145.0,145.0,156.0,156.0,167.0,167.0,178.0,178.0,189.0,189.0,200.0,200.0,211.0,211.0,222.0,222.0,233.0,233.0,244.0,244.0,256.0,256.0,267.0,267.0,278.0,278.0,289.0,289.0,300.0,,,,,,,,,,,,,,,,,,,,,,,,,,,,,,,,,,,,,,,,,,,,,,,,,,,,,,,,,,,,,,,,
PaQMCSuKoPY_000008_000018.mp4,4.0,skipping rope,30.0,0.0,10.008,0.0,1.73,0,52,0,13,13,26,26.0,39.0,39.0,52.0,,,,,,,,,,,,,,,,,,,,,,,,,,,,,,,,,,,,,,,,,,,,,,,,,,,,,,,,,,,,,,,,,,,,,,,,,,,,,,,,,,,,,,,,,,,,,,,,
Pujmt2p77hE_000001_000011.mp4,29.0,skipping rope,29.97,0.0,10.01,0.0,10.0,0,300,0,10,10,21,21.0,31.0,31.0,41.0,41.0,52.0,52.0,62.0,62.0,72.0,72.0,83.0,83.0,93.0,93.0,103.0,103.0,114.0,114.0,124.0,124.0,134.0,134.0,145.0,145.0,155.0,155.0,166.0,166.0,176.0,176.0,186.0,186.0,197.0,197.0,207.0,207.0,217.0,217.0,228.0,228.0,238.0,238.0,248.0,248.0,259.0,259.0,269.0,269.0,279.0,279.0,290.0,290.0,300.0,,,,,,,,,,,,,,,,,,,,,,,,,,,,,,,,,,,,,,,,,,,,,,
SBQ8ymvWbz8_000009_000019.mp4,22.0,skipping rope,29.97,0.0,9.428,0.13,9.31,4,279,4,16,16,29,29.0,42.0,42.0,54.0,54.0,66.0,66.0,79.0,79.0,92.0,92.0,104.0,104.0,116.0,116.0,129.0,129.0,142.0,142.0,154.0,154.0,166.0,166.0,179.0,179.0,192.0,192.0,204.0,204.0,216.0,216.0,229.0,229.0,242.0,242.0,254.0,254.0,266.0,266.0,279.0,,,,,,,,,,,,,,,,,,,,,,,,,,,,,,,,,,,,,,,,,,,,,,,,,,,,,,,,,,,,
S5wBJ1RRDSk_000006_000016.mp4,14.0,skipping rope,29.97,0.0,10.01,0.0,5.07,0,152,0,11,11,22,22.0,33.0,33.0,43.0,43.0,54.0,54.0,65.0,65.0,76.0,76.0,87.0,87.0,98.0,98.0,109.0,109.0,119.0,119.0,130.0,130.0,141.0,141.0,152.0,,,,,,,,,,,,,,,,,,,,,,,,,,,,,,,,,,,,,,,,,,,,,,,,,,,,,,,,,,,,,,,,,,,,,,,,,,,,
Tumz6yea5Gc_000167_000177.mp4,20.0,skipping rope,29.97,0.0,10.01,0.0,4.8,0,144,0,7,7,14,14.0,22.0,22.0,29.0,29.0,36.0,36.0,43.0,43.0,50.0,50.0,58.0,58.0,65.0,65.0,72.0,72.0,79.0,79.0,86.0,86.0,94.0,94.0,101.0,101.0,108.0,108.0,115.0,115.0,122.0,122.0,130.0,130.0,137.0,137.0,144.0,,,,,,,,,,,,,,,,,,,,,,,,,,,,,,,,,,,,,,,,,,,,,,,,,,,,,,,,,,,,,,,,
Tumz6yea5Gc_000167_000177.mp4,2.0,skipping rope,29.97,0.0,10.01,9.32,10.0,279,300,279,289,289,300,,,,,,,,,,,,,,,,,,,,,,,,,,,,,,,,,,,,,,,,,,,,,,,,,,,,,,,,,,,,,,,,,,,,,,,,,,,,,,,,,,,,,,,,,,,,,,,,,,,,
W9i0s98dZf0_000020_000030.mp4,14.0,skipping rope,25.0,0.0,9.76,0.0,6.56,0,164,0,12,12,23,23.0,35.0,35.0,47.0,47.0,59.0,59.0,70.0,70.0,82.0,82.0,94.0,94.0,105.0,105.0,117.0,117.0,129.0,129.0,141.0,141.0,152.0,152.0,164.0,,,,,,,,,,,,,,,,,,,,,,,,,,,,,,,,,,,,,,,,,,,,,,,,,,,,,,,,,,,,,,,,,,,,,,,,,,,,
Z58rMOT7pEE_000004_000014.mp4,2.0,skipping rope,29.97,0.0,10.01,0.0,1.43,0,43,0,22,22,43,,,,,,,,,,,,,,,,,,,,,,,,,,,,,,,,,,,,,,,,,,,,,,,,,,,,,,,,,,,,,,,,,,,,,,,,,,,,,,,,,,,,,,,,,,,,,,,,,,,,
gIZfTUnE1VY_000000_000010.mp4,9.0,skipping rope,30.0,0.0,10.0,4.65,10.0,140,300,140,158,158,176,176.0,193.0,193.0,211.0,211.0,229.0,229.0,247.0,247.0,264.0,264.0,282.0,282.0,300.0,,,,,,,,,,,,,,,,,,,,,,,,,,,,,,,,,,,,,,,,,,,,,,,,,,,,,,,,,,,,,,,,,,,,,,,,,,,,,,,,,,,,,,
inv9GmZ7VyI_000214_000224.mp4,8.0,skipping rope,30.0,0.0,10.0,1.28,8.25,38,248,38,64,64,90,90.0,117.0,117.0,143.0,143.0,169.0,169.0,196.0,196.0,222.0,222.0,248.0,,,,,,,,,,,,,,,,,,,,,,,,,,,,,,,,,,,,,,,,,,,,,,,,,,,,,,,,,,,,,,,,,,,,,,,,,,,,,,,,,,,,,,,,
jmPV_y8YntQ_000089_000099.mp4,10.0,skipping rope,29.97,0.0,10.01,0.0,1.96,0,59,0,6,6,12,12.0,18.0,18.0,24.0,24.0,30.0,30.0,35.0,35.0,41.0,41.0,47.0,47.0,53.0,53.0,59.0,,,,,,,,,,,,,,,,,,,,,,,,,,,,,,,,,,,,,,,,,,,,,,,,,,,,,,,,,,,,,,,,,,,,,,,,,,,,,,,,,,,,
jmPV_y8YntQ_000089_000099.mp4,27.0,skipping rope,29.97,0.0,10.01,2.52,9.52,76,285,76,84,84,91,91.0,99.0,99.0,107.0,107.0,115.0,115.0,122.0,122.0,130.0,130.0,138.0,138.0,146.0,146.0,153.0,153.0,161.0,161.0,169.0,169.0,177.0,177.0,184.0,184.0,192.0,192.0,200.0,200.0,208.0,208.0,215.0,215.0,223.0,223.0,231.0,231.0,239.0,239.0,246.0,246.0,254.0,254.0,262.0,262.0,270.0,270.0,277.0,277.0,285.0,,,,,,,,,,,,,,,,,,,,,,,,,,,,,,,,,,,,,,,,,,,,,,,,,,
kw4QuPjpclo_000005_000015.mp4,18.0,skipping rope,30.0,0.0,10.0,4.63,10.0,139,300,139,148,148,157,157.0,166.0,166.0,175.0,175.0,184.0,184.0,193.0,193.0,202.0,202.0,211.0,211.0,219.0,219.0,228.0,228.0,237.0,237.0,246.0,246.0,255.0,255.0,264.0,264.0,273.0,273.0,282.0,282.0,291.0,291.0,300.0,,,,,,,,,,,,,,,,,,,,,,,,,,,,,,,,,,,,,,,,,,,,,,,,,,,,,,,,,,,,,,,,,,,,
kw4QuPjpclo_000005_000015.mp4,2.0,skipping rope,30.0,0.0,10.0,0.67,1.35,20,40,20,30,30,40,,,,,,,,,,,,,,,,,,,,,,,,,,,,,,,,,,,,,,,,,,,,,,,,,,,,,,,,,,,,,,,,,,,,,,,,,,,,,,,,,,,,,,,,,,,,,,,,,,,,
kw4QuPjpclo_000005_000015.mp4,2.0,skipping rope,30.0,0.0,10.0,2.02,2.6,61,78,61,69,69,78,,,,,,,,,,,,,,,,,,,,,,,,,,,,,,,,,,,,,,,,,,,,,,,,,,,,,,,,,,,,,,,,,,,,,,,,,,,,,,,,,,,,,,,,,,,,,,,,,,,,
kw4QuPjpclo_000005_000015.mp4,2.0,skipping rope,30.0,0.0,10.0,3.25,3.97,98,119,98,108,108,119,,,,,,,,,,,,,,,,,,,,,,,,,,,,,,,,,,,,,,,,,,,,,,,,,,,,,,,,,,,,,,,,,,,,,,,,,,,,,,,,,,,,,,,,,,,,,,,,,,,,
pf8umq-Na28_000030_000040.mp4,27.0,skipping rope,29.97,0.0,10.01,0.0,9.94,0,298,0,11,11,22,22.0,33.0,33.0,44.0,44.0,55.0,55.0,66.0,66.0,77.0,77.0,88.0,88.0,99.0,99.0,110.0,110.0,121.0,121.0,132.0,132.0,143.0,143.0,155.0,155.0,166.0,166.0,177.0,177.0,188.0,188.0,199.0,199.0,210.0,210.0,221.0,221.0,232.0,232.0,243.0,243.0,254.0,254.0,265.0,265.0,276.0,276.0,287.0,287.0,298.0,,,,,,,,,,,,,,,,,,,,,,,,,,,,,,,,,,,,,,,,,,,,,,,,,,
qhv2CMozNP8_000000_000010.mp4,7.0,skipping rope,30.0,0.0,10.008,5.0,10.0,150,300,150,171,171,193,193.0,214.0,214.0,236.0,236.0,257.0,257.0,279.0,279.0,300.0,,,,,,,,,,,,,,,,,,,,,,,,,,,,,,,,,,,,,,,,,,,,,,,,,,,,,,,,,,,,,,,,,,,,,,,,,,,,,,,,,,,,,,,,,,
taEnhbs3zGQ_000426_000436.mp4,8.0,skipping rope,29.97,0.0,10.044,0.0,5.06,0,152,0,19,19,38,38.0,57.0,57.0,76.0,76.0,95.0,95.0,114.0,114.0,133.0,133.0,152.0,,,,,,,,,,,,,,,,,,,,,,,,,,,,,,,,,,,,,,,,,,,,,,,,,,,,,,,,,,,,,,,,,,,,,,,,,,,,,,,,,,,,,,,,
taEnhbs3zGQ_000426_000436.mp4,2.0,skipping rope,29.97,0.0,10.044,9.04,9.94,271,298,271,285,285,298,,,,,,,,,,,,,,,,,,,,,,,,,,,,,,,,,,,,,,,,,,,,,,,,,,,,,,,,,,,,,,,,,,,,,,,,,,,,,,,,,,,,,,,,,,,,,,,,,,,,
t2LETxjx21w_000052_000062.mp4,3.0,skipping rope,30.0,0.0,10.008,0.0,2.07,0,62,0,21,21,41,41.0,62.0,,,,,,,,,,,,,,,,,,,,,,,,,,,,,,,,,,,,,,,,,,,,,,,,,,,,,,,,,,,,,,,,,,,,,,,,,,,,,,,,,,,,,,,,,,,,,,,,,,
uGCB1zQGXwQ_000004_000014.mp4,11.0,skipping rope,25.0,0.0,10.0,0.0,4.32,0,108,0,10,10,20,20.0,29.0,29.0,39.0,39.0,49.0,49.0,59.0,59.0,69.0,69.0,79.0,79.0,88.0,88.0,98.0,98.0,108.0,,,,,,,,,,,,,,,,,,,,,,,,,,,,,,,,,,,,,,,,,,,,,,,,,,,,,,,,,,,,,,,,,,,,,,,,,,,,,,,,,,
uGCB1zQGXwQ_000004_000014.mp4,13.0,skipping rope,25.0,0.0,10.0,6.56,10.0,164,250,164,171,171,177,177.0,184.0,184.0,190.0,190.0,197.0,197.0,204.0,204.0,210.0,210.0,217.0,217.0,224.0,224.0,230.0,230.0,237.0,237.0,243.0,243.0,250.0,,,,,,,,,,,,,,,,,,,,,,,,,,,,,,,,,,,,,,,,,,,,,,,,,,,,,,,,,,,,,,,,,,,,,,,,,,,,,,
v4mLWY_6PII_000015_000025.mp4,8.0,skipping rope,30.0,0.0,9.776,0.0,5.5,0,165,0,21,21,41,41.0,62.0,62.0,82.0,82.0,103.0,103.0,124.0,124.0,144.0,144.0,165.0,,,,,,,,,,,,,,,,,,,,,,,,,,,,,,,,,,,,,,,,,,,,,,,,,,,,,,,,,,,,,,,,,,,,,,,,,,,,,,,,,,,,,,,,
wdZ-udSHAN8_000001_000011.mp4,12.0,skipping rope,29.97,0.0,10.01,0.0,9.98,0,299,0,25,25,50,50.0,75.0,75.0,100.0,100.0,125.0,125.0,150.0,150.0,174.0,174.0,199.0,199.0,224.0,224.0,249.0,249.0,274.0,274.0,299.0,,,,,,,,,,,,,,,,,,,,,,,,,,,,,,,,,,,,,,,,,,,,,,,,,,,,,,,,,,,,,,,,,,,,,,,,,,,,,,,,
x3l770QRGsQ_000027_000037.mp4,17.0,skipping rope,29.97,0.0,10.008,0.0,5.11,0,153,0,9,9,18,18.0,27.0,27.0,36.0,36.0,45.0,45.0,54.0,54.0,63.0,63.0,72.0,72.0,81.0,81.0,90.0,90.0,99.0,99.0,108.0,108.0,117.0,117.0,126.0,126.0,135.0,135.0,144.0,144.0,153.0,,,,,,,,,,,,,,,,,,,,,,,,,,,,,,,,,,,,,,,,,,,,,,,,,,,,,,,,,,,,,,,,,,,,,,
0FyPS-tKu7Q_000000_000010.mp4,19.0,skipping rope,30.0,0.0,10.008,0.77,10.0,23,300,23,38,38,52,52.0,67.0,67.0,81.0,81.0,96.0,96.0,110.0,110.0,125.0,125.0,140.0,140.0,154.0,154.0,169.0,169.0,183.0,183.0,198.0,198.0,213.0,213.0,227.0,227.0,242.0,242.0,256.0,256.0,271.0,271.0,285.0,285.0,300.0,,,,,,,,,,,,,,,,,,,,,,,,,,,,,,,,,,,,,,,,,,,,,,,,,,,,,,,,,,,,,,,,,,
1DTS-lRWuM4_000006_000016.mp4,2.0,skipping rope,30.0,0.0,10.008,9.1,10.0,273,300,273,287,287,300,,,,,,,,,,,,,,,,,,,,,,,,,,,,,,,,,,,,,,,,,,,,,,,,,,,,,,,,,,,,,,,,,,,,,,,,,,,,,,,,,,,,,,,,,,,,,,,,,,,,
10PTfhIsIkA_000000_000010.mp4,6.0,skipping rope,30.0,0.0,10.008,1.87,5.0,56,150,56,72,72,87,87.0,103.0,103.0,119.0,119.0,134.0,134.0,150.0,,,,,,,,,,,,,,,,,,,,,,,,,,,,,,,,,,,,,,,,,,,,,,,,,,,,,,,,,,,,,,,,,,,,,,,,,,,,,,,,,,,,,,,,,,,,
2SuxkBT61co_000016_000026.mp4,22.0,skipping rope,29.9,0.0,9.299,0.0,9.09,0,272,0,12,12,25,25.0,37.0,37.0,49.0,49.0,62.0,62.0,74.0,74.0,87.0,87.0,99.0,99.0,111.0,111.0,124.0,124.0,136.0,136.0,148.0,148.0,161.0,161.0,173.0,173.0,185.0,185.0,198.0,198.0,210.0,210.0,223.0,223.0,235.0,235.0,247.0,247.0,260.0,260.0,272.0,,,,,,,,,,,,,,,,,,,,,,,,,,,,,,,,,,,,,,,,,,,,,,,,,,,,,,,,,,,,
4d54ERSroPE_000009_000019.mp4,2.0,skipping rope,30.0,0.0,10.008,0.6,1.1,18,33,18,26,26,33,,,,,,,,,,,,,,,,,,,,,,,,,,,,,,,,,,,,,,,,,,,,,,,,,,,,,,,,,,,,,,,,,,,,,,,,,,,,,,,,,,,,,,,,,,,,,,,,,,,,
4d54ERSroPE_000009_000019.mp4,2.0,skipping rope,30.0,0.0,10.008,3.03,3.57,91,107,91,99,99,107,,,,,,,,,,,,,,,,,,,,,,,,,,,,,,,,,,,,,,,,,,,,,,,,,,,,,,,,,,,,,,,,,,,,,,,,,,,,,,,,,,,,,,,,,,,,,,,,,,,,
4d54ERSroPE_000009_000019.mp4,2.0,skipping rope,30.0,0.0,10.008,4.12,4.67,124,140,124,132,132,140,,,,,,,,,,,,,,,,,,,,,,,,,,,,,,,,,,,,,,,,,,,,,,,,,,,,,,,,,,,,,,,,,,,,,,,,,,,,,,,,,,,,,,,,,,,,,,,,,,,,
4d54ERSroPE_000009_000019.mp4,2.0,skipping rope,30.0,0.0,10.008,4.98,6.0,149,180,149,165,165,180,,,,,,,,,,,,,,,,,,,,,,,,,,,,,,,,,,,,,,,,,,,,,,,,,,,,,,,,,,,,,,,,,,,,,,,,,,,,,,,,,,,,,,,,,,,,,,,,,,,,
4d54ERSroPE_000009_000019.mp4,2.0,skipping rope,30.0,0.0,10.008,6.58,7.05,197,212,197,205,205,212,,,,,,,,,,,,,,,,,,,,,,,,,,,,,,,,,,,,,,,,,,,,,,,,,,,,,,,,,,,,,,,,,,,,,,,,,,,,,,,,,,,,,,,,,,,,,,,,,,,,
4d54ERSroPE_000009_000019.mp4,4.0,skipping rope,30.0,0.0,10.008,7.62,8.67,229,260,229,237,237,245,245.0,252.0,252.0,260.0,,,,,,,,,,,,,,,,,,,,,,,,,,,,,,,,,,,,,,,,,,,,,,,,,,,,,,,,,,,,,,,,,,,,,,,,,,,,,,,,,,,,,,,,,,,,,,,,
4d54ERSroPE_000009_000019.mp4,3.0,skipping rope,30.0,0.0,10.008,9.23,10.0,277,300,277,285,285,292,292.0,300.0,,,,,,,,,,,,,,,,,,,,,,,,,,,,,,,,,,,,,,,,,,,,,,,,,,,,,,,,,,,,,,,,,,,,,,,,,,,,,,,,,,,,,,,,,,,,,,,,,,
5gcntrSK8m4_000051_000061.mp4,13.0,skipping rope,23.87,0.0,10.011,0.0,5.18,0,124,0,10,10,19,19.0,29.0,29.0,38.0,38.0,48.0,48.0,57.0,57.0,67.0,67.0,76.0,76.0,86.0,86.0,95.0,95.0,105.0,105.0,114.0,114.0,124.0,,,,,,,,,,,,,,,,,,,,,,,,,,,,,,,,,,,,,,,,,,,,,,,,,,,,,,,,,,,,,,,,,,,,,,,,,,,,,,
78stFnqSRgM_000000_000010.mp4,32.0,skipping rope,30.0,0.0,10.008,0.0,10.0,0,300,0,9,9,19,19.0,28.0,28.0,38.0,38.0,47.0,47.0,56.0,56.0,66.0,66.0,75.0,75.0,84.0,84.0,94.0,94.0,103.0,103.0,112.0,112.0,122.0,122.0,131.0,131.0,141.0,141.0,150.0,150.0,159.0,159.0,169.0,169.0,178.0,178.0,188.0,188.0,197.0,197.0,206.0,206.0,216.0,216.0,225.0,225.0,234.0,234.0,244.0,244.0,253.0,253.0,262.0,262.0,272.0,272.0,281.0,281.0,291.0,291.0,300.0,,,,,,,,,,,,,,,,,,,,,,,,,,,,,,,,,,,,,,,,
8It_HmkiM1E_000000_000010.mp4,18.0,skipping rope,30.0,0.0,8.313,0.0,8.27,0,248,0,14,14,28,28.0,41.0,41.0,55.0,55.0,69.0,69.0,83.0,83.0,96.0,96.0,110.0,110.0,124.0,124.0,138.0,138.0,152.0,152.0,165.0,165.0,179.0,179.0,193.0,193.0,207.0,207.0,220.0,220.0,234.0,234.0,248.0,,,,,,,,,,,,,,,,,,,,,,,,,,,,,,,,,,,,,,,,,,,,,,,,,,,,,,,,,,,,,,,,,,,,
9McFCBmkfow_000000_000010.mp4,8.0,skipping rope,30.0,0.0,7.663,0.0,5.77,0,173,0,22,22,43,43.0,65.0,65.0,86.0,86.0,108.0,108.0,130.0,130.0,151.0,151.0,173.0,,,,,,,,,,,,,,,,,,,,,,,,,,,,,,,,,,,,,,,,,,,,,,,,,,,,,,,,,,,,,,,,,,,,,,,,,,,,,,,,,,,,,,,,
9VDC91AxdMU_000001_000011.mp4,23.0,skipping rope,30.0,0.0,10.0,0.0,10.0,0,300,0,13,13,26,26.0,39.0,39.0,52.0,52.0,65.0,65.0,78.0,78.0,91.0,91.0,104.0,104.0,117.0,117.0,130.0,130.0,143.0,143.0,157.0,157.0,170.0,170.0,183.0,183.0,196.0,196.0,209.0,209.0,222.0,222.0,235.0,235.0,248.0,248.0,261.0,261.0,274.0,274.0,287.0,287.0,300.0,,,,,,,,,,,,,,,,,,,,,,,,,,,,,,,,,,,,,,,,,,,,,,,,,,,,,,,,,,
-IUR-G4rEoE_000000_000010.mp4,8.0,skipping rope,29.97,0.0,4.505,0.73,4.47,22,134,22,36,36,50,50.0,64.0,64.0,78.0,78.0,92.0,92.0,106.0,106.0,120.0,120.0,134.0,,,,,,,,,,,,,,,,,,,,,,,,,,,,,,,,,,,,,,,,,,,,,,,,,,,,,,,,,,,,,,,,,,,,,,,,,,,,,,,,,,,,,,,,
-TuVA28TVJc_000033_000043.mp4,8.0,skipping rope,29.97,0.0,10.01,0.0,5.37,0,161,0,20,20,40,40.0,60.0,60.0,80.0,80.0,101.0,101.0,121.0,121.0,141.0,141.0,161.0,,,,,,,,,,,,,,,,,,,,,,,,,,,,,,,,,,,,,,,,,,,,,,,,,,,,,,,,,,,,,,,,,,,,,,,,,,,,,,,,,,,,,,,,
-TuVA28TVJc_000033_000043.mp4,2.0,skipping rope,29.97,0.0,10.01,6.19,9.98,186,299,186,242,242,299,,,,,,,,,,,,,,,,,,,,,,,,,,,,,,,,,,,,,,,,,,,,,,,,,,,,,,,,,,,,,,,,,,,,,,,,,,,,,,,,,,,,,,,,,,,,,,,,,,,,
BRVRrXre6rA_000068_000078.mp4,6.0,slicing onion,29.76,0.0,10.014,0.0,2.08,0,62,0,10,10,21,21.0,31.0,31.0,41.0,41.0,52.0,52.0,62.0,,,,,,,,,,,,,,,,,,,,,,,,,,,,,,,,,,,,,,,,,,,,,,,,,,,,,,,,,,,,,,,,,,,,,,,,,,,,,,,,,,,,,,,,,,,,
BRVRrXre6rA_000068_000078.mp4,15.0,slicing onion,29.76,0.0,10.014,4.94,8.82,147,262,147,155,155,162,162.0,170.0,170.0,178.0,178.0,185.0,185.0,193.0,193.0,201.0,201.0,208.0,208.0,216.0,216.0,224.0,224.0,231.0,231.0,239.0,239.0,247.0,247.0,254.0,254.0,262.0,,,,,,,,,,,,,,,,,,,,,,,,,,,,,,,,,,,,,,,,,,,,,,,,,,,,,,,,,,,,,,,,,,,,,,,,,,
BRVRrXre6rA_000068_000078.mp4,9.0,slicing onion,29.76,0.0,10.014,8.13,9.98,242,297,242,248,248,254,254.0,260.0,260.0,266.0,266.0,273.0,273.0,279.0,279.0,285.0,285.0,291.0,291.0,297.0,,,,,,,,,,,,,,,,,,,,,,,,,,,,,,,,,,,,,,,,,,,,,,,,,,,,,,,,,,,,,,,,,,,,,,,,,,,,,,,,,,,,,,
Bb3XvyTEkNE_000111_000121.mp4,22.0,slicing onion,29.97,0.0,10.01,0.0,4.77,0,143,0,6,6,13,13.0,20.0,20.0,26.0,26.0,32.0,32.0,39.0,39.0,46.0,46.0,52.0,52.0,58.0,58.0,65.0,65.0,72.0,72.0,78.0,78.0,84.0,84.0,91.0,91.0,98.0,98.0,104.0,104.0,110.0,110.0,117.0,117.0,124.0,124.0,130.0,130.0,136.0,136.0,143.0,,,,,,,,,,,,,,,,,,,,,,,,,,,,,,,,,,,,,,,,,,,,,,,,,,,,,,,,,,,,
Bb3XvyTEkNE_000111_000121.mp4,15.0,slicing onion,29.97,0.0,10.01,6.61,9.98,198,299,198,205,205,211,211.0,218.0,218.0,225.0,225.0,232.0,232.0,238.0,238.0,245.0,245.0,252.0,252.0,259.0,259.0,265.0,265.0,272.0,272.0,279.0,279.0,286.0,286.0,292.0,292.0,299.0,,,,,,,,,,,,,,,,,,,,,,,,,,,,,,,,,,,,,,,,,,,,,,,,,,,,,,,,,,,,,,,,,,,,,,,,,,
Bp9BSWqqKuQ_000013_000023.mp4,6.0,slicing onion,25.0,0.0,9.497,1.92,5.16,48,129,48,62,62,75,75.0,88.0,88.0,102.0,102.0,116.0,116.0,129.0,,,,,,,,,,,,,,,,,,,,,,,,,,,,,,,,,,,,,,,,,,,,,,,,,,,,,,,,,,,,,,,,,,,,,,,,,,,,,,,,,,,,,,,,,,,,
CoiK6D8rcaY_000148_000158.mp4,4.0,slicing onion,30.0,0.0,10.008,0.0,4.3,0,129,0,32,32,64,64.0,97.0,97.0,129.0,,,,,,,,,,,,,,,,,,,,,,,,,,,,,,,,,,,,,,,,,,,,,,,,,,,,,,,,,,,,,,,,,,,,,,,,,,,,,,,,,,,,,,,,,,,,,,,,
CoiK6D8rcaY_000148_000158.mp4,3.0,slicing onion,30.0,0.0,10.008,7.07,10.0,212,300,212,241,241,271,271.0,300.0,,,,,,,,,,,,,,,,,,,,,,,,,,,,,,,,,,,,,,,,,,,,,,,,,,,,,,,,,,,,,,,,,,,,,,,,,,,,,,,,,,,,,,,,,,,,,,,,,,
CxUynB3Yb5M_000010_000020.mp4,34.0,slicing onion,22.33,0.0,9.807,0.0,6.38,0,142,0,4,4,8,8.0,13.0,13.0,17.0,17.0,21.0,21.0,25.0,25.0,29.0,29.0,33.0,33.0,38.0,38.0,42.0,42.0,46.0,46.0,50.0,50.0,54.0,54.0,58.0,58.0,63.0,63.0,67.0,67.0,71.0,71.0,75.0,75.0,79.0,79.0,84.0,84.0,88.0,88.0,92.0,92.0,96.0,96.0,100.0,100.0,104.0,104.0,109.0,109.0,113.0,113.0,117.0,117.0,121.0,121.0,125.0,125.0,129.0,129.0,134.0,134.0,138.0,138.0,142.0,,,,,,,,,,,,,,,,,,,,,,,,,,,,,,,,,,,,
DYxQzpkI_YU_000113_000123.mp4,2.0,slicing onion,29.97,0.0,7.57,0.0,2.5,0,75,0,38,38,75,,,,,,,,,,,,,,,,,,,,,,,,,,,,,,,,,,,,,,,,,,,,,,,,,,,,,,,,,,,,,,,,,,,,,,,,,,,,,,,,,,,,,,,,,,,,,,,,,,,,
D8j406o8cGo_000041_000051.mp4,8.0,slicing onion,29.97,0.0,10.01,0.0,1.37,0,41,0,5,5,10,10.0,15.0,15.0,20.0,20.0,26.0,26.0,31.0,31.0,36.0,36.0,41.0,,,,,,,,,,,,,,,,,,,,,,,,,,,,,,,,,,,,,,,,,,,,,,,,,,,,,,,,,,,,,,,,,,,,,,,,,,,,,,,,,,,,,,,,
D8j406o8cGo_000041_000051.mp4,31.0,slicing onion,29.97,0.0,10.01,2.54,9.98,76,299,76,83,83,90,90.0,98.0,98.0,105.0,105.0,112.0,112.0,119.0,119.0,126.0,126.0,134.0,134.0,141.0,141.0,148.0,148.0,155.0,155.0,162.0,162.0,170.0,170.0,177.0,177.0,184.0,184.0,191.0,191.0,198.0,198.0,205.0,205.0,213.0,213.0,220.0,220.0,227.0,227.0,234.0,234.0,241.0,241.0,249.0,249.0,256.0,256.0,263.0,263.0,270.0,270.0,277.0,277.0,285.0,285.0,292.0,292.0,299.0,,,,,,,,,,,,,,,,,,,,,,,,,,,,,,,,,,,,,,,,,,
Eigh82JFSSM_000115_000125.mp4,11.0,slicing onion,29.97,0.0,10.01,5.97,9.48,179,284,179,189,189,198,198.0,208.0,208.0,217.0,217.0,227.0,227.0,236.0,236.0,246.0,246.0,255.0,255.0,265.0,265.0,274.0,274.0,284.0,,,,,,,,,,,,,,,,,,,,,,,,,,,,,,,,,,,,,,,,,,,,,,,,,,,,,,,,,,,,,,,,,,,,,,,,,,,,,,,,,,
ElXMWG1UFq0_000064_000074.mp4,2.0,slicing onion,23.98,0.0,10.01,1.58,5.21,38,125,38,82,82,125,,,,,,,,,,,,,,,,,,,,,,,,,,,,,,,,,,,,,,,,,,,,,,,,,,,,,,,,,,,,,,,,,,,,,,,,,,,,,,,,,,,,,,,,,,,,,,,,,,,,
FK6L3zouhec_000031_000041.mp4,4.0,slicing onion,30.0,0.0,10.0,0.3,10.0,9,300,9,82,82,155,155.0,227.0,227.0,300.0,,,,,,,,,,,,,,,,,,,,,,,,,,,,,,,,,,,,,,,,,,,,,,,,,,,,,,,,,,,,,,,,,,,,,,,,,,,,,,,,,,,,,,,,,,,,,,,,
FixwP56qyLg_000282_000292.mp4,5.0,slicing onion,29.97,0.0,10.01,0.0,6.31,0,189,0,38,38,76,76.0,113.0,113.0,151.0,151.0,189.0,,,,,,,,,,,,,,,,,,,,,,,,,,,,,,,,,,,,,,,,,,,,,,,,,,,,,,,,,,,,,,,,,,,,,,,,,,,,,,,,,,,,,,,,,,,,,,
FixwP56qyLg_000282_000292.mp4,4.0,slicing onion,29.97,0.0,10.01,8.04,9.98,241,299,241,255,255,270,270.0,285.0,285.0,299.0,,,,,,,,,,,,,,,,,,,,,,,,,,,,,,,,,,,,,,,,,,,,,,,,,,,,,,,,,,,,,,,,,,,,,,,,,,,,,,,,,,,,,,,,,,,,,,,,
F8FbDUOz9_E_000051_000061.mp4,4.0,slicing onion,29.86,0.0,10.014,9.35,9.99,279,298,279,284,284,289,289.0,293.0,293.0,298.0,,,,,,,,,,,,,,,,,,,,,,,,,,,,,,,,,,,,,,,,,,,,,,,,,,,,,,,,,,,,,,,,,,,,,,,,,,,,,,,,,,,,,,,,,,,,,,,,
F-HpgZTGz-8_000044_000054.mp4,5.0,slicing onion,23.98,0.0,10.01,0.0,2.63,0,63,0,13,13,25,25.0,38.0,38.0,50.0,50.0,63.0,,,,,,,,,,,,,,,,,,,,,,,,,,,,,,,,,,,,,,,,,,,,,,,,,,,,,,,,,,,,,,,,,,,,,,,,,,,,,,,,,,,,,,,,,,,,,,
F-HpgZTGz-8_000044_000054.mp4,19.0,slicing onion,23.98,0.0,10.01,6.88,9.97,165,239,165,169,169,173,173.0,177.0,177.0,181.0,181.0,184.0,184.0,188.0,188.0,192.0,192.0,196.0,196.0,200.0,200.0,204.0,204.0,208.0,208.0,212.0,212.0,216.0,216.0,220.0,220.0,223.0,223.0,227.0,227.0,231.0,231.0,235.0,235.0,239.0,,,,,,,,,,,,,,,,,,,,,,,,,,,,,,,,,,,,,,,,,,,,,,,,,,,,,,,,,,,,,,,,,,
HLftb2xvrqM_000026_000036.mp4,42.0,slicing onion,27.87,0.0,10.013,3.22,9.96,90,278,90,94,94,99,99.0,103.0,103.0,108.0,108.0,112.0,112.0,117.0,117.0,121.0,121.0,126.0,126.0,130.0,130.0,135.0,135.0,139.0,139.0,144.0,144.0,148.0,148.0,153.0,153.0,157.0,157.0,162.0,162.0,166.0,166.0,171.0,171.0,175.0,175.0,180.0,180.0,184.0,184.0,188.0,188.0,193.0,193.0,197.0,197.0,202.0,202.0,206.0,206.0,211.0,211.0,215.0,215.0,220.0,220.0,224.0,224.0,229.0,229.0,233.0,233.0,238.0,238.0,242.0,242.0,247.0,247.0,251.0,251.0,256.0,256.0,260.0,260.0,265.0,265.0,269.0,269.0,274.0,274.0,278.0,,,,,,,,,,,,,,,,,,,,
HgP2KtYfeT8_000108_000118.mp4,3.0,slicing onion,30.0,0.0,10.0,4.47,9.6,134,288,134,185,185,237,237.0,288.0,,,,,,,,,,,,,,,,,,,,,,,,,,,,,,,,,,,,,,,,,,,,,,,,,,,,,,,,,,,,,,,,,,,,,,,,,,,,,,,,,,,,,,,,,,,,,,,,,,
H0DWt8muhnc_000025_000035.mp4,3.0,slicing onion,29.81,0.0,9.846,5.23,8.49,156,253,156,188,188,221,221.0,253.0,,,,,,,,,,,,,,,,,,,,,,,,,,,,,,,,,,,,,,,,,,,,,,,,,,,,,,,,,,,,,,,,,,,,,,,,,,,,,,,,,,,,,,,,,,,,,,,,,,
InfLbqvDNZo_000022_000032.mp4,7.0,slicing onion,29.41,0.0,9.011,1.97,7.0,58,206,58,79,79,100,100.0,121.0,121.0,143.0,143.0,164.0,164.0,185.0,185.0,206.0,,,,,,,,,,,,,,,,,,,,,,,,,,,,,,,,,,,,,,,,,,,,,,,,,,,,,,,,,,,,,,,,,,,,,,,,,,,,,,,,,,,,,,,,,,
KWkoYYhfs6o_000027_000037.mp4,10.0,slicing onion,29.19,0.0,10.039,0.0,9.94,0,290,0,29,29,58,58.0,87.0,87.0,116.0,116.0,145.0,145.0,174.0,174.0,203.0,203.0,232.0,232.0,261.0,261.0,290.0,,,,,,,,,,,,,,,,,,,,,,,,,,,,,,,,,,,,,,,,,,,,,,,,,,,,,,,,,,,,,,,,,,,,,,,,,,,,,,,,,,,,
LyZh9iBR0mc_000269_000279.mp4,4.0,slicing onion,29.0,0.0,10.008,0.0,4.31,0,125,0,31,31,62,62.0,94.0,94.0,125.0,,,,,,,,,,,,,,,,,,,,,,,,,,,,,,,,,,,,,,,,,,,,,,,,,,,,,,,,,,,,,,,,,,,,,,,,,,,,,,,,,,,,,,,,,,,,,,,,
MOf8CsIWGio_000003_000013.mp4,34.0,slicing onion,29.94,0.0,10.021,0.0,10.0,0,299,0,9,9,18,18.0,26.0,26.0,35.0,35.0,44.0,44.0,53.0,53.0,62.0,62.0,70.0,70.0,79.0,79.0,88.0,88.0,97.0,97.0,106.0,106.0,114.0,114.0,123.0,123.0,132.0,132.0,141.0,141.0,150.0,150.0,158.0,158.0,167.0,167.0,176.0,176.0,185.0,185.0,193.0,193.0,202.0,202.0,211.0,211.0,220.0,220.0,229.0,229.0,237.0,237.0,246.0,246.0,255.0,255.0,264.0,264.0,273.0,273.0,281.0,281.0,290.0,290.0,299.0,,,,,,,,,,,,,,,,,,,,,,,,,,,,,,,,,,,,
MZZAJH5ul3g_000115_000125.mp4,6.0,slicing onion,29.97,0.0,10.01,0.0,5.44,0,163,0,27,27,54,54.0,82.0,82.0,109.0,109.0,136.0,136.0,163.0,,,,,,,,,,,,,,,,,,,,,,,,,,,,,,,,,,,,,,,,,,,,,,,,,,,,,,,,,,,,,,,,,,,,,,,,,,,,,,,,,,,,,,,,,,,,
M60rs9yCuI4_000046_000056.mp4,7.0,slicing onion,25.0,0.0,9.72,1.44,8.12,36,203,36,60,60,84,84.0,108.0,108.0,131.0,131.0,155.0,155.0,179.0,179.0,203.0,,,,,,,,,,,,,,,,,,,,,,,,,,,,,,,,,,,,,,,,,,,,,,,,,,,,,,,,,,,,,,,,,,,,,,,,,,,,,,,,,,,,,,,,,,
NWKE1a927Xc_000020_000030.mp4,8.0,slicing onion,19.98,0.0,10.01,0.0,5.61,0,112,0,14,14,28,28.0,42.0,42.0,56.0,56.0,70.0,70.0,84.0,84.0,98.0,98.0,112.0,,,,,,,,,,,,,,,,,,,,,,,,,,,,,,,,,,,,,,,,,,,,,,,,,,,,,,,,,,,,,,,,,,,,,,,,,,,,,,,,,,,,,,,,
NWKE1a927Xc_000020_000030.mp4,6.0,slicing onion,19.98,0.0,10.01,6.06,9.96,121,199,121,134,134,147,147.0,160.0,160.0,173.0,173.0,186.0,186.0,199.0,,,,,,,,,,,,,,,,,,,,,,,,,,,,,,,,,,,,,,,,,,,,,,,,,,,,,,,,,,,,,,,,,,,,,,,,,,,,,,,,,,,,,,,,,,,,
N6yClw0knrg_000065_000075.mp4,13.0,slicing onion,27.91,0.0,9.172,0.0,2.74,0,76,0,6,6,12,12.0,18.0,18.0,23.0,23.0,29.0,29.0,35.0,35.0,41.0,41.0,47.0,47.0,53.0,53.0,58.0,58.0,64.0,64.0,70.0,70.0,76.0,,,,,,,,,,,,,,,,,,,,,,,,,,,,,,,,,,,,,,,,,,,,,,,,,,,,,,,,,,,,,,,,,,,,,,,,,,,,,,
N_Jm9uRlWlE_000123_000133.mp4,2.0,slicing onion,29.97,0.0,10.044,0.0,5.07,0,152,0,76,76,152,,,,,,,,,,,,,,,,,,,,,,,,,,,,,,,,,,,,,,,,,,,,,,,,,,,,,,,,,,,,,,,,,,,,,,,,,,,,,,,,,,,,,,,,,,,,,,,,,,,,
OBsTgo0_mkw_000016_000026.mp4,24.0,slicing onion,30.0,0.0,10.0,0.0,10.0,0,300,0,12,12,25,25.0,38.0,38.0,50.0,50.0,62.0,62.0,75.0,75.0,88.0,88.0,100.0,100.0,112.0,112.0,125.0,125.0,138.0,138.0,150.0,150.0,162.0,162.0,175.0,175.0,188.0,188.0,200.0,200.0,212.0,212.0,225.0,225.0,238.0,238.0,250.0,250.0,262.0,262.0,275.0,275.0,288.0,288.0,300.0,,,,,,,,,,,,,,,,,,,,,,,,,,,,,,,,,,,,,,,,,,,,,,,,,,,,,,,,
QAx4NjXASY4_000015_000025.mp4,46.0,slicing onion,24.98,0.0,10.01,0.0,9.96,0,249,0,5,5,11,11.0,16.0,16.0,22.0,22.0,27.0,27.0,32.0,32.0,38.0,38.0,43.0,43.0,49.0,49.0,54.0,54.0,60.0,60.0,65.0,65.0,70.0,70.0,76.0,76.0,81.0,81.0,87.0,87.0,92.0,92.0,97.0,97.0,103.0,103.0,108.0,108.0,114.0,114.0,119.0,119.0,124.0,124.0,130.0,130.0,135.0,135.0,141.0,141.0,146.0,146.0,152.0,152.0,157.0,157.0,162.0,162.0,168.0,168.0,173.0,173.0,179.0,179.0,184.0,184.0,189.0,189.0,195.0,195.0,200.0,200.0,206.0,206.0,211.0,211.0,217.0,217.0,222.0,222.0,227.0,227.0,233.0,233.0,238.0,238.0,244.0,244.0,249.0,,,,,,,,,,,,
QMGApafsnJw_000017_000027.mp4,19.0,slicing onion,25.06,0.0,9.823,0.0,6.22,0,156,0,8,8,16,16.0,25.0,25.0,33.0,33.0,41.0,41.0,49.0,49.0,57.0,57.0,66.0,66.0,74.0,74.0,82.0,82.0,90.0,90.0,99.0,99.0,107.0,107.0,115.0,115.0,123.0,123.0,131.0,131.0,140.0,140.0,148.0,148.0,156.0,,,,,,,,,,,,,,,,,,,,,,,,,,,,,,,,,,,,,,,,,,,,,,,,,,,,,,,,,,,,,,,,,,
QMGApafsnJw_000017_000027.mp4,8.0,slicing onion,25.06,0.0,9.823,7.14,9.61,179,241,179,187,187,195,195.0,202.0,202.0,210.0,210.0,218.0,218.0,225.0,225.0,233.0,233.0,241.0,,,,,,,,,,,,,,,,,,,,,,,,,,,,,,,,,,,,,,,,,,,,,,,,,,,,,,,,,,,,,,,,,,,,,,,,,,,,,,,,,,,,,,,,
QpXiFpgNDtE_000015_000025.mp4,4.0,slicing onion,30.0,0.0,9.358,0.0,6.1,0,183,0,46,46,92,92.0,137.0,137.0,183.0,,,,,,,,,,,,,,,,,,,,,,,,,,,,,,,,,,,,,,,,,,,,,,,,,,,,,,,,,,,,,,,,,,,,,,,,,,,,,,,,,,,,,,,,,,,,,,,,
RW8JyyPfoVw_000018_000028.mp4,9.0,slicing onion,19.92,0.0,10.042,0.0,2.99,0,60,0,7,7,13,13.0,20.0,20.0,27.0,27.0,33.0,33.0,40.0,40.0,47.0,47.0,53.0,53.0,60.0,,,,,,,,,,,,,,,,,,,,,,,,,,,,,,,,,,,,,,,,,,,,,,,,,,,,,,,,,,,,,,,,,,,,,,,,,,,,,,,,,,,,,,
SkBkmXEasXk_000008_000018.mp4,32.0,slicing onion,30.0,0.0,9.367,0.0,8.17,0,245,0,8,8,15,15.0,23.0,23.0,31.0,31.0,38.0,38.0,46.0,46.0,54.0,54.0,61.0,61.0,69.0,69.0,77.0,77.0,84.0,84.0,92.0,92.0,100.0,100.0,107.0,107.0,115.0,115.0,122.0,122.0,130.0,130.0,138.0,138.0,145.0,145.0,153.0,153.0,161.0,161.0,168.0,168.0,176.0,176.0,184.0,184.0,191.0,191.0,199.0,199.0,207.0,207.0,214.0,214.0,222.0,222.0,230.0,230.0,237.0,237.0,245.0,,,,,,,,,,,,,,,,,,,,,,,,,,,,,,,,,,,,,,,,
TjJ_1E4xZN0_000026_000036.mp4,15.0,slicing onion,25.0,0.0,10.008,1.08,10.0,27,250,27,42,42,57,57.0,72.0,72.0,86.0,86.0,101.0,101.0,116.0,116.0,131.0,131.0,146.0,146.0,161.0,161.0,176.0,176.0,191.0,191.0,205.0,205.0,220.0,220.0,235.0,235.0,250.0,,,,,,,,,,,,,,,,,,,,,,,,,,,,,,,,,,,,,,,,,,,,,,,,,,,,,,,,,,,,,,,,,,,,,,,,,,
Tvw2hxRybr8_000000_000010.mp4,37.0,slicing onion,24.9,0.0,10.039,1.73,10.0,43,249,43,49,49,54,54.0,60.0,60.0,65.0,65.0,71.0,71.0,76.0,76.0,82.0,82.0,88.0,88.0,93.0,93.0,99.0,99.0,104.0,104.0,110.0,110.0,115.0,115.0,121.0,121.0,127.0,127.0,132.0,132.0,138.0,138.0,143.0,143.0,149.0,149.0,154.0,154.0,160.0,160.0,165.0,165.0,171.0,171.0,177.0,177.0,182.0,182.0,188.0,188.0,193.0,193.0,199.0,199.0,204.0,204.0,210.0,210.0,216.0,216.0,221.0,221.0,227.0,227.0,232.0,232.0,238.0,238.0,243.0,243.0,249.0,,,,,,,,,,,,,,,,,,,,,,,,,,,,,,
UuWfrEnYB1A_000045_000055.mp4,4.0,slicing onion,30.0,0.0,9.358,0.0,0.83,0,25,0,6,6,12,12.0,19.0,19.0,25.0,,,,,,,,,,,,,,,,,,,,,,,,,,,,,,,,,,,,,,,,,,,,,,,,,,,,,,,,,,,,,,,,,,,,,,,,,,,,,,,,,,,,,,,,,,,,,,,,
UuWfrEnYB1A_000045_000055.mp4,32.0,slicing onion,30.0,0.0,9.358,2.55,8.7,76,261,76,82,82,88,88.0,93.0,93.0,99.0,99.0,105.0,105.0,111.0,111.0,116.0,116.0,122.0,122.0,128.0,128.0,134.0,134.0,140.0,140.0,145.0,145.0,151.0,151.0,157.0,157.0,163.0,163.0,168.0,168.0,174.0,174.0,180.0,180.0,186.0,186.0,192.0,192.0,197.0,197.0,203.0,203.0,209.0,209.0,215.0,215.0,221.0,221.0,226.0,226.0,232.0,232.0,238.0,238.0,244.0,244.0,249.0,249.0,255.0,255.0,261.0,,,,,,,,,,,,,,,,,,,,,,,,,,,,,,,,,,,,,,,,
Uz9Vntys6Qs_000040_000050.mp4,2.0,slicing onion,23.98,0.0,10.01,2.67,6.34,64,152,64,108,108,152,,,,,,,,,,,,,,,,,,,,,,,,,,,,,,,,,,,,,,,,,,,,,,,,,,,,,,,,,,,,,,,,,,,,,,,,,,,,,,,,,,,,,,,,,,,,,,,,,,,,
WZf9bD7JpUc_000036_000046.mp4,26.0,slicing onion,14.72,0.0,9.962,0.0,4.27,0,63,0,2,2,5,5.0,7.0,7.0,10.0,10.0,12.0,12.0,15.0,15.0,17.0,17.0,19.0,19.0,22.0,22.0,24.0,24.0,27.0,27.0,29.0,29.0,32.0,32.0,34.0,34.0,36.0,36.0,39.0,39.0,41.0,41.0,44.0,44.0,46.0,46.0,48.0,48.0,51.0,51.0,53.0,53.0,56.0,56.0,58.0,58.0,61.0,61.0,63.0,,,,,,,,,,,,,,,,,,,,,,,,,,,,,,,,,,,,,,,,,,,,,,,,,,,,
XEBpb6Q7U0I_000384_000394.mp4,4.0,slicing onion,29.97,0.0,10.01,0.0,5.04,0,151,0,38,38,76,76.0,113.0,113.0,151.0,,,,,,,,,,,,,,,,,,,,,,,,,,,,,,,,,,,,,,,,,,,,,,,,,,,,,,,,,,,,,,,,,,,,,,,,,,,,,,,,,,,,,,,,,,,,,,,,
Xnv7e20xdcA_000124_000134.mp4,14.0,slicing onion,30.0,0.0,10.0,4.6,8.43,138,253,138,146,146,154,154.0,163.0,163.0,171.0,171.0,179.0,179.0,187.0,187.0,196.0,196.0,204.0,204.0,212.0,212.0,220.0,220.0,228.0,228.0,237.0,237.0,245.0,245.0,253.0,,,,,,,,,,,,,,,,,,,,,,,,,,,,,,,,,,,,,,,,,,,,,,,,,,,,,,,,,,,,,,,,,,,,,,,,,,,,
X2UxCk6nd1k_000009_000019.mp4,22.0,slicing onion,30.0,0.0,9.567,1.23,5.15,37,154,37,42,42,48,48.0,53.0,53.0,58.0,58.0,64.0,64.0,69.0,69.0,74.0,74.0,80.0,80.0,85.0,85.0,90.0,90.0,95.0,95.0,101.0,101.0,106.0,106.0,111.0,111.0,117.0,117.0,122.0,122.0,127.0,127.0,133.0,133.0,138.0,138.0,143.0,143.0,149.0,149.0,154.0,,,,,,,,,,,,,,,,,,,,,,,,,,,,,,,,,,,,,,,,,,,,,,,,,,,,,,,,,,,,
X2UxCk6nd1k_000009_000019.mp4,5.0,slicing onion,30.0,0.0,9.567,5.72,9.43,172,283,172,194,194,216,216.0,239.0,239.0,261.0,261.0,283.0,,,,,,,,,,,,,,,,,,,,,,,,,,,,,,,,,,,,,,,,,,,,,,,,,,,,,,,,,,,,,,,,,,,,,,,,,,,,,,,,,,,,,,,,,,,,,,
X9Ww0JMsFYA_000020_000030.mp4,2.0,slicing onion,29.97,0.0,9.377,0.0,7.27,0,218,0,109,109,218,,,,,,,,,,,,,,,,,,,,,,,,,,,,,,,,,,,,,,,,,,,,,,,,,,,,,,,,,,,,,,,,,,,,,,,,,,,,,,,,,,,,,,,,,,,,,,,,,,,,
YKluKz_K6vk_000081_000091.mp4,4.0,slicing onion,30.0,0.0,10.008,7.03,10.0,211,300,211,233,233,255,255.0,278.0,278.0,300.0,,,,,,,,,,,,,,,,,,,,,,,,,,,,,,,,,,,,,,,,,,,,,,,,,,,,,,,,,,,,,,,,,,,,,,,,,,,,,,,,,,,,,,,,,,,,,,,,
YOddpF7Np2M_000024_000034.mp4,22.0,slicing onion,24.44,0.0,10.025,0.0,5.81,0,142,0,6,6,13,13.0,19.0,19.0,26.0,26.0,32.0,32.0,39.0,39.0,45.0,45.0,52.0,52.0,58.0,58.0,65.0,65.0,71.0,71.0,77.0,77.0,84.0,84.0,90.0,90.0,97.0,97.0,103.0,103.0,110.0,110.0,116.0,116.0,123.0,123.0,129.0,129.0,136.0,136.0,142.0,,,,,,,,,,,,,,,,,,,,,,,,,,,,,,,,,,,,,,,,,,,,,,,,,,,,,,,,,,,,
YXgE1oqkqRc_000009_000019.mp4,9.0,slicing onion,29.42,0.0,10.029,8.63,9.96,254,293,254,258,258,263,263.0,267.0,267.0,271.0,271.0,276.0,276.0,280.0,280.0,284.0,284.0,289.0,289.0,293.0,,,,,,,,,,,,,,,,,,,,,,,,,,,,,,,,,,,,,,,,,,,,,,,,,,,,,,,,,,,,,,,,,,,,,,,,,,,,,,,,,,,,,,
Yfu2eAupbzU_000132_000142.mp4,4.0,slicing onion,30.0,0.0,10.008,2.53,10.0,76,300,76,132,132,188,188.0,244.0,244.0,300.0,,,,,,,,,,,,,,,,,,,,,,,,,,,,,,,,,,,,,,,,,,,,,,,,,,,,,,,,,,,,,,,,,,,,,,,,,,,,,,,,,,,,,,,,,,,,,,,,
YsIo8ESxRLQ_000016_000026.mp4,8.0,slicing onion,23.98,0.0,10.01,0.0,9.97,0,239,0,30,30,60,60.0,90.0,90.0,120.0,120.0,149.0,149.0,179.0,179.0,209.0,209.0,239.0,,,,,,,,,,,,,,,,,,,,,,,,,,,,,,,,,,,,,,,,,,,,,,,,,,,,,,,,,,,,,,,,,,,,,,,,,,,,,,,,,,,,,,,,
aTiLkkZYp7g_000019_000029.mp4,3.0,slicing onion,25.0,0.0,10.0,1.44,10.0,36,250,36,107,107,179,179.0,250.0,,,,,,,,,,,,,,,,,,,,,,,,,,,,,,,,,,,,,,,,,,,,,,,,,,,,,,,,,,,,,,,,,,,,,,,,,,,,,,,,,,,,,,,,,,,,,,,,,,
a6U89fd7bBc_000159_000169.mp4,8.0,slicing onion,23.98,0.0,10.01,0.0,8.38,0,201,0,25,25,50,50.0,75.0,75.0,100.0,100.0,126.0,126.0,151.0,151.0,176.0,176.0,201.0,,,,,,,,,,,,,,,,,,,,,,,,,,,,,,,,,,,,,,,,,,,,,,,,,,,,,,,,,,,,,,,,,,,,,,,,,,,,,,,,,,,,,,,,
bxUw9MRQRfc_000015_000025.mp4,3.0,slicing onion,25.0,0.0,10.008,4.56,10.0,114,250,114,159,159,205,205.0,250.0,,,,,,,,,,,,,,,,,,,,,,,,,,,,,,,,,,,,,,,,,,,,,,,,,,,,,,,,,,,,,,,,,,,,,,,,,,,,,,,,,,,,,,,,,,,,,,,,,,
cDa_nM-pMKI_000343_000353.mp4,2.0,slicing onion,23.98,0.0,10.01,8.01,9.97,192,239,192,216,216,239,,,,,,,,,,,,,,,,,,,,,,,,,,,,,,,,,,,,,,,,,,,,,,,,,,,,,,,,,,,,,,,,,,,,,,,,,,,,,,,,,,,,,,,,,,,,,,,,,,,,
cSIiwoi5pG0_000001_000011.mp4,30.0,slicing onion,29.36,0.0,9.163,0.0,5.77,0,169,0,6,6,11,11.0,17.0,17.0,23.0,23.0,28.0,28.0,34.0,34.0,39.0,39.0,45.0,45.0,51.0,51.0,56.0,56.0,62.0,62.0,68.0,68.0,73.0,73.0,79.0,79.0,84.0,84.0,90.0,90.0,96.0,96.0,101.0,101.0,107.0,107.0,113.0,113.0,118.0,118.0,124.0,124.0,130.0,130.0,135.0,135.0,141.0,141.0,146.0,146.0,152.0,152.0,158.0,158.0,163.0,163.0,169.0,,,,,,,,,,,,,,,,,,,,,,,,,,,,,,,,,,,,,,,,,,,,
cSIiwoi5pG0_000001_000011.mp4,17.0,slicing onion,29.36,0.0,9.163,4.55,7.7,134,226,134,139,139,145,145.0,150.0,150.0,156.0,156.0,161.0,161.0,166.0,166.0,172.0,172.0,177.0,177.0,183.0,183.0,188.0,188.0,194.0,194.0,199.0,199.0,204.0,204.0,210.0,210.0,215.0,215.0,221.0,221.0,226.0,,,,,,,,,,,,,,,,,,,,,,,,,,,,,,,,,,,,,,,,,,,,,,,,,,,,,,,,,,,,,,,,,,,,,,
caI3NQCy39M_000083_000093.mp4,9.0,slicing onion,30.0,0.0,9.067,0.0,5.63,0,169,0,19,19,38,38.0,56.0,56.0,75.0,75.0,94.0,94.0,113.0,113.0,131.0,131.0,150.0,150.0,169.0,,,,,,,,,,,,,,,,,,,,,,,,,,,,,,,,,,,,,,,,,,,,,,,,,,,,,,,,,,,,,,,,,,,,,,,,,,,,,,,,,,,,,,
du7TUpd_R9I_000048_000058.mp4,4.0,slicing onion,29.97,0.0,7.802,0.37,6.37,11,191,11,56,56,101,101.0,146.0,146.0,191.0,,,,,,,,,,,,,,,,,,,,,,,,,,,,,,,,,,,,,,,,,,,,,,,,,,,,,,,,,,,,,,,,,,,,,,,,,,,,,,,,,,,,,,,,,,,,,,,,
eCvvyM2qx9M_000002_000012.mp4,15.0,slicing onion,23.98,0.0,10.01,3.29,9.97,79,239,79,90,90,100,100.0,111.0,111.0,122.0,122.0,132.0,132.0,143.0,143.0,154.0,154.0,164.0,164.0,175.0,175.0,186.0,186.0,196.0,196.0,207.0,207.0,218.0,218.0,228.0,228.0,239.0,,,,,,,,,,,,,,,,,,,,,,,,,,,,,,,,,,,,,,,,,,,,,,,,,,,,,,,,,,,,,,,,,,,,,,,,,,
eTK4wWtwgx0_000000_000010.mp4,11.0,slicing onion,29.97,0.0,10.01,0.0,9.01,0,270,0,25,25,49,49.0,74.0,74.0,98.0,98.0,123.0,123.0,147.0,147.0,172.0,172.0,196.0,196.0,221.0,221.0,245.0,245.0,270.0,,,,,,,,,,,,,,,,,,,,,,,,,,,,,,,,,,,,,,,,,,,,,,,,,,,,,,,,,,,,,,,,,,,,,,,,,,,,,,,,,,
fn4jnzQw8zE_000000_000010.mp4,17.0,slicing onion,29.97,0.0,10.01,1.07,5.7,32,171,32,40,40,48,48.0,57.0,57.0,65.0,65.0,73.0,73.0,81.0,81.0,89.0,89.0,97.0,97.0,106.0,106.0,114.0,114.0,122.0,122.0,130.0,130.0,138.0,138.0,146.0,146.0,155.0,155.0,163.0,163.0,171.0,,,,,,,,,,,,,,,,,,,,,,,,,,,,,,,,,,,,,,,,,,,,,,,,,,,,,,,,,,,,,,,,,,,,,,
fn4jnzQw8zE_000000_000010.mp4,3.0,slicing onion,29.97,0.0,10.01,6.47,8.67,194,260,194,216,216,238,238.0,260.0,,,,,,,,,,,,,,,,,,,,,,,,,,,,,,,,,,,,,,,,,,,,,,,,,,,,,,,,,,,,,,,,,,,,,,,,,,,,,,,,,,,,,,,,,,,,,,,,,,
ftI8LKUbpjg_000005_000015.mp4,7.0,slicing onion,23.98,0.0,10.01,0.0,8.74,0,210,0,30,30,60,60.0,90.0,90.0,120.0,120.0,150.0,150.0,180.0,180.0,210.0,,,,,,,,,,,,,,,,,,,,,,,,,,,,,,,,,,,,,,,,,,,,,,,,,,,,,,,,,,,,,,,,,,,,,,,,,,,,,,,,,,,,,,,,,,
gvzhkLjOQds_000005_000015.mp4,17.0,slicing onion,29.95,0.0,9.73,0.0,5.88,0,176,0,10,10,21,21.0,31.0,31.0,41.0,41.0,52.0,52.0,62.0,62.0,72.0,72.0,83.0,83.0,93.0,93.0,104.0,104.0,114.0,114.0,124.0,124.0,135.0,135.0,145.0,145.0,155.0,155.0,166.0,166.0,176.0,,,,,,,,,,,,,,,,,,,,,,,,,,,,,,,,,,,,,,,,,,,,,,,,,,,,,,,,,,,,,,,,,,,,,,
h_cgCb6XAwM_000228_000238.mp4,2.0,slicing onion,23.97,0.0,3.228,0.0,1.67,0,40,0,20,20,40,,,,,,,,,,,,,,,,,,,,,,,,,,,,,,,,,,,,,,,,,,,,,,,,,,,,,,,,,,,,,,,,,,,,,,,,,,,,,,,,,,,,,,,,,,,,,,,,,,,,
iSlQpbAQ66M_000200_000210.mp4,3.0,slicing onion,29.84,0.0,10.021,0.0,9.96,0,297,0,99,99,198,198.0,297.0,,,,,,,,,,,,,,,,,,,,,,,,,,,,,,,,,,,,,,,,,,,,,,,,,,,,,,,,,,,,,,,,,,,,,,,,,,,,,,,,,,,,,,,,,,,,,,,,,,
ivOGqRMb6O4_000019_000029.mp4,10.0,slicing onion,30.0,0.0,10.0,0.0,2.13,0,64,0,6,6,13,13.0,19.0,19.0,26.0,26.0,32.0,32.0,38.0,38.0,45.0,45.0,51.0,51.0,58.0,58.0,64.0,,,,,,,,,,,,,,,,,,,,,,,,,,,,,,,,,,,,,,,,,,,,,,,,,,,,,,,,,,,,,,,,,,,,,,,,,,,,,,,,,,,,
jAjSIhIzWMI_000043_000053.mp4,23.0,slicing onion,30.0,0.0,9.846,0.0,7.38,0,221,0,10,10,19,19.0,29.0,29.0,38.0,38.0,48.0,48.0,58.0,58.0,67.0,67.0,77.0,77.0,86.0,86.0,96.0,96.0,106.0,106.0,115.0,115.0,125.0,125.0,135.0,135.0,144.0,144.0,154.0,154.0,163.0,163.0,173.0,173.0,183.0,183.0,192.0,192.0,202.0,202.0,211.0,211.0,221.0,,,,,,,,,,,,,,,,,,,,,,,,,,,,,,,,,,,,,,,,,,,,,,,,,,,,,,,,,,
jMKGwCkjWs0_000039_000049.mp4,2.0,slicing onion,30.0,0.0,10.0,0.0,2.7,0,81,0,40,40,81,,,,,,,,,,,,,,,,,,,,,,,,,,,,,,,,,,,,,,,,,,,,,,,,,,,,,,,,,,,,,,,,,,,,,,,,,,,,,,,,,,,,,,,,,,,,,,,,,,,,
jegH3kB3DNs_000007_000017.mp4,3.0,slicing onion,30.0,0.0,10.008,1.0,5.0,30,150,30,70,70,110,110.0,150.0,,,,,,,,,,,,,,,,,,,,,,,,,,,,,,,,,,,,,,,,,,,,,,,,,,,,,,,,,,,,,,,,,,,,,,,,,,,,,,,,,,,,,,,,,,,,,,,,,,
jynkHtHTHfE_000004_000014.mp4,8.0,slicing onion,29.97,0.0,9.08,0.0,1.23,0,37,0,5,5,9,9.0,14.0,14.0,18.0,18.0,23.0,23.0,28.0,28.0,32.0,32.0,37.0,,,,,,,,,,,,,,,,,,,,,,,,,,,,,,,,,,,,,,,,,,,,,,,,,,,,,,,,,,,,,,,,,,,,,,,,,,,,,,,,,,,,,,,,
jynkHtHTHfE_000004_000014.mp4,27.0,slicing onion,29.97,0.0,9.08,2.9,6.91,87,207,87,91,91,96,96.0,100.0,100.0,105.0,105.0,109.0,109.0,114.0,114.0,118.0,118.0,123.0,123.0,127.0,127.0,131.0,131.0,136.0,136.0,140.0,140.0,145.0,145.0,149.0,149.0,154.0,154.0,158.0,158.0,163.0,163.0,167.0,167.0,171.0,171.0,176.0,176.0,180.0,180.0,185.0,185.0,189.0,189.0,194.0,194.0,198.0,198.0,203.0,203.0,207.0,,,,,,,,,,,,,,,,,,,,,,,,,,,,,,,,,,,,,,,,,,,,,,,,,,
kMx_8yzxLUQ_000051_000061.mp4,35.0,slicing onion,29.64,0.0,10.022,0.0,9.94,0,295,0,8,8,17,17.0,25.0,25.0,34.0,34.0,42.0,42.0,51.0,51.0,59.0,59.0,67.0,67.0,76.0,76.0,84.0,84.0,93.0,93.0,101.0,101.0,110.0,110.0,118.0,118.0,126.0,126.0,135.0,135.0,143.0,143.0,152.0,152.0,160.0,160.0,169.0,169.0,177.0,177.0,185.0,185.0,194.0,194.0,202.0,202.0,211.0,211.0,219.0,219.0,228.0,228.0,236.0,236.0,244.0,244.0,253.0,253.0,261.0,261.0,270.0,270.0,278.0,278.0,287.0,287.0,295.0,,,,,,,,,,,,,,,,,,,,,,,,,,,,,,,,,,
lTJshoxjeUw_000249_000259.mp4,2.0,slicing onion,25.0,0.0,10.008,0.0,1.88,0,47,0,24,24,47,,,,,,,,,,,,,,,,,,,,,,,,,,,,,,,,,,,,,,,,,,,,,,,,,,,,,,,,,,,,,,,,,,,,,,,,,,,,,,,,,,,,,,,,,,,,,,,,,,,,
lw7X3f3Qvgw_000106_000116.mp4,14.0,slicing onion,30.0,0.0,10.0,0.0,7.7,0,231,0,16,16,33,33.0,50.0,50.0,66.0,66.0,82.0,82.0,99.0,99.0,116.0,116.0,132.0,132.0,148.0,148.0,165.0,165.0,182.0,182.0,198.0,198.0,214.0,214.0,231.0,,,,,,,,,,,,,,,,,,,,,,,,,,,,,,,,,,,,,,,,,,,,,,,,,,,,,,,,,,,,,,,,,,,,,,,,,,,,
mfIXRgPakTk_000119_000129.mp4,2.0,slicing onion,29.97,0.0,10.01,4.07,9.98,122,299,122,210,210,299,,,,,,,,,,,,,,,,,,,,,,,,,,,,,,,,,,,,,,,,,,,,,,,,,,,,,,,,,,,,,,,,,,,,,,,,,,,,,,,,,,,,,,,,,,,,,,,,,,,,
ncZKWOhFMXk_000029_000039.mp4,4.0,slicing onion,29.97,0.0,10.01,3.55,6.27,106,188,106,126,126,147,147.0,168.0,168.0,188.0,,,,,,,,,,,,,,,,,,,,,,,,,,,,,,,,,,,,,,,,,,,,,,,,,,,,,,,,,,,,,,,,,,,,,,,,,,,,,,,,,,,,,,,,,,,,,,,,
ncZKWOhFMXk_000029_000039.mp4,3.0,slicing onion,29.97,0.0,10.01,7.77,9.94,233,298,233,255,255,276,276.0,298.0,,,,,,,,,,,,,,,,,,,,,,,,,,,,,,,,,,,,,,,,,,,,,,,,,,,,,,,,,,,,,,,,,,,,,,,,,,,,,,,,,,,,,,,,,,,,,,,,,,
oQgxM2xeyBo_000059_000069.mp4,15.0,slicing onion,29.97,0.0,10.01,0.0,2.85,0,85,0,6,6,11,11.0,17.0,17.0,23.0,23.0,28.0,28.0,34.0,34.0,40.0,40.0,45.0,45.0,51.0,51.0,57.0,57.0,62.0,62.0,68.0,68.0,74.0,74.0,79.0,79.0,85.0,,,,,,,,,,,,,,,,,,,,,,,,,,,,,,,,,,,,,,,,,,,,,,,,,,,,,,,,,,,,,,,,,,,,,,,,,,
ppGug0UyvFs_000087_000097.mp4,13.0,slicing onion,24.0,0.0,10.008,0.0,6.0,0,144,0,11,11,22,22.0,33.0,33.0,44.0,44.0,55.0,55.0,66.0,66.0,78.0,78.0,89.0,89.0,100.0,100.0,111.0,111.0,122.0,122.0,133.0,133.0,144.0,,,,,,,,,,,,,,,,,,,,,,,,,,,,,,,,,,,,,,,,,,,,,,,,,,,,,,,,,,,,,,,,,,,,,,,,,,,,,,
ppGug0UyvFs_000087_000097.mp4,8.0,slicing onion,24.0,0.0,10.008,7.5,10.0,180,240,180,188,188,195,195.0,202.0,202.0,210.0,210.0,218.0,218.0,225.0,225.0,232.0,232.0,240.0,,,,,,,,,,,,,,,,,,,,,,,,,,,,,,,,,,,,,,,,,,,,,,,,,,,,,,,,,,,,,,,,,,,,,,,,,,,,,,,,,,,,,,,,
sY6runQjXlo_000078_000088.mp4,2.0,slicing onion,29.97,0.0,10.01,2.37,5.91,71,177,71,124,124,177,,,,,,,,,,,,,,,,,,,,,,,,,,,,,,,,,,,,,,,,,,,,,,,,,,,,,,,,,,,,,,,,,,,,,,,,,,,,,,,,,,,,,,,,,,,,,,,,,,,,
sp7mjp1sDCo_000000_000010.mp4,29.0,slicing onion,15.0,0.0,10.008,3.8,10.0,57,150,57,60,60,63,63.0,67.0,67.0,70.0,70.0,73.0,73.0,76.0,76.0,79.0,79.0,83.0,83.0,86.0,86.0,89.0,89.0,92.0,92.0,95.0,95.0,99.0,99.0,102.0,102.0,105.0,105.0,108.0,108.0,112.0,112.0,115.0,115.0,118.0,118.0,121.0,121.0,124.0,124.0,128.0,128.0,131.0,131.0,134.0,134.0,137.0,137.0,140.0,140.0,144.0,144.0,147.0,147.0,150.0,,,,,,,,,,,,,,,,,,,,,,,,,,,,,,,,,,,,,,,,,,,,,,
tYRLwxtvswg_000005_000015.mp4,26.0,slicing onion,29.97,0.0,9.288,0.0,6.32,0,189,0,7,7,15,15.0,22.0,22.0,29.0,29.0,36.0,36.0,44.0,44.0,51.0,51.0,58.0,58.0,65.0,65.0,73.0,73.0,80.0,80.0,87.0,87.0,94.0,94.0,102.0,102.0,109.0,109.0,116.0,116.0,124.0,124.0,131.0,131.0,138.0,138.0,145.0,145.0,153.0,153.0,160.0,160.0,167.0,167.0,174.0,174.0,182.0,182.0,189.0,,,,,,,,,,,,,,,,,,,,,,,,,,,,,,,,,,,,,,,,,,,,,,,,,,,,
tdFnvuJ8jho_000076_000086.mp4,7.0,slicing onion,29.97,0.0,10.01,0.0,8.51,0,255,0,36,36,73,73.0,109.0,109.0,146.0,146.0,182.0,182.0,219.0,219.0,255.0,,,,,,,,,,,,,,,,,,,,,,,,,,,,,,,,,,,,,,,,,,,,,,,,,,,,,,,,,,,,,,,,,,,,,,,,,,,,,,,,,,,,,,,,,,
uCn_a2zTi7w_000212_000222.mp4,12.0,slicing onion,29.92,0.0,10.028,0.85,4.11,25,123,25,33,33,41,41.0,49.0,49.0,58.0,58.0,66.0,66.0,74.0,74.0,82.0,82.0,90.0,90.0,99.0,99.0,107.0,107.0,115.0,115.0,123.0,,,,,,,,,,,,,,,,,,,,,,,,,,,,,,,,,,,,,,,,,,,,,,,,,,,,,,,,,,,,,,,,,,,,,,,,,,,,,,,,
uIlD931emW0_000055_000065.mp4,4.0,slicing onion,29.97,0.0,10.01,0.0,3.57,0,107,0,27,27,54,54.0,80.0,80.0,107.0,,,,,,,,,,,,,,,,,,,,,,,,,,,,,,,,,,,,,,,,,,,,,,,,,,,,,,,,,,,,,,,,,,,,,,,,,,,,,,,,,,,,,,,,,,,,,,,,
vkpPM_92Vlg_000020_000030.mp4,12.0,slicing onion,15.0,0.0,10.0,0.0,4.13,0,62,0,5,5,10,10.0,16.0,16.0,21.0,21.0,26.0,26.0,31.0,31.0,36.0,36.0,41.0,41.0,46.0,46.0,52.0,52.0,57.0,57.0,62.0,,,,,,,,,,,,,,,,,,,,,,,,,,,,,,,,,,,,,,,,,,,,,,,,,,,,,,,,,,,,,,,,,,,,,,,,,,,,,,,,
vz6ozqYt6w4_000010_000020.mp4,5.0,slicing onion,7.5,0.0,10.129,0.0,4.53,0,34,0,7,7,14,14.0,20.0,20.0,27.0,27.0,34.0,,,,,,,,,,,,,,,,,,,,,,,,,,,,,,,,,,,,,,,,,,,,,,,,,,,,,,,,,,,,,,,,,,,,,,,,,,,,,,,,,,,,,,,,,,,,,,
v2n-vykTMpg_000055_000065.mp4,7.0,slicing onion,16.05,0.0,10.034,1.37,7.1,22,114,22,35,35,48,48.0,61.0,61.0,75.0,75.0,88.0,88.0,101.0,101.0,114.0,,,,,,,,,,,,,,,,,,,,,,,,,,,,,,,,,,,,,,,,,,,,,,,,,,,,,,,,,,,,,,,,,,,,,,,,,,,,,,,,,,,,,,,,,,
xSYsu9Osgwk_000001_000011.mp4,10.0,slicing onion,30.0,0.0,4.853,0.0,1.9,0,57,0,6,6,11,11.0,17.0,17.0,23.0,23.0,28.0,28.0,34.0,34.0,40.0,40.0,46.0,46.0,51.0,51.0,57.0,,,,,,,,,,,,,,,,,,,,,,,,,,,,,,,,,,,,,,,,,,,,,,,,,,,,,,,,,,,,,,,,,,,,,,,,,,,,,,,,,,,,
xZyluVs0ojg_000181_000191.mp4,3.0,slicing onion,59.94,0.0,10.01,0.0,2.64,0,158,0,53,53,105,105.0,158.0,,,,,,,,,,,,,,,,,,,,,,,,,,,,,,,,,,,,,,,,,,,,,,,,,,,,,,,,,,,,,,,,,,,,,,,,,,,,,,,,,,,,,,,,,,,,,,,,,,
xkJRJ7VDAM8_000005_000015.mp4,15.0,slicing onion,30.0,0.0,10.0,0.0,3.47,0,104,0,7,7,14,14.0,21.0,21.0,28.0,28.0,35.0,35.0,42.0,42.0,49.0,49.0,55.0,55.0,62.0,62.0,69.0,69.0,76.0,76.0,83.0,83.0,90.0,90.0,97.0,97.0,104.0,,,,,,,,,,,,,,,,,,,,,,,,,,,,,,,,,,,,,,,,,,,,,,,,,,,,,,,,,,,,,,,,,,,,,,,,,,
xkJRJ7VDAM8_000005_000015.mp4,13.0,slicing onion,30.0,0.0,10.0,3.88,6.43,116,193,116,122,122,128,128.0,134.0,134.0,140.0,140.0,146.0,146.0,152.0,152.0,157.0,157.0,163.0,163.0,169.0,169.0,175.0,175.0,181.0,181.0,187.0,187.0,193.0,,,,,,,,,,,,,,,,,,,,,,,,,,,,,,,,,,,,,,,,,,,,,,,,,,,,,,,,,,,,,,,,,,,,,,,,,,,,,,
xkJRJ7VDAM8_000005_000015.mp4,10.0,slicing onion,30.0,0.0,10.0,8.37,10.0,251,300,251,256,256,261,261.0,266.0,266.0,271.0,271.0,275.0,275.0,280.0,280.0,285.0,285.0,290.0,290.0,295.0,295.0,300.0,,,,,,,,,,,,,,,,,,,,,,,,,,,,,,,,,,,,,,,,,,,,,,,,,,,,,,,,,,,,,,,,,,,,,,,,,,,,,,,,,,,,
AtTo4I3FEtE_000014_000024.mp4,3.0,swimming butterfly stroke,30.0,0.0,6.827,0.67,6.33,20,190,20,77,77,133,133.0,190.0,,,,,,,,,,,,,,,,,,,,,,,,,,,,,,,,,,,,,,,,,,,,,,,,,,,,,,,,,,,,,,,,,,,,,,,,,,,,,,,,,,,,,,,,,,,,,,,,,,
A50UYDuqIJ8_000012_000022.mp4,6.0,swimming butterfly stroke,24.96,0.0,10.017,3.61,9.98,90,249,90,116,116,143,143.0,170.0,170.0,196.0,196.0,222.0,222.0,249.0,,,,,,,,,,,,,,,,,,,,,,,,,,,,,,,,,,,,,,,,,,,,,,,,,,,,,,,,,,,,,,,,,,,,,,,,,,,,,,,,,,,,,,,,,,,,
A7xOaBJGXTc_000030_000040.mp4,8.0,swimming butterfly stroke,28.97,0.0,10.045,0.0,9.93,0,288,0,36,36,72,72.0,108.0,108.0,144.0,144.0,180.0,180.0,216.0,216.0,252.0,252.0,288.0,,,,,,,,,,,,,,,,,,,,,,,,,,,,,,,,,,,,,,,,,,,,,,,,,,,,,,,,,,,,,,,,,,,,,,,,,,,,,,,,,,,,,,,,
D9yiPcRPbyo_000003_000013.mp4,3.0,swimming butterfly stroke,23.98,0.0,10.01,4.4,9.86,105,236,105,149,149,192,192.0,236.0,,,,,,,,,,,,,,,,,,,,,,,,,,,,,,,,,,,,,,,,,,,,,,,,,,,,,,,,,,,,,,,,,,,,,,,,,,,,,,,,,,,,,,,,,,,,,,,,,,
FFDQSzwwaW8_000002_000012.mp4,6.0,swimming butterfly stroke,29.97,0.0,10.01,1.37,9.94,41,298,41,84,84,127,127.0,169.0,169.0,212.0,212.0,255.0,255.0,298.0,,,,,,,,,,,,,,,,,,,,,,,,,,,,,,,,,,,,,,,,,,,,,,,,,,,,,,,,,,,,,,,,,,,,,,,,,,,,,,,,,,,,,,,,,,,,
FFDQSzwwaW8_000000_000010.mp4,6.0,swimming front crawl,29.97,0.0,10.01,1.37,9.94,41,298,41,84,84,127,127.0,169.0,169.0,212.0,212.0,255.0,255.0,298.0,,,,,,,,,,,,,,,,,,,,,,,,,,,,,,,,,,,,,,,,,,,,,,,,,,,,,,,,,,,,,,,,,,,,,,,,,,,,,,,,,,,,,,,,,,,,
HI6k03MNTcI_000093_000103.mp4,6.0,swimming breast stroke,29.97,0.0,10.01,0.0,9.98,0,299,0,50,50,100,100.0,150.0,150.0,199.0,199.0,249.0,249.0,299.0,,,,,,,,,,,,,,,,,,,,,,,,,,,,,,,,,,,,,,,,,,,,,,,,,,,,,,,,,,,,,,,,,,,,,,,,,,,,,,,,,,,,,,,,,,,,
HI6k03MNTcI_000036_000046.mp4,6.0,swimming butterfly stroke,29.97,0.0,10.01,0.0,9.98,0,299,0,50,50,100,100.0,150.0,150.0,199.0,199.0,249.0,249.0,299.0,,,,,,,,,,,,,,,,,,,,,,,,,,,,,,,,,,,,,,,,,,,,,,,,,,,,,,,,,,,,,,,,,,,,,,,,,,,,,,,,,,,,,,,,,,,,
HI6k03MNTcI_000020_000030.mp4,6.0,swimming front crawl,29.97,0.0,10.01,0.0,9.98,0,299,0,50,50,100,100.0,150.0,150.0,199.0,199.0,249.0,249.0,299.0,,,,,,,,,,,,,,,,,,,,,,,,,,,,,,,,,,,,,,,,,,,,,,,,,,,,,,,,,,,,,,,,,,,,,,,,,,,,,,,,,,,,,,,,,,,,
H1OtLrfK3Ho_000020_000030.mp4,3.0,swimming breast stroke,29.97,0.0,10.01,0.0,5.04,0,151,0,50,50,101,101.0,151.0,,,,,,,,,,,,,,,,,,,,,,,,,,,,,,,,,,,,,,,,,,,,,,,,,,,,,,,,,,,,,,,,,,,,,,,,,,,,,,,,,,,,,,,,,,,,,,,,,,
H1OtLrfK3Ho_000005_000015.mp4,3.0,swimming butterfly stroke,29.97,0.0,10.01,0.0,5.04,0,151,0,50,50,101,101.0,151.0,,,,,,,,,,,,,,,,,,,,,,,,,,,,,,,,,,,,,,,,,,,,,,,,,,,,,,,,,,,,,,,,,,,,,,,,,,,,,,,,,,,,,,,,,,,,,,,,,,
H1OtLrfK3Ho_000020_000030.mp4,2.0,swimming breast stroke,29.97,0.0,10.01,7.61,9.98,228,299,228,264,264,299,,,,,,,,,,,,,,,,,,,,,,,,,,,,,,,,,,,,,,,,,,,,,,,,,,,,,,,,,,,,,,,,,,,,,,,,,,,,,,,,,,,,,,,,,,,,,,,,,,,,
H1OtLrfK3Ho_000005_000015.mp4,2.0,swimming butterfly stroke,29.97,0.0,10.01,7.61,9.98,228,299,228,264,264,299,,,,,,,,,,,,,,,,,,,,,,,,,,,,,,,,,,,,,,,,,,,,,,,,,,,,,,,,,,,,,,,,,,,,,,,,,,,,,,,,,,,,,,,,,,,,,,,,,,,,
JUuy1XZHjIY_000011_000021.mp4,5.0,swimming butterfly stroke,30.0,0.0,10.008,0.0,10.0,0,300,0,60,60,120,120.0,180.0,180.0,240.0,240.0,300.0,,,,,,,,,,,,,,,,,,,,,,,,,,,,,,,,,,,,,,,,,,,,,,,,,,,,,,,,,,,,,,,,,,,,,,,,,,,,,,,,,,,,,,,,,,,,,,
KWVLsndbSuU_000006_000016.mp4,2.0,swimming butterfly stroke,30.0,0.0,6.2,0.0,4.53,0,136,0,68,68,136,,,,,,,,,,,,,,,,,,,,,,,,,,,,,,,,,,,,,,,,,,,,,,,,,,,,,,,,,,,,,,,,,,,,,,,,,,,,,,,,,,,,,,,,,,,,,,,,,,,,
LwHF4_RXGTw_000059_000069.mp4,2.0,swimming butterfly stroke,15.0,0.0,10.008,3.87,7.47,58,112,58,85,85,112,,,,,,,,,,,,,,,,,,,,,,,,,,,,,,,,,,,,,,,,,,,,,,,,,,,,,,,,,,,,,,,,,,,,,,,,,,,,,,,,,,,,,,,,,,,,,,,,,,,,
MXpuubeQhNk_000050_000060.mp4,2.0,swimming butterfly stroke,30.0,0.0,10.0,0.0,5.47,0,164,0,82,82,164,,,,,,,,,,,,,,,,,,,,,,,,,,,,,,,,,,,,,,,,,,,,,,,,,,,,,,,,,,,,,,,,,,,,,,,,,,,,,,,,,,,,,,,,,,,,,,,,,,,,
POGTm5vGEII_000003_000013.mp4,8.0,swimming butterfly stroke,29.0,0.0,10.0,0.0,10.0,0,290,0,36,36,72,72.0,109.0,109.0,145.0,145.0,181.0,181.0,218.0,218.0,254.0,254.0,290.0,,,,,,,,,,,,,,,,,,,,,,,,,,,,,,,,,,,,,,,,,,,,,,,,,,,,,,,,,,,,,,,,,,,,,,,,,,,,,,,,,,,,,,,,
P2yMabeh2Co_000007_000017.mp4,5.0,swimming butterfly stroke,30.0,0.0,9.544,0.0,6.0,0,180,0,36,36,72,72.0,108.0,108.0,144.0,144.0,180.0,,,,,,,,,,,,,,,,,,,,,,,,,,,,,,,,,,,,,,,,,,,,,,,,,,,,,,,,,,,,,,,,,,,,,,,,,,,,,,,,,,,,,,,,,,,,,,
QJg4XDa5k3o_000000_000010.mp4,5.0,swimming butterfly stroke,30.0,0.0,10.008,1.37,9.97,41,299,41,93,93,144,144.0,196.0,196.0,247.0,247.0,299.0,,,,,,,,,,,,,,,,,,,,,,,,,,,,,,,,,,,,,,,,,,,,,,,,,,,,,,,,,,,,,,,,,,,,,,,,,,,,,,,,,,,,,,,,,,,,,,
TTRjWksItbM_000003_000013.mp4,2.0,swimming butterfly stroke,29.97,0.0,10.01,5.64,9.98,169,299,169,234,234,299,,,,,,,,,,,,,,,,,,,,,,,,,,,,,,,,,,,,,,,,,,,,,,,,,,,,,,,,,,,,,,,,,,,,,,,,,,,,,,,,,,,,,,,,,,,,,,,,,,,,
WfSvqb5UFHk_000029_000039.mp4,6.0,swimming butterfly stroke,25.0,0.0,10.008,0.0,10.0,0,250,0,42,42,83,83.0,125.0,125.0,167.0,167.0,208.0,208.0,250.0,,,,,,,,,,,,,,,,,,,,,,,,,,,,,,,,,,,,,,,,,,,,,,,,,,,,,,,,,,,,,,,,,,,,,,,,,,,,,,,,,,,,,,,,,,,,
Y22OE9ZSlnY_000000_000010.mp4,6.0,swimming butterfly stroke,25.0,0.0,9.497,0.0,7.48,0,187,0,31,31,62,62.0,94.0,94.0,125.0,125.0,156.0,156.0,187.0,,,,,,,,,,,,,,,,,,,,,,,,,,,,,,,,,,,,,,,,,,,,,,,,,,,,,,,,,,,,,,,,,,,,,,,,,,,,,,,,,,,,,,,,,,,,
cIaABUwBI3U_000006_000016.mp4,4.0,swimming butterfly stroke,30.0,0.0,9.056,0.0,8.97,0,269,0,67,67,134,134.0,202.0,202.0,269.0,,,,,,,,,,,,,,,,,,,,,,,,,,,,,,,,,,,,,,,,,,,,,,,,,,,,,,,,,,,,,,,,,,,,,,,,,,,,,,,,,,,,,,,,,,,,,,,,
cdWDLFCj2OY_000018_000028.mp4,4.0,swimming butterfly stroke,29.97,0.0,9.043,0.0,8.87,0,266,0,66,66,133,133.0,200.0,200.0,266.0,,,,,,,,,,,,,,,,,,,,,,,,,,,,,,,,,,,,,,,,,,,,,,,,,,,,,,,,,,,,,,,,,,,,,,,,,,,,,,,,,,,,,,,,,,,,,,,,
cdWDLFCj2OY_000009_000019.mp4,4.0,swimming front crawl,29.97,0.0,10.01,0.0,8.87,0,266,0,66,66,133,133.0,200.0,200.0,266.0,,,,,,,,,,,,,,,,,,,,,,,,,,,,,,,,,,,,,,,,,,,,,,,,,,,,,,,,,,,,,,,,,,,,,,,,,,,,,,,,,,,,,,,,,,,,,,,,
eOpPlx-1vZ4_000005_000015.mp4,7.0,swimming butterfly stroke,29.97,0.0,10.01,0.0,7.57,0,227,0,32,32,65,65.0,97.0,97.0,130.0,130.0,162.0,162.0,195.0,195.0,227.0,,,,,,,,,,,,,,,,,,,,,,,,,,,,,,,,,,,,,,,,,,,,,,,,,,,,,,,,,,,,,,,,,,,,,,,,,,,,,,,,,,,,,,,,,,
g8VIqpxoQbE_000004_000014.mp4,3.0,swimming butterfly stroke,30.0,0.0,10.0,4.37,10.0,131,300,131,187,187,244,244.0,300.0,,,,,,,,,,,,,,,,,,,,,,,,,,,,,,,,,,,,,,,,,,,,,,,,,,,,,,,,,,,,,,,,,,,,,,,,,,,,,,,,,,,,,,,,,,,,,,,,,,
hYpfqDMuMIY_000020_000030.mp4,4.0,swimming butterfly stroke,29.97,0.0,10.01,0.3,4.42,9,132,9,40,40,71,71.0,101.0,101.0,132.0,,,,,,,,,,,,,,,,,,,,,,,,,,,,,,,,,,,,,,,,,,,,,,,,,,,,,,,,,,,,,,,,,,,,,,,,,,,,,,,,,,,,,,,,,,,,,,,,
k6SNmV14PWU_000002_000012.mp4,4.0,swimming butterfly stroke,29.97,0.0,10.01,0.0,5.24,0,157,0,39,39,78,78.0,118.0,118.0,157.0,,,,,,,,,,,,,,,,,,,,,,,,,,,,,,,,,,,,,,,,,,,,,,,,,,,,,,,,,,,,,,,,,,,,,,,,,,,,,,,,,,,,,,,,,,,,,,,,
k6SNmV14PWU_000000_000010.mp4,4.0,swimming front crawl,29.97,0.0,8.453,0.0,5.24,0,157,0,39,39,78,78.0,118.0,118.0,157.0,,,,,,,,,,,,,,,,,,,,,,,,,,,,,,,,,,,,,,,,,,,,,,,,,,,,,,,,,,,,,,,,,,,,,,,,,,,,,,,,,,,,,,,,,,,,,,,,
lEbTbt1K87U_000000_000010.mp4,8.0,swimming butterfly stroke,25.0,0.0,10.008,0.0,10.0,0,250,0,31,31,62,62.0,94.0,94.0,125.0,125.0,156.0,156.0,188.0,188.0,219.0,219.0,250.0,,,,,,,,,,,,,,,,,,,,,,,,,,,,,,,,,,,,,,,,,,,,,,,,,,,,,,,,,,,,,,,,,,,,,,,,,,,,,,,,,,,,,,,,
l45vI_zjuWo_000010_000020.mp4,5.0,swimming butterfly stroke,59.94,0.0,9.08,0.0,9.01,0,540,0,108,108,216,216.0,324.0,324.0,432.0,432.0,540.0,,,,,,,,,,,,,,,,,,,,,,,,,,,,,,,,,,,,,,,,,,,,,,,,,,,,,,,,,,,,,,,,,,,,,,,,,,,,,,,,,,,,,,,,,,,,,,
mRBykbMm_jA_000006_000016.mp4,7.0,swimming butterfly stroke,30.0,0.0,10.008,0.0,9.3,0,279,0,40,40,80,80.0,120.0,120.0,159.0,159.0,199.0,199.0,239.0,239.0,279.0,,,,,,,,,,,,,,,,,,,,,,,,,,,,,,,,,,,,,,,,,,,,,,,,,,,,,,,,,,,,,,,,,,,,,,,,,,,,,,,,,,,,,,,,,,
maVnj-BZ7JY_000010_000020.mp4,9.0,swimming breast stroke,7.62,0.0,9.186,0.0,9.91,0,76,0,8,8,17,17.0,25.0,25.0,34.0,34.0,42.0,42.0,51.0,51.0,59.0,59.0,68.0,68.0,76.0,,,,,,,,,,,,,,,,,,,,,,,,,,,,,,,,,,,,,,,,,,,,,,,,,,,,,,,,,,,,,,,,,,,,,,,,,,,,,,,,,,,,,,
maVnj-BZ7JY_000006_000016.mp4,9.0,swimming butterfly stroke,7.67,0.0,10.044,0.0,9.91,0,76,0,8,8,17,17.0,25.0,25.0,34.0,34.0,42.0,42.0,51.0,51.0,59.0,59.0,68.0,68.0,76.0,,,,,,,,,,,,,,,,,,,,,,,,,,,,,,,,,,,,,,,,,,,,,,,,,,,,,,,,,,,,,,,,,,,,,,,,,,,,,,,,,,,,,,
tOicP_u_8e4_000001_000011.mp4,4.0,swimming butterfly stroke,29.97,0.0,10.01,4.15,9.98,124,299,124,168,168,212,212.0,255.0,255.0,299.0,,,,,,,,,,,,,,,,,,,,,,,,,,,,,,,,,,,,,,,,,,,,,,,,,,,,,,,,,,,,,,,,,,,,,,,,,,,,,,,,,,,,,,,,,,,,,,,,
tbesSp7Nu0M_000033_000043.mp4,2.0,swimming butterfly stroke,30.0,0.0,10.0,0.0,3.78,0,113,0,56,56,113,,,,,,,,,,,,,,,,,,,,,,,,,,,,,,,,,,,,,,,,,,,,,,,,,,,,,,,,,,,,,,,,,,,,,,,,,,,,,,,,,,,,,,,,,,,,,,,,,,,,
t6Ny1kl7Mxs_000000_000010.mp4,4.0,swimming breast stroke,30.0,0.0,10.008,2.17,9.67,65,290,65,121,121,177,177.0,234.0,234.0,290.0,,,,,,,,,,,,,,,,,,,,,,,,,,,,,,,,,,,,,,,,,,,,,,,,,,,,,,,,,,,,,,,,,,,,,,,,,,,,,,,,,,,,,,,,,,,,,,,,
t6Ny1kl7Mxs_000007_000017.mp4,4.0,swimming butterfly stroke,30.0,0.0,10.0,2.17,9.67,65,290,65,121,121,177,177.0,234.0,234.0,290.0,,,,,,,,,,,,,,,,,,,,,,,,,,,,,,,,,,,,,,,,,,,,,,,,,,,,,,,,,,,,,,,,,,,,,,,,,,,,,,,,,,,,,,,,,,,,,,,,
0s3dI9DaQUY_000002_000012.mp4,3.0,swimming butterfly stroke,29.97,0.0,10.01,0.0,9.84,0,295,0,98,98,197,197.0,295.0,,,,,,,,,,,,,,,,,,,,,,,,,,,,,,,,,,,,,,,,,,,,,,,,,,,,,,,,,,,,,,,,,,,,,,,,,,,,,,,,,,,,,,,,,,,,,,,,,,
1OFMICfXJvQ_000003_000013.mp4,5.0,swimming butterfly stroke,29.97,0.0,10.01,0.0,9.98,0,299,0,60,60,120,120.0,179.0,179.0,239.0,239.0,299.0,,,,,,,,,,,,,,,,,,,,,,,,,,,,,,,,,,,,,,,,,,,,,,,,,,,,,,,,,,,,,,,,,,,,,,,,,,,,,,,,,,,,,,,,,,,,,,
1_--09LCWLU_000000_000010.mp4,5.0,swimming butterfly stroke,30.0,0.0,10.008,0.0,10.0,0,300,0,60,60,120,120.0,180.0,180.0,240.0,240.0,300.0,,,,,,,,,,,,,,,,,,,,,,,,,,,,,,,,,,,,,,,,,,,,,,,,,,,,,,,,,,,,,,,,,,,,,,,,,,,,,,,,,,,,,,,,,,,,,,
4lgbJKPMo3Y_000000_000010.mp4,3.0,swimming butterfly stroke,29.97,0.0,6.409,0.0,3.57,0,107,0,36,36,71,71.0,107.0,,,,,,,,,,,,,,,,,,,,,,,,,,,,,,,,,,,,,,,,,,,,,,,,,,,,,,,,,,,,,,,,,,,,,,,,,,,,,,,,,,,,,,,,,,,,,,,,,,
5LlwPLP6ELg_000260_000270.mp4,3.0,swimming butterfly stroke,29.97,0.0,10.01,3.04,6.97,91,209,91,130,130,170,170.0,209.0,,,,,,,,,,,,,,,,,,,,,,,,,,,,,,,,,,,,,,,,,,,,,,,,,,,,,,,,,,,,,,,,,,,,,,,,,,,,,,,,,,,,,,,,,,,,,,,,,,
9aCHFjdMLdY_000030_000040.mp4,4.0,swimming butterfly stroke,30.0,0.0,10.008,0.0,6.17,0,185,0,46,46,92,92.0,139.0,139.0,185.0,,,,,,,,,,,,,,,,,,,,,,,,,,,,,,,,,,,,,,,,,,,,,,,,,,,,,,,,,,,,,,,,,,,,,,,,,,,,,,,,,,,,,,,,,,,,,,,,
AAECW6meQrA_000351_000361.mp4,8.0,swimming front crawl,25.0,0.0,10.0,2.36,10.0,59,250,59,83,83,107,107.0,131.0,131.0,155.0,155.0,178.0,178.0,202.0,202.0,226.0,226.0,250.0,,,,,,,,,,,,,,,,,,,,,,,,,,,,,,,,,,,,,,,,,,,,,,,,,,,,,,,,,,,,,,,,,,,,,,,,,,,,,,,,,,,,,,,,
AlSCMCPFlqo_000319_000329.mp4,8.0,swimming front crawl,29.92,0.0,10.028,1.44,9.99,43,299,43,75,75,107,107.0,139.0,139.0,171.0,171.0,203.0,203.0,235.0,235.0,267.0,267.0,299.0,,,,,,,,,,,,,,,,,,,,,,,,,,,,,,,,,,,,,,,,,,,,,,,,,,,,,,,,,,,,,,,,,,,,,,,,,,,,,,,,,,,,,,,,
FFDQSzwwaW8_000002_000012.mp4,4.0,swimming butterfly stroke,29.97,0.0,10.01,3.64,9.78,109,293,109,155,155,201,201.0,247.0,247.0,293.0,,,,,,,,,,,,,,,,,,,,,,,,,,,,,,,,,,,,,,,,,,,,,,,,,,,,,,,,,,,,,,,,,,,,,,,,,,,,,,,,,,,,,,,,,,,,,,,,
FFDQSzwwaW8_000000_000010.mp4,4.0,swimming front crawl,29.97,0.0,10.01,3.64,9.78,109,293,109,155,155,201,201.0,247.0,247.0,293.0,,,,,,,,,,,,,,,,,,,,,,,,,,,,,,,,,,,,,,,,,,,,,,,,,,,,,,,,,,,,,,,,,,,,,,,,,,,,,,,,,,,,,,,,,,,,,,,,
GeiqTdtP2MY_000018_000028.mp4,9.0,swimming front crawl,30.0,0.0,9.0,0.0,6.97,0,209,0,23,23,46,46.0,70.0,70.0,93.0,93.0,116.0,116.0,139.0,139.0,163.0,163.0,186.0,186.0,209.0,,,,,,,,,,,,,,,,,,,,,,,,,,,,,,,,,,,,,,,,,,,,,,,,,,,,,,,,,,,,,,,,,,,,,,,,,,,,,,,,,,,,,,
Jq4XMy3iKCo_000016_000026.mp4,11.0,swimming front crawl,29.97,0.0,10.01,0.0,9.98,0,299,0,27,27,54,54.0,82.0,82.0,109.0,109.0,136.0,136.0,163.0,163.0,190.0,190.0,217.0,217.0,245.0,245.0,272.0,272.0,299.0,,,,,,,,,,,,,,,,,,,,,,,,,,,,,,,,,,,,,,,,,,,,,,,,,,,,,,,,,,,,,,,,,,,,,,,,,,,,,,,,,,
LBD_o2t9TaI_000212_000222.mp4,4.0,swimming front crawl,25.0,0.0,10.0,0.0,4.44,0,111,0,28,28,56,56.0,83.0,83.0,111.0,,,,,,,,,,,,,,,,,,,,,,,,,,,,,,,,,,,,,,,,,,,,,,,,,,,,,,,,,,,,,,,,,,,,,,,,,,,,,,,,,,,,,,,,,,,,,,,,
LBD_o2t9TaI_000212_000222.mp4,2.0,swimming front crawl,25.0,0.0,10.0,8.92,10.0,223,250,223,237,237,250,,,,,,,,,,,,,,,,,,,,,,,,,,,,,,,,,,,,,,,,,,,,,,,,,,,,,,,,,,,,,,,,,,,,,,,,,,,,,,,,,,,,,,,,,,,,,,,,,,,,
Nejv69b_nmw_000016_000026.mp4,11.0,swimming front crawl,25.0,0.0,9.542,0.0,9.36,0,234,0,21,21,43,43.0,64.0,64.0,85.0,85.0,106.0,106.0,128.0,128.0,149.0,149.0,170.0,170.0,191.0,191.0,213.0,213.0,234.0,,,,,,,,,,,,,,,,,,,,,,,,,,,,,,,,,,,,,,,,,,,,,,,,,,,,,,,,,,,,,,,,,,,,,,,,,,,,,,,,,,
WAFMr1KANpE_000051_000061.mp4,8.0,swimming front crawl,30.0,0.0,9.0,0.0,7.73,0,232,0,29,29,58,58.0,87.0,87.0,116.0,116.0,145.0,145.0,174.0,174.0,203.0,203.0,232.0,,,,,,,,,,,,,,,,,,,,,,,,,,,,,,,,,,,,,,,,,,,,,,,,,,,,,,,,,,,,,,,,,,,,,,,,,,,,,,,,,,,,,,,,
WiMM3rliyRI_000007_000017.mp4,8.0,swimming front crawl,30.0,0.0,10.008,0.0,10.0,0,300,0,38,38,75,75.0,112.0,112.0,150.0,150.0,188.0,188.0,225.0,225.0,262.0,262.0,300.0,,,,,,,,,,,,,,,,,,,,,,,,,,,,,,,,,,,,,,,,,,,,,,,,,,,,,,,,,,,,,,,,,,,,,,,,,,,,,,,,,,,,,,,,
Xh7-rFGHYwU_000009_000019.mp4,9.0,swimming butterfly stroke,30.0,0.0,10.008,1.6,10.0,48,300,48,76,76,104,104.0,132.0,132.0,160.0,160.0,188.0,188.0,216.0,216.0,244.0,244.0,272.0,272.0,300.0,,,,,,,,,,,,,,,,,,,,,,,,,,,,,,,,,,,,,,,,,,,,,,,,,,,,,,,,,,,,,,,,,,,,,,,,,,,,,,,,,,,,,,
Xh7-rFGHYwU_000010_000020.mp4,9.0,swimming front crawl,30.0,0.0,10.008,1.6,10.0,48,300,48,76,76,104,104.0,132.0,132.0,160.0,160.0,188.0,188.0,216.0,216.0,244.0,244.0,272.0,272.0,300.0,,,,,,,,,,,,,,,,,,,,,,,,,,,,,,,,,,,,,,,,,,,,,,,,,,,,,,,,,,,,,,,,,,,,,,,,,,,,,,,,,,,,,,
cdWDLFCj2OY_000018_000028.mp4,5.0,swimming butterfly stroke,29.97,0.0,9.043,0.0,9.97,0,299,0,60,60,120,120.0,179.0,179.0,239.0,239.0,299.0,,,,,,,,,,,,,,,,,,,,,,,,,,,,,,,,,,,,,,,,,,,,,,,,,,,,,,,,,,,,,,,,,,,,,,,,,,,,,,,,,,,,,,,,,,,,,,
cdWDLFCj2OY_000009_000019.mp4,5.0,swimming front crawl,29.97,0.0,10.01,0.0,9.97,0,299,0,60,60,120,120.0,179.0,179.0,239.0,239.0,299.0,,,,,,,,,,,,,,,,,,,,,,,,,,,,,,,,,,,,,,,,,,,,,,,,,,,,,,,,,,,,,,,,,,,,,,,,,,,,,,,,,,,,,,,,,,,,,,
kI21zzqxqA8_000673_000683.mp4,11.0,swimming breast stroke,25.0,0.0,10.008,0.0,10.0,0,250,0,23,23,45,45.0,68.0,68.0,91.0,91.0,114.0,114.0,136.0,136.0,159.0,159.0,182.0,182.0,205.0,205.0,227.0,227.0,250.0,,,,,,,,,,,,,,,,,,,,,,,,,,,,,,,,,,,,,,,,,,,,,,,,,,,,,,,,,,,,,,,,,,,,,,,,,,,,,,,,,,
kI21zzqxqA8_000188_000198.mp4,11.0,swimming front crawl,25.0,0.0,10.008,0.0,10.0,0,250,0,23,23,45,45.0,68.0,68.0,91.0,91.0,114.0,114.0,136.0,136.0,159.0,159.0,182.0,182.0,205.0,205.0,227.0,227.0,250.0,,,,,,,,,,,,,,,,,,,,,,,,,,,,,,,,,,,,,,,,,,,,,,,,,,,,,,,,,,,,,,,,,,,,,,,,,,,,,,,,,,
lmQNhciYiVU_000011_000021.mp4,9.0,swimming front crawl,59.94,0.0,10.027,0.57,8.24,34,494,34,85,85,136,136.0,187.0,187.0,238.0,238.0,290.0,290.0,341.0,341.0,392.0,392.0,443.0,443.0,494.0,,,,,,,,,,,,,,,,,,,,,,,,,,,,,,,,,,,,,,,,,,,,,,,,,,,,,,,,,,,,,,,,,,,,,,,,,,,,,,,,,,,,,,
oiDXkrXlo_Y_000017_000027.mp4,5.0,swimming front crawl,29.97,0.0,10.01,0.0,2.84,0,85,0,17,17,34,34.0,51.0,51.0,68.0,68.0,85.0,,,,,,,,,,,,,,,,,,,,,,,,,,,,,,,,,,,,,,,,,,,,,,,,,,,,,,,,,,,,,,,,,,,,,,,,,,,,,,,,,,,,,,,,,,,,,,
rluogU2c11M_000140_000150.mp4,6.0,swimming front crawl,28.06,0.0,9.521,0.0,6.99,0,196,0,33,33,65,65.0,98.0,98.0,131.0,131.0,163.0,163.0,196.0,,,,,,,,,,,,,,,,,,,,,,,,,,,,,,,,,,,,,,,,,,,,,,,,,,,,,,,,,,,,,,,,,,,,,,,,,,,,,,,,,,,,,,,,,,,,
r4FxHVEd_bg_000026_000036.mp4,9.0,swimming front crawl,30.0,0.0,10.0,1.6,10.0,48,300,48,76,76,104,104.0,132.0,132.0,160.0,160.0,188.0,188.0,216.0,216.0,244.0,244.0,272.0,272.0,300.0,,,,,,,,,,,,,,,,,,,,,,,,,,,,,,,,,,,,,,,,,,,,,,,,,,,,,,,,,,,,,,,,,,,,,,,,,,,,,,,,,,,,,,
t5w8M2yyElM_001371_001381.mp4,2.0,swimming front crawl,29.97,0.0,10.01,7.29,9.81,218,294,218,256,256,294,,,,,,,,,,,,,,,,,,,,,,,,,,,,,,,,,,,,,,,,,,,,,,,,,,,,,,,,,,,,,,,,,,,,,,,,,,,,,,,,,,,,,,,,,,,,,,,,,,,,
uEm-L7vYnlo_000004_000014.mp4,10.0,swimming front crawl,29.97,0.0,9.614,0.37,9.41,11,282,11,38,38,65,65.0,92.0,92.0,119.0,119.0,147.0,147.0,174.0,174.0,201.0,201.0,228.0,228.0,255.0,255.0,282.0,,,,,,,,,,,,,,,,,,,,,,,,,,,,,,,,,,,,,,,,,,,,,,,,,,,,,,,,,,,,,,,,,,,,,,,,,,,,,,,,,,,,
uoF1lqy7yDU_000018_000028.mp4,12.0,swimming front crawl,29.97,0.0,10.044,0.0,9.98,0,299,0,25,25,50,50.0,75.0,75.0,100.0,100.0,125.0,125.0,150.0,150.0,174.0,174.0,199.0,199.0,224.0,224.0,249.0,249.0,274.0,274.0,299.0,,,,,,,,,,,,,,,,,,,,,,,,,,,,,,,,,,,,,,,,,,,,,,,,,,,,,,,,,,,,,,,,,,,,,,,,,,,,,,,,
vEwab0wMs9Y_000032_000042.mp4,9.0,swimming front crawl,29.97,0.0,9.312,0.0,9.11,0,273,0,30,30,61,61.0,91.0,91.0,121.0,121.0,152.0,152.0,182.0,182.0,212.0,212.0,243.0,243.0,273.0,,,,,,,,,,,,,,,,,,,,,,,,,,,,,,,,,,,,,,,,,,,,,,,,,,,,,,,,,,,,,,,,,,,,,,,,,,,,,,,,,,,,,,
18ujtKPXRHE_000004_000014.mp4,6.0,swimming front crawl,29.97,0.0,10.01,3.74,9.98,112,299,112,143,143,174,174.0,206.0,206.0,237.0,237.0,268.0,268.0,299.0,,,,,,,,,,,,,,,,,,,,,,,,,,,,,,,,,,,,,,,,,,,,,,,,,,,,,,,,,,,,,,,,,,,,,,,,,,,,,,,,,,,,,,,,,,,,
3XwIRQL045k_000000_000010.mp4,4.0,swimming front crawl,7.53,0.0,5.047,0.0,1.11,0,8,0,2,2,4,4.0,6.0,6.0,8.0,,,,,,,,,,,,,,,,,,,,,,,,,,,,,,,,,,,,,,,,,,,,,,,,,,,,,,,,,,,,,,,,,,,,,,,,,,,,,,,,,,,,,,,,,,,,,,,,
GA1p9iU0HlY_000132_000142.mp4,3.0,tapping pen,23.95,0.0,10.023,0.0,1.25,0,30,0,10,10,20,20.0,30.0,,,,,,,,,,,,,,,,,,,,,,,,,,,,,,,,,,,,,,,,,,,,,,,,,,,,,,,,,,,,,,,,,,,,,,,,,,,,,,,,,,,,,,,,,,,,,,,,,,
GA1p9iU0HlY_000132_000142.mp4,13.0,tapping pen,23.95,0.0,10.023,4.56,9.99,109,239,109,119,119,129,129.0,139.0,139.0,149.0,149.0,159.0,159.0,169.0,169.0,179.0,179.0,189.0,189.0,199.0,199.0,209.0,209.0,219.0,219.0,229.0,229.0,239.0,,,,,,,,,,,,,,,,,,,,,,,,,,,,,,,,,,,,,,,,,,,,,,,,,,,,,,,,,,,,,,,,,,,,,,,,,,,,,,
HeD22cFly80_000036_000046.mp4,6.0,tapping pen,30.0,0.0,10.008,0.0,3.67,0,110,0,18,18,37,37.0,55.0,55.0,73.0,73.0,92.0,92.0,110.0,,,,,,,,,,,,,,,,,,,,,,,,,,,,,,,,,,,,,,,,,,,,,,,,,,,,,,,,,,,,,,,,,,,,,,,,,,,,,,,,,,,,,,,,,,,,
HeD22cFly80_000036_000046.mp4,13.0,tapping pen,30.0,0.0,10.008,6.03,10.0,181,300,181,190,190,199,199.0,208.0,208.0,218.0,218.0,227.0,227.0,236.0,236.0,245.0,245.0,254.0,254.0,263.0,263.0,273.0,273.0,282.0,282.0,291.0,291.0,300.0,,,,,,,,,,,,,,,,,,,,,,,,,,,,,,,,,,,,,,,,,,,,,,,,,,,,,,,,,,,,,,,,,,,,,,,,,,,,,,
H_G-GIsvQl0_000109_000119.mp4,17.0,tapping pen,27.0,0.0,10.0,0.0,9.96,0,269,0,16,16,32,32.0,47.0,47.0,63.0,63.0,79.0,79.0,95.0,95.0,111.0,111.0,127.0,127.0,142.0,142.0,158.0,158.0,174.0,174.0,190.0,190.0,206.0,206.0,222.0,222.0,237.0,237.0,253.0,253.0,269.0,,,,,,,,,,,,,,,,,,,,,,,,,,,,,,,,,,,,,,,,,,,,,,,,,,,,,,,,,,,,,,,,,,,,,,
IUJx0juUPKQ_000003_000013.mp4,18.0,tapping pen,25.0,0.0,10.0,0.0,10.0,0,250,0,14,14,28,28.0,42.0,42.0,56.0,56.0,69.0,69.0,83.0,83.0,97.0,97.0,111.0,111.0,125.0,125.0,139.0,139.0,153.0,153.0,167.0,167.0,181.0,181.0,194.0,194.0,208.0,208.0,222.0,222.0,236.0,236.0,250.0,,,,,,,,,,,,,,,,,,,,,,,,,,,,,,,,,,,,,,,,,,,,,,,,,,,,,,,,,,,,,,,,,,,,
MIKMSrs-H0Q_000069_000079.mp4,30.0,tapping pen,16.49,0.0,10.008,0.0,9.94,0,164,0,5,5,11,11.0,16.0,16.0,22.0,22.0,27.0,27.0,33.0,33.0,38.0,38.0,44.0,44.0,49.0,49.0,55.0,55.0,60.0,60.0,66.0,66.0,71.0,71.0,77.0,77.0,82.0,82.0,87.0,87.0,93.0,93.0,98.0,98.0,104.0,104.0,109.0,109.0,115.0,115.0,120.0,120.0,126.0,126.0,131.0,131.0,137.0,137.0,142.0,142.0,148.0,148.0,153.0,153.0,159.0,159.0,164.0,,,,,,,,,,,,,,,,,,,,,,,,,,,,,,,,,,,,,,,,,,,,
Mfrl8pPJeoY_000029_000039.mp4,14.0,tapping pen,30.0,0.0,10.008,0.0,10.0,0,300,0,21,21,43,43.0,64.0,64.0,86.0,86.0,107.0,107.0,129.0,129.0,150.0,150.0,171.0,171.0,193.0,193.0,214.0,214.0,236.0,236.0,257.0,257.0,279.0,279.0,300.0,,,,,,,,,,,,,,,,,,,,,,,,,,,,,,,,,,,,,,,,,,,,,,,,,,,,,,,,,,,,,,,,,,,,,,,,,,,,
NzIe5WsVAl0_000024_000034.mp4,7.0,tapping pen,25.0,0.0,10.008,0.0,3.56,0,89,0,13,13,25,25.0,38.0,38.0,51.0,51.0,64.0,64.0,76.0,76.0,89.0,,,,,,,,,,,,,,,,,,,,,,,,,,,,,,,,,,,,,,,,,,,,,,,,,,,,,,,,,,,,,,,,,,,,,,,,,,,,,,,,,,,,,,,,,,
NzIe5WsVAl0_000024_000034.mp4,9.0,tapping pen,25.0,0.0,10.008,7.8,10.0,195,250,195,201,201,207,207.0,213.0,213.0,219.0,219.0,226.0,226.0,232.0,232.0,238.0,238.0,244.0,244.0,250.0,,,,,,,,,,,,,,,,,,,,,,,,,,,,,,,,,,,,,,,,,,,,,,,,,,,,,,,,,,,,,,,,,,,,,,,,,,,,,,,,,,,,,,
OACASzdpZEU_000023_000033.mp4,5.0,tapping pen,30.0,0.0,10.008,3.47,7.87,104,236,104,130,130,157,157.0,183.0,183.0,210.0,210.0,236.0,,,,,,,,,,,,,,,,,,,,,,,,,,,,,,,,,,,,,,,,,,,,,,,,,,,,,,,,,,,,,,,,,,,,,,,,,,,,,,,,,,,,,,,,,,,,,,
PEmbX-fnBRw_000002_000012.mp4,41.0,tapping pen,24.0,0.0,10.0,0.0,10.0,0,240,0,6,6,12,12.0,18.0,18.0,23.0,23.0,29.0,29.0,35.0,35.0,41.0,41.0,47.0,47.0,53.0,53.0,59.0,59.0,64.0,64.0,70.0,70.0,76.0,76.0,82.0,82.0,88.0,88.0,94.0,94.0,100.0,100.0,105.0,105.0,111.0,111.0,117.0,117.0,123.0,123.0,129.0,129.0,135.0,135.0,140.0,140.0,146.0,146.0,152.0,152.0,158.0,158.0,164.0,164.0,170.0,170.0,176.0,176.0,181.0,181.0,187.0,187.0,193.0,193.0,199.0,199.0,205.0,205.0,211.0,211.0,217.0,217.0,222.0,222.0,228.0,228.0,234.0,234.0,240.0,,,,,,,,,,,,,,,,,,,,,,
SD1cqWqjgik_000012_000022.mp4,4.0,tapping pen,29.92,0.0,9.661,5.52,9.06,165,271,165,191,191,218,218.0,245.0,245.0,271.0,,,,,,,,,,,,,,,,,,,,,,,,,,,,,,,,,,,,,,,,,,,,,,,,,,,,,,,,,,,,,,,,,,,,,,,,,,,,,,,,,,,,,,,,,,,,,,,,
WDyjkTYLpCM_000014_000024.mp4,20.0,tapping pen,15.0,0.0,10.008,0.0,10.0,0,150,0,8,8,15,15.0,22.0,22.0,30.0,30.0,38.0,38.0,45.0,45.0,52.0,52.0,60.0,60.0,68.0,68.0,75.0,75.0,82.0,82.0,90.0,90.0,98.0,98.0,105.0,105.0,112.0,112.0,120.0,120.0,128.0,128.0,135.0,135.0,142.0,142.0,150.0,,,,,,,,,,,,,,,,,,,,,,,,,,,,,,,,,,,,,,,,,,,,,,,,,,,,,,,,,,,,,,,,
ZWkYTgyNXBk_000013_000023.mp4,7.0,tapping pen,23.55,0.0,10.023,0.0,2.51,0,59,0,8,8,17,17.0,25.0,25.0,34.0,34.0,42.0,42.0,51.0,51.0,59.0,,,,,,,,,,,,,,,,,,,,,,,,,,,,,,,,,,,,,,,,,,,,,,,,,,,,,,,,,,,,,,,,,,,,,,,,,,,,,,,,,,,,,,,,,,
bcirsloW_MI_000018_000028.mp4,48.0,tapping pen,30.0,0.0,10.0,0.0,10.0,0,300,0,6,6,12,12.0,19.0,19.0,25.0,25.0,31.0,31.0,38.0,38.0,44.0,44.0,50.0,50.0,56.0,56.0,62.0,62.0,69.0,69.0,75.0,75.0,81.0,81.0,88.0,88.0,94.0,94.0,100.0,100.0,106.0,106.0,112.0,112.0,119.0,119.0,125.0,125.0,131.0,131.0,138.0,138.0,144.0,144.0,150.0,150.0,156.0,156.0,162.0,162.0,169.0,169.0,175.0,175.0,181.0,181.0,188.0,188.0,194.0,194.0,200.0,200.0,206.0,206.0,212.0,212.0,219.0,219.0,225.0,225.0,231.0,231.0,238.0,238.0,244.0,244.0,250.0,250.0,256.0,256.0,262.0,262.0,269.0,269.0,275.0,275.0,281.0,281.0,288.0,288.0,294.0,294.0,300.0,,,,,,,,
dCUsS5m3eGM_000008_000018.mp4,30.0,tapping pen,30.0,0.0,10.008,0.0,10.0,0,300,0,10,10,20,20.0,30.0,30.0,40.0,40.0,50.0,50.0,60.0,60.0,70.0,70.0,80.0,80.0,90.0,90.0,100.0,100.0,110.0,110.0,120.0,120.0,130.0,130.0,140.0,140.0,150.0,150.0,160.0,160.0,170.0,170.0,180.0,180.0,190.0,190.0,200.0,200.0,210.0,210.0,220.0,220.0,230.0,230.0,240.0,240.0,250.0,250.0,260.0,260.0,270.0,270.0,280.0,280.0,290.0,290.0,300.0,,,,,,,,,,,,,,,,,,,,,,,,,,,,,,,,,,,,,,,,,,,,
d5plwNKqlVc_000010_000020.mp4,23.0,tapping pen,29.97,0.0,10.01,0.0,9.98,0,299,0,13,13,26,26.0,39.0,39.0,52.0,52.0,65.0,65.0,78.0,78.0,91.0,91.0,104.0,104.0,117.0,117.0,130.0,130.0,143.0,143.0,156.0,156.0,169.0,169.0,182.0,182.0,195.0,195.0,208.0,208.0,221.0,221.0,234.0,234.0,247.0,247.0,260.0,260.0,273.0,273.0,286.0,286.0,299.0,,,,,,,,,,,,,,,,,,,,,,,,,,,,,,,,,,,,,,,,,,,,,,,,,,,,,,,,,,
fcRLi1SXovs_000004_000014.mp4,40.0,tapping pen,12.58,0.0,10.014,0.0,9.92,0,125,0,3,3,6,6.0,9.0,9.0,12.0,12.0,16.0,16.0,19.0,19.0,22.0,22.0,25.0,25.0,28.0,28.0,31.0,31.0,34.0,34.0,38.0,38.0,41.0,41.0,44.0,44.0,47.0,47.0,50.0,50.0,53.0,53.0,56.0,56.0,59.0,59.0,62.0,62.0,66.0,66.0,69.0,69.0,72.0,72.0,75.0,75.0,78.0,78.0,81.0,81.0,84.0,84.0,88.0,88.0,91.0,91.0,94.0,94.0,97.0,97.0,100.0,100.0,103.0,103.0,106.0,106.0,109.0,109.0,112.0,112.0,116.0,116.0,119.0,119.0,122.0,122.0,125.0,,,,,,,,,,,,,,,,,,,,,,,,
haXLj3W0Qlc_000089_000099.mp4,10.0,tapping pen,7.13,0.0,10.097,0.0,9.82,0,70,0,7,7,14,14.0,21.0,21.0,28.0,28.0,35.0,35.0,42.0,42.0,49.0,49.0,56.0,56.0,63.0,63.0,70.0,,,,,,,,,,,,,,,,,,,,,,,,,,,,,,,,,,,,,,,,,,,,,,,,,,,,,,,,,,,,,,,,,,,,,,,,,,,,,,,,,,,,
h9uV5jzG3Ls_000050_000060.mp4,36.0,tapping pen,30.0,0.0,10.0,0.0,7.52,0,226,0,6,6,13,13.0,19.0,19.0,25.0,25.0,31.0,31.0,38.0,38.0,44.0,44.0,50.0,50.0,56.0,56.0,63.0,63.0,69.0,69.0,75.0,75.0,82.0,82.0,88.0,88.0,94.0,94.0,100.0,100.0,107.0,107.0,113.0,113.0,119.0,119.0,126.0,126.0,132.0,132.0,138.0,138.0,144.0,144.0,151.0,151.0,157.0,157.0,163.0,163.0,170.0,170.0,176.0,176.0,182.0,182.0,188.0,188.0,195.0,195.0,201.0,201.0,207.0,207.0,213.0,213.0,220.0,220.0,226.0,,,,,,,,,,,,,,,,,,,,,,,,,,,,,,,,
nF3qTMrKLG0_000001_000011.mp4,5.0,tapping pen,29.92,0.0,10.027,1.0,6.37,30,191,30,62,62,94,94.0,127.0,127.0,159.0,159.0,191.0,,,,,,,,,,,,,,,,,,,,,,,,,,,,,,,,,,,,,,,,,,,,,,,,,,,,,,,,,,,,,,,,,,,,,,,,,,,,,,,,,,,,,,,,,,,,,,
pc-a-gyr1jA_000060_000070.mp4,4.0,tapping pen,30.0,0.0,10.008,3.37,5.63,101,169,101,118,118,135,135.0,152.0,152.0,169.0,,,,,,,,,,,,,,,,,,,,,,,,,,,,,,,,,,,,,,,,,,,,,,,,,,,,,,,,,,,,,,,,,,,,,,,,,,,,,,,,,,,,,,,,,,,,,,,,
rqKDdTCHPes_000016_000026.mp4,17.0,tapping pen,25.0,0.0,10.0,0.0,10.0,0,250,0,15,15,29,29.0,44.0,44.0,59.0,59.0,74.0,74.0,88.0,88.0,103.0,103.0,118.0,118.0,132.0,132.0,147.0,147.0,162.0,162.0,176.0,176.0,191.0,191.0,206.0,206.0,221.0,221.0,235.0,235.0,250.0,,,,,,,,,,,,,,,,,,,,,,,,,,,,,,,,,,,,,,,,,,,,,,,,,,,,,,,,,,,,,,,,,,,,,,
r8BFfD71Ppo_000063_000073.mp4,3.0,tapping pen,29.88,0.0,10.007,3.03,3.92,91,117,91,100,100,108,108.0,117.0,,,,,,,,,,,,,,,,,,,,,,,,,,,,,,,,,,,,,,,,,,,,,,,,,,,,,,,,,,,,,,,,,,,,,,,,,,,,,,,,,,,,,,,,,,,,,,,,,,
r8BFfD71Ppo_000063_000073.mp4,5.0,tapping pen,29.88,0.0,10.007,5.54,8.23,166,246,166,182,182,198,198.0,214.0,214.0,230.0,230.0,246.0,,,,,,,,,,,,,,,,,,,,,,,,,,,,,,,,,,,,,,,,,,,,,,,,,,,,,,,,,,,,,,,,,,,,,,,,,,,,,,,,,,,,,,,,,,,,,,
tAi-VepyuYw_000046_000056.mp4,30.0,tapping pen,23.92,0.0,10.036,0.0,9.93,0,237,0,8,8,16,16.0,24.0,24.0,32.0,32.0,40.0,40.0,47.0,47.0,55.0,55.0,63.0,63.0,71.0,71.0,79.0,79.0,87.0,87.0,95.0,95.0,103.0,103.0,111.0,111.0,118.0,118.0,126.0,126.0,134.0,134.0,142.0,142.0,150.0,150.0,158.0,158.0,166.0,166.0,174.0,174.0,182.0,182.0,190.0,190.0,198.0,198.0,205.0,205.0,213.0,213.0,221.0,221.0,229.0,229.0,237.0,,,,,,,,,,,,,,,,,,,,,,,,,,,,,,,,,,,,,,,,,,,,
vcfHHoyi7BE_000052_000062.mp4,52.0,tapping pen,29.89,0.0,10.039,0.0,10.0,0,299,0,6,6,12,12.0,17.0,17.0,23.0,23.0,29.0,29.0,34.0,34.0,40.0,40.0,46.0,46.0,52.0,52.0,58.0,58.0,63.0,63.0,69.0,69.0,75.0,75.0,80.0,80.0,86.0,86.0,92.0,92.0,98.0,98.0,104.0,104.0,109.0,109.0,115.0,115.0,121.0,121.0,126.0,126.0,132.0,132.0,138.0,138.0,144.0,144.0,150.0,150.0,155.0,155.0,161.0,161.0,167.0,167.0,172.0,172.0,178.0,178.0,184.0,184.0,190.0,190.0,196.0,196.0,201.0,201.0,207.0,207.0,213.0,213.0,218.0,218.0,224.0,224.0,230.0,230.0,236.0,236.0,242.0,242.0,247.0,247.0,253.0,253.0,259.0,259.0,264.0,264.0,270.0,270.0,276.0,276.0,282.0,282.0,288.0,288.0,293.0,293.0,299.0
xABhatYaaV8_000026_000036.mp4,13.0,tapping pen,30.0,0.0,10.008,0.0,10.0,0,300,0,23,23,46,46.0,69.0,69.0,92.0,92.0,115.0,115.0,138.0,138.0,162.0,162.0,185.0,185.0,208.0,208.0,231.0,231.0,254.0,254.0,277.0,277.0,300.0,,,,,,,,,,,,,,,,,,,,,,,,,,,,,,,,,,,,,,,,,,,,,,,,,,,,,,,,,,,,,,,,,,,,,,,,,,,,,,
1DJfEcp0xVo_000061_000071.mp4,28.0,tapping pen,29.92,0.0,10.028,1.07,9.99,32,299,32,42,42,51,51.0,61.0,61.0,70.0,70.0,80.0,80.0,89.0,89.0,99.0,99.0,108.0,108.0,118.0,118.0,127.0,127.0,137.0,137.0,146.0,146.0,156.0,156.0,166.0,166.0,175.0,175.0,185.0,185.0,194.0,194.0,204.0,204.0,213.0,213.0,223.0,223.0,232.0,232.0,242.0,242.0,251.0,251.0,261.0,261.0,270.0,270.0,280.0,280.0,289.0,289.0,299.0,,,,,,,,,,,,,,,,,,,,,,,,,,,,,,,,,,,,,,,,,,,,,,,,
2TC0LNlBJqE_000028_000038.mp4,29.0,tapping pen,30.0,0.0,10.0,0.0,10.0,0,300,0,10,10,21,21.0,31.0,31.0,41.0,41.0,52.0,52.0,62.0,62.0,72.0,72.0,83.0,83.0,93.0,93.0,103.0,103.0,114.0,114.0,124.0,124.0,134.0,134.0,145.0,145.0,155.0,155.0,166.0,166.0,176.0,176.0,186.0,186.0,197.0,197.0,207.0,207.0,217.0,217.0,228.0,228.0,238.0,238.0,248.0,248.0,259.0,259.0,269.0,269.0,279.0,279.0,290.0,290.0,300.0,,,,,,,,,,,,,,,,,,,,,,,,,,,,,,,,,,,,,,,,,,,,,,
44BjrMNQJ0Q_000074_000084.mp4,24.0,tapping pen,17.08,0.0,10.01,0.0,9.95,0,170,0,7,7,14,14.0,21.0,21.0,28.0,28.0,35.0,35.0,42.0,42.0,50.0,50.0,57.0,57.0,64.0,64.0,71.0,71.0,78.0,78.0,85.0,85.0,92.0,92.0,99.0,99.0,106.0,106.0,113.0,113.0,120.0,120.0,128.0,128.0,135.0,135.0,142.0,142.0,149.0,149.0,156.0,156.0,163.0,163.0,170.0,,,,,,,,,,,,,,,,,,,,,,,,,,,,,,,,,,,,,,,,,,,,,,,,,,,,,,,,
5AeHhG6SZBY_000097_000107.mp4,17.0,tapping pen,29.97,0.0,10.01,1.23,9.94,37,298,37,52,52,68,68.0,83.0,83.0,98.0,98.0,114.0,114.0,129.0,129.0,144.0,144.0,160.0,160.0,175.0,175.0,191.0,191.0,206.0,206.0,221.0,221.0,237.0,237.0,252.0,252.0,267.0,267.0,283.0,283.0,298.0,,,,,,,,,,,,,,,,,,,,,,,,,,,,,,,,,,,,,,,,,,,,,,,,,,,,,,,,,,,,,,,,,,,,,,
-TQ_pI1z4Bo_000111_000121.mp4,26.0,tapping pen,27.0,0.0,10.008,0.0,9.96,0,269,0,10,10,21,21.0,31.0,31.0,41.0,41.0,52.0,52.0,62.0,62.0,72.0,72.0,83.0,83.0,93.0,93.0,103.0,103.0,114.0,114.0,124.0,124.0,134.0,134.0,145.0,145.0,155.0,155.0,166.0,166.0,176.0,176.0,186.0,186.0,197.0,197.0,207.0,207.0,217.0,217.0,228.0,228.0,238.0,238.0,248.0,248.0,259.0,259.0,269.0,,,,,,,,,,,,,,,,,,,,,,,,,,,,,,,,,,,,,,,,,,,,,,,,,,,,
-kBCX4HmGrE_000032_000042.mp4,30.0,tapping pen,30.0,0.0,10.0,0.0,10.0,0,300,0,10,10,20,20.0,30.0,30.0,40.0,40.0,50.0,50.0,60.0,60.0,70.0,70.0,80.0,80.0,90.0,90.0,100.0,100.0,110.0,110.0,120.0,120.0,130.0,130.0,140.0,140.0,150.0,150.0,160.0,160.0,170.0,170.0,180.0,180.0,190.0,190.0,200.0,200.0,210.0,210.0,220.0,220.0,230.0,230.0,240.0,240.0,250.0,250.0,260.0,260.0,270.0,270.0,280.0,280.0,290.0,290.0,300.0,,,,,,,,,,,,,,,,,,,,,,,,,,,,,,,,,,,,,,,,,,,,
-50rKj9WZgA_000028_000038.mp4,32.0,tapping pen,30.0,0.0,10.008,0.0,8.43,0,253,0,8,8,16,16.0,24.0,24.0,32.0,32.0,40.0,40.0,47.0,47.0,55.0,55.0,63.0,63.0,71.0,71.0,79.0,79.0,87.0,87.0,95.0,95.0,103.0,103.0,111.0,111.0,119.0,119.0,126.0,126.0,134.0,134.0,142.0,142.0,150.0,150.0,158.0,158.0,166.0,166.0,174.0,174.0,182.0,182.0,190.0,190.0,198.0,198.0,206.0,206.0,213.0,213.0,221.0,221.0,229.0,229.0,237.0,237.0,245.0,245.0,253.0,,,,,,,,,,,,,,,,,,,,,,,,,,,,,,,,,,,,,,,,
_HC33hHTbvE_000004_000014.mp4,14.0,tapping pen,30.0,0.0,10.0,0.0,10.0,0,300,0,21,21,43,43.0,64.0,64.0,86.0,86.0,107.0,107.0,129.0,129.0,150.0,150.0,171.0,171.0,193.0,193.0,214.0,214.0,236.0,236.0,257.0,257.0,279.0,279.0,300.0,,,,,,,,,,,,,,,,,,,,,,,,,,,,,,,,,,,,,,,,,,,,,,,,,,,,,,,,,,,,,,,,,,,,,,,,,,,,
DYKyirHChZI_000013_000023.mp4,2.0,using a wrench,29.97,0.0,10.01,0.0,9.98,0,299,0,150,150,299,,,,,,,,,,,,,,,,,,,,,,,,,,,,,,,,,,,,,,,,,,,,,,,,,,,,,,,,,,,,,,,,,,,,,,,,,,,,,,,,,,,,,,,,,,,,,,,,,,,,
EiGL761Kwls_000017_000027.mp4,2.0,using a wrench,29.97,0.0,10.01,7.67,9.98,230,299,230,264,264,299,,,,,,,,,,,,,,,,,,,,,,,,,,,,,,,,,,,,,,,,,,,,,,,,,,,,,,,,,,,,,,,,,,,,,,,,,,,,,,,,,,,,,,,,,,,,,,,,,,,,
LEcEvdhimFU_000000_000010.mp4,12.0,using a wrench,29.97,0.0,10.01,2.04,9.98,61,299,61,81,81,101,101.0,121.0,121.0,140.0,140.0,160.0,160.0,180.0,180.0,200.0,200.0,220.0,220.0,239.0,239.0,259.0,259.0,279.0,279.0,299.0,,,,,,,,,,,,,,,,,,,,,,,,,,,,,,,,,,,,,,,,,,,,,,,,,,,,,,,,,,,,,,,,,,,,,,,,,,,,,,,,
POGqStjMI60_000049_000059.mp4,2.0,using a wrench,25.0,0.0,10.0,1.84,3.68,46,92,46,69,69,92,,,,,,,,,,,,,,,,,,,,,,,,,,,,,,,,,,,,,,,,,,,,,,,,,,,,,,,,,,,,,,,,,,,,,,,,,,,,,,,,,,,,,,,,,,,,,,,,,,,,
QYLzDEJT28A_000163_000173.mp4,3.0,using a wrench,30.0,0.0,10.0,0.35,3.95,10,118,10,46,46,82,82.0,118.0,,,,,,,,,,,,,,,,,,,,,,,,,,,,,,,,,,,,,,,,,,,,,,,,,,,,,,,,,,,,,,,,,,,,,,,,,,,,,,,,,,,,,,,,,,,,,,,,,,
QYLzDEJT28A_000163_000173.mp4,3.0,using a wrench,30.0,0.0,10.0,5.23,9.5,157,285,157,200,200,242,242.0,285.0,,,,,,,,,,,,,,,,,,,,,,,,,,,,,,,,,,,,,,,,,,,,,,,,,,,,,,,,,,,,,,,,,,,,,,,,,,,,,,,,,,,,,,,,,,,,,,,,,,
UZLXA4RN9ts_000021_000031.mp4,3.0,using a wrench,29.97,0.0,10.01,0.0,2.0,0,60,0,20,20,40,40.0,60.0,,,,,,,,,,,,,,,,,,,,,,,,,,,,,,,,,,,,,,,,,,,,,,,,,,,,,,,,,,,,,,,,,,,,,,,,,,,,,,,,,,,,,,,,,,,,,,,,,,
UZLXA4RN9ts_000021_000031.mp4,7.0,using a wrench,29.97,0.0,10.01,6.04,9.98,181,299,181,198,198,215,215.0,232.0,232.0,248.0,248.0,265.0,265.0,282.0,282.0,299.0,,,,,,,,,,,,,,,,,,,,,,,,,,,,,,,,,,,,,,,,,,,,,,,,,,,,,,,,,,,,,,,,,,,,,,,,,,,,,,,,,,,,,,,,,,
fbr_1XEoaTY_000076_000086.mp4,2.0,using a wrench,29.97,0.0,10.01,0.97,9.11,29,273,29,151,151,273,,,,,,,,,,,,,,,,,,,,,,,,,,,,,,,,,,,,,,,,,,,,,,,,,,,,,,,,,,,,,,,,,,,,,,,,,,,,,,,,,,,,,,,,,,,,,,,,,,,,
hhmtKa7OnLw_000016_000026.mp4,5.0,using a wrench,29.97,0.0,9.614,0.0,5.87,0,176,0,35,35,70,70.0,106.0,106.0,141.0,141.0,176.0,,,,,,,,,,,,,,,,,,,,,,,,,,,,,,,,,,,,,,,,,,,,,,,,,,,,,,,,,,,,,,,,,,,,,,,,,,,,,,,,,,,,,,,,,,,,,,
iJf436LnH_s_000028_000038.mp4,6.0,using a wrench,25.0,0.0,10.008,0.0,9.92,0,248,0,41,41,83,83.0,124.0,124.0,165.0,165.0,207.0,207.0,248.0,,,,,,,,,,,,,,,,,,,,,,,,,,,,,,,,,,,,,,,,,,,,,,,,,,,,,,,,,,,,,,,,,,,,,,,,,,,,,,,,,,,,,,,,,,,,
kJlifg6tH4w_000145_000155.mp4,5.0,using a wrench,28.61,0.0,10.033,4.65,9.96,133,285,133,163,163,194,194.0,224.0,224.0,255.0,255.0,285.0,,,,,,,,,,,,,,,,,,,,,,,,,,,,,,,,,,,,,,,,,,,,,,,,,,,,,,,,,,,,,,,,,,,,,,,,,,,,,,,,,,,,,,,,,,,,,,
ksQj_bhkIXw_000026_000036.mp4,2.0,using a wrench,29.97,0.0,10.044,6.31,9.94,189,298,189,243,243,298,,,,,,,,,,,,,,,,,,,,,,,,,,,,,,,,,,,,,,,,,,,,,,,,,,,,,,,,,,,,,,,,,,,,,,,,,,,,,,,,,,,,,,,,,,,,,,,,,,,,
tJy5NEoXGrI_000005_000015.mp4,10.0,using a wrench,30.0,0.0,9.103,0.0,9.0,0,270,0,27,27,54,54.0,81.0,81.0,108.0,108.0,135.0,135.0,162.0,162.0,189.0,189.0,216.0,216.0,243.0,243.0,270.0,,,,,,,,,,,,,,,,,,,,,,,,,,,,,,,,,,,,,,,,,,,,,,,,,,,,,,,,,,,,,,,,,,,,,,,,,,,,,,,,,,,,
t-8-Nttywpg_000019_000029.mp4,3.0,using a wrench,29.95,0.0,10.018,0.97,8.03,29,240,29,99,99,170,170.0,240.0,,,,,,,,,,,,,,,,,,,,,,,,,,,,,,,,,,,,,,,,,,,,,,,,,,,,,,,,,,,,,,,,,,,,,,,,,,,,,,,,,,,,,,,,,,,,,,,,,,
t-8-Nttywpg_000019_000029.mp4,2.0,using a wrench,29.95,0.0,10.018,6.95,9.95,208,298,208,253,253,298,,,,,,,,,,,,,,,,,,,,,,,,,,,,,,,,,,,,,,,,,,,,,,,,,,,,,,,,,,,,,,,,,,,,,,,,,,,,,,,,,,,,,,,,,,,,,,,,,,,,
0s2rjhugfyo_000123_000133.mp4,3.0,using a wrench,29.97,0.0,10.01,0.0,3.9,0,117,0,39,39,78,78.0,117.0,,,,,,,,,,,,,,,,,,,,,,,,,,,,,,,,,,,,,,,,,,,,,,,,,,,,,,,,,,,,,,,,,,,,,,,,,,,,,,,,,,,,,,,,,,,,,,,,,,
04Pcw0e3g8c_000014_000024.mp4,3.0,using a wrench,30.0,0.0,9.892,1.43,4.95,43,148,43,78,78,113,113.0,148.0,,,,,,,,,,,,,,,,,,,,,,,,,,,,,,,,,,,,,,,,,,,,,,,,,,,,,,,,,,,,,,,,,,,,,,,,,,,,,,,,,,,,,,,,,,,,,,,,,,
04Pcw0e3g8c_000014_000024.mp4,2.0,using a wrench,30.0,0.0,9.892,5.95,7.67,178,230,178,204,204,230,,,,,,,,,,,,,,,,,,,,,,,,,,,,,,,,,,,,,,,,,,,,,,,,,,,,,,,,,,,,,,,,,,,,,,,,,,,,,,,,,,,,,,,,,,,,,,,,,,,,
1TbjMYvZqjw_000042_000052.mp4,2.0,using a wrench,30.0,0.0,10.008,3.97,10.0,119,300,119,209,209,300,,,,,,,,,,,,,,,,,,,,,,,,,,,,,,,,,,,,,,,,,,,,,,,,,,,,,,,,,,,,,,,,,,,,,,,,,,,,,,,,,,,,,,,,,,,,,,,,,,,,
7Rx3uFSR1Lw_000000_000010.mp4,14.0,using a wrench,30.0,0.0,10.008,1.83,10.0,55,300,55,73,73,90,90.0,107.0,107.0,125.0,125.0,143.0,143.0,160.0,160.0,177.0,177.0,195.0,195.0,213.0,213.0,230.0,230.0,247.0,247.0,265.0,265.0,283.0,283.0,300.0,,,,,,,,,,,,,,,,,,,,,,,,,,,,,,,,,,,,,,,,,,,,,,,,,,,,,,,,,,,,,,,,,,,,,,,,,,,,
-gOdpBRMoAM_000028_000038.mp4,6.0,using a wrench,29.53,0.0,10.023,0.0,3.59,0,106,0,18,18,35,35.0,53.0,53.0,71.0,71.0,88.0,88.0,106.0,,,,,,,,,,,,,,,,,,,,,,,,,,,,,,,,,,,,,,,,,,,,,,,,,,,,,,,,,,,,,,,,,,,,,,,,,,,,,,,,,,,,,,,,,,,,
AhFJbRtcsPs_000016_000026.mp4,2.0,using a sledge hammer,30.0,0.0,10.0,0.0,4.13,0,124,0,62,62,124,,,,,,,,,,,,,,,,,,,,,,,,,,,,,,,,,,,,,,,,,,,,,,,,,,,,,,,,,,,,,,,,,,,,,,,,,,,,,,,,,,,,,,,,,,,,,,,,,,,,
AhFJbRtcsPs_000016_000026.mp4,2.0,using a sledge hammer,30.0,0.0,10.0,7.77,10.0,233,300,233,267,267,300,,,,,,,,,,,,,,,,,,,,,,,,,,,,,,,,,,,,,,,,,,,,,,,,,,,,,,,,,,,,,,,,,,,,,,,,,,,,,,,,,,,,,,,,,,,,,,,,,,,,
ArR8eP9A_Jc_000001_000011.mp4,4.0,using a sledge hammer,23.98,0.0,10.01,0.0,9.97,0,239,0,60,60,120,120.0,179.0,179.0,239.0,,,,,,,,,,,,,,,,,,,,,,,,,,,,,,,,,,,,,,,,,,,,,,,,,,,,,,,,,,,,,,,,,,,,,,,,,,,,,,,,,,,,,,,,,,,,,,,,
BSTOBzOcoqE_000193_000203.mp4,32.0,using a sledge hammer,50.0,0.0,10.008,0.0,3.84,0,192,0,6,6,12,12.0,18.0,18.0,24.0,24.0,30.0,30.0,36.0,36.0,42.0,42.0,48.0,48.0,54.0,54.0,60.0,60.0,66.0,66.0,72.0,72.0,78.0,78.0,84.0,84.0,90.0,90.0,96.0,96.0,102.0,102.0,108.0,108.0,114.0,114.0,120.0,120.0,126.0,126.0,132.0,132.0,138.0,138.0,144.0,144.0,150.0,150.0,156.0,156.0,162.0,162.0,168.0,168.0,174.0,174.0,180.0,180.0,186.0,186.0,192.0,,,,,,,,,,,,,,,,,,,,,,,,,,,,,,,,,,,,,,,,
BxSryaEe9sM_000003_000013.mp4,9.0,using a sledge hammer,24.0,0.0,10.0,0.0,10.0,0,240,0,27,27,53,53.0,80.0,80.0,107.0,107.0,133.0,133.0,160.0,160.0,187.0,187.0,213.0,213.0,240.0,,,,,,,,,,,,,,,,,,,,,,,,,,,,,,,,,,,,,,,,,,,,,,,,,,,,,,,,,,,,,,,,,,,,,,,,,,,,,,,,,,,,,,
Byd4hzhe8NQ_000009_000019.mp4,7.0,using a sledge hammer,30.0,0.0,9.892,0.17,7.9,5,237,5,38,38,71,71.0,104.0,104.0,138.0,138.0,171.0,171.0,204.0,204.0,237.0,,,,,,,,,,,,,,,,,,,,,,,,,,,,,,,,,,,,,,,,,,,,,,,,,,,,,,,,,,,,,,,,,,,,,,,,,,,,,,,,,,,,,,,,,,
CQpEbHDPJpg_000004_000014.mp4,4.0,using a sledge hammer,29.97,0.0,10.01,0.0,8.07,0,242,0,60,60,121,121.0,182.0,182.0,242.0,,,,,,,,,,,,,,,,,,,,,,,,,,,,,,,,,,,,,,,,,,,,,,,,,,,,,,,,,,,,,,,,,,,,,,,,,,,,,,,,,,,,,,,,,,,,,,,,
CwZx6J4vU84_000012_000022.mp4,6.0,using a sledge hammer,29.92,0.0,10.028,0.0,9.99,0,299,0,50,50,100,100.0,150.0,150.0,199.0,199.0,249.0,249.0,299.0,,,,,,,,,,,,,,,,,,,,,,,,,,,,,,,,,,,,,,,,,,,,,,,,,,,,,,,,,,,,,,,,,,,,,,,,,,,,,,,,,,,,,,,,,,,,
DMws6AXx45o_000012_000022.mp4,7.0,using a sledge hammer,29.97,0.0,10.01,0.0,9.98,0,299,0,43,43,85,85.0,128.0,128.0,171.0,171.0,214.0,214.0,256.0,256.0,299.0,,,,,,,,,,,,,,,,,,,,,,,,,,,,,,,,,,,,,,,,,,,,,,,,,,,,,,,,,,,,,,,,,,,,,,,,,,,,,,,,,,,,,,,,,,
GPvOQ-kB5qM_000091_000101.mp4,5.0,using a sledge hammer,29.92,0.0,10.028,0.0,9.99,0,299,0,60,60,120,120.0,179.0,179.0,239.0,239.0,299.0,,,,,,,,,,,,,,,,,,,,,,,,,,,,,,,,,,,,,,,,,,,,,,,,,,,,,,,,,,,,,,,,,,,,,,,,,,,,,,,,,,,,,,,,,,,,,,
GyXbdrtAlHY_000145_000155.mp4,4.0,using a sledge hammer,29.97,0.0,10.01,1.02,7.05,31,211,31,76,76,121,121.0,166.0,166.0,211.0,,,,,,,,,,,,,,,,,,,,,,,,,,,,,,,,,,,,,,,,,,,,,,,,,,,,,,,,,,,,,,,,,,,,,,,,,,,,,,,,,,,,,,,,,,,,,,,,
IiLY0NUwQfU_000000_000010.mp4,4.0,using a sledge hammer,24.03,0.0,10.031,4.58,9.99,110,240,110,142,142,175,175.0,208.0,208.0,240.0,,,,,,,,,,,,,,,,,,,,,,,,,,,,,,,,,,,,,,,,,,,,,,,,,,,,,,,,,,,,,,,,,,,,,,,,,,,,,,,,,,,,,,,,,,,,,,,,
IlofJ9MRGn0_000010_000020.mp4,5.0,using a sledge hammer,24.0,0.0,10.008,0.0,9.75,0,234,0,47,47,94,94.0,140.0,140.0,187.0,187.0,234.0,,,,,,,,,,,,,,,,,,,,,,,,,,,,,,,,,,,,,,,,,,,,,,,,,,,,,,,,,,,,,,,,,,,,,,,,,,,,,,,,,,,,,,,,,,,,,,
Io2qPmyvb0g_000016_000026.mp4,7.0,using a sledge hammer,29.97,0.0,9.985,0.0,9.98,0,299,0,43,43,85,85.0,128.0,128.0,171.0,171.0,214.0,214.0,256.0,256.0,299.0,,,,,,,,,,,,,,,,,,,,,,,,,,,,,,,,,,,,,,,,,,,,,,,,,,,,,,,,,,,,,,,,,,,,,,,,,,,,,,,,,,,,,,,,,,
I07oWjU6oIg_000028_000038.mp4,3.0,using a sledge hammer,29.97,0.0,9.219,0.0,7.14,0,214,0,71,71,143,143.0,214.0,,,,,,,,,,,,,,,,,,,,,,,,,,,,,,,,,,,,,,,,,,,,,,,,,,,,,,,,,,,,,,,,,,,,,,,,,,,,,,,,,,,,,,,,,,,,,,,,,,
JEf7uNNMgw4_000000_000010.mp4,3.0,using a sledge hammer,30.0,0.0,10.008,4.97,10.0,149,300,149,199,199,250,250.0,300.0,,,,,,,,,,,,,,,,,,,,,,,,,,,,,,,,,,,,,,,,,,,,,,,,,,,,,,,,,,,,,,,,,,,,,,,,,,,,,,,,,,,,,,,,,,,,,,,,,,
JveCgAAxjnQ_000157_000167.mp4,6.0,using a sledge hammer,30.0,0.0,10.008,0.0,10.0,0,300,0,50,50,100,100.0,150.0,150.0,200.0,200.0,250.0,250.0,300.0,,,,,,,,,,,,,,,,,,,,,,,,,,,,,,,,,,,,,,,,,,,,,,,,,,,,,,,,,,,,,,,,,,,,,,,,,,,,,,,,,,,,,,,,,,,,
KkmchU9B-P8_000306_000316.mp4,7.0,using a sledge hammer,25.0,0.0,10.0,0.0,10.0,0,250,0,36,36,71,71.0,107.0,107.0,143.0,143.0,179.0,179.0,214.0,214.0,250.0,,,,,,,,,,,,,,,,,,,,,,,,,,,,,,,,,,,,,,,,,,,,,,,,,,,,,,,,,,,,,,,,,,,,,,,,,,,,,,,,,,,,,,,,,,
LcrPOdwPcy0_000003_000013.mp4,6.0,using a sledge hammer,29.97,0.0,10.01,0.0,9.98,0,299,0,50,50,100,100.0,150.0,150.0,199.0,199.0,249.0,249.0,299.0,,,,,,,,,,,,,,,,,,,,,,,,,,,,,,,,,,,,,,,,,,,,,,,,,,,,,,,,,,,,,,,,,,,,,,,,,,,,,,,,,,,,,,,,,,,,
MSU9kiN6Xf8_000000_000010.mp4,4.0,using a sledge hammer,30.0,0.0,10.0,1.27,9.73,38,292,38,102,102,165,165.0,228.0,228.0,292.0,,,,,,,,,,,,,,,,,,,,,,,,,,,,,,,,,,,,,,,,,,,,,,,,,,,,,,,,,,,,,,,,,,,,,,,,,,,,,,,,,,,,,,,,,,,,,,,,
MqPBZFPTfy4_000000_000010.mp4,8.0,using a sledge hammer,23.98,0.0,10.01,0.0,9.97,0,239,0,30,30,60,60.0,90.0,90.0,120.0,120.0,149.0,149.0,179.0,179.0,209.0,209.0,239.0,,,,,,,,,,,,,,,,,,,,,,,,,,,,,,,,,,,,,,,,,,,,,,,,,,,,,,,,,,,,,,,,,,,,,,,,,,,,,,,,,,,,,,,,
NFknmZw5Oiw_000009_000019.mp4,6.0,using a sledge hammer,30.0,0.0,9.614,0.0,9.2,0,276,0,46,46,92,92.0,138.0,138.0,184.0,184.0,230.0,230.0,276.0,,,,,,,,,,,,,,,,,,,,,,,,,,,,,,,,,,,,,,,,,,,,,,,,,,,,,,,,,,,,,,,,,,,,,,,,,,,,,,,,,,,,,,,,,,,,
N8t72kiTeOg_000171_000181.mp4,3.0,using a sledge hammer,30.0,0.0,10.008,0.0,5.43,0,163,0,54,54,109,109.0,163.0,,,,,,,,,,,,,,,,,,,,,,,,,,,,,,,,,,,,,,,,,,,,,,,,,,,,,,,,,,,,,,,,,,,,,,,,,,,,,,,,,,,,,,,,,,,,,,,,,,
OjoS1QJ7x7M_000000_000010.mp4,3.0,using a sledge hammer,14.78,0.0,10.012,0.0,9.4,0,139,0,46,46,93,93.0,139.0,,,,,,,,,,,,,,,,,,,,,,,,,,,,,,,,,,,,,,,,,,,,,,,,,,,,,,,,,,,,,,,,,,,,,,,,,,,,,,,,,,,,,,,,,,,,,,,,,,
Px2ukiMmaqY_000219_000229.mp4,6.0,using a sledge hammer,29.97,0.0,10.01,0.0,9.98,0,299,0,50,50,100,100.0,150.0,150.0,199.0,199.0,249.0,249.0,299.0,,,,,,,,,,,,,,,,,,,,,,,,,,,,,,,,,,,,,,,,,,,,,,,,,,,,,,,,,,,,,,,,,,,,,,,,,,,,,,,,,,,,,,,,,,,,
RjbU5O_kqjk_000101_000111.mp4,5.0,using a sledge hammer,29.92,0.0,10.028,0.0,9.98,0,299,0,60,60,120,120.0,179.0,179.0,239.0,239.0,299.0,,,,,,,,,,,,,,,,,,,,,,,,,,,,,,,,,,,,,,,,,,,,,,,,,,,,,,,,,,,,,,,,,,,,,,,,,,,,,,,,,,,,,,,,,,,,,,
Szb9n6DUgGA_000292_000302.mp4,4.0,using a sledge hammer,59.94,0.0,10.027,2.5,9.94,150,596,150,262,262,373,373.0,484.0,484.0,596.0,,,,,,,,,,,,,,,,,,,,,,,,,,,,,,,,,,,,,,,,,,,,,,,,,,,,,,,,,,,,,,,,,,,,,,,,,,,,,,,,,,,,,,,,,,,,,,,,
TxaF9cBQk88_000003_000013.mp4,4.0,using a sledge hammer,29.97,0.0,10.01,0.0,7.51,0,225,0,56,56,112,112.0,169.0,169.0,225.0,,,,,,,,,,,,,,,,,,,,,,,,,,,,,,,,,,,,,,,,,,,,,,,,,,,,,,,,,,,,,,,,,,,,,,,,,,,,,,,,,,,,,,,,,,,,,,,,
XeO238hQwKI_000050_000060.mp4,7.0,using a sledge hammer,30.0,0.0,10.0,0.0,10.0,0,300,0,43,43,86,86.0,129.0,129.0,171.0,171.0,214.0,214.0,257.0,257.0,300.0,,,,,,,,,,,,,,,,,,,,,,,,,,,,,,,,,,,,,,,,,,,,,,,,,,,,,,,,,,,,,,,,,,,,,,,,,,,,,,,,,,,,,,,,,,
YMNiDtlH7j4_000013_000023.mp4,4.0,using a sledge hammer,29.97,0.0,10.01,1.0,9.98,30,299,30,97,97,164,164.0,232.0,232.0,299.0,,,,,,,,,,,,,,,,,,,,,,,,,,,,,,,,,,,,,,,,,,,,,,,,,,,,,,,,,,,,,,,,,,,,,,,,,,,,,,,,,,,,,,,,,,,,,,,,
ZppIGvb9bsE_000023_000033.mp4,2.0,using a sledge hammer,29.97,0.0,10.01,7.29,9.96,218,299,218,258,258,299,,,,,,,,,,,,,,,,,,,,,,,,,,,,,,,,,,,,,,,,,,,,,,,,,,,,,,,,,,,,,,,,,,,,,,,,,,,,,,,,,,,,,,,,,,,,,,,,,,,,
ZvDdpWs0JQk_000015_000025.mp4,7.0,using a sledge hammer,10.22,0.0,10.075,0.0,10.0,0,102,0,15,15,29,29.0,44.0,44.0,58.0,58.0,73.0,73.0,87.0,87.0,102.0,,,,,,,,,,,,,,,,,,,,,,,,,,,,,,,,,,,,,,,,,,,,,,,,,,,,,,,,,,,,,,,,,,,,,,,,,,,,,,,,,,,,,,,,,,
bGVZxz35dX4_000049_000059.mp4,5.0,using a sledge hammer,23.98,0.0,10.01,0.0,8.51,0,204,0,41,41,82,82.0,122.0,122.0,163.0,163.0,204.0,,,,,,,,,,,,,,,,,,,,,,,,,,,,,,,,,,,,,,,,,,,,,,,,,,,,,,,,,,,,,,,,,,,,,,,,,,,,,,,,,,,,,,,,,,,,,,
bqLmeyIEmFg_000000_000010.mp4,3.0,using a sledge hammer,30.0,0.0,10.0,2.07,9.7,62,291,62,138,138,215,215.0,291.0,,,,,,,,,,,,,,,,,,,,,,,,,,,,,,,,,,,,,,,,,,,,,,,,,,,,,,,,,,,,,,,,,,,,,,,,,,,,,,,,,,,,,,,,,,,,,,,,,,
cI3KuI33DaY_000048_000058.mp4,7.0,using a sledge hammer,29.97,0.0,10.01,0.0,9.98,0,299,0,43,43,85,85.0,128.0,128.0,171.0,171.0,214.0,214.0,256.0,256.0,299.0,,,,,,,,,,,,,,,,,,,,,,,,,,,,,,,,,,,,,,,,,,,,,,,,,,,,,,,,,,,,,,,,,,,,,,,,,,,,,,,,,,,,,,,,,,
c9hcHBlDwx8_000004_000014.mp4,7.0,using a sledge hammer,14.97,0.0,9.474,0.0,9.34,0,140,0,20,20,40,40.0,60.0,60.0,80.0,80.0,100.0,100.0,120.0,120.0,140.0,,,,,,,,,,,,,,,,,,,,,,,,,,,,,,,,,,,,,,,,,,,,,,,,,,,,,,,,,,,,,,,,,,,,,,,,,,,,,,,,,,,,,,,,,,
dDWHxNdIqMY_000004_000014.mp4,6.0,using a sledge hammer,29.97,0.0,9.11,0.0,9.04,0,271,0,45,45,90,90.0,136.0,136.0,181.0,181.0,226.0,226.0,271.0,,,,,,,,,,,,,,,,,,,,,,,,,,,,,,,,,,,,,,,,,,,,,,,,,,,,,,,,,,,,,,,,,,,,,,,,,,,,,,,,,,,,,,,,,,,,
dTbtaxcHiTI_000049_000059.mp4,2.0,using a sledge hammer,29.97,0.0,10.01,0.0,3.4,0,102,0,51,51,102,,,,,,,,,,,,,,,,,,,,,,,,,,,,,,,,,,,,,,,,,,,,,,,,,,,,,,,,,,,,,,,,,,,,,,,,,,,,,,,,,,,,,,,,,,,,,,,,,,,,
dTbtaxcHiTI_000049_000059.mp4,2.0,using a sledge hammer,29.97,0.0,10.01,6.54,9.98,196,299,196,248,248,299,,,,,,,,,,,,,,,,,,,,,,,,,,,,,,,,,,,,,,,,,,,,,,,,,,,,,,,,,,,,,,,,,,,,,,,,,,,,,,,,,,,,,,,,,,,,,,,,,,,,
en9-qib5Bs4_000433_000443.mp4,5.0,using a sledge hammer,29.97,0.0,10.01,1.27,9.94,38,298,38,90,90,142,142.0,194.0,194.0,246.0,246.0,298.0,,,,,,,,,,,,,,,,,,,,,,,,,,,,,,,,,,,,,,,,,,,,,,,,,,,,,,,,,,,,,,,,,,,,,,,,,,,,,,,,,,,,,,,,,,,,,,
e09OFyVlQBI_000009_000019.mp4,2.0,using a sledge hammer,29.64,0.0,10.022,1.32,9.31,39,276,39,157,157,276,,,,,,,,,,,,,,,,,,,,,,,,,,,,,,,,,,,,,,,,,,,,,,,,,,,,,,,,,,,,,,,,,,,,,,,,,,,,,,,,,,,,,,,,,,,,,,,,,,,,
gIEpkQeVgFk_000007_000017.mp4,6.0,using a sledge hammer,29.92,0.0,10.028,0.0,9.54,0,285,0,48,48,95,95.0,142.0,142.0,190.0,190.0,238.0,238.0,285.0,,,,,,,,,,,,,,,,,,,,,,,,,,,,,,,,,,,,,,,,,,,,,,,,,,,,,,,,,,,,,,,,,,,,,,,,,,,,,,,,,,,,,,,,,,,,
hfMRIydOxfQ_000016_000026.mp4,7.0,using a sledge hammer,30.0,0.0,9.8,0.0,9.73,0,292,0,42,42,83,83.0,125.0,125.0,167.0,167.0,209.0,209.0,250.0,250.0,292.0,,,,,,,,,,,,,,,,,,,,,,,,,,,,,,,,,,,,,,,,,,,,,,,,,,,,,,,,,,,,,,,,,,,,,,,,,,,,,,,,,,,,,,,,,,
iV681QKVjUo_000239_000249.mp4,5.0,using a sledge hammer,30.0,0.0,10.008,0.0,9.63,0,289,0,58,58,116,116.0,173.0,173.0,231.0,231.0,289.0,,,,,,,,,,,,,,,,,,,,,,,,,,,,,,,,,,,,,,,,,,,,,,,,,,,,,,,,,,,,,,,,,,,,,,,,,,,,,,,,,,,,,,,,,,,,,,
inapKPYckFA_000012_000022.mp4,4.0,using a sledge hammer,29.97,0.0,9.009,0.53,9.08,16,272,16,80,80,144,144.0,208.0,208.0,272.0,,,,,,,,,,,,,,,,,,,,,,,,,,,,,,,,,,,,,,,,,,,,,,,,,,,,,,,,,,,,,,,,,,,,,,,,,,,,,,,,,,,,,,,,,,,,,,,,
jHNtaevN6Bo_000000_000010.mp4,4.0,using a sledge hammer,29.97,0.0,10.01,1.33,10.0,40,300,40,105,105,170,170.0,235.0,235.0,300.0,,,,,,,,,,,,,,,,,,,,,,,,,,,,,,,,,,,,,,,,,,,,,,,,,,,,,,,,,,,,,,,,,,,,,,,,,,,,,,,,,,,,,,,,,,,,,,,,
jOvqlMkUqik_000000_000010.mp4,2.0,using a sledge hammer,12.5,0.0,10.008,0.48,7.92,6,99,6,52,52,99,,,,,,,,,,,,,,,,,,,,,,,,,,,,,,,,,,,,,,,,,,,,,,,,,,,,,,,,,,,,,,,,,,,,,,,,,,,,,,,,,,,,,,,,,,,,,,,,,,,,
jWyTaePZGTs_000016_000026.mp4,4.0,using a sledge hammer,30.0,0.0,10.0,3.8,9.97,114,299,114,160,160,206,206.0,253.0,253.0,299.0,,,,,,,,,,,,,,,,,,,,,,,,,,,,,,,,,,,,,,,,,,,,,,,,,,,,,,,,,,,,,,,,,,,,,,,,,,,,,,,,,,,,,,,,,,,,,,,,
kUHzF53gv_U_000024_000034.mp4,5.0,using a sledge hammer,29.97,0.0,10.01,0.43,9.94,13,298,13,70,70,127,127.0,184.0,184.0,241.0,241.0,298.0,,,,,,,,,,,,,,,,,,,,,,,,,,,,,,,,,,,,,,,,,,,,,,,,,,,,,,,,,,,,,,,,,,,,,,,,,,,,,,,,,,,,,,,,,,,,,,
l7wG9vmG77E_000000_000010.mp4,6.0,using a sledge hammer,24.95,0.0,10.019,0.0,9.99,0,249,0,42,42,83,83.0,124.0,124.0,166.0,166.0,208.0,208.0,249.0,,,,,,,,,,,,,,,,,,,,,,,,,,,,,,,,,,,,,,,,,,,,,,,,,,,,,,,,,,,,,,,,,,,,,,,,,,,,,,,,,,,,,,,,,,,,
mJgmseapwQo_000026_000036.mp4,6.0,using a sledge hammer,30.0,0.0,10.0,0.0,9.5,0,285,0,48,48,95,95.0,142.0,142.0,190.0,190.0,238.0,238.0,285.0,,,,,,,,,,,,,,,,,,,,,,,,,,,,,,,,,,,,,,,,,,,,,,,,,,,,,,,,,,,,,,,,,,,,,,,,,,,,,,,,,,,,,,,,,,,,
oe7UkI9DZcM_000000_000010.mp4,5.0,using a sledge hammer,30.0,0.0,10.008,0.4,9.27,12,278,12,65,65,118,118.0,172.0,172.0,225.0,225.0,278.0,,,,,,,,,,,,,,,,,,,,,,,,,,,,,,,,,,,,,,,,,,,,,,,,,,,,,,,,,,,,,,,,,,,,,,,,,,,,,,,,,,,,,,,,,,,,,,
o6_-QKn_AaM_000029_000039.mp4,6.0,using a sledge hammer,15.0,0.0,10.008,0.0,8.4,0,126,0,21,21,42,42.0,63.0,63.0,84.0,84.0,105.0,105.0,126.0,,,,,,,,,,,,,,,,,,,,,,,,,,,,,,,,,,,,,,,,,,,,,,,,,,,,,,,,,,,,,,,,,,,,,,,,,,,,,,,,,,,,,,,,,,,,
p_JXi4r0Aiw_000000_000010.mp4,4.0,using a sledge hammer,29.93,0.0,10.024,0.84,9.99,25,299,25,93,93,162,162.0,231.0,231.0,299.0,,,,,,,,,,,,,,,,,,,,,,,,,,,,,,,,,,,,,,,,,,,,,,,,,,,,,,,,,,,,,,,,,,,,,,,,,,,,,,,,,,,,,,,,,,,,,,,,
qKj1u8ZS3T4_000027_000037.mp4,4.0,using a sledge hammer,30.0,0.0,10.008,0.0,6.37,0,191,0,48,48,96,96.0,143.0,143.0,191.0,,,,,,,,,,,,,,,,,,,,,,,,,,,,,,,,,,,,,,,,,,,,,,,,,,,,,,,,,,,,,,,,,,,,,,,,,,,,,,,,,,,,,,,,,,,,,,,,
rGMVsfoI3Qo_000033_000043.mp4,7.0,using a sledge hammer,15.0,0.0,10.0,0.0,10.0,0,150,0,21,21,43,43.0,64.0,64.0,86.0,86.0,107.0,107.0,129.0,129.0,150.0,,,,,,,,,,,,,,,,,,,,,,,,,,,,,,,,,,,,,,,,,,,,,,,,,,,,,,,,,,,,,,,,,,,,,,,,,,,,,,,,,,,,,,,,,,
rNw7OqsZXRg_000019_000029.mp4,6.0,using a sledge hammer,30.0,0.0,10.0,0.4,10.0,12,300,12,60,60,108,108.0,156.0,156.0,204.0,204.0,252.0,252.0,300.0,,,,,,,,,,,,,,,,,,,,,,,,,,,,,,,,,,,,,,,,,,,,,,,,,,,,,,,,,,,,,,,,,,,,,,,,,,,,,,,,,,,,,,,,,,,,
rvz2WXrY_ww_000008_000018.mp4,11.0,using a sledge hammer,16.58,0.0,10.011,0.0,9.95,0,165,0,15,15,30,30.0,45.0,45.0,60.0,60.0,75.0,75.0,90.0,90.0,105.0,105.0,120.0,120.0,135.0,135.0,150.0,150.0,165.0,,,,,,,,,,,,,,,,,,,,,,,,,,,,,,,,,,,,,,,,,,,,,,,,,,,,,,,,,,,,,,,,,,,,,,,,,,,,,,,,,,
rwZbTxGY1xI_000051_000061.mp4,6.0,using a sledge hammer,30.0,0.0,10.0,0.0,10.0,0,300,0,50,50,100,100.0,150.0,150.0,200.0,200.0,250.0,250.0,300.0,,,,,,,,,,,,,,,,,,,,,,,,,,,,,,,,,,,,,,,,,,,,,,,,,,,,,,,,,,,,,,,,,,,,,,,,,,,,,,,,,,,,,,,,,,,,
suUWVTsXqKA_000040_000050.mp4,5.0,using a sledge hammer,30.0,0.0,10.008,0.0,10.0,0,300,0,60,60,120,120.0,180.0,180.0,240.0,240.0,300.0,,,,,,,,,,,,,,,,,,,,,,,,,,,,,,,,,,,,,,,,,,,,,,,,,,,,,,,,,,,,,,,,,,,,,,,,,,,,,,,,,,,,,,,,,,,,,,
tHsmYtd4guM_000000_000010.mp4,5.0,using a sledge hammer,30.0,0.0,10.008,0.0,9.57,0,287,0,57,57,115,115.0,172.0,172.0,230.0,230.0,287.0,,,,,,,,,,,,,,,,,,,,,,,,,,,,,,,,,,,,,,,,,,,,,,,,,,,,,,,,,,,,,,,,,,,,,,,,,,,,,,,,,,,,,,,,,,,,,,
uY_B6y5fK8E_000000_000010.mp4,5.0,using a sledge hammer,30.0,0.0,10.0,0.0,10.0,0,300,0,60,60,120,120.0,180.0,180.0,240.0,240.0,300.0,,,,,,,,,,,,,,,,,,,,,,,,,,,,,,,,,,,,,,,,,,,,,,,,,,,,,,,,,,,,,,,,,,,,,,,,,,,,,,,,,,,,,,,,,,,,,,
udx-smG0wmo_000017_000027.mp4,6.0,using a sledge hammer,15.0,0.0,9.753,1.93,8.8,29,132,29,46,46,63,63.0,81.0,81.0,98.0,98.0,115.0,115.0,132.0,,,,,,,,,,,,,,,,,,,,,,,,,,,,,,,,,,,,,,,,,,,,,,,,,,,,,,,,,,,,,,,,,,,,,,,,,,,,,,,,,,,,,,,,,,,,
vv9BUgClN7k_000011_000021.mp4,5.0,using a sledge hammer,30.0,0.0,9.823,0.0,8.57,0,257,0,51,51,103,103.0,154.0,154.0,206.0,206.0,257.0,,,,,,,,,,,,,,,,,,,,,,,,,,,,,,,,,,,,,,,,,,,,,,,,,,,,,,,,,,,,,,,,,,,,,,,,,,,,,,,,,,,,,,,,,,,,,,
v2kSzN5hkPU_000000_000010.mp4,5.0,using a sledge hammer,29.97,0.0,8.36,0.0,8.27,0,248,0,50,50,99,99.0,149.0,149.0,198.0,198.0,248.0,,,,,,,,,,,,,,,,,,,,,,,,,,,,,,,,,,,,,,,,,,,,,,,,,,,,,,,,,,,,,,,,,,,,,,,,,,,,,,,,,,,,,,,,,,,,,,
wULy0VP1qTk_000014_000024.mp4,4.0,using a sledge hammer,29.97,0.0,10.008,0.0,7.74,0,232,0,58,58,116,116.0,174.0,174.0,232.0,,,,,,,,,,,,,,,,,,,,,,,,,,,,,,,,,,,,,,,,,,,,,,,,,,,,,,,,,,,,,,,,,,,,,,,,,,,,,,,,,,,,,,,,,,,,,,,,
xGHgYwaKPo0_000000_000010.mp4,4.0,using a sledge hammer,30.0,0.0,10.008,0.0,7.57,0,227,0,57,57,114,114.0,170.0,170.0,227.0,,,,,,,,,,,,,,,,,,,,,,,,,,,,,,,,,,,,,,,,,,,,,,,,,,,,,,,,,,,,,,,,,,,,,,,,,,,,,,,,,,,,,,,,,,,,,,,,
xaA6Z-1ENUo_000089_000099.mp4,3.0,battle rope training,29.97,0.0,10.01,0.0,4.2,0,126,0,42,42,84,84.0,126.0,,,,,,,,,,,,,,,,,,,,,,,,,,,,,,,,,,,,,,,,,,,,,,,,,,,,,,,,,,,,,,,,,,,,,,,,,,,,,,,,,,,,,,,,,,,,,,,,,,
xaA6Z-1ENUo_000016_000026.mp4,3.0,using a sledge hammer,29.97,0.0,10.01,0.0,4.2,0,126,0,42,42,84,84.0,126.0,,,,,,,,,,,,,,,,,,,,,,,,,,,,,,,,,,,,,,,,,,,,,,,,,,,,,,,,,,,,,,,,,,,,,,,,,,,,,,,,,,,,,,,,,,,,,,,,,,
xzZOQQSKuaA_000148_000158.mp4,2.0,using a sledge hammer,30.0,0.0,10.008,0.98,7.47,29,224,29,127,127,224,,,,,,,,,,,,,,,,,,,,,,,,,,,,,,,,,,,,,,,,,,,,,,,,,,,,,,,,,,,,,,,,,,,,,,,,,,,,,,,,,,,,,,,,,,,,,,,,,,,,
x8vixLBjag0_000015_000025.mp4,6.0,using a sledge hammer,29.97,0.0,9.66,0.0,9.61,0,288,0,48,48,96,96.0,144.0,144.0,192.0,192.0,240.0,240.0,288.0,,,,,,,,,,,,,,,,,,,,,,,,,,,,,,,,,,,,,,,,,,,,,,,,,,,,,,,,,,,,,,,,,,,,,,,,,,,,,,,,,,,,,,,,,,,,
x9D3OKeeTI4_000024_000034.mp4,7.0,using a sledge hammer,29.97,0.0,10.01,0.0,9.94,0,298,0,43,43,85,85.0,128.0,128.0,170.0,170.0,213.0,213.0,255.0,255.0,298.0,,,,,,,,,,,,,,,,,,,,,,,,,,,,,,,,,,,,,,,,,,,,,,,,,,,,,,,,,,,,,,,,,,,,,,,,,,,,,,,,,,,,,,,,,,
yPrWqM2y5LY_000003_000013.mp4,5.0,using a sledge hammer,30.0,0.0,10.0,0.0,10.0,0,300,0,60,60,120,120.0,180.0,180.0,240.0,240.0,300.0,,,,,,,,,,,,,,,,,,,,,,,,,,,,,,,,,,,,,,,,,,,,,,,,,,,,,,,,,,,,,,,,,,,,,,,,,,,,,,,,,,,,,,,,,,,,,,
1Yz_txBZjbw_000014_000024.mp4,3.0,using a sledge hammer,25.0,0.0,10.008,0.0,9.08,0,227,0,76,76,151,151.0,227.0,,,,,,,,,,,,,,,,,,,,,,,,,,,,,,,,,,,,,,,,,,,,,,,,,,,,,,,,,,,,,,,,,,,,,,,,,,,,,,,,,,,,,,,,,,,,,,,,,,
2rCLDJWJvSY_000001_000011.mp4,2.0,using a sledge hammer,25.0,0.0,10.0,5.0,6.96,125,174,125,149,149,174,,,,,,,,,,,,,,,,,,,,,,,,,,,,,,,,,,,,,,,,,,,,,,,,,,,,,,,,,,,,,,,,,,,,,,,,,,,,,,,,,,,,,,,,,,,,,,,,,,,,
3J0nLfaoPCY_000054_000064.mp4,2.0,using a sledge hammer,29.81,0.0,10.031,0.0,2.21,0,66,0,33,33,66,,,,,,,,,,,,,,,,,,,,,,,,,,,,,,,,,,,,,,,,,,,,,,,,,,,,,,,,,,,,,,,,,,,,,,,,,,,,,,,,,,,,,,,,,,,,,,,,,,,,
393hVY7pxHw_000021_000031.mp4,2.0,using a sledge hammer,29.97,0.0,10.044,0.0,3.84,0,115,0,58,58,115,,,,,,,,,,,,,,,,,,,,,,,,,,,,,,,,,,,,,,,,,,,,,,,,,,,,,,,,,,,,,,,,,,,,,,,,,,,,,,,,,,,,,,,,,,,,,,,,,,,,
5UyE53HSiGg_000031_000041.mp4,5.0,using a sledge hammer,30.0,0.0,10.0,0.8,10.0,24,300,24,79,79,134,134.0,190.0,190.0,245.0,245.0,300.0,,,,,,,,,,,,,,,,,,,,,,,,,,,,,,,,,,,,,,,,,,,,,,,,,,,,,,,,,,,,,,,,,,,,,,,,,,,,,,,,,,,,,,,,,,,,,,
5jIIgZ_nrcE_000064_000074.mp4,4.0,using a sledge hammer,30.0,0.0,10.0,0.0,9.87,0,296,0,74,74,148,148.0,222.0,222.0,296.0,,,,,,,,,,,,,,,,,,,,,,,,,,,,,,,,,,,,,,,,,,,,,,,,,,,,,,,,,,,,,,,,,,,,,,,,,,,,,,,,,,,,,,,,,,,,,,,,
6AahLIz_aOE_000000_000010.mp4,7.0,using a sledge hammer,29.97,0.0,8.778,0.0,8.24,0,247,0,35,35,71,71.0,106.0,106.0,141.0,141.0,176.0,176.0,212.0,212.0,247.0,,,,,,,,,,,,,,,,,,,,,,,,,,,,,,,,,,,,,,,,,,,,,,,,,,,,,,,,,,,,,,,,,,,,,,,,,,,,,,,,,,,,,,,,,,
8BR4GfnMczQ_000017_000027.mp4,2.0,using a sledge hammer,20.67,0.0,10.017,0.0,2.81,0,58,0,29,29,58,,,,,,,,,,,,,,,,,,,,,,,,,,,,,,,,,,,,,,,,,,,,,,,,,,,,,,,,,,,,,,,,,,,,,,,,,,,,,,,,,,,,,,,,,,,,,,,,,,,,
8CfaRPwU5mI_000003_000013.mp4,4.0,battle rope training,29.97,0.0,10.01,2.2,9.31,66,279,66,119,119,172,172.0,226.0,226.0,279.0,,,,,,,,,,,,,,,,,,,,,,,,,,,,,,,,,,,,,,,,,,,,,,,,,,,,,,,,,,,,,,,,,,,,,,,,,,,,,,,,,,,,,,,,,,,,,,,,
8CfaRPwU5mI_000021_000031.mp4,4.0,using a sledge hammer,29.97,0.0,10.01,2.2,9.31,66,279,66,119,119,172,172.0,226.0,226.0,279.0,,,,,,,,,,,,,,,,,,,,,,,,,,,,,,,,,,,,,,,,,,,,,,,,,,,,,,,,,,,,,,,,,,,,,,,,,,,,,,,,,,,,,,,,,,,,,,,,
8KuGsXtv0bc_000047_000057.mp4,5.0,using a sledge hammer,29.0,0.0,10.0,0.0,8.83,0,256,0,51,51,102,102.0,154.0,154.0,205.0,205.0,256.0,,,,,,,,,,,,,,,,,,,,,,,,,,,,,,,,,,,,,,,,,,,,,,,,,,,,,,,,,,,,,,,,,,,,,,,,,,,,,,,,,,,,,,,,,,,,,,
80k_ejNEeOY_000011_000021.mp4,4.0,using a sledge hammer,29.97,0.0,10.01,5.84,9.98,175,299,175,206,206,237,237.0,268.0,268.0,299.0,,,,,,,,,,,,,,,,,,,,,,,,,,,,,,,,,,,,,,,,,,,,,,,,,,,,,,,,,,,,,,,,,,,,,,,,,,,,,,,,,,,,,,,,,,,,,,,,
9Kve3ydDCuc_000000_000010.mp4,5.0,using a sledge hammer,30.0,0.0,10.008,0.73,10.0,22,300,22,78,78,133,133.0,189.0,189.0,244.0,244.0,300.0,,,,,,,,,,,,,,,,,,,,,,,,,,,,,,,,,,,,,,,,,,,,,,,,,,,,,,,,,,,,,,,,,,,,,,,,,,,,,,,,,,,,,,,,,,,,,,
9-yL_3D13Rg_000010_000020.mp4,5.0,using a sledge hammer,29.97,0.0,10.01,0.0,10.0,0,300,0,60,60,120,120.0,180.0,180.0,240.0,240.0,300.0,,,,,,,,,,,,,,,,,,,,,,,,,,,,,,,,,,,,,,,,,,,,,,,,,,,,,,,,,,,,,,,,,,,,,,,,,,,,,,,,,,,,,,,,,,,,,,
-DrsyI5Dk1I_000083_000093.mp4,4.0,using a sledge hammer,25.0,0.0,10.008,0.48,10.0,12,250,12,72,72,131,131.0,190.0,190.0,250.0,,,,,,,,,,,,,,,,,,,,,,,,,,,,,,,,,,,,,,,,,,,,,,,,,,,,,,,,,,,,,,,,,,,,,,,,,,,,,,,,,,,,,,,,,,,,,,,,
