video_name,count,class,fps,repetition_segment_start_sec,repetition_segment_end_sec,repetition_segment_start_frame,repetition_segment_end_frame,rep_1_start_frame,rep_1_end_frame,rep_2_start_frame,rep_2_end_frame,rep_3_start_frame,rep_3_end_frame,rep_4_start_frame,rep_4_end_frame,rep_5_start_frame,rep_5_end_frame,rep_6_start_frame,rep_6_end_frame,rep_7_start_frame,rep_7_end_frame,rep_8_start_frame,rep_8_end_frame,rep_9_start_frame,rep_9_end_frame,rep_10_start_frame,rep_10_end_frame,rep_11_start_frame,rep_11_end_frame,rep_12_start_frame,rep_12_end_frame,rep_13_start_frame,rep_13_end_frame,rep_14_start_frame,rep_14_end_frame,rep_15_start_frame,rep_15_end_frame,rep_16_start_frame,rep_16_end_frame,rep_17_start_frame,rep_17_end_frame,rep_18_start_frame,rep_18_end_frame,rep_19_start_frame,rep_19_end_frame,rep_20_start_frame,rep_20_end_frame,rep_21_start_frame,rep_21_end_frame,rep_22_start_frame,rep_22_end_frame,rep_23_start_frame,rep_23_end_frame,rep_24_start_frame,rep_24_end_frame,rep_25_start_frame,rep_25_end_frame,rep_26_start_frame,rep_26_end_frame,rep_27_start_frame,rep_27_end_frame,rep_28_start_frame,rep_28_end_frame,rep_29_start_frame,rep_29_end_frame,rep_30_start_frame,rep_30_end_frame,rep_31_start_frame,rep_31_end_frame,rep_32_start_frame,rep_32_end_frame,rep_33_start_frame,rep_33_end_frame,rep_34_start_frame,rep_34_end_frame,rep_35_start_frame,rep_35_end_frame,rep_36_start_frame,rep_36_end_frame,rep_37_start_frame,rep_37_end_frame,rep_38_start_frame,rep_38_end_frame,rep_39_start_frame,rep_39_end_frame,rep_40_start_frame,rep_40_end_frame,rep_41_start_frame,rep_41_end_frame,rep_42_start_frame,rep_42_end_frame,rep_43_start_frame,rep_43_end_frame,rep_44_start_frame,rep_44_end_frame,rep_45_start_frame,rep_45_end_frame,rep_46_start_frame,rep_46_end_frame,rep_47_start_frame,rep_47_end_frame,rep_48_start_frame,rep_48_end_frame,rep_49_start_frame,rep_49_end_frame,rep_50_start_frame,rep_50_end_frame,rep_51_start_frame,rep_51_end_frame,rep_52_start_frame,rep_52_end_frame,rep_53_start_frame,rep_53_end_frame,rep_54_start_frame,rep_54_end_frame,rep_55_start_frame,rep_55_end_frame,rep_56_start_frame,rep_56_end_frame,rep_57_start_frame,rep_57_end_frame,rep_58_start_frame,rep_58_end_frame,rep_59_start_frame,rep_59_end_frame,rep_60_start_frame,rep_60_end_frame,rep_61_start_frame,rep_61_end_frame,rep_62_start_frame,rep_62_end_frame,rep_63_start_frame,rep_63_end_frame,rep_64_start_frame,rep_64_end_frame,rep_65_start_frame,rep_65_end_frame,rep_66_start_frame,rep_66_end_frame,rep_67_start_frame,rep_67_end_frame,rep_68_start_frame,rep_68_end_frame,rep_69_start_frame,rep_69_end_frame,rep_70_start_frame,rep_70_end_frame,rep_71_start_frame,rep_71_end_frame
APkos_Kqa3M_000017_000027.mp4,20,battle rope training,29.97,0.0,9.98,0,299,0,15,15,30,30,45,45,60,60,75,75,90,90,105,105,120,120,135,135,150,150,164,164,179,179,194,194,209,209,224,224,239,239,254,254,269,269,284,284,299,,,,,,,,,,,,,,,,,,,,,,,,,,,,,,,,,,,,,,,,,,,,,,,,,,,,,,,,,,,,,,,,,,,,,,,,,,,,,,,,,,,,,,,,,,,,,,,,,,,,,,
AaTvErday_s_000121_000131.mp4,12,battle rope training,30.0,0.9,10.0,27,300,27,50,50,73,73,95,95,118,118,141,141,163,163,186,186,209,209,232,232,255,255,277,277,300,,,,,,,,,,,,,,,,,,,,,,,,,,,,,,,,,,,,,,,,,,,,,,,,,,,,,,,,,,,,,,,,,,,,,,,,,,,,,,,,,,,,,,,,,,,,,,,,,,,,,,,,,,,,,,,,,,,,,,
AnEm66_ZHvQ_000020_000030.mp4,8,battle rope training,29.97,1.0,9.81,30,294,30,63,63,96,96,129,129,162,162,195,195,228,228,261,261,294,,,,,,,,,,,,,,,,,,,,,,,,,,,,,,,,,,,,,,,,,,,,,,,,,,,,,,,,,,,,,,,,,,,,,,,,,,,,,,,,,,,,,,,,,,,,,,,,,,,,,,,,,,,,,,,,,,,,,,,,,,,,,,
AsJgDPLu_ro_000013_000023.mp4,3,battle rope training,29.97,0.0,1.47,0,44,0,15,15,29,29,44,,,,,,,,,,,,,,,,,,,,,,,,,,,,,,,,,,,,,,,,,,,,,,,,,,,,,,,,,,,,,,,,,,,,,,,,,,,,,,,,,,,,,,,,,,,,,,,,,,,,,,,,,,,,,,,,,,,,,,,,,,,,,,,,,,,,,,,,
AsJgDPLu_ro_000013_000023.mp4,11,battle rope training,29.97,5.64,9.88,169,296,169,181,181,192,192,204,204,215,215,227,227,238,238,250,250,261,261,273,273,284,284,296,,,,,,,,,,,,,,,,,,,,,,,,,,,,,,,,,,,,,,,,,,,,,,,,,,,,,,,,,,,,,,,,,,,,,,,,,,,,,,,,,,,,,,,,,,,,,,,,,,,,,,,,,,,,,,,,,,,,,,,,
BuhAROfTtx8_000001_000011.mp4,9,battle rope training,29.75,3.33,9.98,99,297,99,121,121,143,143,165,165,187,187,209,209,231,231,253,253,275,275,297,,,,,,,,,,,,,,,,,,,,,,,,,,,,,,,,,,,,,,,,,,,,,,,,,,,,,,,,,,,,,,,,,,,,,,,,,,,,,,,,,,,,,,,,,,,,,,,,,,,,,,,,,,,,,,,,,,,,,,,,,,,,
C-X1eJftb-g_000019_000029.mp4,19,battle rope training,29.97,0.0,9.98,0,299,0,16,16,31,31,47,47,63,63,79,79,94,94,110,110,126,126,142,142,157,157,173,173,189,189,205,205,220,220,236,236,252,252,268,268,283,283,299,,,,,,,,,,,,,,,,,,,,,,,,,,,,,,,,,,,,,,,,,,,,,,,,,,,,,,,,,,,,,,,,,,,,,,,,,,,,,,,,,,,,,,,,,,,,,,,,,,,,,,,,
DkonD7QOe64_000012_000022.mp4,7,battle rope training,29.76,0.0,1.3,0,39,0,6,6,11,11,17,17,22,22,28,28,33,33,39,,,,,,,,,,,,,,,,,,,,,,,,,,,,,,,,,,,,,,,,,,,,,,,,,,,,,,,,,,,,,,,,,,,,,,,,,,,,,,,,,,,,,,,,,,,,,,,,,,,,,,,,,,,,,,,,,,,,,,,,,,,,,,,,
DkonD7QOe64_000012_000022.mp4,35,battle rope training,29.76,1.6,9.23,48,275,48,54,54,61,61,67,67,74,74,80,80,87,87,93,93,100,100,106,106,113,113,119,119,126,126,132,132,139,139,145,145,152,152,158,158,165,165,171,171,178,178,184,184,191,191,197,197,204,204,210,210,217,217,223,223,230,230,236,236,243,243,249,249,256,256,262,262,269,269,275,,,,,,,,,,,,,,,,,,,,,,,,,,,,,,,,,,,,,,,,,,,,,,,,,,,,,,,,,,,,,,,,,,,,,,,,
EKEJHzTW53s_000015_000025.mp4,3,battle rope training,30.0,7.4,9.87,222,296,222,247,247,271,271,296,,,,,,,,,,,,,,,,,,,,,,,,,,,,,,,,,,,,,,,,,,,,,,,,,,,,,,,,,,,,,,,,,,,,,,,,,,,,,,,,,,,,,,,,,,,,,,,,,,,,,,,,,,,,,,,,,,,,,,,,,,,,,,,,,,,,,,,,
EKEJHzTW53s_000015_000025.mp4,4,battle rope training,30.0,0.0,2.67,0,80,0,20,20,40,40,60,60,80,,,,,,,,,,,,,,,,,,,,,,,,,,,,,,,,,,,,,,,,,,,,,,,,,,,,,,,,,,,,,,,,,,,,,,,,,,,,,,,,,,,,,,,,,,,,,,,,,,,,,,,,,,,,,,,,,,,,,,,,,,,,,,,,,,,,,,
E2iBgyvSZ9U_000192_000202.mp4,5,battle rope training,20.0,0.0,4.25,0,85,0,17,17,34,34,51,51,68,68,85,,,,,,,,,,,,,,,,,,,,,,,,,,,,,,,,,,,,,,,,,,,,,,,,,,,,,,,,,,,,,,,,,,,,,,,,,,,,,,,,,,,,,,,,,,,,,,,,,,,,,,,,,,,,,,,,,,,,,,,,,,,,,,,,,,,,
FGsndIt1TW4_000000_000010.mp4,30,battle rope training,29.97,1.33,9.98,40,299,40,49,49,57,57,66,66,75,75,83,83,92,92,100,100,109,109,118,118,126,126,135,135,144,144,152,152,161,161,170,170,178,178,187,187,195,195,204,204,213,213,221,221,230,230,239,239,247,247,256,256,264,264,273,273,282,282,290,290,299,,,,,,,,,,,,,,,,,,,,,,,,,,,,,,,,,,,,,,,,,,,,,,,,,,,,,,,,,,,,,,,,,,,,,,,,,,,,,,,,,,
FQaVcc3dH40_000070_000080.mp4,18,battle rope training,29.97,0.0,3.5,0,105,0,6,6,12,12,18,18,23,23,29,29,35,35,41,41,47,47,52,52,58,58,64,64,70,70,76,76,82,82,88,88,93,93,99,99,105,,,,,,,,,,,,,,,,,,,,,,,,,,,,,,,,,,,,,,,,,,,,,,,,,,,,,,,,,,,,,,,,,,,,,,,,,,,,,,,,,,,,,,,,,,,,,,,,,,,,,,,,,,
F-8dgkZaeIk_000000_000010.mp4,20,battle rope training,30.0,5.08,10.0,152,300,152,159,159,167,167,174,174,182,182,189,189,196,196,204,204,211,211,219,219,226,226,233,233,241,241,248,248,256,256,263,263,270,270,278,278,285,285,293,293,300,,,,,,,,,,,,,,,,,,,,,,,,,,,,,,,,,,,,,,,,,,,,,,,,,,,,,,,,,,,,,,,,,,,,,,,,,,,,,,,,,,,,,,,,,,,,,,,,,,,,,,
GWOuD3bwuEs_000031_000041.mp4,34,battle rope training,29.89,2.31,9.97,69,298,69,76,76,82,82,89,89,96,96,103,103,109,109,116,116,123,123,130,130,136,136,143,143,150,150,157,157,163,163,170,170,177,177,183,183,190,190,197,197,204,204,210,210,217,217,224,224,231,231,237,237,244,244,251,251,258,258,264,264,271,271,278,278,285,285,291,291,298,,,,,,,,,,,,,,,,,,,,,,,,,,,,,,,,,,,,,,,,,,,,,,,,,,,,,,,,,,,,,,,,,,,,,,,,,,
HIZspvfDzDY_000005_000015.mp4,15,battle rope training,29.97,0.0,7.21,0,216,0,14,14,29,29,43,43,58,58,72,72,86,86,101,101,115,115,130,130,144,144,158,158,173,173,187,187,202,202,216,,,,,,,,,,,,,,,,,,,,,,,,,,,,,,,,,,,,,,,,,,,,,,,,,,,,,,,,,,,,,,,,,,,,,,,,,,,,,,,,,,,,,,,,,,,,,,,,,,,,,,,,,,,,,,,,
IMUfloztTy8_000000_000010.mp4,30,battle rope training,30.0,2.6,10.0,78,300,78,85,85,93,93,100,100,108,108,115,115,122,122,130,130,137,137,145,145,152,152,159,159,167,167,174,174,182,182,189,189,196,196,204,204,211,211,219,219,226,226,233,233,241,241,248,248,256,256,263,263,270,270,278,278,285,285,293,293,300,,,,,,,,,,,,,,,,,,,,,,,,,,,,,,,,,,,,,,,,,,,,,,,,,,,,,,,,,,,,,,,,,,,,,,,,,,,,,,,,,,
Iq4o6y85Vec_000186_000196.mp4,4,battle rope training,23.98,0.0,6.21,0,149,0,37,37,74,74,112,112,149,,,,,,,,,,,,,,,,,,,,,,,,,,,,,,,,,,,,,,,,,,,,,,,,,,,,,,,,,,,,,,,,,,,,,,,,,,,,,,,,,,,,,,,,,,,,,,,,,,,,,,,,,,,,,,,,,,,,,,,,,,,,,,,,,,,,,,
JDdb4kNuKOE_000014_000024.mp4,25,battle rope training,29.97,0.0,9.98,0,299,0,12,12,24,24,36,36,48,48,60,60,72,72,84,84,96,96,108,108,120,120,132,132,144,144,155,155,167,167,179,179,191,191,203,203,215,215,227,227,239,239,251,251,263,263,275,275,287,287,299,,,,,,,,,,,,,,,,,,,,,,,,,,,,,,,,,,,,,,,,,,,,,,,,,,,,,,,,,,,,,,,,,,,,,,,,,,,,,,,,,,,,,,,,,,,,
KdF4TYh6YU4_000033_000043.mp4,16,battle rope training,30.0,0.0,9.53,0,286,0,18,18,36,36,54,54,72,72,89,89,107,107,125,125,143,143,161,161,179,179,197,197,214,214,232,232,250,250,268,268,286,,,,,,,,,,,,,,,,,,,,,,,,,,,,,,,,,,,,,,,,,,,,,,,,,,,,,,,,,,,,,,,,,,,,,,,,,,,,,,,,,,,,,,,,,,,,,,,,,,,,,,,,,,,,,,
K29P_UTBYRg_000000_000010.mp4,6,battle rope training,29.97,0.0,9.98,0,299,0,50,50,100,100,150,150,199,199,249,249,299,,,,,,,,,,,,,,,,,,,,,,,,,,,,,,,,,,,,,,,,,,,,,,,,,,,,,,,,,,,,,,,,,,,,,,,,,,,,,,,,,,,,,,,,,,,,,,,,,,,,,,,,,,,,,,,,,,,,,,,,,,,,,,,,,,
M1xNdRTPKwo_000039_000049.mp4,11,battle rope training,23.98,0.0,6.92,0,166,0,15,15,30,30,45,45,60,60,75,75,91,91,106,106,121,121,136,136,151,151,166,,,,,,,,,,,,,,,,,,,,,,,,,,,,,,,,,,,,,,,,,,,,,,,,,,,,,,,,,,,,,,,,,,,,,,,,,,,,,,,,,,,,,,,,,,,,,,,,,,,,,,,,,,,,,,,,,,,,,,,,
M7Urc9uBjBU_000034_000044.mp4,2,battle rope training,25.0,9.04,10.0,226,250,226,238,238,250,,,,,,,,,,,,,,,,,,,,,,,,,,,,,,,,,,,,,,,,,,,,,,,,,,,,,,,,,,,,,,,,,,,,,,,,,,,,,,,,,,,,,,,,,,,,,,,,,,,,,,,,,,,,,,,,,,,,,,,,,,,,,,,,,,,,,,,,,,
OCKdRmWU1nE_000021_000031.mp4,8,battle rope training,25.0,0.0,5.2,0,130,0,16,16,32,32,49,49,65,65,81,81,98,98,114,114,130,,,,,,,,,,,,,,,,,,,,,,,,,,,,,,,,,,,,,,,,,,,,,,,,,,,,,,,,,,,,,,,,,,,,,,,,,,,,,,,,,,,,,,,,,,,,,,,,,,,,,,,,,,,,,,,,,,,,,,,,,,,,,,
OCKdRmWU1nE_000021_000031.mp4,16,battle rope training,25.0,5.68,10.0,142,250,142,149,149,156,156,162,162,169,169,176,176,182,182,189,189,196,196,203,203,210,210,216,216,223,223,230,230,236,236,243,243,250,,,,,,,,,,,,,,,,,,,,,,,,,,,,,,,,,,,,,,,,,,,,,,,,,,,,,,,,,,,,,,,,,,,,,,,,,,,,,,,,,,,,,,,,,,,,,,,,,,,,,,,,,,,,,,
O6LHTs3bMG8_000005_000015.mp4,30,battle rope training,30.0,1.03,10.0,31,300,31,40,40,49,49,58,58,67,67,76,76,85,85,94,94,103,103,112,112,121,121,130,130,139,139,148,148,157,157,165,165,174,174,183,183,192,192,201,201,210,210,219,219,228,228,237,237,246,246,255,255,264,264,273,273,282,282,291,291,300,,,,,,,,,,,,,,,,,,,,,,,,,,,,,,,,,,,,,,,,,,,,,,,,,,,,,,,,,,,,,,,,,,,,,,,,,,,,,,,,,,
PKeK_H-DOvU_000007_000017.mp4,41,battle rope training,17.48,0.0,9.2,0,161,0,4,4,8,8,12,12,16,16,20,20,24,24,27,27,31,31,35,35,39,39,43,43,47,47,51,51,55,55,59,59,63,63,67,67,71,71,75,75,79,79,82,82,86,86,90,90,94,94,98,98,102,102,106,106,110,110,114,114,118,118,122,122,126,126,130,130,134,134,137,137,141,141,145,145,149,149,153,153,157,157,161,,,,,,,,,,,,,,,,,,,,,,,,,,,,,,,,,,,,,,,,,,,,,,,,,,,,,,,,,,,,
Qdz2TK3Gd-U_000011_000021.mp4,14,battle rope training,29.97,7.81,9.96,234,299,234,239,239,243,243,248,248,253,253,257,257,262,262,266,266,271,271,276,276,280,280,285,285,290,290,294,294,299,,,,,,,,,,,,,,,,,,,,,,,,,,,,,,,,,,,,,,,,,,,,,,,,,,,,,,,,,,,,,,,,,,,,,,,,,,,,,,,,,,,,,,,,,,,,,,,,,,,,,,,,,,,,,,,,,,
QvHRHdDaSI8_000019_000029.mp4,12,battle rope training,29.0,0.0,4.21,0,122,0,10,10,20,20,30,30,41,41,51,51,61,61,71,71,81,81,92,92,102,102,112,112,122,,,,,,,,,,,,,,,,,,,,,,,,,,,,,,,,,,,,,,,,,,,,,,,,,,,,,,,,,,,,,,,,,,,,,,,,,,,,,,,,,,,,,,,,,,,,,,,,,,,,,,,,,,,,,,,,,,,,,,
Q2L3tDbuIus_000000_000010.mp4,8,battle rope training,30.0,0.0,6.3,0,189,0,24,24,47,47,71,71,94,94,118,118,142,142,165,165,189,,,,,,,,,,,,,,,,,,,,,,,,,,,,,,,,,,,,,,,,,,,,,,,,,,,,,,,,,,,,,,,,,,,,,,,,,,,,,,,,,,,,,,,,,,,,,,,,,,,,,,,,,,,,,,,,,,,,,,,,,,,,,,
Q2t1S__Hugo_000000_000010.mp4,23,battle rope training,29.97,6.07,10.0,182,300,182,187,187,192,192,197,197,203,203,208,208,213,213,218,218,223,223,228,228,233,233,238,238,244,244,249,249,254,254,259,259,264,264,269,269,274,274,279,279,285,285,290,290,295,295,300,,,,,,,,,,,,,,,,,,,,,,,,,,,,,,,,,,,,,,,,,,,,,,,,,,,,,,,,,,,,,,,,,,,,,,,,,,,,,,,,,,,,,,,,,,,,,,,,
RLrJsS3uir8_000001_000011.mp4,5,battle rope training,29.97,0.0,9.11,0,273,0,55,55,109,109,164,164,218,218,273,,,,,,,,,,,,,,,,,,,,,,,,,,,,,,,,,,,,,,,,,,,,,,,,,,,,,,,,,,,,,,,,,,,,,,,,,,,,,,,,,,,,,,,,,,,,,,,,,,,,,,,,,,,,,,,,,,,,,,,,,,,,,,,,,,,,
RQ48AUI_unk_000312_000322.mp4,3,battle rope training,30.0,7.87,10.0,236,300,236,257,257,279,279,300,,,,,,,,,,,,,,,,,,,,,,,,,,,,,,,,,,,,,,,,,,,,,,,,,,,,,,,,,,,,,,,,,,,,,,,,,,,,,,,,,,,,,,,,,,,,,,,,,,,,,,,,,,,,,,,,,,,,,,,,,,,,,,,,,,,,,,,,
Rj3qGw4wXDk_000000_000010.mp4,21,battle rope training,30.0,4.53,9.67,136,290,136,143,143,151,151,158,158,165,165,173,173,180,180,187,187,195,195,202,202,209,209,217,217,224,224,231,231,239,239,246,246,253,253,261,261,268,268,275,275,283,283,290,,,,,,,,,,,,,,,,,,,,,,,,,,,,,,,,,,,,,,,,,,,,,,,,,,,,,,,,,,,,,,,,,,,,,,,,,,,,,,,,,,,,,,,,,,,,,,,,,,,,
RlDSusLqfPU_000033_000043.mp4,4,battle rope training,23.98,0.67,7.42,16,178,16,56,56,97,97,138,138,178,,,,,,,,,,,,,,,,,,,,,,,,,,,,,,,,,,,,,,,,,,,,,,,,,,,,,,,,,,,,,,,,,,,,,,,,,,,,,,,,,,,,,,,,,,,,,,,,,,,,,,,,,,,,,,,,,,,,,,,,,,,,,,,,,,,,,,
R9zEwOi7gyU_000035_000045.mp4,2,battle rope training,30.0,0.0,0.4,0,12,0,6,6,12,,,,,,,,,,,,,,,,,,,,,,,,,,,,,,,,,,,,,,,,,,,,,,,,,,,,,,,,,,,,,,,,,,,,,,,,,,,,,,,,,,,,,,,,,,,,,,,,,,,,,,,,,,,,,,,,,,,,,,,,,,,,,,,,,,,,,,,,,,
R9zEwOi7gyU_000035_000045.mp4,19,battle rope training,30.0,3.47,6.23,104,187,104,108,108,113,113,117,117,121,121,126,126,130,130,135,135,139,139,143,143,148,148,152,152,156,156,161,161,165,165,170,170,174,174,178,178,183,183,187,,,,,,,,,,,,,,,,,,,,,,,,,,,,,,,,,,,,,,,,,,,,,,,,,,,,,,,,,,,,,,,,,,,,,,,,,,,,,,,,,,,,,,,,,,,,,,,,,,,,,,,,
R9zEwOi7gyU_000035_000045.mp4,3,battle rope training,30.0,9.6,10.0,288,300,288,292,292,296,296,300,,,,,,,,,,,,,,,,,,,,,,,,,,,,,,,,,,,,,,,,,,,,,,,,,,,,,,,,,,,,,,,,,,,,,,,,,,,,,,,,,,,,,,,,,,,,,,,,,,,,,,,,,,,,,,,,,,,,,,,,,,,,,,,,,,,,,,,,
SGXtlWfhh_M_000019_000029.mp4,4,battle rope training,29.97,0.0,4.34,0,130,0,32,32,65,65,98,98,130,,,,,,,,,,,,,,,,,,,,,,,,,,,,,,,,,,,,,,,,,,,,,,,,,,,,,,,,,,,,,,,,,,,,,,,,,,,,,,,,,,,,,,,,,,,,,,,,,,,,,,,,,,,,,,,,,,,,,,,,,,,,,,,,,,,,,,
THGD3_0enHU_000007_000017.mp4,6,battle rope training,14.69,0.0,9.87,0,145,0,24,24,48,48,72,72,97,97,121,121,145,,,,,,,,,,,,,,,,,,,,,,,,,,,,,,,,,,,,,,,,,,,,,,,,,,,,,,,,,,,,,,,,,,,,,,,,,,,,,,,,,,,,,,,,,,,,,,,,,,,,,,,,,,,,,,,,,,,,,,,,,,,,,,,,,,
TzvT-p_Hq-Y_000028_000038.mp4,5,battle rope training,29.97,1.12,3.6,34,108,34,49,49,64,64,78,78,93,93,108,,,,,,,,,,,,,,,,,,,,,,,,,,,,,,,,,,,,,,,,,,,,,,,,,,,,,,,,,,,,,,,,,,,,,,,,,,,,,,,,,,,,,,,,,,,,,,,,,,,,,,,,,,,,,,,,,,,,,,,,,,,,,,,,,,,,
TzvT-p_Hq-Y_000028_000038.mp4,6,battle rope training,29.97,6.31,9.94,189,298,189,207,207,225,225,243,243,262,262,280,280,298,,,,,,,,,,,,,,,,,,,,,,,,,,,,,,,,,,,,,,,,,,,,,,,,,,,,,,,,,,,,,,,,,,,,,,,,,,,,,,,,,,,,,,,,,,,,,,,,,,,,,,,,,,,,,,,,,,,,,,,,,,,,,,,,,,
VpUOfMeFx-U_000063_000073.mp4,9,battle rope training,30.0,0.0,4.8,0,144,0,16,16,32,32,48,48,64,64,80,80,96,96,112,112,128,128,144,,,,,,,,,,,,,,,,,,,,,,,,,,,,,,,,,,,,,,,,,,,,,,,,,,,,,,,,,,,,,,,,,,,,,,,,,,,,,,,,,,,,,,,,,,,,,,,,,,,,,,,,,,,,,,,,,,,,,,,,,,,,
V9yyYRHqWOE_000027_000037.mp4,7,battle rope training,25.0,6.44,10.0,161,250,161,174,174,186,186,199,199,212,212,225,225,237,237,250,,,,,,,,,,,,,,,,,,,,,,,,,,,,,,,,,,,,,,,,,,,,,,,,,,,,,,,,,,,,,,,,,,,,,,,,,,,,,,,,,,,,,,,,,,,,,,,,,,,,,,,,,,,,,,,,,,,,,,,,,,,,,,,,
W2bvLjnEsMo_000022_000032.mp4,14,battle rope training,24.0,0.08,9.46,2,227,2,18,18,34,34,50,50,66,66,82,82,98,98,114,114,131,131,147,147,163,163,179,179,195,195,211,211,227,,,,,,,,,,,,,,,,,,,,,,,,,,,,,,,,,,,,,,,,,,,,,,,,,,,,,,,,,,,,,,,,,,,,,,,,,,,,,,,,,,,,,,,,,,,,,,,,,,,,,,,,,,,,,,,,,,
YlDyf8pJ1AY_000007_000017.mp4,34,battle rope training,30.0,0.0,10.0,0,300,0,9,9,18,18,26,26,35,35,44,44,53,53,62,62,71,71,79,79,88,88,97,97,106,106,115,115,124,124,132,132,141,141,150,150,159,159,168,168,176,176,185,185,194,194,203,203,212,212,221,221,229,229,238,238,247,247,256,256,265,265,274,274,282,282,291,291,300,,,,,,,,,,,,,,,,,,,,,,,,,,,,,,,,,,,,,,,,,,,,,,,,,,,,,,,,,,,,,,,,,,,,,,,,,,
ZAzz9icRTLY_000015_000025.mp4,26,battle rope training,29.97,0.0,6.11,0,183,0,7,7,14,14,21,21,28,28,35,35,42,42,49,49,56,56,63,63,70,70,77,77,84,84,92,92,99,99,106,106,113,113,120,120,127,127,134,134,141,141,148,148,155,155,162,162,169,169,176,176,183,,,,,,,,,,,,,,,,,,,,,,,,,,,,,,,,,,,,,,,,,,,,,,,,,,,,,,,,,,,,,,,,,,,,,,,,,,,,,,,,,,,,,,,,,,
a-APH0A_8FU_000001_000011.mp4,11,battle rope training,30.0,5.77,10.0,173,300,173,185,185,196,196,208,208,219,219,231,231,242,242,254,254,265,265,277,277,288,288,300,,,,,,,,,,,,,,,,,,,,,,,,,,,,,,,,,,,,,,,,,,,,,,,,,,,,,,,,,,,,,,,,,,,,,,,,,,,,,,,,,,,,,,,,,,,,,,,,,,,,,,,,,,,,,,,,,,,,,,,,
bEo2REq5rNo_000072_000082.mp4,30,battle rope training,30.0,0.0,10.0,0,300,0,10,10,20,20,30,30,40,40,50,50,60,60,70,70,80,80,90,90,100,100,110,110,120,120,130,130,140,140,150,150,160,160,170,170,180,180,190,190,200,200,210,210,220,220,230,230,240,240,250,250,260,260,270,270,280,280,290,290,300,,,,,,,,,,,,,,,,,,,,,,,,,,,,,,,,,,,,,,,,,,,,,,,,,,,,,,,,,,,,,,,,,,,,,,,,,,,,,,,,,,
bP15zMeQFRQ_000000_000010.mp4,18,battle rope training,29.0,0.0,9.0,0,261,0,14,14,29,29,44,44,58,58,72,72,87,87,102,102,116,116,130,130,145,145,160,160,174,174,188,188,203,203,218,218,232,232,246,246,261,,,,,,,,,,,,,,,,,,,,,,,,,,,,,,,,,,,,,,,,,,,,,,,,,,,,,,,,,,,,,,,,,,,,,,,,,,,,,,,,,,,,,,,,,,,,,,,,,,,,,,,,,,
bb9VlOqeeWo_000011_000021.mp4,2,battle rope training,29.97,0.0,1.47,0,44,0,22,22,44,,,,,,,,,,,,,,,,,,,,,,,,,,,,,,,,,,,,,,,,,,,,,,,,,,,,,,,,,,,,,,,,,,,,,,,,,,,,,,,,,,,,,,,,,,,,,,,,,,,,,,,,,,,,,,,,,,,,,,,,,,,,,,,,,,,,,,,,,,
bb9VlOqeeWo_000011_000021.mp4,13,battle rope training,29.97,2.47,9.11,74,273,74,89,89,105,105,120,120,135,135,151,151,166,166,181,181,196,196,212,212,227,227,242,242,258,258,273,,,,,,,,,,,,,,,,,,,,,,,,,,,,,,,,,,,,,,,,,,,,,,,,,,,,,,,,,,,,,,,,,,,,,,,,,,,,,,,,,,,,,,,,,,,,,,,,,,,,,,,,,,,,,,,,,,,,
dm8jRVaTVU8_000000_000010.mp4,2,battle rope training,29.0,0.0,7.48,0,217,0,108,108,217,,,,,,,,,,,,,,,,,,,,,,,,,,,,,,,,,,,,,,,,,,,,,,,,,,,,,,,,,,,,,,,,,,,,,,,,,,,,,,,,,,,,,,,,,,,,,,,,,,,,,,,,,,,,,,,,,,,,,,,,,,,,,,,,,,,,,,,,,,
e9qMAKsTugA_000044_000054.mp4,11,battle rope training,25.0,0.68,2.48,17,62,17,21,21,25,25,29,29,33,33,37,37,42,42,46,46,50,50,54,54,58,58,62,,,,,,,,,,,,,,,,,,,,,,,,,,,,,,,,,,,,,,,,,,,,,,,,,,,,,,,,,,,,,,,,,,,,,,,,,,,,,,,,,,,,,,,,,,,,,,,,,,,,,,,,,,,,,,,,,,,,,,,,
f0NROisZxSQ_000000_000010.mp4,46,battle rope training,23.98,0.0,9.97,0,239,0,5,5,10,10,16,16,21,21,26,26,31,31,36,36,42,42,47,47,52,52,57,57,62,62,68,68,73,73,78,78,83,83,88,88,94,94,99,99,104,104,109,109,114,114,120,120,125,125,130,130,135,135,140,140,145,145,151,151,156,156,161,161,166,166,171,171,177,177,182,182,187,187,192,192,197,197,203,203,208,208,213,213,218,218,223,223,229,229,234,234,239,,,,,,,,,,,,,,,,,,,,,,,,,,,,,,,,,,,,,,,,,,,,,,,,,,
f8WmWqDfDWA_000000_000010.mp4,15,battle rope training,29.97,0.0,7.91,0,237,0,16,16,32,32,47,47,63,63,79,79,95,95,111,111,126,126,142,142,158,158,174,174,190,190,205,205,221,221,237,,,,,,,,,,,,,,,,,,,,,,,,,,,,,,,,,,,,,,,,,,,,,,,,,,,,,,,,,,,,,,,,,,,,,,,,,,,,,,,,,,,,,,,,,,,,,,,,,,,,,,,,,,,,,,,,
g5WozmwLles_000016_000026.mp4,4,battle rope training,29.97,0.88,4.85,26,145,26,56,56,86,86,115,115,145,,,,,,,,,,,,,,,,,,,,,,,,,,,,,,,,,,,,,,,,,,,,,,,,,,,,,,,,,,,,,,,,,,,,,,,,,,,,,,,,,,,,,,,,,,,,,,,,,,,,,,,,,,,,,,,,,,,,,,,,,,,,,,,,,,,,,,
g8eOBQ4ceSU_000067_000077.mp4,4,battle rope training,30.0,1.15,4.7,34,141,34,61,61,88,88,114,114,141,,,,,,,,,,,,,,,,,,,,,,,,,,,,,,,,,,,,,,,,,,,,,,,,,,,,,,,,,,,,,,,,,,,,,,,,,,,,,,,,,,,,,,,,,,,,,,,,,,,,,,,,,,,,,,,,,,,,,,,,,,,,,,,,,,,,,,
g8eOBQ4ceSU_000067_000077.mp4,3,battle rope training,30.0,7.57,9.95,227,298,227,251,251,274,274,298,,,,,,,,,,,,,,,,,,,,,,,,,,,,,,,,,,,,,,,,,,,,,,,,,,,,,,,,,,,,,,,,,,,,,,,,,,,,,,,,,,,,,,,,,,,,,,,,,,,,,,,,,,,,,,,,,,,,,,,,,,,,,,,,,,,,,,,,
hEk_hUf5SrM_000000_000010.mp4,4,battle rope training,29.97,0.5,6.27,15,188,15,58,58,101,101,145,145,188,,,,,,,,,,,,,,,,,,,,,,,,,,,,,,,,,,,,,,,,,,,,,,,,,,,,,,,,,,,,,,,,,,,,,,,,,,,,,,,,,,,,,,,,,,,,,,,,,,,,,,,,,,,,,,,,,,,,,,,,,,,,,,,,,,,,,,
hHdt-T-9m8k_000097_000107.mp4,16,battle rope training,30.0,0.0,10.0,0,300,0,19,19,38,38,56,56,75,75,94,94,112,112,131,131,150,150,169,169,188,188,206,206,225,225,244,244,262,262,281,281,300,,,,,,,,,,,,,,,,,,,,,,,,,,,,,,,,,,,,,,,,,,,,,,,,,,,,,,,,,,,,,,,,,,,,,,,,,,,,,,,,,,,,,,,,,,,,,,,,,,,,,,,,,,,,,,
i1C2_DysMBQ_000159_000169.mp4,9,battle rope training,30.0,0.0,3.52,0,106,0,12,12,24,24,35,35,47,47,59,59,71,71,82,82,94,94,106,,,,,,,,,,,,,,,,,,,,,,,,,,,,,,,,,,,,,,,,,,,,,,,,,,,,,,,,,,,,,,,,,,,,,,,,,,,,,,,,,,,,,,,,,,,,,,,,,,,,,,,,,,,,,,,,,,,,,,,,,,,,
i1C2_DysMBQ_000159_000169.mp4,16,battle rope training,30.0,5.43,10.0,163,300,163,172,172,180,180,189,189,197,197,206,206,214,214,223,223,231,231,240,240,249,249,257,257,266,266,274,274,283,283,291,291,300,,,,,,,,,,,,,,,,,,,,,,,,,,,,,,,,,,,,,,,,,,,,,,,,,,,,,,,,,,,,,,,,,,,,,,,,,,,,,,,,,,,,,,,,,,,,,,,,,,,,,,,,,,,,,,
jicpnWiGUxg_000006_000016.mp4,33,battle rope training,29.97,0.0,9.01,0,270,0,8,8,16,16,25,25,33,33,41,41,49,49,57,57,65,65,74,74,82,82,90,90,98,98,106,106,115,115,123,123,131,131,139,139,147,147,155,155,164,164,172,172,180,180,188,188,196,196,205,205,213,213,221,221,229,229,237,237,245,245,254,254,262,262,270,,,,,,,,,,,,,,,,,,,,,,,,,,,,,,,,,,,,,,,,,,,,,,,,,,,,,,,,,,,,,,,,,,,,,,,,,,,,
jjVpRAHiDiU_000001_000011.mp4,25,battle rope training,29.0,0.0,9.52,0,276,0,11,11,22,22,33,33,44,44,55,55,66,66,77,77,88,88,99,99,110,110,121,121,132,132,144,144,155,155,166,166,177,177,188,188,199,199,210,210,221,221,232,232,243,243,254,254,265,265,276,,,,,,,,,,,,,,,,,,,,,,,,,,,,,,,,,,,,,,,,,,,,,,,,,,,,,,,,,,,,,,,,,,,,,,,,,,,,,,,,,,,,,,,,,,,,
kGiNcopDxYo_000000_000010.mp4,27,battle rope training,30.0,3.33,9.2,100,276,100,107,107,113,113,120,120,126,126,133,133,139,139,146,146,152,152,159,159,165,165,172,172,178,178,185,185,191,191,198,198,204,204,211,211,217,217,224,224,230,230,237,237,243,243,250,250,256,256,263,263,269,269,276,,,,,,,,,,,,,,,,,,,,,,,,,,,,,,,,,,,,,,,,,,,,,,,,,,,,,,,,,,,,,,,,,,,,,,,,,,,,,,,,,,,,,,,,
klIJt63NnU0_000104_000114.mp4,9,battle rope training,30.0,0.0,3.53,0,106,0,12,12,24,24,35,35,47,47,59,59,71,71,82,82,94,94,106,,,,,,,,,,,,,,,,,,,,,,,,,,,,,,,,,,,,,,,,,,,,,,,,,,,,,,,,,,,,,,,,,,,,,,,,,,,,,,,,,,,,,,,,,,,,,,,,,,,,,,,,,,,,,,,,,,,,,,,,,,,,
klIJt63NnU0_000104_000114.mp4,16,battle rope training,30.0,6.97,10.0,209,300,209,215,215,220,220,226,226,232,232,237,237,243,243,249,249,255,255,260,260,266,266,272,272,277,277,283,283,289,289,294,294,300,,,,,,,,,,,,,,,,,,,,,,,,,,,,,,,,,,,,,,,,,,,,,,,,,,,,,,,,,,,,,,,,,,,,,,,,,,,,,,,,,,,,,,,,,,,,,,,,,,,,,,,,,,,,,,
k3OYki3qGs0_000072_000082.mp4,9,battle rope training,29.97,0.0,4.64,0,139,0,15,15,31,31,46,46,62,62,77,77,93,93,108,108,124,124,139,,,,,,,,,,,,,,,,,,,,,,,,,,,,,,,,,,,,,,,,,,,,,,,,,,,,,,,,,,,,,,,,,,,,,,,,,,,,,,,,,,,,,,,,,,,,,,,,,,,,,,,,,,,,,,,,,,,,,,,,,,,,
lK84CEi3-FA_000000_000010.mp4,48,battle rope training,24.0,0.0,10.0,0,240,0,5,5,10,10,15,15,20,20,25,25,30,30,35,35,40,40,45,45,50,50,55,55,60,60,65,65,70,70,75,75,80,80,85,85,90,90,95,95,100,100,105,105,110,110,115,115,120,120,125,125,130,130,135,135,140,140,145,145,150,150,155,155,160,160,165,165,170,170,175,175,180,180,185,185,190,190,195,195,200,200,205,205,210,210,215,215,220,220,225,225,230,230,235,235,240,,,,,,,,,,,,,,,,,,,,,,,,,,,,,,,,,,,,,,,,,,,,,,
lb8FUJtB8Dk_000002_000012.mp4,9,battle rope training,29.92,6.57,9.98,197,299,197,208,208,220,220,231,231,242,242,254,254,265,265,276,276,288,288,299,,,,,,,,,,,,,,,,,,,,,,,,,,,,,,,,,,,,,,,,,,,,,,,,,,,,,,,,,,,,,,,,,,,,,,,,,,,,,,,,,,,,,,,,,,,,,,,,,,,,,,,,,,,,,,,,,,,,,,,,,,,,
l0IbxJrvkps_000000_000010.mp4,5,battle rope training,29.97,1.43,5.34,43,160,43,66,66,90,90,113,113,137,137,160,,,,,,,,,,,,,,,,,,,,,,,,,,,,,,,,,,,,,,,,,,,,,,,,,,,,,,,,,,,,,,,,,,,,,,,,,,,,,,,,,,,,,,,,,,,,,,,,,,,,,,,,,,,,,,,,,,,,,,,,,,,,,,,,,,,,
nQD9ZYqcjYk_000005_000015.mp4,13,battle rope training,28.93,0.66,9.65,19,279,19,39,39,59,59,79,79,99,99,119,119,139,139,159,159,179,179,199,199,219,219,239,239,259,259,279,,,,,,,,,,,,,,,,,,,,,,,,,,,,,,,,,,,,,,,,,,,,,,,,,,,,,,,,,,,,,,,,,,,,,,,,,,,,,,,,,,,,,,,,,,,,,,,,,,,,,,,,,,,,,,,,,,,,
ngmxcA8EYjc_000004_000014.mp4,24,battle rope training,25.0,1.0,10.0,25,250,25,34,34,44,44,53,53,63,63,72,72,81,81,91,91,100,100,109,109,119,119,128,128,137,137,147,147,156,156,166,166,175,175,184,184,194,194,203,203,213,213,222,222,231,231,241,241,250,,,,,,,,,,,,,,,,,,,,,,,,,,,,,,,,,,,,,,,,,,,,,,,,,,,,,,,,,,,,,,,,,,,,,,,,,,,,,,,,,,,,,,,,,,,,,,
nhjBZrGRwRc_000220_000230.mp4,9,battle rope training,29.97,1.42,3.39,43,102,43,50,50,56,56,63,63,69,69,76,76,82,82,89,89,95,95,102,,,,,,,,,,,,,,,,,,,,,,,,,,,,,,,,,,,,,,,,,,,,,,,,,,,,,,,,,,,,,,,,,,,,,,,,,,,,,,,,,,,,,,,,,,,,,,,,,,,,,,,,,,,,,,,,,,,,,,,,,,,,
nhjBZrGRwRc_000220_000230.mp4,27,battle rope training,29.97,3.94,9.98,118,299,118,125,125,131,131,138,138,145,145,152,152,158,158,165,165,172,172,178,178,185,185,192,192,198,198,205,205,212,212,219,219,225,225,232,232,239,239,245,245,252,252,259,259,265,265,272,272,279,279,286,286,292,292,299,,,,,,,,,,,,,,,,,,,,,,,,,,,,,,,,,,,,,,,,,,,,,,,,,,,,,,,,,,,,,,,,,,,,,,,,,,,,,,,,,,,,,,,,
nkcSXqDjiGw_000021_000031.mp4,25,battle rope training,29.97,0.0,7.17,0,215,0,9,9,17,17,26,26,34,34,43,43,52,52,60,60,69,69,77,77,86,86,95,95,103,103,112,112,120,120,129,129,138,138,146,146,155,155,163,163,172,172,181,181,189,189,198,198,206,206,215,,,,,,,,,,,,,,,,,,,,,,,,,,,,,,,,,,,,,,,,,,,,,,,,,,,,,,,,,,,,,,,,,,,,,,,,,,,,,,,,,,,,,,,,,,,,
p-FfGCmmvKg_000001_000011.mp4,3,battle rope training,24.0,1.71,8.09,41,194,41,92,92,143,143,194,,,,,,,,,,,,,,,,,,,,,,,,,,,,,,,,,,,,,,,,,,,,,,,,,,,,,,,,,,,,,,,,,,,,,,,,,,,,,,,,,,,,,,,,,,,,,,,,,,,,,,,,,,,,,,,,,,,,,,,,,,,,,,,,,,,,,,,,
qCM65vJ2DJw_000000_000010.mp4,27,battle rope training,30.0,0.0,7.23,0,217,0,8,8,16,16,24,24,32,32,40,40,48,48,56,56,64,64,72,72,80,80,88,88,96,96,104,104,113,113,121,121,129,129,137,137,145,145,153,153,161,161,169,169,177,177,185,185,193,193,201,201,209,209,217,,,,,,,,,,,,,,,,,,,,,,,,,,,,,,,,,,,,,,,,,,,,,,,,,,,,,,,,,,,,,,,,,,,,,,,,,,,,,,,,,,,,,,,,
qCM65vJ2DJw_000000_000010.mp4,3,battle rope training,30.0,9.53,10.0,286,300,286,291,291,295,295,300,,,,,,,,,,,,,,,,,,,,,,,,,,,,,,,,,,,,,,,,,,,,,,,,,,,,,,,,,,,,,,,,,,,,,,,,,,,,,,,,,,,,,,,,,,,,,,,,,,,,,,,,,,,,,,,,,,,,,,,,,,,,,,,,,,,,,,,,
r1B4eCjOsQA_000147_000157.mp4,10,battle rope training,29.92,0.0,4.82,0,144,0,14,14,29,29,43,43,58,58,72,72,86,86,101,101,115,115,130,130,144,,,,,,,,,,,,,,,,,,,,,,,,,,,,,,,,,,,,,,,,,,,,,,,,,,,,,,,,,,,,,,,,,,,,,,,,,,,,,,,,,,,,,,,,,,,,,,,,,,,,,,,,,,,,,,,,,,,,,,,,,,
r1B4eCjOsQA_000147_000157.mp4,9,battle rope training,29.92,5.66,9.97,169,298,169,183,183,198,198,212,212,226,226,241,241,255,255,269,269,284,284,298,,,,,,,,,,,,,,,,,,,,,,,,,,,,,,,,,,,,,,,,,,,,,,,,,,,,,,,,,,,,,,,,,,,,,,,,,,,,,,,,,,,,,,,,,,,,,,,,,,,,,,,,,,,,,,,,,,,,,,,,,,,,
r1Y8JuMLABE_000006_000016.mp4,7,battle rope training,15.0,0.0,4.6,0,69,0,10,10,20,20,30,30,39,39,49,49,59,59,69,,,,,,,,,,,,,,,,,,,,,,,,,,,,,,,,,,,,,,,,,,,,,,,,,,,,,,,,,,,,,,,,,,,,,,,,,,,,,,,,,,,,,,,,,,,,,,,,,,,,,,,,,,,,,,,,,,,,,,,,,,,,,,,,
sH9L1NgTcSQ_000023_000033.mp4,5,battle rope training,24.0,0.0,2.46,0,59,0,12,12,24,24,35,35,47,47,59,,,,,,,,,,,,,,,,,,,,,,,,,,,,,,,,,,,,,,,,,,,,,,,,,,,,,,,,,,,,,,,,,,,,,,,,,,,,,,,,,,,,,,,,,,,,,,,,,,,,,,,,,,,,,,,,,,,,,,,,,,,,,,,,,,,,
sM3uTGBNGw8_000023_000033.mp4,18,battle rope training,29.97,3.6,9.68,108,290,108,118,118,128,128,138,138,148,148,159,159,169,169,179,179,189,189,199,199,209,209,219,219,229,229,239,239,250,250,260,260,270,270,280,280,290,,,,,,,,,,,,,,,,,,,,,,,,,,,,,,,,,,,,,,,,,,,,,,,,,,,,,,,,,,,,,,,,,,,,,,,,,,,,,,,,,,,,,,,,,,,,,,,,,,,,,,,,,,
t4v60Uown1Y_000003_000013.mp4,44,battle rope training,29.97,0.0,8.59,0,257,0,6,6,12,12,18,18,23,23,29,29,35,35,41,41,47,47,53,53,58,58,64,64,70,70,76,76,82,82,88,88,93,93,99,99,105,105,111,111,117,117,123,123,128,128,134,134,140,140,146,146,152,152,158,158,164,164,169,169,175,175,181,181,187,187,193,193,199,199,204,204,210,210,216,216,222,222,228,228,234,234,239,239,245,245,251,251,257,,,,,,,,,,,,,,,,,,,,,,,,,,,,,,,,,,,,,,,,,,,,,,,,,,,,,,
t4v60Uown1Y_000003_000013.mp4,4,battle rope training,29.97,8.74,9.96,262,299,262,271,271,280,280,290,290,299,,,,,,,,,,,,,,,,,,,,,,,,,,,,,,,,,,,,,,,,,,,,,,,,,,,,,,,,,,,,,,,,,,,,,,,,,,,,,,,,,,,,,,,,,,,,,,,,,,,,,,,,,,,,,,,,,,,,,,,,,,,,,,,,,,,,,,
u45qCLuwa7I_000035_000045.mp4,9,battle rope training,29.97,7.94,9.94,238,298,238,245,245,251,251,258,258,265,265,271,271,278,278,285,285,291,291,298,,,,,,,,,,,,,,,,,,,,,,,,,,,,,,,,,,,,,,,,,,,,,,,,,,,,,,,,,,,,,,,,,,,,,,,,,,,,,,,,,,,,,,,,,,,,,,,,,,,,,,,,,,,,,,,,,,,,,,,,,,,,
u45qCLuwa7I_000038_000048.mp4,9,exercising arm,29.97,7.94,9.94,238,298,238,245,245,251,251,258,258,265,265,271,271,278,278,285,285,291,291,298,,,,,,,,,,,,,,,,,,,,,,,,,,,,,,,,,,,,,,,,,,,,,,,,,,,,,,,,,,,,,,,,,,,,,,,,,,,,,,,,,,,,,,,,,,,,,,,,,,,,,,,,,,,,,,,,,,,,,,,,,,,,
vJ_v1mvKl0g_000000_000010.mp4,14,battle rope training,16.58,0.0,2.71,0,45,0,3,3,6,6,10,10,13,13,16,16,19,19,22,22,26,26,29,29,32,32,35,35,39,39,42,42,45,,,,,,,,,,,,,,,,,,,,,,,,,,,,,,,,,,,,,,,,,,,,,,,,,,,,,,,,,,,,,,,,,,,,,,,,,,,,,,,,,,,,,,,,,,,,,,,,,,,,,,,,,,,,,,,,,,
wcWw3vVjAP8_000000_000010.mp4,8,battle rope training,25.0,7.04,10.0,176,250,176,185,185,194,194,204,204,213,213,222,222,232,232,241,241,250,,,,,,,,,,,,,,,,,,,,,,,,,,,,,,,,,,,,,,,,,,,,,,,,,,,,,,,,,,,,,,,,,,,,,,,,,,,,,,,,,,,,,,,,,,,,,,,,,,,,,,,,,,,,,,,,,,,,,,,,,,,,,,
xCFVQU7cV9I_000012_000022.mp4,19,battle rope training,30.0,1.23,8.6,37,258,37,49,49,60,60,72,72,84,84,95,95,107,107,118,118,130,130,142,142,153,153,165,165,177,177,188,188,200,200,211,211,223,223,235,235,246,246,258,,,,,,,,,,,,,,,,,,,,,,,,,,,,,,,,,,,,,,,,,,,,,,,,,,,,,,,,,,,,,,,,,,,,,,,,,,,,,,,,,,,,,,,,,,,,,,,,,,,,,,,,
1SivOp5wzR4_000012_000022.mp4,9,battle rope training,29.97,0.0,8.51,0,255,0,28,28,57,57,85,85,113,113,142,142,170,170,198,198,227,227,255,,,,,,,,,,,,,,,,,,,,,,,,,,,,,,,,,,,,,,,,,,,,,,,,,,,,,,,,,,,,,,,,,,,,,,,,,,,,,,,,,,,,,,,,,,,,,,,,,,,,,,,,,,,,,,,,,,,,,,,,,,,,
1_upM1fAcag_000004_000014.mp4,19,battle rope training,25.0,0.64,9.6,16,240,16,28,28,40,40,51,51,63,63,75,75,87,87,99,99,110,110,122,122,134,134,146,146,157,157,169,169,181,181,193,193,205,205,216,216,228,228,240,,,,,,,,,,,,,,,,,,,,,,,,,,,,,,,,,,,,,,,,,,,,,,,,,,,,,,,,,,,,,,,,,,,,,,,,,,,,,,,,,,,,,,,,,,,,,,,,,,,,,,,,
2VOqDdMi3wM_000005_000015.mp4,6,battle rope training,30.0,1.5,4.87,45,146,45,62,62,79,79,95,95,112,112,129,129,146,,,,,,,,,,,,,,,,,,,,,,,,,,,,,,,,,,,,,,,,,,,,,,,,,,,,,,,,,,,,,,,,,,,,,,,,,,,,,,,,,,,,,,,,,,,,,,,,,,,,,,,,,,,,,,,,,,,,,,,,,,,,,,,,,,
2VOqDdMi3wM_000005_000015.mp4,5,battle rope training,30.0,7.0,9.97,210,299,210,228,228,246,246,263,263,281,281,299,,,,,,,,,,,,,,,,,,,,,,,,,,,,,,,,,,,,,,,,,,,,,,,,,,,,,,,,,,,,,,,,,,,,,,,,,,,,,,,,,,,,,,,,,,,,,,,,,,,,,,,,,,,,,,,,,,,,,,,,,,,,,,,,,,,,
2rv0vPhN_Tw_000027_000037.mp4,58,battle rope training,30.0,0.0,10.0,0,300,0,5,5,10,10,16,16,21,21,26,26,31,31,36,36,41,41,47,47,52,52,57,57,62,62,67,67,72,72,78,78,83,83,88,88,93,93,98,98,103,103,109,109,114,114,119,119,124,124,129,129,134,134,140,140,145,145,150,150,155,155,160,160,166,166,171,171,176,176,181,181,186,186,191,191,197,197,202,202,207,207,212,212,217,217,222,222,228,228,233,233,238,238,243,243,248,248,253,253,259,259,264,264,269,269,274,274,279,279,284,284,290,290,295,295,300,,,,,,,,,,,,,,,,,,,,,,,,,,
268qJev1jaE_000000_000010.mp4,5,battle rope training,30.0,0.0,2.8,0,84,0,17,17,34,34,50,50,67,67,84,,,,,,,,,,,,,,,,,,,,,,,,,,,,,,,,,,,,,,,,,,,,,,,,,,,,,,,,,,,,,,,,,,,,,,,,,,,,,,,,,,,,,,,,,,,,,,,,,,,,,,,,,,,,,,,,,,,,,,,,,,,,,,,,,,,,
3MD0o9k_NS8_000047_000057.mp4,44,battle rope training,30.0,0.0,10.0,0,300,0,7,7,14,14,20,20,27,27,34,34,41,41,48,48,55,55,61,61,68,68,75,75,82,82,89,89,95,95,102,102,109,109,116,116,123,123,130,130,136,136,143,143,150,150,157,157,164,164,170,170,177,177,184,184,191,191,198,198,205,205,211,211,218,218,225,225,232,232,239,239,245,245,252,252,259,259,266,266,273,273,280,280,286,286,293,293,300,,,,,,,,,,,,,,,,,,,,,,,,,,,,,,,,,,,,,,,,,,,,,,,,,,,,,,
4Hr__qMhMyE_000009_000019.mp4,13,battle rope training,30.0,0.0,3.97,0,119,0,9,9,18,18,27,27,37,37,46,46,55,55,64,64,73,73,82,82,92,92,101,101,110,110,119,,,,,,,,,,,,,,,,,,,,,,,,,,,,,,,,,,,,,,,,,,,,,,,,,,,,,,,,,,,,,,,,,,,,,,,,,,,,,,,,,,,,,,,,,,,,,,,,,,,,,,,,,,,,,,,,,,,,
41664x2-qJ8_000000_000010.mp4,12,battle rope training,29.97,0.0,5.01,0,150,0,12,12,25,25,38,38,50,50,62,62,75,75,88,88,100,100,112,112,125,125,138,138,150,,,,,,,,,,,,,,,,,,,,,,,,,,,,,,,,,,,,,,,,,,,,,,,,,,,,,,,,,,,,,,,,,,,,,,,,,,,,,,,,,,,,,,,,,,,,,,,,,,,,,,,,,,,,,,,,,,,,,,
66806zjlX0Q_000099_000109.mp4,15,battle rope training,30.0,1.0,4.93,30,148,30,38,38,46,46,54,54,61,61,69,69,77,77,85,85,93,93,101,101,109,109,117,117,124,124,132,132,140,140,148,,,,,,,,,,,,,,,,,,,,,,,,,,,,,,,,,,,,,,,,,,,,,,,,,,,,,,,,,,,,,,,,,,,,,,,,,,,,,,,,,,,,,,,,,,,,,,,,,,,,,,,,,,,,,,,,
7OUp1pL-Iu0_000031_000041.mp4,7,battle rope training,25.0,0.1,7.14,2,178,2,27,27,52,52,77,77,103,103,128,128,153,153,178,,,,,,,,,,,,,,,,,,,,,,,,,,,,,,,,,,,,,,,,,,,,,,,,,,,,,,,,,,,,,,,,,,,,,,,,,,,,,,,,,,,,,,,,,,,,,,,,,,,,,,,,,,,,,,,,,,,,,,,,,,,,,,,,
7OUp1pL-Iu0_000031_000041.mp4,5,battle rope training,25.0,7.54,10.0,188,250,188,200,200,213,213,225,225,238,238,250,,,,,,,,,,,,,,,,,,,,,,,,,,,,,,,,,,,,,,,,,,,,,,,,,,,,,,,,,,,,,,,,,,,,,,,,,,,,,,,,,,,,,,,,,,,,,,,,,,,,,,,,,,,,,,,,,,,,,,,,,,,,,,,,,,,,
7eS2fihBToE_000003_000013.mp4,14,battle rope training,29.97,0.0,9.01,0,270,0,19,19,39,39,58,58,77,77,96,96,116,116,135,135,154,154,174,174,193,193,212,212,231,231,251,251,270,,,,,,,,,,,,,,,,,,,,,,,,,,,,,,,,,,,,,,,,,,,,,,,,,,,,,,,,,,,,,,,,,,,,,,,,,,,,,,,,,,,,,,,,,,,,,,,,,,,,,,,,,,,,,,,,,,
8LXDi2LpoZo_000011_000021.mp4,13,battle rope training,59.0,0.0,3.36,0,198,0,15,15,30,30,46,46,61,61,76,76,91,91,107,107,122,122,137,137,152,152,168,168,183,183,198,,,,,,,,,,,,,,,,,,,,,,,,,,,,,,,,,,,,,,,,,,,,,,,,,,,,,,,,,,,,,,,,,,,,,,,,,,,,,,,,,,,,,,,,,,,,,,,,,,,,,,,,,,,,,,,,,,,,
8LXDi2LpoZo_000011_000021.mp4,10,battle rope training,59.0,4.95,7.19,292,424,292,305,305,318,318,332,332,345,345,358,358,371,371,384,384,398,398,411,411,424,,,,,,,,,,,,,,,,,,,,,,,,,,,,,,,,,,,,,,,,,,,,,,,,,,,,,,,,,,,,,,,,,,,,,,,,,,,,,,,,,,,,,,,,,,,,,,,,,,,,,,,,,,,,,,,,,,,,,,,,,,
888Sm14duJM_000004_000014.mp4,34,battle rope training,29.97,0.0,9.74,0,292,0,9,9,17,17,26,26,34,34,43,43,52,52,60,60,69,69,77,77,86,86,94,94,103,103,112,112,120,120,129,129,137,137,146,146,155,155,163,163,172,172,180,180,189,189,198,198,206,206,215,215,223,223,232,232,240,240,249,249,258,258,266,266,275,275,283,283,292,,,,,,,,,,,,,,,,,,,,,,,,,,,,,,,,,,,,,,,,,,,,,,,,,,,,,,,,,,,,,,,,,,,,,,,,,,
-i2ZylN33X0_000110_000120.mp4,31,battle rope training,30.0,0.0,6.28,0,188,0,6,6,12,12,18,18,24,24,30,30,36,36,42,42,49,49,55,55,61,61,67,67,73,73,79,79,85,85,91,91,97,97,103,103,109,109,115,115,121,121,127,127,133,133,139,139,146,146,152,152,158,158,164,164,170,170,176,176,182,182,188,,,,,,,,,,,,,,,,,,,,,,,,,,,,,,,,,,,,,,,,,,,,,,,,,,,,,,,,,,,,,,,,,,,,,,,,,,,,,,,,
-m5EgnvIT0A_000029_000039.mp4,14,battle rope training,29.97,0.0,9.94,0,298,0,21,21,43,43,64,64,85,85,106,106,128,128,149,149,170,170,192,192,213,213,234,234,255,255,277,277,298,,,,,,,,,,,,,,,,,,,,,,,,,,,,,,,,,,,,,,,,,,,,,,,,,,,,,,,,,,,,,,,,,,,,,,,,,,,,,,,,,,,,,,,,,,,,,,,,,,,,,,,,,,,,,,,,,,
--oGGqMZmAA_000007_000017.mp4,11,battle rope training,30.0,0.0,10.0,0,300,0,27,27,55,55,82,82,109,109,136,136,164,164,191,191,218,218,245,245,273,273,300,,,,,,,,,,,,,,,,,,,,,,,,,,,,,,,,,,,,,,,,,,,,,,,,,,,,,,,,,,,,,,,,,,,,,,,,,,,,,,,,,,,,,,,,,,,,,,,,,,,,,,,,,,,,,,,,,,,,,,,,
BFPKPjBgXIU_000022_000032.mp4,3,bench pressing,30.0,0.0,10.0,0,300,0,100,100,200,200,300,,,,,,,,,,,,,,,,,,,,,,,,,,,,,,,,,,,,,,,,,,,,,,,,,,,,,,,,,,,,,,,,,,,,,,,,,,,,,,,,,,,,,,,,,,,,,,,,,,,,,,,,,,,,,,,,,,,,,,,,,,,,,,,,,,,,,,,,
DnMx7EjjmFo_000011_000021.mp4,5,bench pressing,25.0,3.16,10.0,79,250,79,113,113,147,147,182,182,216,216,250,,,,,,,,,,,,,,,,,,,,,,,,,,,,,,,,,,,,,,,,,,,,,,,,,,,,,,,,,,,,,,,,,,,,,,,,,,,,,,,,,,,,,,,,,,,,,,,,,,,,,,,,,,,,,,,,,,,,,,,,,,,,,,,,,,,,
ExiJ7qKakH4_000000_000010.mp4,6,bench pressing,29.46,0.0,9.98,0,294,0,49,49,98,98,147,147,196,196,245,245,294,,,,,,,,,,,,,,,,,,,,,,,,,,,,,,,,,,,,,,,,,,,,,,,,,,,,,,,,,,,,,,,,,,,,,,,,,,,,,,,,,,,,,,,,,,,,,,,,,,,,,,,,,,,,,,,,,,,,,,,,,,,,,,,,,,
E9KZOVuBRfA_000035_000045.mp4,11,bench pressing,30.0,0.0,10.0,0,300,0,27,27,55,55,82,82,109,109,136,136,164,164,191,191,218,218,245,245,273,273,300,,,,,,,,,,,,,,,,,,,,,,,,,,,,,,,,,,,,,,,,,,,,,,,,,,,,,,,,,,,,,,,,,,,,,,,,,,,,,,,,,,,,,,,,,,,,,,,,,,,,,,,,,,,,,,,,,,,,,,,,
F4wlWyvtxfo_000011_000021.mp4,4,bench pressing,29.0,5.24,10.0,152,290,152,186,186,221,221,256,256,290,,,,,,,,,,,,,,,,,,,,,,,,,,,,,,,,,,,,,,,,,,,,,,,,,,,,,,,,,,,,,,,,,,,,,,,,,,,,,,,,,,,,,,,,,,,,,,,,,,,,,,,,,,,,,,,,,,,,,,,,,,,,,,,,,,,,,,
IG71aOJQR60_000007_000017.mp4,2,bench pressing,30.0,1.7,10.0,51,300,51,175,175,300,,,,,,,,,,,,,,,,,,,,,,,,,,,,,,,,,,,,,,,,,,,,,,,,,,,,,,,,,,,,,,,,,,,,,,,,,,,,,,,,,,,,,,,,,,,,,,,,,,,,,,,,,,,,,,,,,,,,,,,,,,,,,,,,,,,,,,,,,,
KI4qhHcicjQ_000028_000038.mp4,2,bench pressing,15.0,0.0,10.0,0,150,0,75,75,150,,,,,,,,,,,,,,,,,,,,,,,,,,,,,,,,,,,,,,,,,,,,,,,,,,,,,,,,,,,,,,,,,,,,,,,,,,,,,,,,,,,,,,,,,,,,,,,,,,,,,,,,,,,,,,,,,,,,,,,,,,,,,,,,,,,,,,,,,,
KudgrrM7ep0_000015_000025.mp4,2,bench pressing,15.0,0.0,6.67,0,100,0,50,50,100,,,,,,,,,,,,,,,,,,,,,,,,,,,,,,,,,,,,,,,,,,,,,,,,,,,,,,,,,,,,,,,,,,,,,,,,,,,,,,,,,,,,,,,,,,,,,,,,,,,,,,,,,,,,,,,,,,,,,,,,,,,,,,,,,,,,,,,,,,
LSZVUPkSswo_000008_000018.mp4,3,bench pressing,14.83,0.0,6.0,0,89,0,30,30,59,59,89,,,,,,,,,,,,,,,,,,,,,,,,,,,,,,,,,,,,,,,,,,,,,,,,,,,,,,,,,,,,,,,,,,,,,,,,,,,,,,,,,,,,,,,,,,,,,,,,,,,,,,,,,,,,,,,,,,,,,,,,,,,,,,,,,,,,,,,,
LlhMJGUP2W8_000000_000010.mp4,2,bench pressing,29.97,1.6,9.21,48,276,48,162,162,276,,,,,,,,,,,,,,,,,,,,,,,,,,,,,,,,,,,,,,,,,,,,,,,,,,,,,,,,,,,,,,,,,,,,,,,,,,,,,,,,,,,,,,,,,,,,,,,,,,,,,,,,,,,,,,,,,,,,,,,,,,,,,,,,,,,,,,,,,,
MLLbKM7T41Y_000020_000030.mp4,6,bench pressing,30.0,0.0,9.99,0,300,0,50,50,100,100,150,150,200,200,250,250,300,,,,,,,,,,,,,,,,,,,,,,,,,,,,,,,,,,,,,,,,,,,,,,,,,,,,,,,,,,,,,,,,,,,,,,,,,,,,,,,,,,,,,,,,,,,,,,,,,,,,,,,,,,,,,,,,,,,,,,,,,,,,,,,,,,
MsAZvmo1Nww_000016_000026.mp4,3,bench pressing,29.97,0.0,7.67,0,230,0,77,77,153,153,230,,,,,,,,,,,,,,,,,,,,,,,,,,,,,,,,,,,,,,,,,,,,,,,,,,,,,,,,,,,,,,,,,,,,,,,,,,,,,,,,,,,,,,,,,,,,,,,,,,,,,,,,,,,,,,,,,,,,,,,,,,,,,,,,,,,,,,,,
NX5TcYEILhI_000000_000010.mp4,9,bench pressing,29.97,0.0,8.58,0,257,0,29,29,57,57,86,86,114,114,143,143,171,171,200,200,228,228,257,,,,,,,,,,,,,,,,,,,,,,,,,,,,,,,,,,,,,,,,,,,,,,,,,,,,,,,,,,,,,,,,,,,,,,,,,,,,,,,,,,,,,,,,,,,,,,,,,,,,,,,,,,,,,,,,,,,,,,,,,,,,
OQG-2AODGnU_000016_000026.mp4,4,bench pressing,23.6,0.0,9.96,0,235,0,59,59,118,118,176,176,235,,,,,,,,,,,,,,,,,,,,,,,,,,,,,,,,,,,,,,,,,,,,,,,,,,,,,,,,,,,,,,,,,,,,,,,,,,,,,,,,,,,,,,,,,,,,,,,,,,,,,,,,,,,,,,,,,,,,,,,,,,,,,,,,,,,,,,
Pc584-1gHSM_000025_000035.mp4,4,bench pressing,28.0,0.27,8.52,8,239,8,66,66,124,124,181,181,239,,,,,,,,,,,,,,,,,,,,,,,,,,,,,,,,,,,,,,,,,,,,,,,,,,,,,,,,,,,,,,,,,,,,,,,,,,,,,,,,,,,,,,,,,,,,,,,,,,,,,,,,,,,,,,,,,,,,,,,,,,,,,,,,,,,,,,
P2hB8qC6a84_000016_000026.mp4,5,bench pressing,22.92,0.0,9.95,0,228,0,46,46,91,91,137,137,182,182,228,,,,,,,,,,,,,,,,,,,,,,,,,,,,,,,,,,,,,,,,,,,,,,,,,,,,,,,,,,,,,,,,,,,,,,,,,,,,,,,,,,,,,,,,,,,,,,,,,,,,,,,,,,,,,,,,,,,,,,,,,,,,,,,,,,,,
QfU0gTCDcFg_000009_000019.mp4,4,bench pressing,29.97,0.0,9.98,0,299,0,75,75,150,150,224,224,299,,,,,,,,,,,,,,,,,,,,,,,,,,,,,,,,,,,,,,,,,,,,,,,,,,,,,,,,,,,,,,,,,,,,,,,,,,,,,,,,,,,,,,,,,,,,,,,,,,,,,,,,,,,,,,,,,,,,,,,,,,,,,,,,,,,,,,
RANIF8umZiI_000016_000026.mp4,2,bench pressing,30.0,5.4,10.0,162,300,162,231,231,300,,,,,,,,,,,,,,,,,,,,,,,,,,,,,,,,,,,,,,,,,,,,,,,,,,,,,,,,,,,,,,,,,,,,,,,,,,,,,,,,,,,,,,,,,,,,,,,,,,,,,,,,,,,,,,,,,,,,,,,,,,,,,,,,,,,,,,,,,,
Ss7rqrjXGJo_000011_000021.mp4,10,bench pressing,29.97,0.0,7.71,0,231,0,23,23,46,46,69,69,92,92,116,116,139,139,162,162,185,185,208,208,231,,,,,,,,,,,,,,,,,,,,,,,,,,,,,,,,,,,,,,,,,,,,,,,,,,,,,,,,,,,,,,,,,,,,,,,,,,,,,,,,,,,,,,,,,,,,,,,,,,,,,,,,,,,,,,,,,,,,,,,,,,
Ss7rqrjXGJo_000011_000021.mp4,3,bench pressing,29.97,8.07,9.98,242,299,242,261,261,280,280,299,,,,,,,,,,,,,,,,,,,,,,,,,,,,,,,,,,,,,,,,,,,,,,,,,,,,,,,,,,,,,,,,,,,,,,,,,,,,,,,,,,,,,,,,,,,,,,,,,,,,,,,,,,,,,,,,,,,,,,,,,,,,,,,,,,,,,,,,
TBMZywwPn1Q_000004_000014.mp4,2,bench pressing,14.98,6.4,10.0,96,150,96,123,123,150,,,,,,,,,,,,,,,,,,,,,,,,,,,,,,,,,,,,,,,,,,,,,,,,,,,,,,,,,,,,,,,,,,,,,,,,,,,,,,,,,,,,,,,,,,,,,,,,,,,,,,,,,,,,,,,,,,,,,,,,,,,,,,,,,,,,,,,,,,
T0NBMgnpNBM_000039_000049.mp4,7,bench pressing,29.97,0.0,9.98,0,299,0,43,43,85,85,128,128,171,171,214,214,256,256,299,,,,,,,,,,,,,,,,,,,,,,,,,,,,,,,,,,,,,,,,,,,,,,,,,,,,,,,,,,,,,,,,,,,,,,,,,,,,,,,,,,,,,,,,,,,,,,,,,,,,,,,,,,,,,,,,,,,,,,,,,,,,,,,,
aDMJN5P4frE_000041_000051.mp4,3,bench pressing,30.0,0.0,10.0,0,300,0,100,100,200,200,300,,,,,,,,,,,,,,,,,,,,,,,,,,,,,,,,,,,,,,,,,,,,,,,,,,,,,,,,,,,,,,,,,,,,,,,,,,,,,,,,,,,,,,,,,,,,,,,,,,,,,,,,,,,,,,,,,,,,,,,,,,,,,,,,,,,,,,,,
anqK2f6p-bs_000000_000010.mp4,8,bench pressing,30.0,0.0,10.0,0,300,0,38,38,75,75,112,112,150,150,188,188,225,225,262,262,300,,,,,,,,,,,,,,,,,,,,,,,,,,,,,,,,,,,,,,,,,,,,,,,,,,,,,,,,,,,,,,,,,,,,,,,,,,,,,,,,,,,,,,,,,,,,,,,,,,,,,,,,,,,,,,,,,,,,,,,,,,,,,,
c8u7KHlpLx4_000290_000300.mp4,2,bench pressing,29.97,1.03,6.57,31,197,31,114,114,197,,,,,,,,,,,,,,,,,,,,,,,,,,,,,,,,,,,,,,,,,,,,,,,,,,,,,,,,,,,,,,,,,,,,,,,,,,,,,,,,,,,,,,,,,,,,,,,,,,,,,,,,,,,,,,,,,,,,,,,,,,,,,,,,,,,,,,,,,,
ehSg3cfjj6s_000611_000621.mp4,2,bench pressing,59.94,5.44,9.98,326,598,326,462,462,598,,,,,,,,,,,,,,,,,,,,,,,,,,,,,,,,,,,,,,,,,,,,,,,,,,,,,,,,,,,,,,,,,,,,,,,,,,,,,,,,,,,,,,,,,,,,,,,,,,,,,,,,,,,,,,,,,,,,,,,,,,,,,,,,,,,,,,,,,,
epqJH5Uow30_000029_000039.mp4,2,bench pressing,29.97,0.1,9.94,3,298,3,151,151,298,,,,,,,,,,,,,,,,,,,,,,,,,,,,,,,,,,,,,,,,,,,,,,,,,,,,,,,,,,,,,,,,,,,,,,,,,,,,,,,,,,,,,,,,,,,,,,,,,,,,,,,,,,,,,,,,,,,,,,,,,,,,,,,,,,,,,,,,,,
gWszV_R2qsk_000003_000013.mp4,6,bench pressing,15.0,0.0,10.0,0,150,0,25,25,50,50,75,75,100,100,125,125,150,,,,,,,,,,,,,,,,,,,,,,,,,,,,,,,,,,,,,,,,,,,,,,,,,,,,,,,,,,,,,,,,,,,,,,,,,,,,,,,,,,,,,,,,,,,,,,,,,,,,,,,,,,,,,,,,,,,,,,,,,,,,,,,,,,
hiVe2eAjRUw_000017_000027.mp4,3,bench pressing,29.97,0.0,8.11,0,243,0,81,81,162,162,243,,,,,,,,,,,,,,,,,,,,,,,,,,,,,,,,,,,,,,,,,,,,,,,,,,,,,,,,,,,,,,,,,,,,,,,,,,,,,,,,,,,,,,,,,,,,,,,,,,,,,,,,,,,,,,,,,,,,,,,,,,,,,,,,,,,,,,,,
k5fWvRy20r0_000013_000023.mp4,5,bench pressing,30.0,0.0,10.0,0,300,0,60,60,120,120,180,180,240,240,300,,,,,,,,,,,,,,,,,,,,,,,,,,,,,,,,,,,,,,,,,,,,,,,,,,,,,,,,,,,,,,,,,,,,,,,,,,,,,,,,,,,,,,,,,,,,,,,,,,,,,,,,,,,,,,,,,,,,,,,,,,,,,,,,,,,,
lO-QBT_7QqI_000007_000017.mp4,3,bench pressing,29.92,1.8,7.67,54,229,54,112,112,171,171,229,,,,,,,,,,,,,,,,,,,,,,,,,,,,,,,,,,,,,,,,,,,,,,,,,,,,,,,,,,,,,,,,,,,,,,,,,,,,,,,,,,,,,,,,,,,,,,,,,,,,,,,,,,,,,,,,,,,,,,,,,,,,,,,,,,,,,,,,
m18y6duHJoE_000013_000023.mp4,2,bench pressing,30.0,0.0,9.22,0,277,0,138,138,277,,,,,,,,,,,,,,,,,,,,,,,,,,,,,,,,,,,,,,,,,,,,,,,,,,,,,,,,,,,,,,,,,,,,,,,,,,,,,,,,,,,,,,,,,,,,,,,,,,,,,,,,,,,,,,,,,,,,,,,,,,,,,,,,,,,,,,,,,,
sGSKsDVQnN0_000015_000025.mp4,2,bench pressing,9.85,0.0,4.33,0,43,0,22,22,43,,,,,,,,,,,,,,,,,,,,,,,,,,,,,,,,,,,,,,,,,,,,,,,,,,,,,,,,,,,,,,,,,,,,,,,,,,,,,,,,,,,,,,,,,,,,,,,,,,,,,,,,,,,,,,,,,,,,,,,,,,,,,,,,,,,,,,,,,,
sd4DxaP5yuQ_000014_000024.mp4,3,bench pressing,15.0,0.0,5.0,0,75,0,25,25,50,50,75,,,,,,,,,,,,,,,,,,,,,,,,,,,,,,,,,,,,,,,,,,,,,,,,,,,,,,,,,,,,,,,,,,,,,,,,,,,,,,,,,,,,,,,,,,,,,,,,,,,,,,,,,,,,,,,,,,,,,,,,,,,,,,,,,,,,,,,,
ujlIhsqKMI0_000013_000023.mp4,4,bench pressing,27.02,0.0,6.21,0,168,0,42,42,84,84,126,126,168,,,,,,,,,,,,,,,,,,,,,,,,,,,,,,,,,,,,,,,,,,,,,,,,,,,,,,,,,,,,,,,,,,,,,,,,,,,,,,,,,,,,,,,,,,,,,,,,,,,,,,,,,,,,,,,,,,,,,,,,,,,,,,,,,,,,,,
uplZG4ItXHo_000022_000032.mp4,3,bench pressing,30.0,0.8,10.0,24,300,24,116,116,208,208,300,,,,,,,,,,,,,,,,,,,,,,,,,,,,,,,,,,,,,,,,,,,,,,,,,,,,,,,,,,,,,,,,,,,,,,,,,,,,,,,,,,,,,,,,,,,,,,,,,,,,,,,,,,,,,,,,,,,,,,,,,,,,,,,,,,,,,,,,
wJy2mDcwOus_000004_000014.mp4,4,bench pressing,25.0,0.0,10.0,0,250,0,62,62,125,125,188,188,250,,,,,,,,,,,,,,,,,,,,,,,,,,,,,,,,,,,,,,,,,,,,,,,,,,,,,,,,,,,,,,,,,,,,,,,,,,,,,,,,,,,,,,,,,,,,,,,,,,,,,,,,,,,,,,,,,,,,,,,,,,,,,,,,,,,,,,
yJQ_zMEBxK4_000002_000012.mp4,3,bench pressing,30.0,0.0,10.0,0,300,0,100,100,200,200,300,,,,,,,,,,,,,,,,,,,,,,,,,,,,,,,,,,,,,,,,,,,,,,,,,,,,,,,,,,,,,,,,,,,,,,,,,,,,,,,,,,,,,,,,,,,,,,,,,,,,,,,,,,,,,,,,,,,,,,,,,,,,,,,,,,,,,,,,
1bFWbJLYvvs_000003_000013.mp4,2,bench pressing,29.97,0.0,6.34,0,190,0,95,95,190,,,,,,,,,,,,,,,,,,,,,,,,,,,,,,,,,,,,,,,,,,,,,,,,,,,,,,,,,,,,,,,,,,,,,,,,,,,,,,,,,,,,,,,,,,,,,,,,,,,,,,,,,,,,,,,,,,,,,,,,,,,,,,,,,,,,,,,,,,
3MbLV9MjhUk_000003_000013.mp4,6,bench pressing,30.0,0.5,9.97,15,299,15,62,62,110,110,157,157,204,204,252,252,299,,,,,,,,,,,,,,,,,,,,,,,,,,,,,,,,,,,,,,,,,,,,,,,,,,,,,,,,,,,,,,,,,,,,,,,,,,,,,,,,,,,,,,,,,,,,,,,,,,,,,,,,,,,,,,,,,,,,,,,,,,,,,,,,,,
32L9h_1yByY_000016_000026.mp4,3,bench pressing,29.97,0.0,9.98,0,299,0,100,100,199,199,299,,,,,,,,,,,,,,,,,,,,,,,,,,,,,,,,,,,,,,,,,,,,,,,,,,,,,,,,,,,,,,,,,,,,,,,,,,,,,,,,,,,,,,,,,,,,,,,,,,,,,,,,,,,,,,,,,,,,,,,,,,,,,,,,,,,,,,,,
60ec-oicWyE_000038_000048.mp4,2,bench pressing,29.97,0.0,7.17,0,215,0,108,108,215,,,,,,,,,,,,,,,,,,,,,,,,,,,,,,,,,,,,,,,,,,,,,,,,,,,,,,,,,,,,,,,,,,,,,,,,,,,,,,,,,,,,,,,,,,,,,,,,,,,,,,,,,,,,,,,,,,,,,,,,,,,,,,,,,,,,,,,,,,
7QAMesOwGe8_000013_000023.mp4,4,bench pressing,30.0,0.0,10.0,0,300,0,75,75,150,150,225,225,300,,,,,,,,,,,,,,,,,,,,,,,,,,,,,,,,,,,,,,,,,,,,,,,,,,,,,,,,,,,,,,,,,,,,,,,,,,,,,,,,,,,,,,,,,,,,,,,,,,,,,,,,,,,,,,,,,,,,,,,,,,,,,,,,,,,,,,
-SFnrG0O-2E_000191_000201.mp4,2,bench pressing,29.97,0.0,6.57,0,197,0,98,98,197,,,,,,,,,,,,,,,,,,,,,,,,,,,,,,,,,,,,,,,,,,,,,,,,,,,,,,,,,,,,,,,,,,,,,,,,,,,,,,,,,,,,,,,,,,,,,,,,,,,,,,,,,,,,,,,,,,,,,,,,,,,,,,,,,,,,,,,,,,
_j-FyEoQ0jg_000182_000192.mp4,2,bench pressing,29.97,7.17,9.98,215,299,215,257,257,299,,,,,,,,,,,,,,,,,,,,,,,,,,,,,,,,,,,,,,,,,,,,,,,,,,,,,,,,,,,,,,,,,,,,,,,,,,,,,,,,,,,,,,,,,,,,,,,,,,,,,,,,,,,,,,,,,,,,,,,,,,,,,,,,,,,,,,,,,,
CVPWxOBCp7Y_000023_000033.mp4,3,bouncing ball (not juggling),29.97,2.6,4.07,78,122,78,93,93,107,107,122,,,,,,,,,,,,,,,,,,,,,,,,,,,,,,,,,,,,,,,,,,,,,,,,,,,,,,,,,,,,,,,,,,,,,,,,,,,,,,,,,,,,,,,,,,,,,,,,,,,,,,,,,,,,,,,,,,,,,,,,,,,,,,,,,,,,,,,,
DDq_MkrReKk_000050_000060.mp4,2,bouncing ball (not juggling),30.0,0.73,1.05,22,32,22,27,27,32,,,,,,,,,,,,,,,,,,,,,,,,,,,,,,,,,,,,,,,,,,,,,,,,,,,,,,,,,,,,,,,,,,,,,,,,,,,,,,,,,,,,,,,,,,,,,,,,,,,,,,,,,,,,,,,,,,,,,,,,,,,,,,,,,,,,,,,,,,
DzGDU949CO0_000221_000231.mp4,2,bouncing ball (not juggling),30.0,2.03,2.78,61,83,61,72,72,83,,,,,,,,,,,,,,,,,,,,,,,,,,,,,,,,,,,,,,,,,,,,,,,,,,,,,,,,,,,,,,,,,,,,,,,,,,,,,,,,,,,,,,,,,,,,,,,,,,,,,,,,,,,,,,,,,,,,,,,,,,,,,,,,,,,,,,,,,,
D2fP3lx1z1A_000004_000014.mp4,12,bouncing ball (not juggling),30.0,1.9,4.4,57,132,57,63,63,69,69,76,76,82,82,88,88,95,95,101,101,107,107,113,113,119,119,126,126,132,,,,,,,,,,,,,,,,,,,,,,,,,,,,,,,,,,,,,,,,,,,,,,,,,,,,,,,,,,,,,,,,,,,,,,,,,,,,,,,,,,,,,,,,,,,,,,,,,,,,,,,,,,,,,,,,,,,,,,
D2fP3lx1z1A_000004_000014.mp4,5,bouncing ball (not juggling),30.0,8.2,9.97,246,299,246,257,257,267,267,278,278,288,288,299,,,,,,,,,,,,,,,,,,,,,,,,,,,,,,,,,,,,,,,,,,,,,,,,,,,,,,,,,,,,,,,,,,,,,,,,,,,,,,,,,,,,,,,,,,,,,,,,,,,,,,,,,,,,,,,,,,,,,,,,,,,,,,,,,,,,
EECxzwPpbP4_000005_000015.mp4,2,bouncing ball (not juggling),29.97,0.9,2.87,27,86,27,57,57,86,,,,,,,,,,,,,,,,,,,,,,,,,,,,,,,,,,,,,,,,,,,,,,,,,,,,,,,,,,,,,,,,,,,,,,,,,,,,,,,,,,,,,,,,,,,,,,,,,,,,,,,,,,,,,,,,,,,,,,,,,,,,,,,,,,,,,,,,,,
EECxzwPpbP4_000005_000015.mp4,8,bouncing ball (not juggling),29.97,3.99,6.07,120,182,120,128,128,136,136,143,143,151,151,159,159,166,166,174,174,182,,,,,,,,,,,,,,,,,,,,,,,,,,,,,,,,,,,,,,,,,,,,,,,,,,,,,,,,,,,,,,,,,,,,,,,,,,,,,,,,,,,,,,,,,,,,,,,,,,,,,,,,,,,,,,,,,,,,,,,,,,,,,,
E2iGLkGeipk_000016_000026.mp4,3,bouncing ball (not juggling),30.0,0.0,0.5,0,15,0,5,5,10,10,15,,,,,,,,,,,,,,,,,,,,,,,,,,,,,,,,,,,,,,,,,,,,,,,,,,,,,,,,,,,,,,,,,,,,,,,,,,,,,,,,,,,,,,,,,,,,,,,,,,,,,,,,,,,,,,,,,,,,,,,,,,,,,,,,,,,,,,,,
E2iGLkGeipk_000016_000026.mp4,6,bouncing ball (not juggling),30.0,4.1,5.53,123,166,123,130,130,137,137,145,145,152,152,159,159,166,,,,,,,,,,,,,,,,,,,,,,,,,,,,,,,,,,,,,,,,,,,,,,,,,,,,,,,,,,,,,,,,,,,,,,,,,,,,,,,,,,,,,,,,,,,,,,,,,,,,,,,,,,,,,,,,,,,,,,,,,,,,,,,,,,
FpDag2X2zVA_000025_000035.mp4,7,bouncing ball (not juggling),29.94,0.53,5.31,16,159,16,36,36,57,57,77,77,98,98,118,118,139,139,159,,,,,,,,,,,,,,,,,,,,,,,,,,,,,,,,,,,,,,,,,,,,,,,,,,,,,,,,,,,,,,,,,,,,,,,,,,,,,,,,,,,,,,,,,,,,,,,,,,,,,,,,,,,,,,,,,,,,,,,,,,,,,,,,
FpDag2X2zVA_000025_000035.mp4,3,bouncing ball (not juggling),29.94,7.99,8.92,239,267,239,248,248,258,258,267,,,,,,,,,,,,,,,,,,,,,,,,,,,,,,,,,,,,,,,,,,,,,,,,,,,,,,,,,,,,,,,,,,,,,,,,,,,,,,,,,,,,,,,,,,,,,,,,,,,,,,,,,,,,,,,,,,,,,,,,,,,,,,,,,,,,,,,,
F7nJjelg8Yo_000000_000010.mp4,23,bouncing ball (not juggling),24.0,0.0,9.96,0,239,0,10,10,21,21,31,31,42,42,52,52,62,62,73,73,83,83,94,94,104,104,114,114,125,125,135,135,145,145,156,156,166,166,177,177,187,187,197,197,208,208,218,218,229,229,239,,,,,,,,,,,,,,,,,,,,,,,,,,,,,,,,,,,,,,,,,,,,,,,,,,,,,,,,,,,,,,,,,,,,,,,,,,,,,,,,,,,,,,,,,,,,,,,,
GsOoUOMlBP8_000008_000018.mp4,10,bouncing ball (not juggling),14.96,0.0,7.65,0,114,0,11,11,23,23,34,34,46,46,57,57,68,68,80,80,91,91,103,103,114,,,,,,,,,,,,,,,,,,,,,,,,,,,,,,,,,,,,,,,,,,,,,,,,,,,,,,,,,,,,,,,,,,,,,,,,,,,,,,,,,,,,,,,,,,,,,,,,,,,,,,,,,,,,,,,,,,,,,,,,,,
HFlwKbbeFXY_000018_000028.mp4,2,bouncing ball (not juggling),30.0,1.77,6.4,53,192,53,123,123,192,,,,,,,,,,,,,,,,,,,,,,,,,,,,,,,,,,,,,,,,,,,,,,,,,,,,,,,,,,,,,,,,,,,,,,,,,,,,,,,,,,,,,,,,,,,,,,,,,,,,,,,,,,,,,,,,,,,,,,,,,,,,,,,,,,,,,,,,,,
H4DNu9OjgKU_000000_000010.mp4,22,bouncing ball (not juggling),29.97,3.07,9.08,92,272,92,100,100,108,108,117,117,125,125,133,133,141,141,149,149,157,157,166,166,174,174,182,182,190,190,198,198,207,207,215,215,223,223,231,231,239,239,247,247,256,256,264,264,272,,,,,,,,,,,,,,,,,,,,,,,,,,,,,,,,,,,,,,,,,,,,,,,,,,,,,,,,,,,,,,,,,,,,,,,,,,,,,,,,,,,,,,,,,,,,,,,,,,
IQyJivv_5KU_000008_000018.mp4,4,bouncing ball (not juggling),15.0,2.8,4.47,42,67,42,48,48,54,54,61,61,67,,,,,,,,,,,,,,,,,,,,,,,,,,,,,,,,,,,,,,,,,,,,,,,,,,,,,,,,,,,,,,,,,,,,,,,,,,,,,,,,,,,,,,,,,,,,,,,,,,,,,,,,,,,,,,,,,,,,,,,,,,,,,,,,,,,,,,
IQyJivv_5KU_000008_000018.mp4,5,bouncing ball (not juggling),15.0,7.27,9.27,109,139,109,115,115,121,121,127,127,133,133,139,,,,,,,,,,,,,,,,,,,,,,,,,,,,,,,,,,,,,,,,,,,,,,,,,,,,,,,,,,,,,,,,,,,,,,,,,,,,,,,,,,,,,,,,,,,,,,,,,,,,,,,,,,,,,,,,,,,,,,,,,,,,,,,,,,,,
Ia75_t6lE0k_000056_000066.mp4,3,bouncing ball (not juggling),30.0,0.97,1.9,29,57,29,38,38,48,48,57,,,,,,,,,,,,,,,,,,,,,,,,,,,,,,,,,,,,,,,,,,,,,,,,,,,,,,,,,,,,,,,,,,,,,,,,,,,,,,,,,,,,,,,,,,,,,,,,,,,,,,,,,,,,,,,,,,,,,,,,,,,,,,,,,,,,,,,,
Ia75_t6lE0k_000056_000066.mp4,2,bouncing ball (not juggling),30.0,9.07,9.87,272,296,272,284,284,296,,,,,,,,,,,,,,,,,,,,,,,,,,,,,,,,,,,,,,,,,,,,,,,,,,,,,,,,,,,,,,,,,,,,,,,,,,,,,,,,,,,,,,,,,,,,,,,,,,,,,,,,,,,,,,,,,,,,,,,,,,,,,,,,,,,,,,,,,,
Iuw-aS1Q2RQ_000055_000065.mp4,5,bouncing ball (not juggling),29.97,0.8,9.38,24,281,24,75,75,127,127,178,178,230,230,281,,,,,,,,,,,,,,,,,,,,,,,,,,,,,,,,,,,,,,,,,,,,,,,,,,,,,,,,,,,,,,,,,,,,,,,,,,,,,,,,,,,,,,,,,,,,,,,,,,,,,,,,,,,,,,,,,,,,,,,,,,,,,,,,,,,,
I6PShxS_Uf8_000000_000010.mp4,4,bouncing ball (not juggling),30.0,0.0,0.7,0,21,0,5,5,10,10,16,16,21,,,,,,,,,,,,,,,,,,,,,,,,,,,,,,,,,,,,,,,,,,,,,,,,,,,,,,,,,,,,,,,,,,,,,,,,,,,,,,,,,,,,,,,,,,,,,,,,,,,,,,,,,,,,,,,,,,,,,,,,,,,,,,,,,,,,,,
I6PShxS_Uf8_000000_000010.mp4,4,bouncing ball (not juggling),30.0,9.1,9.67,273,290,273,277,277,281,281,286,286,290,,,,,,,,,,,,,,,,,,,,,,,,,,,,,,,,,,,,,,,,,,,,,,,,,,,,,,,,,,,,,,,,,,,,,,,,,,,,,,,,,,,,,,,,,,,,,,,,,,,,,,,,,,,,,,,,,,,,,,,,,,,,,,,,,,,,,,
JBjWZj9Jyk8_000007_000017.mp4,13,bouncing ball (not juggling),25.0,0.0,2.36,0,59,0,5,5,9,9,14,14,18,18,23,23,27,27,32,32,36,36,41,41,45,45,50,50,54,54,59,,,,,,,,,,,,,,,,,,,,,,,,,,,,,,,,,,,,,,,,,,,,,,,,,,,,,,,,,,,,,,,,,,,,,,,,,,,,,,,,,,,,,,,,,,,,,,,,,,,,,,,,,,,,,,,,,,,,
JBjWZj9Jyk8_000007_000017.mp4,17,bouncing ball (not juggling),25.0,3.08,7.16,77,179,77,83,83,89,89,95,95,101,101,107,107,113,113,119,119,125,125,131,131,137,137,143,143,149,149,155,155,161,161,167,167,173,173,179,,,,,,,,,,,,,,,,,,,,,,,,,,,,,,,,,,,,,,,,,,,,,,,,,,,,,,,,,,,,,,,,,,,,,,,,,,,,,,,,,,,,,,,,,,,,,,,,,,,,,,,,,,,,
JBjWZj9Jyk8_000007_000017.mp4,5,bouncing ball (not juggling),25.0,9.4,10.0,235,250,235,238,238,241,241,244,244,247,247,250,,,,,,,,,,,,,,,,,,,,,,,,,,,,,,,,,,,,,,,,,,,,,,,,,,,,,,,,,,,,,,,,,,,,,,,,,,,,,,,,,,,,,,,,,,,,,,,,,,,,,,,,,,,,,,,,,,,,,,,,,,,,,,,,,,,,
JQdrQHz_JBo_000033_000043.mp4,8,bouncing ball (not juggling),30.0,0.0,4.2,0,126,0,16,16,32,32,47,47,63,63,79,79,94,94,110,110,126,,,,,,,,,,,,,,,,,,,,,,,,,,,,,,,,,,,,,,,,,,,,,,,,,,,,,,,,,,,,,,,,,,,,,,,,,,,,,,,,,,,,,,,,,,,,,,,,,,,,,,,,,,,,,,,,,,,,,,,,,,,,,,
JQdrQHz_JBo_000033_000043.mp4,9,bouncing ball (not juggling),30.0,5.83,10.0,175,300,175,189,189,203,203,217,217,231,231,244,244,258,258,272,272,286,286,300,,,,,,,,,,,,,,,,,,,,,,,,,,,,,,,,,,,,,,,,,,,,,,,,,,,,,,,,,,,,,,,,,,,,,,,,,,,,,,,,,,,,,,,,,,,,,,,,,,,,,,,,,,,,,,,,,,,,,,,,,,,,
JuJMk7z6oP4_000011_000021.mp4,9,bouncing ball (not juggling),30.0,1.3,6.13,39,184,39,55,55,71,71,87,87,103,103,120,120,136,136,152,152,168,168,184,,,,,,,,,,,,,,,,,,,,,,,,,,,,,,,,,,,,,,,,,,,,,,,,,,,,,,,,,,,,,,,,,,,,,,,,,,,,,,,,,,,,,,,,,,,,,,,,,,,,,,,,,,,,,,,,,,,,,,,,,,,,
JuJMk7z6oP4_000011_000021.mp4,5,bouncing ball (not juggling),30.0,7.3,9.97,219,299,219,235,235,251,251,267,267,283,283,299,,,,,,,,,,,,,,,,,,,,,,,,,,,,,,,,,,,,,,,,,,,,,,,,,,,,,,,,,,,,,,,,,,,,,,,,,,,,,,,,,,,,,,,,,,,,,,,,,,,,,,,,,,,,,,,,,,,,,,,,,,,,,,,,,,,,
Jx_U_gg0aBc_000015_000025.mp4,5,bouncing ball (not juggling),30.0,2.77,5.47,83,164,83,99,99,115,115,132,132,148,148,164,,,,,,,,,,,,,,,,,,,,,,,,,,,,,,,,,,,,,,,,,,,,,,,,,,,,,,,,,,,,,,,,,,,,,,,,,,,,,,,,,,,,,,,,,,,,,,,,,,,,,,,,,,,,,,,,,,,,,,,,,,,,,,,,,,,,
KD0altvGvC4_000045_000055.mp4,9,bouncing ball (not juggling),30.0,2.8,5.37,84,161,84,93,93,101,101,110,110,118,118,127,127,135,135,144,144,152,152,161,,,,,,,,,,,,,,,,,,,,,,,,,,,,,,,,,,,,,,,,,,,,,,,,,,,,,,,,,,,,,,,,,,,,,,,,,,,,,,,,,,,,,,,,,,,,,,,,,,,,,,,,,,,,,,,,,,,,,,,,,,,,
KS2ZGQnxWXk_000008_000018.mp4,7,bouncing ball (not juggling),15.0,5.63,9.73,84,146,84,93,93,102,102,111,111,119,119,128,128,137,137,146,,,,,,,,,,,,,,,,,,,,,,,,,,,,,,,,,,,,,,,,,,,,,,,,,,,,,,,,,,,,,,,,,,,,,,,,,,,,,,,,,,,,,,,,,,,,,,,,,,,,,,,,,,,,,,,,,,,,,,,,,,,,,,,,
KVuwp_GFu70_000118_000128.mp4,7,bouncing ball (not juggling),30.0,0.97,5.0,29,150,29,46,46,64,64,81,81,98,98,115,115,133,133,150,,,,,,,,,,,,,,,,,,,,,,,,,,,,,,,,,,,,,,,,,,,,,,,,,,,,,,,,,,,,,,,,,,,,,,,,,,,,,,,,,,,,,,,,,,,,,,,,,,,,,,,,,,,,,,,,,,,,,,,,,,,,,,,,
KVuwp_GFu70_000118_000128.mp4,4,bouncing ball (not juggling),30.0,8.57,9.77,257,293,257,266,266,275,275,284,284,293,,,,,,,,,,,,,,,,,,,,,,,,,,,,,,,,,,,,,,,,,,,,,,,,,,,,,,,,,,,,,,,,,,,,,,,,,,,,,,,,,,,,,,,,,,,,,,,,,,,,,,,,,,,,,,,,,,,,,,,,,,,,,,,,,,,,,,
KhDjVeu4Xxo_000075_000085.mp4,2,bouncing ball (not juggling),29.97,2.24,3.24,67,97,67,82,82,97,,,,,,,,,,,,,,,,,,,,,,,,,,,,,,,,,,,,,,,,,,,,,,,,,,,,,,,,,,,,,,,,,,,,,,,,,,,,,,,,,,,,,,,,,,,,,,,,,,,,,,,,,,,,,,,,,,,,,,,,,,,,,,,,,,,,,,,,,,
MUIWvu58u4E_000089_000099.mp4,2,bouncing ball (not juggling),29.97,0.87,2.57,26,77,26,52,52,77,,,,,,,,,,,,,,,,,,,,,,,,,,,,,,,,,,,,,,,,,,,,,,,,,,,,,,,,,,,,,,,,,,,,,,,,,,,,,,,,,,,,,,,,,,,,,,,,,,,,,,,,,,,,,,,,,,,,,,,,,,,,,,,,,,,,,,,,,,
MUIWvu58u4E_000089_000099.mp4,6,bouncing ball (not juggling),29.97,4.77,8.68,143,260,143,163,163,182,182,201,201,221,221,241,241,260,,,,,,,,,,,,,,,,,,,,,,,,,,,,,,,,,,,,,,,,,,,,,,,,,,,,,,,,,,,,,,,,,,,,,,,,,,,,,,,,,,,,,,,,,,,,,,,,,,,,,,,,,,,,,,,,,,,,,,,,,,,,,,,,,,
NY9M0VS3Z0A_000122_000132.mp4,15,bouncing ball (not juggling),30.0,0.13,10.0,4,300,4,24,24,43,43,63,63,83,83,103,103,122,122,142,142,162,162,182,182,201,201,221,221,241,241,261,261,280,280,300,,,,,,,,,,,,,,,,,,,,,,,,,,,,,,,,,,,,,,,,,,,,,,,,,,,,,,,,,,,,,,,,,,,,,,,,,,,,,,,,,,,,,,,,,,,,,,,,,,,,,,,,,,,,,,,,
NrRfQv3N894_000063_000073.mp4,16,bouncing ball (not juggling),14.99,0.6,8.94,9,134,9,17,17,25,25,32,32,40,40,48,48,56,56,64,64,71,71,79,79,87,87,95,95,103,103,111,111,118,118,126,126,134,,,,,,,,,,,,,,,,,,,,,,,,,,,,,,,,,,,,,,,,,,,,,,,,,,,,,,,,,,,,,,,,,,,,,,,,,,,,,,,,,,,,,,,,,,,,,,,,,,,,,,,,,,,,,,
OcdqxcHMuOU_000027_000037.mp4,5,bouncing ball (not juggling),20.0,0.45,4.95,9,99,9,27,27,45,45,63,63,81,81,99,,,,,,,,,,,,,,,,,,,,,,,,,,,,,,,,,,,,,,,,,,,,,,,,,,,,,,,,,,,,,,,,,,,,,,,,,,,,,,,,,,,,,,,,,,,,,,,,,,,,,,,,,,,,,,,,,,,,,,,,,,,,,,,,,,,,
OpbGowuH5R0_000007_000017.mp4,2,bouncing ball (not juggling),15.0,0.0,0.8,0,12,0,6,6,12,,,,,,,,,,,,,,,,,,,,,,,,,,,,,,,,,,,,,,,,,,,,,,,,,,,,,,,,,,,,,,,,,,,,,,,,,,,,,,,,,,,,,,,,,,,,,,,,,,,,,,,,,,,,,,,,,,,,,,,,,,,,,,,,,,,,,,,,,,
OpbGowuH5R0_000007_000017.mp4,8,bouncing ball (not juggling),15.0,4.0,8.73,60,131,60,69,69,78,78,87,87,96,96,104,104,113,113,122,122,131,,,,,,,,,,,,,,,,,,,,,,,,,,,,,,,,,,,,,,,,,,,,,,,,,,,,,,,,,,,,,,,,,,,,,,,,,,,,,,,,,,,,,,,,,,,,,,,,,,,,,,,,,,,,,,,,,,,,,,,,,,,,,,
Ox2i6bKNK-E_000057_000067.mp4,3,bouncing ball (not juggling),30.0,4.68,6.12,140,184,140,155,155,169,169,184,,,,,,,,,,,,,,,,,,,,,,,,,,,,,,,,,,,,,,,,,,,,,,,,,,,,,,,,,,,,,,,,,,,,,,,,,,,,,,,,,,,,,,,,,,,,,,,,,,,,,,,,,,,,,,,,,,,,,,,,,,,,,,,,,,,,,,,,
PkA1NjdgZto_000068_000078.mp4,7,bouncing ball (not juggling),30.0,2.8,4.4,84,132,84,91,91,98,98,105,105,111,111,118,118,125,125,132,,,,,,,,,,,,,,,,,,,,,,,,,,,,,,,,,,,,,,,,,,,,,,,,,,,,,,,,,,,,,,,,,,,,,,,,,,,,,,,,,,,,,,,,,,,,,,,,,,,,,,,,,,,,,,,,,,,,,,,,,,,,,,,,
PkA1NjdgZto_000068_000078.mp4,6,bouncing ball (not juggling),30.0,8.4,9.97,252,299,252,260,260,268,268,276,276,283,283,291,291,299,,,,,,,,,,,,,,,,,,,,,,,,,,,,,,,,,,,,,,,,,,,,,,,,,,,,,,,,,,,,,,,,,,,,,,,,,,,,,,,,,,,,,,,,,,,,,,,,,,,,,,,,,,,,,,,,,,,,,,,,,,,,,,,,,,
P7GOGlaCBUc_000000_000010.mp4,3,bouncing ball (not juggling),25.0,1.68,4.8,42,120,42,68,68,94,94,120,,,,,,,,,,,,,,,,,,,,,,,,,,,,,,,,,,,,,,,,,,,,,,,,,,,,,,,,,,,,,,,,,,,,,,,,,,,,,,,,,,,,,,,,,,,,,,,,,,,,,,,,,,,,,,,,,,,,,,,,,,,,,,,,,,,,,,,,
QofwwWhUYPQ_000034_000044.mp4,2,bouncing ball (not juggling),29.92,2.17,5.44,65,163,65,114,114,163,,,,,,,,,,,,,,,,,,,,,,,,,,,,,,,,,,,,,,,,,,,,,,,,,,,,,,,,,,,,,,,,,,,,,,,,,,,,,,,,,,,,,,,,,,,,,,,,,,,,,,,,,,,,,,,,,,,,,,,,,,,,,,,,,,,,,,,,,,
Q8HjuZ3Hv1k_000008_000018.mp4,3,bouncing ball (not juggling),30.0,2.7,9.07,81,272,81,145,145,208,208,272,,,,,,,,,,,,,,,,,,,,,,,,,,,,,,,,,,,,,,,,,,,,,,,,,,,,,,,,,,,,,,,,,,,,,,,,,,,,,,,,,,,,,,,,,,,,,,,,,,,,,,,,,,,,,,,,,,,,,,,,,,,,,,,,,,,,,,,,
RLeaNDEMuKM_000029_000039.mp4,7,bouncing ball (not juggling),15.04,0.0,4.06,0,61,0,9,9,17,17,26,26,35,35,44,44,52,52,61,,,,,,,,,,,,,,,,,,,,,,,,,,,,,,,,,,,,,,,,,,,,,,,,,,,,,,,,,,,,,,,,,,,,,,,,,,,,,,,,,,,,,,,,,,,,,,,,,,,,,,,,,,,,,,,,,,,,,,,,,,,,,,,,
RQWRtYYctbQ_000000_000010.mp4,4,bouncing ball (not juggling),30.0,1.97,9.3,59,279,59,114,114,169,169,224,224,279,,,,,,,,,,,,,,,,,,,,,,,,,,,,,,,,,,,,,,,,,,,,,,,,,,,,,,,,,,,,,,,,,,,,,,,,,,,,,,,,,,,,,,,,,,,,,,,,,,,,,,,,,,,,,,,,,,,,,,,,,,,,,,,,,,,,,,
S_2Z7IgO88E_000001_000011.mp4,3,bouncing ball (not juggling),30.0,0.13,5.73,4,172,4,60,60,116,116,172,,,,,,,,,,,,,,,,,,,,,,,,,,,,,,,,,,,,,,,,,,,,,,,,,,,,,,,,,,,,,,,,,,,,,,,,,,,,,,,,,,,,,,,,,,,,,,,,,,,,,,,,,,,,,,,,,,,,,,,,,,,,,,,,,,,,,,,,
TCgQ9f_6o8w_000036_000046.mp4,9,bouncing ball (not juggling),15.0,3.4,7.67,51,115,51,58,58,65,65,72,72,79,79,87,87,94,94,101,101,108,108,115,,,,,,,,,,,,,,,,,,,,,,,,,,,,,,,,,,,,,,,,,,,,,,,,,,,,,,,,,,,,,,,,,,,,,,,,,,,,,,,,,,,,,,,,,,,,,,,,,,,,,,,,,,,,,,,,,,,,,,,,,,,,
T94ugTHMwHU_000000_000010.mp4,5,bouncing ball (not juggling),30.0,4.0,10.0,120,300,120,156,156,192,192,228,228,264,264,300,,,,,,,,,,,,,,,,,,,,,,,,,,,,,,,,,,,,,,,,,,,,,,,,,,,,,,,,,,,,,,,,,,,,,,,,,,,,,,,,,,,,,,,,,,,,,,,,,,,,,,,,,,,,,,,,,,,,,,,,,,,,,,,,,,,,
UcoP26Ka9kE_000005_000015.mp4,10,bouncing ball (not juggling),29.95,3.37,7.37,101,221,101,113,113,125,125,137,137,149,149,161,161,173,173,185,185,197,197,209,209,221,,,,,,,,,,,,,,,,,,,,,,,,,,,,,,,,,,,,,,,,,,,,,,,,,,,,,,,,,,,,,,,,,,,,,,,,,,,,,,,,,,,,,,,,,,,,,,,,,,,,,,,,,,,,,,,,,,,,,,,,,,
V13S-NADB1Y_000000_000010.mp4,9,bouncing ball (not juggling),30.0,4.73,10.0,142,300,142,160,160,177,177,195,195,212,212,230,230,247,247,265,265,282,282,300,,,,,,,,,,,,,,,,,,,,,,,,,,,,,,,,,,,,,,,,,,,,,,,,,,,,,,,,,,,,,,,,,,,,,,,,,,,,,,,,,,,,,,,,,,,,,,,,,,,,,,,,,,,,,,,,,,,,,,,,,,,,
cFVvnI30frg_000010_000020.mp4,2,bouncing ball (not juggling),30.0,2.12,8.9,64,267,64,166,166,267,,,,,,,,,,,,,,,,,,,,,,,,,,,,,,,,,,,,,,,,,,,,,,,,,,,,,,,,,,,,,,,,,,,,,,,,,,,,,,,,,,,,,,,,,,,,,,,,,,,,,,,,,,,,,,,,,,,,,,,,,,,,,,,,,,,,,,,,,,
dQjeV03_rys_000002_000012.mp4,13,bouncing ball (not juggling),30.0,0.0,10.0,0,300,0,23,23,46,46,69,69,92,92,115,115,138,138,162,162,185,185,208,208,231,231,254,254,277,277,300,,,,,,,,,,,,,,,,,,,,,,,,,,,,,,,,,,,,,,,,,,,,,,,,,,,,,,,,,,,,,,,,,,,,,,,,,,,,,,,,,,,,,,,,,,,,,,,,,,,,,,,,,,,,,,,,,,,,
ea1CCha0-S0_000037_000047.mp4,8,bouncing ball (not juggling),25.0,4.08,8.06,102,202,102,114,114,127,127,140,140,152,152,164,164,177,177,190,190,202,,,,,,,,,,,,,,,,,,,,,,,,,,,,,,,,,,,,,,,,,,,,,,,,,,,,,,,,,,,,,,,,,,,,,,,,,,,,,,,,,,,,,,,,,,,,,,,,,,,,,,,,,,,,,,,,,,,,,,,,,,,,,,
egNaV5U_EJk_000024_000034.mp4,3,bouncing ball (not juggling),29.94,7.13,9.95,213,298,213,241,241,270,270,298,,,,,,,,,,,,,,,,,,,,,,,,,,,,,,,,,,,,,,,,,,,,,,,,,,,,,,,,,,,,,,,,,,,,,,,,,,,,,,,,,,,,,,,,,,,,,,,,,,,,,,,,,,,,,,,,,,,,,,,,,,,,,,,,,,,,,,,,
fST8dwZOAbU_000000_000010.mp4,4,bouncing ball (not juggling),29.97,2.47,8.94,74,268,74,122,122,171,171,220,220,268,,,,,,,,,,,,,,,,,,,,,,,,,,,,,,,,,,,,,,,,,,,,,,,,,,,,,,,,,,,,,,,,,,,,,,,,,,,,,,,,,,,,,,,,,,,,,,,,,,,,,,,,,,,,,,,,,,,,,,,,,,,,,,,,,,,,,,
fVU85a0AhQI_000000_000010.mp4,29,bouncing ball (not juggling),30.0,0.0,10.0,0,300,0,10,10,21,21,31,31,41,41,52,52,62,62,72,72,83,83,93,93,103,103,114,114,124,124,134,134,145,145,155,155,166,166,176,176,186,186,197,197,207,207,217,217,228,228,238,238,248,248,259,259,269,269,279,279,290,290,300,,,,,,,,,,,,,,,,,,,,,,,,,,,,,,,,,,,,,,,,,,,,,,,,,,,,,,,,,,,,,,,,,,,,,,,,,,,,,,,,,,,,
gJUW_cN5Mz8_000033_000043.mp4,2,bouncing ball (not juggling),29.97,3.14,4.04,94,121,94,108,108,121,,,,,,,,,,,,,,,,,,,,,,,,,,,,,,,,,,,,,,,,,,,,,,,,,,,,,,,,,,,,,,,,,,,,,,,,,,,,,,,,,,,,,,,,,,,,,,,,,,,,,,,,,,,,,,,,,,,,,,,,,,,,,,,,,,,,,,,,,,
hQxd8tVcPiY_000004_000014.mp4,2,bouncing ball (not juggling),15.0,0.0,0.87,0,13,0,6,6,13,,,,,,,,,,,,,,,,,,,,,,,,,,,,,,,,,,,,,,,,,,,,,,,,,,,,,,,,,,,,,,,,,,,,,,,,,,,,,,,,,,,,,,,,,,,,,,,,,,,,,,,,,,,,,,,,,,,,,,,,,,,,,,,,,,,,,,,,,,
hQxd8tVcPiY_000004_000014.mp4,14,bouncing ball (not juggling),15.0,4.13,10.0,62,150,62,68,68,75,75,81,81,87,87,93,93,100,100,106,106,112,112,119,119,125,125,131,131,137,137,144,144,150,,,,,,,,,,,,,,,,,,,,,,,,,,,,,,,,,,,,,,,,,,,,,,,,,,,,,,,,,,,,,,,,,,,,,,,,,,,,,,,,,,,,,,,,,,,,,,,,,,,,,,,,,,,,,,,,,,
hbCwq2eJPjk_000015_000025.mp4,2,bouncing ball (not juggling),30.0,0.7,1.48,21,44,21,33,33,44,,,,,,,,,,,,,,,,,,,,,,,,,,,,,,,,,,,,,,,,,,,,,,,,,,,,,,,,,,,,,,,,,,,,,,,,,,,,,,,,,,,,,,,,,,,,,,,,,,,,,,,,,,,,,,,,,,,,,,,,,,,,,,,,,,,,,,,,,,
hi6lkugoBss_000000_000010.mp4,5,bouncing ball (not juggling),30.0,0.1,1.7,3,51,3,13,13,22,22,32,32,41,41,51,,,,,,,,,,,,,,,,,,,,,,,,,,,,,,,,,,,,,,,,,,,,,,,,,,,,,,,,,,,,,,,,,,,,,,,,,,,,,,,,,,,,,,,,,,,,,,,,,,,,,,,,,,,,,,,,,,,,,,,,,,,,,,,,,,,,
hi6lkugoBss_000000_000010.mp4,5,bouncing ball (not juggling),30.0,3.23,4.57,97,137,97,105,105,113,113,121,121,129,129,137,,,,,,,,,,,,,,,,,,,,,,,,,,,,,,,,,,,,,,,,,,,,,,,,,,,,,,,,,,,,,,,,,,,,,,,,,,,,,,,,,,,,,,,,,,,,,,,,,,,,,,,,,,,,,,,,,,,,,,,,,,,,,,,,,,,,
hi6lkugoBss_000000_000010.mp4,4,bouncing ball (not juggling),30.0,6.5,7.8,195,234,195,205,205,215,215,224,224,234,,,,,,,,,,,,,,,,,,,,,,,,,,,,,,,,,,,,,,,,,,,,,,,,,,,,,,,,,,,,,,,,,,,,,,,,,,,,,,,,,,,,,,,,,,,,,,,,,,,,,,,,,,,,,,,,,,,,,,,,,,,,,,,,,,,,,,
iGoQXYmIViU_000106_000116.mp4,3,bouncing ball (not juggling),15.0,0.47,2.07,7,31,7,15,15,23,23,31,,,,,,,,,,,,,,,,,,,,,,,,,,,,,,,,,,,,,,,,,,,,,,,,,,,,,,,,,,,,,,,,,,,,,,,,,,,,,,,,,,,,,,,,,,,,,,,,,,,,,,,,,,,,,,,,,,,,,,,,,,,,,,,,,,,,,,,,
iGoQXYmIViU_000106_000116.mp4,8,bouncing ball (not juggling),15.0,3.93,9.97,59,150,59,70,70,82,82,93,93,105,105,116,116,127,127,139,139,150,,,,,,,,,,,,,,,,,,,,,,,,,,,,,,,,,,,,,,,,,,,,,,,,,,,,,,,,,,,,,,,,,,,,,,,,,,,,,,,,,,,,,,,,,,,,,,,,,,,,,,,,,,,,,,,,,,,,,,,,,,,,,,
iIjLjJgMt-Q_000028_000038.mp4,20,bouncing ball (not juggling),29.97,0.0,6.61,0,198,0,10,10,20,20,30,30,40,40,50,50,59,59,69,69,79,79,89,89,99,99,109,109,119,119,129,129,139,139,148,148,158,158,168,168,178,178,188,188,198,,,,,,,,,,,,,,,,,,,,,,,,,,,,,,,,,,,,,,,,,,,,,,,,,,,,,,,,,,,,,,,,,,,,,,,,,,,,,,,,,,,,,,,,,,,,,,,,,,,,,,
iYvhmiHnB_Y_000021_000031.mp4,3,bouncing ball (not juggling),10.0,1.1,2.6,11,26,11,16,16,21,21,26,,,,,,,,,,,,,,,,,,,,,,,,,,,,,,,,,,,,,,,,,,,,,,,,,,,,,,,,,,,,,,,,,,,,,,,,,,,,,,,,,,,,,,,,,,,,,,,,,,,,,,,,,,,,,,,,,,,,,,,,,,,,,,,,,,,,,,,,
iYvhmiHnB_Y_000021_000031.mp4,6,bouncing ball (not juggling),10.0,4.2,6.8,42,68,42,46,46,51,51,55,55,59,59,64,64,68,,,,,,,,,,,,,,,,,,,,,,,,,,,,,,,,,,,,,,,,,,,,,,,,,,,,,,,,,,,,,,,,,,,,,,,,,,,,,,,,,,,,,,,,,,,,,,,,,,,,,,,,,,,,,,,,,,,,,,,,,,,,,,,,,,
ic2srH2GS28_000336_000346.mp4,6,bouncing ball (not juggling),24.0,1.5,3.88,36,93,36,46,46,55,55,64,64,74,74,84,84,93,,,,,,,,,,,,,,,,,,,,,,,,,,,,,,,,,,,,,,,,,,,,,,,,,,,,,,,,,,,,,,,,,,,,,,,,,,,,,,,,,,,,,,,,,,,,,,,,,,,,,,,,,,,,,,,,,,,,,,,,,,,,,,,,,,
jcb6Vwwq0N4_000057_000067.mp4,6,bouncing ball (not juggling),25.0,0.8,4.48,20,112,20,35,35,51,51,66,66,81,81,97,97,112,,,,,,,,,,,,,,,,,,,,,,,,,,,,,,,,,,,,,,,,,,,,,,,,,,,,,,,,,,,,,,,,,,,,,,,,,,,,,,,,,,,,,,,,,,,,,,,,,,,,,,,,,,,,,,,,,,,,,,,,,,,,,,,,,,
knvxImBTpZI_000001_000011.mp4,2,bouncing ball (not juggling),30.0,2.7,9.96,81,299,81,190,190,299,,,,,,,,,,,,,,,,,,,,,,,,,,,,,,,,,,,,,,,,,,,,,,,,,,,,,,,,,,,,,,,,,,,,,,,,,,,,,,,,,,,,,,,,,,,,,,,,,,,,,,,,,,,,,,,,,,,,,,,,,,,,,,,,,,,,,,,,,,
k1Co_gOk7qM_000003_000013.mp4,4,bouncing ball (not juggling),9.88,0.0,2.33,0,23,0,6,6,12,12,17,17,23,,,,,,,,,,,,,,,,,,,,,,,,,,,,,,,,,,,,,,,,,,,,,,,,,,,,,,,,,,,,,,,,,,,,,,,,,,,,,,,,,,,,,,,,,,,,,,,,,,,,,,,,,,,,,,,,,,,,,,,,,,,,,,,,,,,,,,
lEPLsVKWkr0_000013_000023.mp4,5,bouncing ball (not juggling),15.0,2.07,3.93,31,59,31,37,37,42,42,48,48,53,53,59,,,,,,,,,,,,,,,,,,,,,,,,,,,,,,,,,,,,,,,,,,,,,,,,,,,,,,,,,,,,,,,,,,,,,,,,,,,,,,,,,,,,,,,,,,,,,,,,,,,,,,,,,,,,,,,,,,,,,,,,,,,,,,,,,,,,
lEPLsVKWkr0_000013_000023.mp4,8,bouncing ball (not juggling),15.0,6.07,9.47,91,142,91,97,97,104,104,110,110,117,117,123,123,129,129,136,136,142,,,,,,,,,,,,,,,,,,,,,,,,,,,,,,,,,,,,,,,,,,,,,,,,,,,,,,,,,,,,,,,,,,,,,,,,,,,,,,,,,,,,,,,,,,,,,,,,,,,,,,,,,,,,,,,,,,,,,,,,,,,,,,
lneaVoAZD6U_000051_000061.mp4,2,bouncing ball (not juggling),30.0,0.12,2.15,4,64,4,34,34,64,,,,,,,,,,,,,,,,,,,,,,,,,,,,,,,,,,,,,,,,,,,,,,,,,,,,,,,,,,,,,,,,,,,,,,,,,,,,,,,,,,,,,,,,,,,,,,,,,,,,,,,,,,,,,,,,,,,,,,,,,,,,,,,,,,,,,,,,,,
l4-nExOlhY8_000001_000011.mp4,3,bouncing ball (not juggling),30.0,4.42,7.45,133,224,133,163,163,194,194,224,,,,,,,,,,,,,,,,,,,,,,,,,,,,,,,,,,,,,,,,,,,,,,,,,,,,,,,,,,,,,,,,,,,,,,,,,,,,,,,,,,,,,,,,,,,,,,,,,,,,,,,,,,,,,,,,,,,,,,,,,,,,,,,,,,,,,,,,
mPPiAtlUrnI_000056_000066.mp4,4,bouncing ball (not juggling),29.92,0.3,1.57,9,47,9,19,19,28,28,37,37,47,,,,,,,,,,,,,,,,,,,,,,,,,,,,,,,,,,,,,,,,,,,,,,,,,,,,,,,,,,,,,,,,,,,,,,,,,,,,,,,,,,,,,,,,,,,,,,,,,,,,,,,,,,,,,,,,,,,,,,,,,,,,,,,,,,,,,,
mPPiAtlUrnI_000056_000066.mp4,4,bouncing ball (not juggling),29.92,6.28,7.39,188,221,188,196,196,204,204,213,213,221,,,,,,,,,,,,,,,,,,,,,,,,,,,,,,,,,,,,,,,,,,,,,,,,,,,,,,,,,,,,,,,,,,,,,,,,,,,,,,,,,,,,,,,,,,,,,,,,,,,,,,,,,,,,,,,,,,,,,,,,,,,,,,,,,,,,,,
m25SIEETLew_000000_000010.mp4,4,bouncing ball (not juggling),19.95,1.44,1.96,29,39,29,31,31,34,34,37,37,39,,,,,,,,,,,,,,,,,,,,,,,,,,,,,,,,,,,,,,,,,,,,,,,,,,,,,,,,,,,,,,,,,,,,,,,,,,,,,,,,,,,,,,,,,,,,,,,,,,,,,,,,,,,,,,,,,,,,,,,,,,,,,,,,,,,,,,
m25SIEETLew_000000_000010.mp4,2,bouncing ball (not juggling),19.95,7.39,7.72,147,154,147,151,151,154,,,,,,,,,,,,,,,,,,,,,,,,,,,,,,,,,,,,,,,,,,,,,,,,,,,,,,,,,,,,,,,,,,,,,,,,,,,,,,,,,,,,,,,,,,,,,,,,,,,,,,,,,,,,,,,,,,,,,,,,,,,,,,,,,,,,,,,,,,
nfRHE7TP0EM_000039_000049.mp4,7,bouncing ball (not juggling),29.97,0.53,3.74,16,112,16,30,30,43,43,57,57,71,71,85,85,98,98,112,,,,,,,,,,,,,,,,,,,,,,,,,,,,,,,,,,,,,,,,,,,,,,,,,,,,,,,,,,,,,,,,,,,,,,,,,,,,,,,,,,,,,,,,,,,,,,,,,,,,,,,,,,,,,,,,,,,,,,,,,,,,,,,,
nfRHE7TP0EM_000039_000049.mp4,3,bouncing ball (not juggling),29.97,8.11,9.98,243,299,243,262,262,280,280,299,,,,,,,,,,,,,,,,,,,,,,,,,,,,,,,,,,,,,,,,,,,,,,,,,,,,,,,,,,,,,,,,,,,,,,,,,,,,,,,,,,,,,,,,,,,,,,,,,,,,,,,,,,,,,,,,,,,,,,,,,,,,,,,,,,,,,,,,
oG1pIEm7MN4_000079_000089.mp4,4,bouncing ball (not juggling),30.0,1.17,9.97,35,299,35,101,101,167,167,233,233,299,,,,,,,,,,,,,,,,,,,,,,,,,,,,,,,,,,,,,,,,,,,,,,,,,,,,,,,,,,,,,,,,,,,,,,,,,,,,,,,,,,,,,,,,,,,,,,,,,,,,,,,,,,,,,,,,,,,,,,,,,,,,,,,,,,,,,,
pBXY_zi29a0_000018_000028.mp4,8,bouncing ball (not juggling),30.0,2.73,6.6,82,198,82,96,96,111,111,126,126,140,140,154,154,169,169,184,184,198,,,,,,,,,,,,,,,,,,,,,,,,,,,,,,,,,,,,,,,,,,,,,,,,,,,,,,,,,,,,,,,,,,,,,,,,,,,,,,,,,,,,,,,,,,,,,,,,,,,,,,,,,,,,,,,,,,,,,,,,,,,,,,
pEgaEth_fZ8_000048_000058.mp4,3,bouncing ball (not juggling),14.92,0.0,1.88,0,28,0,9,9,19,19,28,,,,,,,,,,,,,,,,,,,,,,,,,,,,,,,,,,,,,,,,,,,,,,,,,,,,,,,,,,,,,,,,,,,,,,,,,,,,,,,,,,,,,,,,,,,,,,,,,,,,,,,,,,,,,,,,,,,,,,,,,,,,,,,,,,,,,,,,
pEgaEth_fZ8_000048_000058.mp4,16,bouncing ball (not juggling),14.92,3.02,9.32,45,139,45,51,51,57,57,63,63,69,69,74,74,80,80,86,86,92,92,98,98,104,104,110,110,115,115,121,121,127,127,133,133,139,,,,,,,,,,,,,,,,,,,,,,,,,,,,,,,,,,,,,,,,,,,,,,,,,,,,,,,,,,,,,,,,,,,,,,,,,,,,,,,,,,,,,,,,,,,,,,,,,,,,,,,,,,,,,,
pavLZ-4ajlo_000042_000052.mp4,16,bouncing ball (not juggling),20.0,0.15,6.4,3,128,3,11,11,19,19,26,26,34,34,42,42,50,50,58,58,65,65,73,73,81,81,89,89,97,97,105,105,112,112,120,120,128,,,,,,,,,,,,,,,,,,,,,,,,,,,,,,,,,,,,,,,,,,,,,,,,,,,,,,,,,,,,,,,,,,,,,,,,,,,,,,,,,,,,,,,,,,,,,,,,,,,,,,,,,,,,,,
pavLZ-4ajlo_000042_000052.mp4,5,bouncing ball (not juggling),20.0,7.8,9.7,156,194,156,164,164,171,171,179,179,186,186,194,,,,,,,,,,,,,,,,,,,,,,,,,,,,,,,,,,,,,,,,,,,,,,,,,,,,,,,,,,,,,,,,,,,,,,,,,,,,,,,,,,,,,,,,,,,,,,,,,,,,,,,,,,,,,,,,,,,,,,,,,,,,,,,,,,,,
poNxCziylHM_000004_000014.mp4,17,bouncing ball (not juggling),30.0,0.23,7.8,7,234,7,20,20,34,34,47,47,60,60,74,74,87,87,100,100,114,114,127,127,141,141,154,154,167,167,181,181,194,194,207,207,221,221,234,,,,,,,,,,,,,,,,,,,,,,,,,,,,,,,,,,,,,,,,,,,,,,,,,,,,,,,,,,,,,,,,,,,,,,,,,,,,,,,,,,,,,,,,,,,,,,,,,,,,,,,,,,,,
poNxCziylHM_000004_000014.mp4,2,bouncing ball (not juggling),30.0,9.13,10.0,274,300,274,287,287,300,,,,,,,,,,,,,,,,,,,,,,,,,,,,,,,,,,,,,,,,,,,,,,,,,,,,,,,,,,,,,,,,,,,,,,,,,,,,,,,,,,,,,,,,,,,,,,,,,,,,,,,,,,,,,,,,,,,,,,,,,,,,,,,,,,,,,,,,,,
psQid1K2CEg_000001_000011.mp4,6,bouncing ball (not juggling),30.0,0.0,9.33,0,280,0,47,47,93,93,140,140,187,187,233,233,280,,,,,,,,,,,,,,,,,,,,,,,,,,,,,,,,,,,,,,,,,,,,,,,,,,,,,,,,,,,,,,,,,,,,,,,,,,,,,,,,,,,,,,,,,,,,,,,,,,,,,,,,,,,,,,,,,,,,,,,,,,,,,,,,,,
puqIspQAWeI_000000_000010.mp4,3,bouncing ball (not juggling),29.97,6.67,9.81,200,294,200,231,231,263,263,294,,,,,,,,,,,,,,,,,,,,,,,,,,,,,,,,,,,,,,,,,,,,,,,,,,,,,,,,,,,,,,,,,,,,,,,,,,,,,,,,,,,,,,,,,,,,,,,,,,,,,,,,,,,,,,,,,,,,,,,,,,,,,,,,,,,,,,,,
qIIOP4-EzDU_000062_000072.mp4,7,bouncing ball (not juggling),23.98,1.71,3.88,41,93,41,48,48,56,56,63,63,71,71,78,78,86,86,93,,,,,,,,,,,,,,,,,,,,,,,,,,,,,,,,,,,,,,,,,,,,,,,,,,,,,,,,,,,,,,,,,,,,,,,,,,,,,,,,,,,,,,,,,,,,,,,,,,,,,,,,,,,,,,,,,,,,,,,,,,,,,,,,
qIIOP4-EzDU_000062_000072.mp4,3,bouncing ball (not juggling),23.98,8.88,9.93,213,238,213,221,221,230,230,238,,,,,,,,,,,,,,,,,,,,,,,,,,,,,,,,,,,,,,,,,,,,,,,,,,,,,,,,,,,,,,,,,,,,,,,,,,,,,,,,,,,,,,,,,,,,,,,,,,,,,,,,,,,,,,,,,,,,,,,,,,,,,,,,,,,,,,,,
qqwiEed97hc_000000_000010.mp4,7,bouncing ball (not juggling),30.0,0.93,9.47,28,284,28,65,65,101,101,138,138,174,174,211,211,247,247,284,,,,,,,,,,,,,,,,,,,,,,,,,,,,,,,,,,,,,,,,,,,,,,,,,,,,,,,,,,,,,,,,,,,,,,,,,,,,,,,,,,,,,,,,,,,,,,,,,,,,,,,,,,,,,,,,,,,,,,,,,,,,,,,,
q-OrfGaZbn0_000000_000010.mp4,23,bouncing ball (not juggling),30.0,0.0,5.07,0,152,0,7,7,13,13,20,20,26,26,33,33,40,40,46,46,53,53,59,59,66,66,73,73,79,79,86,86,93,93,99,99,106,106,112,112,119,119,126,126,132,132,139,139,145,145,152,,,,,,,,,,,,,,,,,,,,,,,,,,,,,,,,,,,,,,,,,,,,,,,,,,,,,,,,,,,,,,,,,,,,,,,,,,,,,,,,,,,,,,,,,,,,,,,,
rGXdiiZOjCc_000018_000028.mp4,5,bouncing ball (not juggling),29.97,0.0,3.07,0,92,0,18,18,37,37,55,55,74,74,92,,,,,,,,,,,,,,,,,,,,,,,,,,,,,,,,,,,,,,,,,,,,,,,,,,,,,,,,,,,,,,,,,,,,,,,,,,,,,,,,,,,,,,,,,,,,,,,,,,,,,,,,,,,,,,,,,,,,,,,,,,,,,,,,,,,,
rMCYWGDKYNI_000015_000025.mp4,21,bouncing ball (not juggling),30.0,0.0,9.3,0,279,0,13,13,27,27,40,40,53,53,66,66,80,80,93,93,106,106,120,120,133,133,146,146,159,159,173,173,186,186,199,199,213,213,226,226,239,239,252,252,266,266,279,,,,,,,,,,,,,,,,,,,,,,,,,,,,,,,,,,,,,,,,,,,,,,,,,,,,,,,,,,,,,,,,,,,,,,,,,,,,,,,,,,,,,,,,,,,,,,,,,,,,
rP81r5zwqgg_000007_000017.mp4,3,bouncing ball (not juggling),15.0,0.0,3.0,0,45,0,15,15,30,30,45,,,,,,,,,,,,,,,,,,,,,,,,,,,,,,,,,,,,,,,,,,,,,,,,,,,,,,,,,,,,,,,,,,,,,,,,,,,,,,,,,,,,,,,,,,,,,,,,,,,,,,,,,,,,,,,,,,,,,,,,,,,,,,,,,,,,,,,,
rP81r5zwqgg_000007_000017.mp4,5,bouncing ball (not juggling),15.0,4.13,8.87,62,133,62,76,76,90,90,105,105,119,119,133,,,,,,,,,,,,,,,,,,,,,,,,,,,,,,,,,,,,,,,,,,,,,,,,,,,,,,,,,,,,,,,,,,,,,,,,,,,,,,,,,,,,,,,,,,,,,,,,,,,,,,,,,,,,,,,,,,,,,,,,,,,,,,,,,,,,
rY0iplVeaK4_000001_000011.mp4,3,bouncing ball (not juggling),29.97,0.0,0.67,0,20,0,7,7,13,13,20,,,,,,,,,,,,,,,,,,,,,,,,,,,,,,,,,,,,,,,,,,,,,,,,,,,,,,,,,,,,,,,,,,,,,,,,,,,,,,,,,,,,,,,,,,,,,,,,,,,,,,,,,,,,,,,,,,,,,,,,,,,,,,,,,,,,,,,,
rY0iplVeaK4_000001_000011.mp4,5,bouncing ball (not juggling),29.97,6.41,7.94,192,238,192,201,201,210,210,220,220,229,229,238,,,,,,,,,,,,,,,,,,,,,,,,,,,,,,,,,,,,,,,,,,,,,,,,,,,,,,,,,,,,,,,,,,,,,,,,,,,,,,,,,,,,,,,,,,,,,,,,,,,,,,,,,,,,,,,,,,,,,,,,,,,,,,,,,,,,
rfJiT4fjsfU_000106_000116.mp4,4,bouncing ball (not juggling),29.83,6.93,7.87,207,235,207,214,214,221,221,228,228,235,,,,,,,,,,,,,,,,,,,,,,,,,,,,,,,,,,,,,,,,,,,,,,,,,,,,,,,,,,,,,,,,,,,,,,,,,,,,,,,,,,,,,,,,,,,,,,,,,,,,,,,,,,,,,,,,,,,,,,,,,,,,,,,,,,,,,,
rfJiT4fjsfU_000106_000116.mp4,2,bouncing ball (not juggling),29.83,9.31,9.98,278,298,278,288,288,298,,,,,,,,,,,,,,,,,,,,,,,,,,,,,,,,,,,,,,,,,,,,,,,,,,,,,,,,,,,,,,,,,,,,,,,,,,,,,,,,,,,,,,,,,,,,,,,,,,,,,,,,,,,,,,,,,,,,,,,,,,,,,,,,,,,,,,,,,,
r4BPJGxM4xs_000010_000020.mp4,9,bouncing ball (not juggling),15.0,2.87,10.0,43,150,43,55,55,67,67,79,79,91,91,102,102,114,114,126,126,138,138,150,,,,,,,,,,,,,,,,,,,,,,,,,,,,,,,,,,,,,,,,,,,,,,,,,,,,,,,,,,,,,,,,,,,,,,,,,,,,,,,,,,,,,,,,,,,,,,,,,,,,,,,,,,,,,,,,,,,,,,,,,,,,
suosBQ2WBg8_000009_000019.mp4,2,bouncing ball (not juggling),29.97,0.0,1.2,0,36,0,18,18,36,,,,,,,,,,,,,,,,,,,,,,,,,,,,,,,,,,,,,,,,,,,,,,,,,,,,,,,,,,,,,,,,,,,,,,,,,,,,,,,,,,,,,,,,,,,,,,,,,,,,,,,,,,,,,,,,,,,,,,,,,,,,,,,,,,,,,,,,,,
suosBQ2WBg8_000009_000019.mp4,8,bouncing ball (not juggling),29.97,2.33,7.03,70,211,70,88,88,105,105,123,123,140,140,158,158,176,176,193,193,211,,,,,,,,,,,,,,,,,,,,,,,,,,,,,,,,,,,,,,,,,,,,,,,,,,,,,,,,,,,,,,,,,,,,,,,,,,,,,,,,,,,,,,,,,,,,,,,,,,,,,,,,,,,,,,,,,,,,,,,,,,,,,,
swPcVjBBYMw_000000_000010.mp4,6,bouncing ball (not juggling),30.0,1.13,4.13,34,124,34,49,49,64,64,79,79,94,94,109,109,124,,,,,,,,,,,,,,,,,,,,,,,,,,,,,,,,,,,,,,,,,,,,,,,,,,,,,,,,,,,,,,,,,,,,,,,,,,,,,,,,,,,,,,,,,,,,,,,,,,,,,,,,,,,,,,,,,,,,,,,,,,,,,,,,,,
swPcVjBBYMw_000000_000010.mp4,3,bouncing ball (not juggling),30.0,5.95,7.85,178,236,178,197,197,217,217,236,,,,,,,,,,,,,,,,,,,,,,,,,,,,,,,,,,,,,,,,,,,,,,,,,,,,,,,,,,,,,,,,,,,,,,,,,,,,,,,,,,,,,,,,,,,,,,,,,,,,,,,,,,,,,,,,,,,,,,,,,,,,,,,,,,,,,,,,
tF9w3kUTE4Q_000003_000013.mp4,2,bouncing ball (not juggling),30.0,3.53,4.33,106,130,106,118,118,130,,,,,,,,,,,,,,,,,,,,,,,,,,,,,,,,,,,,,,,,,,,,,,,,,,,,,,,,,,,,,,,,,,,,,,,,,,,,,,,,,,,,,,,,,,,,,,,,,,,,,,,,,,,,,,,,,,,,,,,,,,,,,,,,,,,,,,,,,,
tF9w3kUTE4Q_000003_000013.mp4,2,bouncing ball (not juggling),30.0,8.17,8.77,245,263,245,254,254,263,,,,,,,,,,,,,,,,,,,,,,,,,,,,,,,,,,,,,,,,,,,,,,,,,,,,,,,,,,,,,,,,,,,,,,,,,,,,,,,,,,,,,,,,,,,,,,,,,,,,,,,,,,,,,,,,,,,,,,,,,,,,,,,,,,,,,,,,,,
tUoD_bpcsnA_000043_000053.mp4,18,bouncing ball (not juggling),29.97,0.3,9.58,9,287,9,24,24,40,40,55,55,71,71,86,86,102,102,117,117,133,133,148,148,163,163,179,179,194,194,210,210,225,225,241,241,256,256,272,272,287,,,,,,,,,,,,,,,,,,,,,,,,,,,,,,,,,,,,,,,,,,,,,,,,,,,,,,,,,,,,,,,,,,,,,,,,,,,,,,,,,,,,,,,,,,,,,,,,,,,,,,,,,,
tnI3itsUgVk_000008_000018.mp4,11,bouncing ball (not juggling),30.0,2.25,8.87,68,266,68,86,86,104,104,122,122,140,140,158,158,176,176,194,194,212,212,230,230,248,248,266,,,,,,,,,,,,,,,,,,,,,,,,,,,,,,,,,,,,,,,,,,,,,,,,,,,,,,,,,,,,,,,,,,,,,,,,,,,,,,,,,,,,,,,,,,,,,,,,,,,,,,,,,,,,,,,,,,,,,,,,
tnI3itsUgVk_000008_000018.mp4,2,bouncing ball (not juggling),30.0,0.95,2.72,28,82,28,55,55,82,,,,,,,,,,,,,,,,,,,,,,,,,,,,,,,,,,,,,,,,,,,,,,,,,,,,,,,,,,,,,,,,,,,,,,,,,,,,,,,,,,,,,,,,,,,,,,,,,,,,,,,,,,,,,,,,,,,,,,,,,,,,,,,,,,,,,,,,,,
twYN_5lYr1Q_000007_000017.mp4,4,bouncing ball (not juggling),30.0,6.1,7.0,183,210,183,190,190,197,197,203,203,210,,,,,,,,,,,,,,,,,,,,,,,,,,,,,,,,,,,,,,,,,,,,,,,,,,,,,,,,,,,,,,,,,,,,,,,,,,,,,,,,,,,,,,,,,,,,,,,,,,,,,,,,,,,,,,,,,,,,,,,,,,,,,,,,,,,,,,
tzjjj1LGg1s_000008_000018.mp4,8,bouncing ball (not juggling),29.92,4.08,8.02,122,240,122,137,137,152,152,166,166,181,181,196,196,210,210,225,225,240,,,,,,,,,,,,,,,,,,,,,,,,,,,,,,,,,,,,,,,,,,,,,,,,,,,,,,,,,,,,,,,,,,,,,,,,,,,,,,,,,,,,,,,,,,,,,,,,,,,,,,,,,,,,,,,,,,,,,,,,,,,,,,
u5huVdZJPmk_000041_000051.mp4,17,bouncing ball (not juggling),30.0,0.0,9.9,0,297,0,17,17,35,35,52,52,70,70,87,87,105,105,122,122,140,140,157,157,175,175,192,192,210,210,227,227,245,245,262,262,280,280,297,,,,,,,,,,,,,,,,,,,,,,,,,,,,,,,,,,,,,,,,,,,,,,,,,,,,,,,,,,,,,,,,,,,,,,,,,,,,,,,,,,,,,,,,,,,,,,,,,,,,,,,,,,,,
vg5WUqsdjwg_000024_000034.mp4,3,bouncing ball (not juggling),15.0,4.73,6.2,71,93,71,78,78,86,86,93,,,,,,,,,,,,,,,,,,,,,,,,,,,,,,,,,,,,,,,,,,,,,,,,,,,,,,,,,,,,,,,,,,,,,,,,,,,,,,,,,,,,,,,,,,,,,,,,,,,,,,,,,,,,,,,,,,,,,,,,,,,,,,,,,,,,,,,,
vg5WUqsdjwg_000024_000034.mp4,2,bouncing ball (not juggling),15.0,7.53,8.23,113,123,113,118,118,123,,,,,,,,,,,,,,,,,,,,,,,,,,,,,,,,,,,,,,,,,,,,,,,,,,,,,,,,,,,,,,,,,,,,,,,,,,,,,,,,,,,,,,,,,,,,,,,,,,,,,,,,,,,,,,,,,,,,,,,,,,,,,,,,,,,,,,,,,,
v95whkDim20_000000_000010.mp4,9,bouncing ball (not juggling),30.0,3.03,6.45,91,194,91,102,102,114,114,125,125,137,137,148,148,160,160,171,171,183,183,194,,,,,,,,,,,,,,,,,,,,,,,,,,,,,,,,,,,,,,,,,,,,,,,,,,,,,,,,,,,,,,,,,,,,,,,,,,,,,,,,,,,,,,,,,,,,,,,,,,,,,,,,,,,,,,,,,,,,,,,,,,,,
v95whkDim20_000000_000010.mp4,4,bouncing ball (not juggling),30.0,7.63,10.0,229,300,229,247,247,265,265,282,282,300,,,,,,,,,,,,,,,,,,,,,,,,,,,,,,,,,,,,,,,,,,,,,,,,,,,,,,,,,,,,,,,,,,,,,,,,,,,,,,,,,,,,,,,,,,,,,,,,,,,,,,,,,,,,,,,,,,,,,,,,,,,,,,,,,,,,,,
AVCbGvltAYg_000201_000211.mp4,3,bouncing on bouncy castle,30.0,2.2,5.0,66,150,66,94,94,122,122,150,,,,,,,,,,,,,,,,,,,,,,,,,,,,,,,,,,,,,,,,,,,,,,,,,,,,,,,,,,,,,,,,,,,,,,,,,,,,,,,,,,,,,,,,,,,,,,,,,,,,,,,,,,,,,,,,,,,,,,,,,,,,,,,,,,,,,,,,
CNoZJUgAuyY_000088_000098.mp4,4,bouncing on bouncy castle,15.0,0.5,3.03,8,45,8,17,17,26,26,36,36,45,,,,,,,,,,,,,,,,,,,,,,,,,,,,,,,,,,,,,,,,,,,,,,,,,,,,,,,,,,,,,,,,,,,,,,,,,,,,,,,,,,,,,,,,,,,,,,,,,,,,,,,,,,,,,,,,,,,,,,,,,,,,,,,,,,,,,,
C46PEaKSOnw_000010_000020.mp4,5,bouncing on bouncy castle,30.0,0.0,3.07,0,92,0,18,18,37,37,55,55,74,74,92,,,,,,,,,,,,,,,,,,,,,,,,,,,,,,,,,,,,,,,,,,,,,,,,,,,,,,,,,,,,,,,,,,,,,,,,,,,,,,,,,,,,,,,,,,,,,,,,,,,,,,,,,,,,,,,,,,,,,,,,,,,,,,,,,,,,
C46PEaKSOnw_000010_000020.mp4,5,bouncing on bouncy castle,30.0,3.8,6.42,114,193,114,130,130,146,146,161,161,177,177,193,,,,,,,,,,,,,,,,,,,,,,,,,,,,,,,,,,,,,,,,,,,,,,,,,,,,,,,,,,,,,,,,,,,,,,,,,,,,,,,,,,,,,,,,,,,,,,,,,,,,,,,,,,,,,,,,,,,,,,,,,,,,,,,,,,,,
D1KphY1X85c_000019_000029.mp4,3,bouncing on bouncy castle,30.0,0.77,3.1,23,93,23,46,46,70,70,93,,,,,,,,,,,,,,,,,,,,,,,,,,,,,,,,,,,,,,,,,,,,,,,,,,,,,,,,,,,,,,,,,,,,,,,,,,,,,,,,,,,,,,,,,,,,,,,,,,,,,,,,,,,,,,,,,,,,,,,,,,,,,,,,,,,,,,,,
HZaU81kerXI_000180_000190.mp4,11,bouncing on bouncy castle,29.97,0.6,6.74,18,202,18,35,35,51,51,68,68,85,85,102,102,118,118,135,135,152,152,169,169,185,185,202,,,,,,,,,,,,,,,,,,,,,,,,,,,,,,,,,,,,,,,,,,,,,,,,,,,,,,,,,,,,,,,,,,,,,,,,,,,,,,,,,,,,,,,,,,,,,,,,,,,,,,,,,,,,,,,,,,,,,,,,
KpjlvrtILVQ_000012_000022.mp4,2,bouncing on bouncy castle,25.0,4.8,7.52,120,188,120,154,154,188,,,,,,,,,,,,,,,,,,,,,,,,,,,,,,,,,,,,,,,,,,,,,,,,,,,,,,,,,,,,,,,,,,,,,,,,,,,,,,,,,,,,,,,,,,,,,,,,,,,,,,,,,,,,,,,,,,,,,,,,,,,,,,,,,,,,,,,,,,
PXaEZNhr0VE_000120_000130.mp4,2,bouncing on bouncy castle,23.98,3.21,6.13,77,147,77,112,112,147,,,,,,,,,,,,,,,,,,,,,,,,,,,,,,,,,,,,,,,,,,,,,,,,,,,,,,,,,,,,,,,,,,,,,,,,,,,,,,,,,,,,,,,,,,,,,,,,,,,,,,,,,,,,,,,,,,,,,,,,,,,,,,,,,,,,,,,,,,
P-hSDswDa-E_000021_000031.mp4,9,bouncing on bouncy castle,30.0,0.8,6.13,24,184,24,42,42,60,60,77,77,95,95,113,113,131,131,148,148,166,166,184,,,,,,,,,,,,,,,,,,,,,,,,,,,,,,,,,,,,,,,,,,,,,,,,,,,,,,,,,,,,,,,,,,,,,,,,,,,,,,,,,,,,,,,,,,,,,,,,,,,,,,,,,,,,,,,,,,,,,,,,,,,,
RD-28m6ml5U_000045_000055.mp4,4,bouncing on bouncy castle,30.0,3.28,6.57,98,197,98,123,123,148,148,172,172,197,,,,,,,,,,,,,,,,,,,,,,,,,,,,,,,,,,,,,,,,,,,,,,,,,,,,,,,,,,,,,,,,,,,,,,,,,,,,,,,,,,,,,,,,,,,,,,,,,,,,,,,,,,,,,,,,,,,,,,,,,,,,,,,,,,,,,,
R8Bkln2zk-o_000000_000010.mp4,8,bouncing on bouncy castle,30.0,2.97,9.73,89,292,89,114,114,140,140,165,165,191,191,216,216,241,241,267,267,292,,,,,,,,,,,,,,,,,,,,,,,,,,,,,,,,,,,,,,,,,,,,,,,,,,,,,,,,,,,,,,,,,,,,,,,,,,,,,,,,,,,,,,,,,,,,,,,,,,,,,,,,,,,,,,,,,,,,,,,,,,,,,,
SGUbyRdI0ag_000133_000143.mp4,7,bouncing on bouncy castle,29.9,0.0,4.38,0,131,0,19,19,37,37,56,56,75,75,94,94,112,112,131,,,,,,,,,,,,,,,,,,,,,,,,,,,,,,,,,,,,,,,,,,,,,,,,,,,,,,,,,,,,,,,,,,,,,,,,,,,,,,,,,,,,,,,,,,,,,,,,,,,,,,,,,,,,,,,,,,,,,,,,,,,,,,,,
S6I2ydEvB8U_000000_000010.mp4,3,bouncing on bouncy castle,21.4,0.0,2.29,0,49,0,16,16,33,33,49,,,,,,,,,,,,,,,,,,,,,,,,,,,,,,,,,,,,,,,,,,,,,,,,,,,,,,,,,,,,,,,,,,,,,,,,,,,,,,,,,,,,,,,,,,,,,,,,,,,,,,,,,,,,,,,,,,,,,,,,,,,,,,,,,,,,,,,,
T33tDwsIV1Y_000039_000049.mp4,4,bouncing on bouncy castle,30.0,4.87,7.67,146,230,146,167,167,188,188,209,209,230,,,,,,,,,,,,,,,,,,,,,,,,,,,,,,,,,,,,,,,,,,,,,,,,,,,,,,,,,,,,,,,,,,,,,,,,,,,,,,,,,,,,,,,,,,,,,,,,,,,,,,,,,,,,,,,,,,,,,,,,,,,,,,,,,,,,,,
UQbMXcf79_E_000002_000012.mp4,3,bouncing on bouncy castle,15.5,3.94,6.45,61,100,61,74,74,87,87,100,,,,,,,,,,,,,,,,,,,,,,,,,,,,,,,,,,,,,,,,,,,,,,,,,,,,,,,,,,,,,,,,,,,,,,,,,,,,,,,,,,,,,,,,,,,,,,,,,,,,,,,,,,,,,,,,,,,,,,,,,,,,,,,,,,,,,,,,
VKxg27feG7o_000024_000034.mp4,8,bouncing on bouncy castle,28.91,0.0,5.1,0,147,0,18,18,37,37,55,55,74,74,92,92,110,110,129,129,147,,,,,,,,,,,,,,,,,,,,,,,,,,,,,,,,,,,,,,,,,,,,,,,,,,,,,,,,,,,,,,,,,,,,,,,,,,,,,,,,,,,,,,,,,,,,,,,,,,,,,,,,,,,,,,,,,,,,,,,,,,,,,,
VO8FJT3pEJQ_000229_000239.mp4,3,bouncing on bouncy castle,25.0,5.6,7.76,140,194,140,158,158,176,176,194,,,,,,,,,,,,,,,,,,,,,,,,,,,,,,,,,,,,,,,,,,,,,,,,,,,,,,,,,,,,,,,,,,,,,,,,,,,,,,,,,,,,,,,,,,,,,,,,,,,,,,,,,,,,,,,,,,,,,,,,,,,,,,,,,,,,,,,,
Yxc15QgFSzw_000004_000014.mp4,2,bouncing on bouncy castle,30.0,6.17,7.7,185,231,185,208,208,231,,,,,,,,,,,,,,,,,,,,,,,,,,,,,,,,,,,,,,,,,,,,,,,,,,,,,,,,,,,,,,,,,,,,,,,,,,,,,,,,,,,,,,,,,,,,,,,,,,,,,,,,,,,,,,,,,,,,,,,,,,,,,,,,,,,,,,,,,,
aArFdpY5tBg_000112_000122.mp4,2,bouncing on bouncy castle,10.77,2.78,4.52,30,49,30,40,40,49,,,,,,,,,,,,,,,,,,,,,,,,,,,,,,,,,,,,,,,,,,,,,,,,,,,,,,,,,,,,,,,,,,,,,,,,,,,,,,,,,,,,,,,,,,,,,,,,,,,,,,,,,,,,,,,,,,,,,,,,,,,,,,,,,,,,,,,,,,
ccFnHZWZlD0_000000_000010.mp4,2,bouncing on bouncy castle,15.0,0.3,6.4,4,96,4,50,50,96,,,,,,,,,,,,,,,,,,,,,,,,,,,,,,,,,,,,,,,,,,,,,,,,,,,,,,,,,,,,,,,,,,,,,,,,,,,,,,,,,,,,,,,,,,,,,,,,,,,,,,,,,,,,,,,,,,,,,,,,,,,,,,,,,,,,,,,,,,
f6tLPRn_Kl4_000082_000092.mp4,3,bouncing on bouncy castle,29.97,5.54,7.27,166,218,166,183,183,201,201,218,,,,,,,,,,,,,,,,,,,,,,,,,,,,,,,,,,,,,,,,,,,,,,,,,,,,,,,,,,,,,,,,,,,,,,,,,,,,,,,,,,,,,,,,,,,,,,,,,,,,,,,,,,,,,,,,,,,,,,,,,,,,,,,,,,,,,,,,
gTMt4y-Pcyg_000042_000052.mp4,3,bouncing on bouncy castle,30.0,1.83,3.17,55,95,55,68,68,82,82,95,,,,,,,,,,,,,,,,,,,,,,,,,,,,,,,,,,,,,,,,,,,,,,,,,,,,,,,,,,,,,,,,,,,,,,,,,,,,,,,,,,,,,,,,,,,,,,,,,,,,,,,,,,,,,,,,,,,,,,,,,,,,,,,,,,,,,,,,
g6eKKVMFvxw_000001_000011.mp4,3,bouncing on bouncy castle,30.0,5.7,7.33,171,220,171,187,187,204,204,220,,,,,,,,,,,,,,,,,,,,,,,,,,,,,,,,,,,,,,,,,,,,,,,,,,,,,,,,,,,,,,,,,,,,,,,,,,,,,,,,,,,,,,,,,,,,,,,,,,,,,,,,,,,,,,,,,,,,,,,,,,,,,,,,,,,,,,,,
hamIy7l6Auo_000029_000039.mp4,3,bouncing on bouncy castle,9.48,0.8,3.23,8,31,8,16,16,23,23,31,,,,,,,,,,,,,,,,,,,,,,,,,,,,,,,,,,,,,,,,,,,,,,,,,,,,,,,,,,,,,,,,,,,,,,,,,,,,,,,,,,,,,,,,,,,,,,,,,,,,,,,,,,,,,,,,,,,,,,,,,,,,,,,,,,,,,,,,
rLEpE2wMzz8_000026_000036.mp4,4,bouncing on bouncy castle,25.0,7.0,9.04,175,226,175,188,188,201,201,213,213,226,,,,,,,,,,,,,,,,,,,,,,,,,,,,,,,,,,,,,,,,,,,,,,,,,,,,,,,,,,,,,,,,,,,,,,,,,,,,,,,,,,,,,,,,,,,,,,,,,,,,,,,,,,,,,,,,,,,,,,,,,,,,,,,,,,,,,,
rQwx9MHUk-w_000000_000010.mp4,4,bouncing on bouncy castle,29.97,0.0,2.8,0,84,0,21,21,42,42,63,63,84,,,,,,,,,,,,,,,,,,,,,,,,,,,,,,,,,,,,,,,,,,,,,,,,,,,,,,,,,,,,,,,,,,,,,,,,,,,,,,,,,,,,,,,,,,,,,,,,,,,,,,,,,,,,,,,,,,,,,,,,,,,,,,,,,,,,,,
tbxB9Af6KSM_000080_000090.mp4,7,bouncing on bouncy castle,30.0,2.2,6.13,66,184,66,83,83,100,100,117,117,133,133,150,150,167,167,184,,,,,,,,,,,,,,,,,,,,,,,,,,,,,,,,,,,,,,,,,,,,,,,,,,,,,,,,,,,,,,,,,,,,,,,,,,,,,,,,,,,,,,,,,,,,,,,,,,,,,,,,,,,,,,,,,,,,,,,,,,,,,,,,
tsaIyvqVseA_000000_000010.mp4,13,bouncing on bouncy castle,30.0,0.0,10.0,0,300,0,23,23,46,46,69,69,92,92,115,115,138,138,162,162,185,185,208,208,231,231,254,254,277,277,300,,,,,,,,,,,,,,,,,,,,,,,,,,,,,,,,,,,,,,,,,,,,,,,,,,,,,,,,,,,,,,,,,,,,,,,,,,,,,,,,,,,,,,,,,,,,,,,,,,,,,,,,,,,,,,,,,,,,
zH6fvoJGRd8_000000_000010.mp4,2,bouncing on bouncy castle,30.0,1.97,4.25,59,128,59,93,93,128,,,,,,,,,,,,,,,,,,,,,,,,,,,,,,,,,,,,,,,,,,,,,,,,,,,,,,,,,,,,,,,,,,,,,,,,,,,,,,,,,,,,,,,,,,,,,,,,,,,,,,,,,,,,,,,,,,,,,,,,,,,,,,,,,,,,,,,,,,
z1_ynjHX0eg_000001_000011.mp4,3,bouncing on bouncy castle,30.0,0.0,2.53,0,76,0,25,25,51,51,76,,,,,,,,,,,,,,,,,,,,,,,,,,,,,,,,,,,,,,,,,,,,,,,,,,,,,,,,,,,,,,,,,,,,,,,,,,,,,,,,,,,,,,,,,,,,,,,,,,,,,,,,,,,,,,,,,,,,,,,,,,,,,,,,,,,,,,,,
0v7kdN3uHj4_000085_000095.mp4,10,bouncing on bouncy castle,30.0,3.7,10.0,111,300,111,130,130,149,149,168,168,187,187,205,205,224,224,243,243,262,262,281,281,300,,,,,,,,,,,,,,,,,,,,,,,,,,,,,,,,,,,,,,,,,,,,,,,,,,,,,,,,,,,,,,,,,,,,,,,,,,,,,,,,,,,,,,,,,,,,,,,,,,,,,,,,,,,,,,,,,,,,,,,,,,
1qxShg4V5U0_000000_000010.mp4,6,bouncing on bouncy castle,9.44,0.0,6.04,0,57,0,10,10,19,19,28,28,38,38,48,48,57,,,,,,,,,,,,,,,,,,,,,,,,,,,,,,,,,,,,,,,,,,,,,,,,,,,,,,,,,,,,,,,,,,,,,,,,,,,,,,,,,,,,,,,,,,,,,,,,,,,,,,,,,,,,,,,,,,,,,,,,,,,,,,,,,,
1_ZWDUCNNrE_000027_000037.mp4,4,bouncing on bouncy castle,25.17,0.0,4.01,0,101,0,25,25,50,50,76,76,101,,,,,,,,,,,,,,,,,,,,,,,,,,,,,,,,,,,,,,,,,,,,,,,,,,,,,,,,,,,,,,,,,,,,,,,,,,,,,,,,,,,,,,,,,,,,,,,,,,,,,,,,,,,,,,,,,,,,,,,,,,,,,,,,,,,,,,
2H2sbiE4-PA_000039_000049.mp4,2,bouncing on bouncy castle,30.0,1.08,2.57,32,77,32,54,54,77,,,,,,,,,,,,,,,,,,,,,,,,,,,,,,,,,,,,,,,,,,,,,,,,,,,,,,,,,,,,,,,,,,,,,,,,,,,,,,,,,,,,,,,,,,,,,,,,,,,,,,,,,,,,,,,,,,,,,,,,,,,,,,,,,,,,,,,,,,
3oosOr65SZ0_000039_000049.mp4,4,bouncing on bouncy castle,29.97,0.0,2.85,0,85,0,21,21,42,42,64,64,85,,,,,,,,,,,,,,,,,,,,,,,,,,,,,,,,,,,,,,,,,,,,,,,,,,,,,,,,,,,,,,,,,,,,,,,,,,,,,,,,,,,,,,,,,,,,,,,,,,,,,,,,,,,,,,,,,,,,,,,,,,,,,,,,,,,,,,
5eUtciybtIc_000220_000230.mp4,2,bouncing on bouncy castle,7.42,6.76,8.86,50,66,50,58,58,66,,,,,,,,,,,,,,,,,,,,,,,,,,,,,,,,,,,,,,,,,,,,,,,,,,,,,,,,,,,,,,,,,,,,,,,,,,,,,,,,,,,,,,,,,,,,,,,,,,,,,,,,,,,,,,,,,,,,,,,,,,,,,,,,,,,,,,,,,,
5-2erbT9u1U_000001_000011.mp4,4,bouncing on bouncy castle,15.0,7.9,10.0,118,150,118,126,126,134,134,142,142,150,,,,,,,,,,,,,,,,,,,,,,,,,,,,,,,,,,,,,,,,,,,,,,,,,,,,,,,,,,,,,,,,,,,,,,,,,,,,,,,,,,,,,,,,,,,,,,,,,,,,,,,,,,,,,,,,,,,,,,,,,,,,,,,,,,,,,,
6UN-DuAlgH4_000000_000010.mp4,4,bouncing on bouncy castle,23.85,0.38,3.29,9,78,9,26,26,43,43,61,61,78,,,,,,,,,,,,,,,,,,,,,,,,,,,,,,,,,,,,,,,,,,,,,,,,,,,,,,,,,,,,,,,,,,,,,,,,,,,,,,,,,,,,,,,,,,,,,,,,,,,,,,,,,,,,,,,,,,,,,,,,,,,,,,,,,,,,,,
7VLgTRY3QVo_000054_000064.mp4,10,bouncing on bouncy castle,30.0,1.83,7.1,55,213,55,71,71,87,87,102,102,118,118,134,134,150,150,166,166,181,181,197,197,213,,,,,,,,,,,,,,,,,,,,,,,,,,,,,,,,,,,,,,,,,,,,,,,,,,,,,,,,,,,,,,,,,,,,,,,,,,,,,,,,,,,,,,,,,,,,,,,,,,,,,,,,,,,,,,,,,,,,,,,,,,
9OkejGPclbg_000103_000113.mp4,3,bouncing on bouncy castle,30.0,4.47,6.8,134,204,134,157,157,181,181,204,,,,,,,,,,,,,,,,,,,,,,,,,,,,,,,,,,,,,,,,,,,,,,,,,,,,,,,,,,,,,,,,,,,,,,,,,,,,,,,,,,,,,,,,,,,,,,,,,,,,,,,,,,,,,,,,,,,,,,,,,,,,,,,,,,,,,,,,
9v5ZycesS_c_000080_000090.mp4,3,bouncing on bouncy castle,30.0,2.23,3.62,67,109,67,81,81,95,95,109,,,,,,,,,,,,,,,,,,,,,,,,,,,,,,,,,,,,,,,,,,,,,,,,,,,,,,,,,,,,,,,,,,,,,,,,,,,,,,,,,,,,,,,,,,,,,,,,,,,,,,,,,,,,,,,,,,,,,,,,,,,,,,,,,,,,,,,,
9v5ZycesS_c_000080_000090.mp4,6,bouncing on bouncy castle,30.0,4.57,7.88,137,236,137,153,153,170,170,187,187,203,203,219,219,236,,,,,,,,,,,,,,,,,,,,,,,,,,,,,,,,,,,,,,,,,,,,,,,,,,,,,,,,,,,,,,,,,,,,,,,,,,,,,,,,,,,,,,,,,,,,,,,,,,,,,,,,,,,,,,,,,,,,,,,,,,,,,,,,,,
-XCf1MsY_cc_000001_000011.mp4,5,bouncing on bouncy castle,25.0,0.06,4.64,2,116,2,25,25,48,48,70,70,93,93,116,,,,,,,,,,,,,,,,,,,,,,,,,,,,,,,,,,,,,,,,,,,,,,,,,,,,,,,,,,,,,,,,,,,,,,,,,,,,,,,,,,,,,,,,,,,,,,,,,,,,,,,,,,,,,,,,,,,,,,,,,,,,,,,,,,,,
BJ5STOKry58_000175_000185.mp4,7,bouncing on trampoline,30.0,0.0,5.2,0,156,0,22,22,45,45,67,67,89,89,111,111,134,134,156,,,,,,,,,,,,,,,,,,,,,,,,,,,,,,,,,,,,,,,,,,,,,,,,,,,,,,,,,,,,,,,,,,,,,,,,,,,,,,,,,,,,,,,,,,,,,,,,,,,,,,,,,,,,,,,,,,,,,,,,,,,,,,,,
BxiUswJL9As_000019_000029.mp4,5,bouncing on trampoline,30.0,0.0,3.83,0,115,0,23,23,46,46,69,69,92,92,115,,,,,,,,,,,,,,,,,,,,,,,,,,,,,,,,,,,,,,,,,,,,,,,,,,,,,,,,,,,,,,,,,,,,,,,,,,,,,,,,,,,,,,,,,,,,,,,,,,,,,,,,,,,,,,,,,,,,,,,,,,,,,,,,,,,,
CMsLTAo6ftY_000006_000016.mp4,3,bouncing on trampoline,15.0,0.0,3.13,0,47,0,16,16,31,31,47,,,,,,,,,,,,,,,,,,,,,,,,,,,,,,,,,,,,,,,,,,,,,,,,,,,,,,,,,,,,,,,,,,,,,,,,,,,,,,,,,,,,,,,,,,,,,,,,,,,,,,,,,,,,,,,,,,,,,,,,,,,,,,,,,,,,,,,,
CMsLTAo6ftY_000006_000016.mp4,3,bouncing on trampoline,15.0,7.37,10.0,111,150,111,124,124,137,137,150,,,,,,,,,,,,,,,,,,,,,,,,,,,,,,,,,,,,,,,,,,,,,,,,,,,,,,,,,,,,,,,,,,,,,,,,,,,,,,,,,,,,,,,,,,,,,,,,,,,,,,,,,,,,,,,,,,,,,,,,,,,,,,,,,,,,,,,,
CxWHgrEqJGk_000068_000078.mp4,8,bouncing on trampoline,25.0,0.0,10.0,0,250,0,31,31,62,62,94,94,125,125,156,156,188,188,219,219,250,,,,,,,,,,,,,,,,,,,,,,,,,,,,,,,,,,,,,,,,,,,,,,,,,,,,,,,,,,,,,,,,,,,,,,,,,,,,,,,,,,,,,,,,,,,,,,,,,,,,,,,,,,,,,,,,,,,,,,,,,,,,,,
DBz9BWw94-M_000000_000010.mp4,12,bouncing on trampoline,20.0,0.0,5.0,0,100,0,8,8,17,17,25,25,33,33,42,42,50,50,58,58,67,67,75,75,83,83,92,92,100,,,,,,,,,,,,,,,,,,,,,,,,,,,,,,,,,,,,,,,,,,,,,,,,,,,,,,,,,,,,,,,,,,,,,,,,,,,,,,,,,,,,,,,,,,,,,,,,,,,,,,,,,,,,,,,,,,,,,,
DQnKnXFgKXU_000133_000143.mp4,8,bouncing on trampoline,30.0,0.0,7.97,0,239,0,30,30,60,60,90,90,120,120,149,149,179,179,209,209,239,,,,,,,,,,,,,,,,,,,,,,,,,,,,,,,,,,,,,,,,,,,,,,,,,,,,,,,,,,,,,,,,,,,,,,,,,,,,,,,,,,,,,,,,,,,,,,,,,,,,,,,,,,,,,,,,,,,,,,,,,,,,,,
D6Ke3UNgSKc_000029_000039.mp4,2,bouncing on trampoline,29.27,8.7,10.0,255,293,255,274,274,293,,,,,,,,,,,,,,,,,,,,,,,,,,,,,,,,,,,,,,,,,,,,,,,,,,,,,,,,,,,,,,,,,,,,,,,,,,,,,,,,,,,,,,,,,,,,,,,,,,,,,,,,,,,,,,,,,,,,,,,,,,,,,,,,,,,,,,,,,,
ECENDkP2itQ_000251_000261.mp4,2,bouncing on trampoline,29.97,0.0,1.9,0,57,0,28,28,57,,,,,,,,,,,,,,,,,,,,,,,,,,,,,,,,,,,,,,,,,,,,,,,,,,,,,,,,,,,,,,,,,,,,,,,,,,,,,,,,,,,,,,,,,,,,,,,,,,,,,,,,,,,,,,,,,,,,,,,,,,,,,,,,,,,,,,,,,,
ECENDkP2itQ_000251_000261.mp4,4,bouncing on trampoline,29.97,5.37,9.98,161,299,161,195,195,230,230,265,265,299,,,,,,,,,,,,,,,,,,,,,,,,,,,,,,,,,,,,,,,,,,,,,,,,,,,,,,,,,,,,,,,,,,,,,,,,,,,,,,,,,,,,,,,,,,,,,,,,,,,,,,,,,,,,,,,,,,,,,,,,,,,,,,,,,,,,,,
FizTTXZB34A_000101_000111.mp4,9,bouncing on trampoline,29.97,0.0,9.98,0,299,0,33,33,66,66,100,100,133,133,166,166,199,199,233,233,266,266,299,,,,,,,,,,,,,,,,,,,,,,,,,,,,,,,,,,,,,,,,,,,,,,,,,,,,,,,,,,,,,,,,,,,,,,,,,,,,,,,,,,,,,,,,,,,,,,,,,,,,,,,,,,,,,,,,,,,,,,,,,,,,
F7k90ZBaWZo_000000_000010.mp4,9,bouncing on trampoline,30.0,0.0,7.3,0,219,0,24,24,49,49,73,73,97,97,122,122,146,146,170,170,195,195,219,,,,,,,,,,,,,,,,,,,,,,,,,,,,,,,,,,,,,,,,,,,,,,,,,,,,,,,,,,,,,,,,,,,,,,,,,,,,,,,,,,,,,,,,,,,,,,,,,,,,,,,,,,,,,,,,,,,,,,,,,,,,
G28ClK3Zh_k_000001_000011.mp4,3,bouncing on trampoline,29.97,4.84,9.98,145,299,145,196,196,248,248,299,,,,,,,,,,,,,,,,,,,,,,,,,,,,,,,,,,,,,,,,,,,,,,,,,,,,,,,,,,,,,,,,,,,,,,,,,,,,,,,,,,,,,,,,,,,,,,,,,,,,,,,,,,,,,,,,,,,,,,,,,,,,,,,,,,,,,,,,
G46Ap_bqhFk_000000_000010.mp4,2,bouncing on trampoline,7.66,5.47,7.93,42,61,42,52,52,61,,,,,,,,,,,,,,,,,,,,,,,,,,,,,,,,,,,,,,,,,,,,,,,,,,,,,,,,,,,,,,,,,,,,,,,,,,,,,,,,,,,,,,,,,,,,,,,,,,,,,,,,,,,,,,,,,,,,,,,,,,,,,,,,,,,,,,,,,,
IKrP5zmYJh0_000003_000013.mp4,6,bouncing on trampoline,30.0,0.0,4.28,0,128,0,21,21,43,43,64,64,85,85,107,107,128,,,,,,,,,,,,,,,,,,,,,,,,,,,,,,,,,,,,,,,,,,,,,,,,,,,,,,,,,,,,,,,,,,,,,,,,,,,,,,,,,,,,,,,,,,,,,,,,,,,,,,,,,,,,,,,,,,,,,,,,,,,,,,,,,,
J2vc7v8B8dI_000000_000010.mp4,2,bouncing on trampoline,30.0,0.9,5.87,27,176,27,101,101,176,,,,,,,,,,,,,,,,,,,,,,,,,,,,,,,,,,,,,,,,,,,,,,,,,,,,,,,,,,,,,,,,,,,,,,,,,,,,,,,,,,,,,,,,,,,,,,,,,,,,,,,,,,,,,,,,,,,,,,,,,,,,,,,,,,,,,,,,,,
KXQM1RATlj8_000000_000010.mp4,5,bouncing on trampoline,30.0,0.53,4.8,16,144,16,42,42,67,67,93,93,118,118,144,,,,,,,,,,,,,,,,,,,,,,,,,,,,,,,,,,,,,,,,,,,,,,,,,,,,,,,,,,,,,,,,,,,,,,,,,,,,,,,,,,,,,,,,,,,,,,,,,,,,,,,,,,,,,,,,,,,,,,,,,,,,,,,,,,,,
KXQM1RATlj8_000000_000010.mp4,4,bouncing on trampoline,30.0,5.93,9.97,178,299,178,208,208,238,238,269,269,299,,,,,,,,,,,,,,,,,,,,,,,,,,,,,,,,,,,,,,,,,,,,,,,,,,,,,,,,,,,,,,,,,,,,,,,,,,,,,,,,,,,,,,,,,,,,,,,,,,,,,,,,,,,,,,,,,,,,,,,,,,,,,,,,,,,,,,
KkREBvB4moQ_000033_000043.mp4,2,bouncing on trampoline,14.42,7.87,10.0,113,144,113,129,129,144,,,,,,,,,,,,,,,,,,,,,,,,,,,,,,,,,,,,,,,,,,,,,,,,,,,,,,,,,,,,,,,,,,,,,,,,,,,,,,,,,,,,,,,,,,,,,,,,,,,,,,,,,,,,,,,,,,,,,,,,,,,,,,,,,,,,,,,,,,
L2izDxTrZfQ_000194_000204.mp4,4,bouncing on trampoline,29.97,0.0,4.77,0,143,0,36,36,72,72,107,107,143,,,,,,,,,,,,,,,,,,,,,,,,,,,,,,,,,,,,,,,,,,,,,,,,,,,,,,,,,,,,,,,,,,,,,,,,,,,,,,,,,,,,,,,,,,,,,,,,,,,,,,,,,,,,,,,,,,,,,,,,,,,,,,,,,,,,,,
MqOk0Yf9lhQ_000000_000010.mp4,4,bouncing on trampoline,29.97,6.37,9.98,191,299,191,218,218,245,245,272,272,299,,,,,,,,,,,,,,,,,,,,,,,,,,,,,,,,,,,,,,,,,,,,,,,,,,,,,,,,,,,,,,,,,,,,,,,,,,,,,,,,,,,,,,,,,,,,,,,,,,,,,,,,,,,,,,,,,,,,,,,,,,,,,,,,,,,,,,
M8uK-JYQ-VI_000000_000010.mp4,2,bouncing on trampoline,30.0,7.47,8.53,224,256,224,240,240,256,,,,,,,,,,,,,,,,,,,,,,,,,,,,,,,,,,,,,,,,,,,,,,,,,,,,,,,,,,,,,,,,,,,,,,,,,,,,,,,,,,,,,,,,,,,,,,,,,,,,,,,,,,,,,,,,,,,,,,,,,,,,,,,,,,,,,,,,,,
NBuZrEx4j6Q_000000_000010.mp4,9,bouncing on trampoline,30.0,1.87,10.0,56,300,56,83,83,110,110,137,137,164,164,192,192,219,219,246,246,273,273,300,,,,,,,,,,,,,,,,,,,,,,,,,,,,,,,,,,,,,,,,,,,,,,,,,,,,,,,,,,,,,,,,,,,,,,,,,,,,,,,,,,,,,,,,,,,,,,,,,,,,,,,,,,,,,,,,,,,,,,,,,,,,
NIbtZrwuS-U_000006_000016.mp4,8,bouncing on trampoline,25.0,0.64,10.0,16,250,16,45,45,74,74,104,104,133,133,162,162,192,192,221,221,250,,,,,,,,,,,,,,,,,,,,,,,,,,,,,,,,,,,,,,,,,,,,,,,,,,,,,,,,,,,,,,,,,,,,,,,,,,,,,,,,,,,,,,,,,,,,,,,,,,,,,,,,,,,,,,,,,,,,,,,,,,,,,,
NrCkx10n0lo_000071_000081.mp4,10,bouncing on trampoline,22.44,0.09,9.45,2,212,2,23,23,44,44,65,65,86,86,107,107,128,128,149,149,170,170,191,191,212,,,,,,,,,,,,,,,,,,,,,,,,,,,,,,,,,,,,,,,,,,,,,,,,,,,,,,,,,,,,,,,,,,,,,,,,,,,,,,,,,,,,,,,,,,,,,,,,,,,,,,,,,,,,,,,,,,,,,,,,,,
OZqd_O_EFgc_000002_000012.mp4,3,bouncing on trampoline,25.0,0.0,2.6,0,65,0,22,22,43,43,65,,,,,,,,,,,,,,,,,,,,,,,,,,,,,,,,,,,,,,,,,,,,,,,,,,,,,,,,,,,,,,,,,,,,,,,,,,,,,,,,,,,,,,,,,,,,,,,,,,,,,,,,,,,,,,,,,,,,,,,,,,,,,,,,,,,,,,,,
OZqd_O_EFgc_000002_000012.mp4,2,bouncing on trampoline,25.0,7.8,9.8,195,245,195,220,220,245,,,,,,,,,,,,,,,,,,,,,,,,,,,,,,,,,,,,,,,,,,,,,,,,,,,,,,,,,,,,,,,,,,,,,,,,,,,,,,,,,,,,,,,,,,,,,,,,,,,,,,,,,,,,,,,,,,,,,,,,,,,,,,,,,,,,,,,,,,
Ou5jPsAf2iQ_000083_000093.mp4,4,bouncing on trampoline,29.97,0.0,4.07,0,122,0,30,30,61,61,92,92,122,,,,,,,,,,,,,,,,,,,,,,,,,,,,,,,,,,,,,,,,,,,,,,,,,,,,,,,,,,,,,,,,,,,,,,,,,,,,,,,,,,,,,,,,,,,,,,,,,,,,,,,,,,,,,,,,,,,,,,,,,,,,,,,,,,,,,,
Ou5jPsAf2iQ_000083_000093.mp4,3,bouncing on trampoline,29.97,7.34,9.98,220,299,220,246,246,273,273,299,,,,,,,,,,,,,,,,,,,,,,,,,,,,,,,,,,,,,,,,,,,,,,,,,,,,,,,,,,,,,,,,,,,,,,,,,,,,,,,,,,,,,,,,,,,,,,,,,,,,,,,,,,,,,,,,,,,,,,,,,,,,,,,,,,,,,,,,
O0SrPRWSwBQ_000031_000041.mp4,3,bouncing on trampoline,10.0,1.0,3.7,10,37,10,19,19,28,28,37,,,,,,,,,,,,,,,,,,,,,,,,,,,,,,,,,,,,,,,,,,,,,,,,,,,,,,,,,,,,,,,,,,,,,,,,,,,,,,,,,,,,,,,,,,,,,,,,,,,,,,,,,,,,,,,,,,,,,,,,,,,,,,,,,,,,,,,,
O0SrPRWSwBQ_000031_000041.mp4,5,bouncing on trampoline,10.0,4.5,10.0,45,100,45,56,56,67,67,78,78,89,89,100,,,,,,,,,,,,,,,,,,,,,,,,,,,,,,,,,,,,,,,,,,,,,,,,,,,,,,,,,,,,,,,,,,,,,,,,,,,,,,,,,,,,,,,,,,,,,,,,,,,,,,,,,,,,,,,,,,,,,,,,,,,,,,,,,,,,
S1IsjZNLrPA_000029_000039.mp4,4,bouncing on trampoline,30.0,1.43,4.03,43,121,43,63,63,82,82,101,101,121,,,,,,,,,,,,,,,,,,,,,,,,,,,,,,,,,,,,,,,,,,,,,,,,,,,,,,,,,,,,,,,,,,,,,,,,,,,,,,,,,,,,,,,,,,,,,,,,,,,,,,,,,,,,,,,,,,,,,,,,,,,,,,,,,,,,,,
S1IsjZNLrPA_000029_000039.mp4,2,bouncing on trampoline,30.0,6.32,7.82,190,235,190,212,212,235,,,,,,,,,,,,,,,,,,,,,,,,,,,,,,,,,,,,,,,,,,,,,,,,,,,,,,,,,,,,,,,,,,,,,,,,,,,,,,,,,,,,,,,,,,,,,,,,,,,,,,,,,,,,,,,,,,,,,,,,,,,,,,,,,,,,,,,,,,
ThV7IOTf2rg_000000_000010.mp4,2,bouncing on trampoline,15.0,0.0,2.8,0,42,0,21,21,42,,,,,,,,,,,,,,,,,,,,,,,,,,,,,,,,,,,,,,,,,,,,,,,,,,,,,,,,,,,,,,,,,,,,,,,,,,,,,,,,,,,,,,,,,,,,,,,,,,,,,,,,,,,,,,,,,,,,,,,,,,,,,,,,,,,,,,,,,,
WTBWsFu40Xs_000170_000180.mp4,3,bouncing on trampoline,30.0,0.0,2.87,0,86,0,29,29,57,57,86,,,,,,,,,,,,,,,,,,,,,,,,,,,,,,,,,,,,,,,,,,,,,,,,,,,,,,,,,,,,,,,,,,,,,,,,,,,,,,,,,,,,,,,,,,,,,,,,,,,,,,,,,,,,,,,,,,,,,,,,,,,,,,,,,,,,,,,,
WhA18ixYe8M_000018_000028.mp4,3,bouncing on trampoline,30.0,4.4,10.0,132,300,132,188,188,244,244,300,,,,,,,,,,,,,,,,,,,,,,,,,,,,,,,,,,,,,,,,,,,,,,,,,,,,,,,,,,,,,,,,,,,,,,,,,,,,,,,,,,,,,,,,,,,,,,,,,,,,,,,,,,,,,,,,,,,,,,,,,,,,,,,,,,,,,,,,
YATvp0D4gf4_000000_000010.mp4,14,bouncing on trampoline,29.97,0.0,7.51,0,225,0,16,16,32,32,48,48,64,64,80,80,96,96,112,112,129,129,145,145,161,161,177,177,193,193,209,209,225,,,,,,,,,,,,,,,,,,,,,,,,,,,,,,,,,,,,,,,,,,,,,,,,,,,,,,,,,,,,,,,,,,,,,,,,,,,,,,,,,,,,,,,,,,,,,,,,,,,,,,,,,,,,,,,,,,
aR2YoXglk1I_000002_000012.mp4,21,bouncing on trampoline,30.0,0.0,10.0,0,300,0,14,14,29,29,43,43,57,57,71,71,86,86,100,100,114,114,129,129,143,143,157,157,171,171,186,186,200,200,214,214,229,229,243,243,257,257,271,271,286,286,300,,,,,,,,,,,,,,,,,,,,,,,,,,,,,,,,,,,,,,,,,,,,,,,,,,,,,,,,,,,,,,,,,,,,,,,,,,,,,,,,,,,,,,,,,,,,,,,,,,,,
a-HHC4J7u-A_000037_000047.mp4,16,bouncing on trampoline,30.0,0.0,10.0,0,300,0,19,19,38,38,56,56,75,75,94,94,112,112,131,131,150,150,169,169,188,188,206,206,225,225,244,244,262,262,281,281,300,,,,,,,,,,,,,,,,,,,,,,,,,,,,,,,,,,,,,,,,,,,,,,,,,,,,,,,,,,,,,,,,,,,,,,,,,,,,,,,,,,,,,,,,,,,,,,,,,,,,,,,,,,,,,,
b2-WjnAKFVk_000113_000123.mp4,10,bouncing on trampoline,29.0,0.0,8.03,0,233,0,23,23,47,47,70,70,93,93,116,116,140,140,163,163,186,186,210,210,233,,,,,,,,,,,,,,,,,,,,,,,,,,,,,,,,,,,,,,,,,,,,,,,,,,,,,,,,,,,,,,,,,,,,,,,,,,,,,,,,,,,,,,,,,,,,,,,,,,,,,,,,,,,,,,,,,,,,,,,,,,
cdJLurktvOI_000000_000010.mp4,2,bouncing on trampoline,30.0,0.0,1.53,0,46,0,23,23,46,,,,,,,,,,,,,,,,,,,,,,,,,,,,,,,,,,,,,,,,,,,,,,,,,,,,,,,,,,,,,,,,,,,,,,,,,,,,,,,,,,,,,,,,,,,,,,,,,,,,,,,,,,,,,,,,,,,,,,,,,,,,,,,,,,,,,,,,,,
cgsxe9BvHj0_000470_000480.mp4,6,bouncing on trampoline,30.0,1.1,6.03,33,181,33,58,58,82,82,107,107,132,132,156,156,181,,,,,,,,,,,,,,,,,,,,,,,,,,,,,,,,,,,,,,,,,,,,,,,,,,,,,,,,,,,,,,,,,,,,,,,,,,,,,,,,,,,,,,,,,,,,,,,,,,,,,,,,,,,,,,,,,,,,,,,,,,,,,,,,,,
c1a7NAaiufo_000000_000010.mp4,10,bouncing on trampoline,29.97,0.0,9.98,0,299,0,30,30,60,60,90,90,120,120,150,150,179,179,209,209,239,239,269,269,299,,,,,,,,,,,,,,,,,,,,,,,,,,,,,,,,,,,,,,,,,,,,,,,,,,,,,,,,,,,,,,,,,,,,,,,,,,,,,,,,,,,,,,,,,,,,,,,,,,,,,,,,,,,,,,,,,,,,,,,,,,
eh6Nu_mwT2k_000072_000082.mp4,2,bouncing on trampoline,30.0,8.6,10.0,258,300,258,279,279,300,,,,,,,,,,,,,,,,,,,,,,,,,,,,,,,,,,,,,,,,,,,,,,,,,,,,,,,,,,,,,,,,,,,,,,,,,,,,,,,,,,,,,,,,,,,,,,,,,,,,,,,,,,,,,,,,,,,,,,,,,,,,,,,,,,,,,,,,,,
erHx3U-vumY_000007_000017.mp4,9,bouncing on trampoline,25.0,0.0,8.24,0,206,0,23,23,46,46,69,69,92,92,114,114,137,137,160,160,183,183,206,,,,,,,,,,,,,,,,,,,,,,,,,,,,,,,,,,,,,,,,,,,,,,,,,,,,,,,,,,,,,,,,,,,,,,,,,,,,,,,,,,,,,,,,,,,,,,,,,,,,,,,,,,,,,,,,,,,,,,,,,,,,
gymLHNWWAqg_000102_000112.mp4,12,bouncing on trampoline,23.98,0.0,10.0,0,240,0,20,20,40,40,60,60,80,80,100,100,120,120,140,140,160,160,180,180,200,200,220,220,240,,,,,,,,,,,,,,,,,,,,,,,,,,,,,,,,,,,,,,,,,,,,,,,,,,,,,,,,,,,,,,,,,,,,,,,,,,,,,,,,,,,,,,,,,,,,,,,,,,,,,,,,,,,,,,,,,,,,,,
hBMIq-JzPdI_000033_000043.mp4,11,bouncing on trampoline,7.91,0.0,9.86,0,78,0,7,7,14,14,21,21,28,28,35,35,43,43,50,50,57,57,64,64,71,71,78,,,,,,,,,,,,,,,,,,,,,,,,,,,,,,,,,,,,,,,,,,,,,,,,,,,,,,,,,,,,,,,,,,,,,,,,,,,,,,,,,,,,,,,,,,,,,,,,,,,,,,,,,,,,,,,,,,,,,,,,
h23NfXpelMA_000002_000012.mp4,7,bouncing on trampoline,30.0,1.25,6.73,38,202,38,61,61,85,85,108,108,132,132,155,155,179,179,202,,,,,,,,,,,,,,,,,,,,,,,,,,,,,,,,,,,,,,,,,,,,,,,,,,,,,,,,,,,,,,,,,,,,,,,,,,,,,,,,,,,,,,,,,,,,,,,,,,,,,,,,,,,,,,,,,,,,,,,,,,,,,,,,
iDe2WdIY8tc_000129_000139.mp4,6,bouncing on trampoline,30.0,0.0,10.0,0,300,0,50,50,100,100,150,150,200,200,250,250,300,,,,,,,,,,,,,,,,,,,,,,,,,,,,,,,,,,,,,,,,,,,,,,,,,,,,,,,,,,,,,,,,,,,,,,,,,,,,,,,,,,,,,,,,,,,,,,,,,,,,,,,,,,,,,,,,,,,,,,,,,,,,,,,,,,
iUGDlrMDonk_000088_000098.mp4,6,bouncing on trampoline,29.97,5.04,9.98,151,299,151,176,176,200,200,225,225,250,250,274,274,299,,,,,,,,,,,,,,,,,,,,,,,,,,,,,,,,,,,,,,,,,,,,,,,,,,,,,,,,,,,,,,,,,,,,,,,,,,,,,,,,,,,,,,,,,,,,,,,,,,,,,,,,,,,,,,,,,,,,,,,,,,,,,,,,,,
iUGDlrMDonk_000088_000098.mp4,3,bouncing on trampoline,29.97,0.0,2.17,0,65,0,22,22,43,43,65,,,,,,,,,,,,,,,,,,,,,,,,,,,,,,,,,,,,,,,,,,,,,,,,,,,,,,,,,,,,,,,,,,,,,,,,,,,,,,,,,,,,,,,,,,,,,,,,,,,,,,,,,,,,,,,,,,,,,,,,,,,,,,,,,,,,,,,,
iYw8jpr_Bsc_000224_000234.mp4,6,bouncing on trampoline,25.0,0.0,5.36,0,134,0,22,22,45,45,67,67,89,89,112,112,134,,,,,,,,,,,,,,,,,,,,,,,,,,,,,,,,,,,,,,,,,,,,,,,,,,,,,,,,,,,,,,,,,,,,,,,,,,,,,,,,,,,,,,,,,,,,,,,,,,,,,,,,,,,,,,,,,,,,,,,,,,,,,,,,,,
jroaLDzaAnc_000179_000189.mp4,2,bouncing on trampoline,29.97,0.0,6.26,0,188,0,94,94,188,,,,,,,,,,,,,,,,,,,,,,,,,,,,,,,,,,,,,,,,,,,,,,,,,,,,,,,,,,,,,,,,,,,,,,,,,,,,,,,,,,,,,,,,,,,,,,,,,,,,,,,,,,,,,,,,,,,,,,,,,,,,,,,,,,,,,,,,,,
km8D1oLIyKg_000000_000010.mp4,11,bouncing on trampoline,19.0,0.0,10.0,0,190,0,17,17,35,35,52,52,69,69,86,86,104,104,121,121,138,138,155,155,173,173,190,,,,,,,,,,,,,,,,,,,,,,,,,,,,,,,,,,,,,,,,,,,,,,,,,,,,,,,,,,,,,,,,,,,,,,,,,,,,,,,,,,,,,,,,,,,,,,,,,,,,,,,,,,,,,,,,,,,,,,,,
k3RQEXLtwdQ_000186_000196.mp4,2,bouncing on trampoline,29.97,0.0,1.9,0,57,0,28,28,57,,,,,,,,,,,,,,,,,,,,,,,,,,,,,,,,,,,,,,,,,,,,,,,,,,,,,,,,,,,,,,,,,,,,,,,,,,,,,,,,,,,,,,,,,,,,,,,,,,,,,,,,,,,,,,,,,,,,,,,,,,,,,,,,,,,,,,,,,,
lHMpUBZ0ycY_000063_000073.mp4,6,bouncing on trampoline,29.67,2.6,7.0,77,208,77,99,99,121,121,143,143,164,164,186,186,208,,,,,,,,,,,,,,,,,,,,,,,,,,,,,,,,,,,,,,,,,,,,,,,,,,,,,,,,,,,,,,,,,,,,,,,,,,,,,,,,,,,,,,,,,,,,,,,,,,,,,,,,,,,,,,,,,,,,,,,,,,,,,,,,,,
l4Z6LkdDoKE_000000_000010.mp4,5,bouncing on trampoline,25.0,0.0,4.6,0,115,0,23,23,46,46,69,69,92,92,115,,,,,,,,,,,,,,,,,,,,,,,,,,,,,,,,,,,,,,,,,,,,,,,,,,,,,,,,,,,,,,,,,,,,,,,,,,,,,,,,,,,,,,,,,,,,,,,,,,,,,,,,,,,,,,,,,,,,,,,,,,,,,,,,,,,,
l8tT-NvDHNU_000035_000045.mp4,2,bouncing on trampoline,29.97,0.0,2.59,0,78,0,39,39,78,,,,,,,,,,,,,,,,,,,,,,,,,,,,,,,,,,,,,,,,,,,,,,,,,,,,,,,,,,,,,,,,,,,,,,,,,,,,,,,,,,,,,,,,,,,,,,,,,,,,,,,,,,,,,,,,,,,,,,,,,,,,,,,,,,,,,,,,,,
l8tT-NvDHNU_000035_000045.mp4,6,bouncing on trampoline,29.97,2.84,9.98,85,299,85,121,121,156,156,192,192,228,228,263,263,299,,,,,,,,,,,,,,,,,,,,,,,,,,,,,,,,,,,,,,,,,,,,,,,,,,,,,,,,,,,,,,,,,,,,,,,,,,,,,,,,,,,,,,,,,,,,,,,,,,,,,,,,,,,,,,,,,,,,,,,,,,,,,,,,,,
mmExEQ88fEo_000000_000010.mp4,5,bouncing on trampoline,29.97,0.03,4.64,1,139,1,29,29,56,56,84,84,111,111,139,,,,,,,,,,,,,,,,,,,,,,,,,,,,,,,,,,,,,,,,,,,,,,,,,,,,,,,,,,,,,,,,,,,,,,,,,,,,,,,,,,,,,,,,,,,,,,,,,,,,,,,,,,,,,,,,,,,,,,,,,,,,,,,,,,,,
pAToE-M3Too_000030_000040.mp4,2,bouncing on trampoline,30.0,4.33,6.3,130,189,130,160,160,189,,,,,,,,,,,,,,,,,,,,,,,,,,,,,,,,,,,,,,,,,,,,,,,,,,,,,,,,,,,,,,,,,,,,,,,,,,,,,,,,,,,,,,,,,,,,,,,,,,,,,,,,,,,,,,,,,,,,,,,,,,,,,,,,,,,,,,,,,,
porHzaZgm2o_000015_000025.mp4,6,bouncing on trampoline,29.97,4.44,9.98,133,299,133,161,161,188,188,216,216,244,244,271,271,299,,,,,,,,,,,,,,,,,,,,,,,,,,,,,,,,,,,,,,,,,,,,,,,,,,,,,,,,,,,,,,,,,,,,,,,,,,,,,,,,,,,,,,,,,,,,,,,,,,,,,,,,,,,,,,,,,,,,,,,,,,,,,,,,,,
rHI5Lx3PerQ_000235_000245.mp4,3,bouncing on trampoline,30.0,0.0,2.53,0,76,0,25,25,51,51,76,,,,,,,,,,,,,,,,,,,,,,,,,,,,,,,,,,,,,,,,,,,,,,,,,,,,,,,,,,,,,,,,,,,,,,,,,,,,,,,,,,,,,,,,,,,,,,,,,,,,,,,,,,,,,,,,,,,,,,,,,,,,,,,,,,,,,,,,
rHI5Lx3PerQ_000235_000245.mp4,5,bouncing on trampoline,30.0,5.23,10.0,157,300,157,186,186,214,214,243,243,271,271,300,,,,,,,,,,,,,,,,,,,,,,,,,,,,,,,,,,,,,,,,,,,,,,,,,,,,,,,,,,,,,,,,,,,,,,,,,,,,,,,,,,,,,,,,,,,,,,,,,,,,,,,,,,,,,,,,,,,,,,,,,,,,,,,,,,,,
rNIyyT4_x3w_000112_000122.mp4,5,bouncing on trampoline,29.96,6.81,9.08,204,272,204,218,218,231,231,245,245,258,258,272,,,,,,,,,,,,,,,,,,,,,,,,,,,,,,,,,,,,,,,,,,,,,,,,,,,,,,,,,,,,,,,,,,,,,,,,,,,,,,,,,,,,,,,,,,,,,,,,,,,,,,,,,,,,,,,,,,,,,,,,,,,,,,,,,,,,
sSYqyoMYcQw_000012_000022.mp4,15,bouncing on trampoline,24.0,3.38,10.0,81,240,81,92,92,102,102,113,113,123,123,134,134,145,145,155,155,166,166,176,176,187,187,198,198,208,208,219,219,229,229,240,,,,,,,,,,,,,,,,,,,,,,,,,,,,,,,,,,,,,,,,,,,,,,,,,,,,,,,,,,,,,,,,,,,,,,,,,,,,,,,,,,,,,,,,,,,,,,,,,,,,,,,,,,,,,,,,
tHOAJA8QWGc_000018_000028.mp4,2,bouncing on trampoline,30.0,8.0,10.0,240,300,240,270,270,300,,,,,,,,,,,,,,,,,,,,,,,,,,,,,,,,,,,,,,,,,,,,,,,,,,,,,,,,,,,,,,,,,,,,,,,,,,,,,,,,,,,,,,,,,,,,,,,,,,,,,,,,,,,,,,,,,,,,,,,,,,,,,,,,,,,,,,,,,,
ukDzEo-V0Eg_000038_000048.mp4,3,bouncing on trampoline,14.29,0.0,3.21,0,46,0,15,15,31,31,46,,,,,,,,,,,,,,,,,,,,,,,,,,,,,,,,,,,,,,,,,,,,,,,,,,,,,,,,,,,,,,,,,,,,,,,,,,,,,,,,,,,,,,,,,,,,,,,,,,,,,,,,,,,,,,,,,,,,,,,,,,,,,,,,,,,,,,,,
0-ZTHLSo_iI_000066_000076.mp4,10,bouncing on trampoline,30.0,0.0,10.0,0,300,0,30,30,60,60,90,90,120,120,150,150,180,180,210,210,240,240,270,270,300,,,,,,,,,,,,,,,,,,,,,,,,,,,,,,,,,,,,,,,,,,,,,,,,,,,,,,,,,,,,,,,,,,,,,,,,,,,,,,,,,,,,,,,,,,,,,,,,,,,,,,,,,,,,,,,,,,,,,,,,,,
1I9ddotblIw_000000_000010.mp4,2,bouncing on trampoline,30.0,0.07,10.0,2,300,2,151,151,300,,,,,,,,,,,,,,,,,,,,,,,,,,,,,,,,,,,,,,,,,,,,,,,,,,,,,,,,,,,,,,,,,,,,,,,,,,,,,,,,,,,,,,,,,,,,,,,,,,,,,,,,,,,,,,,,,,,,,,,,,,,,,,,,,,,,,,,,,,
2ECQLcJoQl0_000000_000010.mp4,2,bouncing on trampoline,25.0,3.52,5.28,88,132,88,110,110,132,,,,,,,,,,,,,,,,,,,,,,,,,,,,,,,,,,,,,,,,,,,,,,,,,,,,,,,,,,,,,,,,,,,,,,,,,,,,,,,,,,,,,,,,,,,,,,,,,,,,,,,,,,,,,,,,,,,,,,,,,,,,,,,,,,,,,,,,,,
2ECQLcJoQl0_000000_000010.mp4,4,bouncing on trampoline,25.0,5.6,10.0,140,250,140,168,168,195,195,222,222,250,,,,,,,,,,,,,,,,,,,,,,,,,,,,,,,,,,,,,,,,,,,,,,,,,,,,,,,,,,,,,,,,,,,,,,,,,,,,,,,,,,,,,,,,,,,,,,,,,,,,,,,,,,,,,,,,,,,,,,,,,,,,,,,,,,,,,,
3hLFNkW7TP8_000003_000013.mp4,13,bouncing on trampoline,15.0,0.0,10.0,0,150,0,12,12,23,23,35,35,46,46,58,58,69,69,81,81,92,92,104,104,115,115,127,127,138,138,150,,,,,,,,,,,,,,,,,,,,,,,,,,,,,,,,,,,,,,,,,,,,,,,,,,,,,,,,,,,,,,,,,,,,,,,,,,,,,,,,,,,,,,,,,,,,,,,,,,,,,,,,,,,,,,,,,,,,
4geL0QwRBz0_000029_000039.mp4,3,bouncing on trampoline,25.0,2.73,5.73,68,143,68,93,93,118,118,143,,,,,,,,,,,,,,,,,,,,,,,,,,,,,,,,,,,,,,,,,,,,,,,,,,,,,,,,,,,,,,,,,,,,,,,,,,,,,,,,,,,,,,,,,,,,,,,,,,,,,,,,,,,,,,,,,,,,,,,,,,,,,,,,,,,,,,,,
4owAXZOxZ1Y_000027_000037.mp4,8,bouncing on trampoline,20.0,0.0,6.7,0,134,0,17,17,34,34,50,50,67,67,84,84,100,100,117,117,134,,,,,,,,,,,,,,,,,,,,,,,,,,,,,,,,,,,,,,,,,,,,,,,,,,,,,,,,,,,,,,,,,,,,,,,,,,,,,,,,,,,,,,,,,,,,,,,,,,,,,,,,,,,,,,,,,,,,,,,,,,,,,,
5DinV-1M4iQ_000004_000014.mp4,2,bouncing on trampoline,30.0,1.43,7.63,43,229,43,136,136,229,,,,,,,,,,,,,,,,,,,,,,,,,,,,,,,,,,,,,,,,,,,,,,,,,,,,,,,,,,,,,,,,,,,,,,,,,,,,,,,,,,,,,,,,,,,,,,,,,,,,,,,,,,,,,,,,,,,,,,,,,,,,,,,,,,,,,,,,,,
5Qv536X_PR0_000045_000055.mp4,2,bouncing on trampoline,29.97,0.0,1.8,0,54,0,27,27,54,,,,,,,,,,,,,,,,,,,,,,,,,,,,,,,,,,,,,,,,,,,,,,,,,,,,,,,,,,,,,,,,,,,,,,,,,,,,,,,,,,,,,,,,,,,,,,,,,,,,,,,,,,,,,,,,,,,,,,,,,,,,,,,,,,,,,,,,,,
5Qv536X_PR0_000045_000055.mp4,5,bouncing on trampoline,29.97,6.44,9.98,193,299,193,214,214,235,235,257,257,278,278,299,,,,,,,,,,,,,,,,,,,,,,,,,,,,,,,,,,,,,,,,,,,,,,,,,,,,,,,,,,,,,,,,,,,,,,,,,,,,,,,,,,,,,,,,,,,,,,,,,,,,,,,,,,,,,,,,,,,,,,,,,,,,,,,,,,,,
6GT4tKfVQQ4_000217_000227.mp4,10,bouncing on trampoline,30.0,0.0,10.0,0,300,0,30,30,60,60,90,90,120,120,150,150,180,180,210,210,240,240,270,270,300,,,,,,,,,,,,,,,,,,,,,,,,,,,,,,,,,,,,,,,,,,,,,,,,,,,,,,,,,,,,,,,,,,,,,,,,,,,,,,,,,,,,,,,,,,,,,,,,,,,,,,,,,,,,,,,,,,,,,,,,,,
7im0r6Rf37Y_000017_000027.mp4,2,bouncing on trampoline,30.0,7.57,10.0,227,300,227,263,263,300,,,,,,,,,,,,,,,,,,,,,,,,,,,,,,,,,,,,,,,,,,,,,,,,,,,,,,,,,,,,,,,,,,,,,,,,,,,,,,,,,,,,,,,,,,,,,,,,,,,,,,,,,,,,,,,,,,,,,,,,,,,,,,,,,,,,,,,,,,
7wxNfFDjBso_000007_000017.mp4,12,bouncing on trampoline,25.0,0.0,10.0,0,250,0,21,21,42,42,62,62,83,83,104,104,125,125,146,146,167,167,188,188,208,208,229,229,250,,,,,,,,,,,,,,,,,,,,,,,,,,,,,,,,,,,,,,,,,,,,,,,,,,,,,,,,,,,,,,,,,,,,,,,,,,,,,,,,,,,,,,,,,,,,,,,,,,,,,,,,,,,,,,,,,,,,,,
8HX_DZab5As_000124_000134.mp4,9,bouncing on trampoline,29.99,0.0,7.84,0,235,0,26,26,52,52,78,78,104,104,131,131,157,157,183,183,209,209,235,,,,,,,,,,,,,,,,,,,,,,,,,,,,,,,,,,,,,,,,,,,,,,,,,,,,,,,,,,,,,,,,,,,,,,,,,,,,,,,,,,,,,,,,,,,,,,,,,,,,,,,,,,,,,,,,,,,,,,,,,,,,
9Fg_DQe_FYg_000045_000055.mp4,5,bouncing on trampoline,30.0,0.0,2.8,0,84,0,17,17,34,34,50,50,67,67,84,,,,,,,,,,,,,,,,,,,,,,,,,,,,,,,,,,,,,,,,,,,,,,,,,,,,,,,,,,,,,,,,,,,,,,,,,,,,,,,,,,,,,,,,,,,,,,,,,,,,,,,,,,,,,,,,,,,,,,,,,,,,,,,,,,,,
9Fg_DQe_FYg_000045_000055.mp4,3,bouncing on trampoline,30.0,3.9,6.1,117,183,117,139,139,161,161,183,,,,,,,,,,,,,,,,,,,,,,,,,,,,,,,,,,,,,,,,,,,,,,,,,,,,,,,,,,,,,,,,,,,,,,,,,,,,,,,,,,,,,,,,,,,,,,,,,,,,,,,,,,,,,,,,,,,,,,,,,,,,,,,,,,,,,,,,
9pxyENhJmQ8_000010_000020.mp4,11,bouncing on trampoline,30.0,0.0,7.17,0,215,0,20,20,39,39,59,59,78,78,98,98,117,117,137,137,156,156,176,176,195,195,215,,,,,,,,,,,,,,,,,,,,,,,,,,,,,,,,,,,,,,,,,,,,,,,,,,,,,,,,,,,,,,,,,,,,,,,,,,,,,,,,,,,,,,,,,,,,,,,,,,,,,,,,,,,,,,,,,,,,,,,,
-Rky7GPTdk4_000001_000011.mp4,10,bouncing on trampoline,9.91,0.0,9.99,0,99,0,10,10,20,20,30,30,40,40,50,50,59,59,69,69,79,79,89,89,99,,,,,,,,,,,,,,,,,,,,,,,,,,,,,,,,,,,,,,,,,,,,,,,,,,,,,,,,,,,,,,,,,,,,,,,,,,,,,,,,,,,,,,,,,,,,,,,,,,,,,,,,,,,,,,,,,,,,,,,,,,
_Qy6xCvpdjI_000083_000093.mp4,8,bouncing on trampoline,30.0,0.0,7.73,0,232,0,29,29,58,58,87,87,116,116,145,145,174,174,203,203,232,,,,,,,,,,,,,,,,,,,,,,,,,,,,,,,,,,,,,,,,,,,,,,,,,,,,,,,,,,,,,,,,,,,,,,,,,,,,,,,,,,,,,,,,,,,,,,,,,,,,,,,,,,,,,,,,,,,,,,,,,,,,,,
ARwQDWsSlaU_000016_000026.mp4,13,clapping,29.97,5.4,9.33,162,280,162,171,171,180,180,189,189,198,198,207,207,216,216,226,226,235,235,244,244,253,253,262,262,271,271,280,,,,,,,,,,,,,,,,,,,,,,,,,,,,,,,,,,,,,,,,,,,,,,,,,,,,,,,,,,,,,,,,,,,,,,,,,,,,,,,,,,,,,,,,,,,,,,,,,,,,,,,,,,,,,,,,,,,,
D9-sgFDmlyo_000019_000029.mp4,3,clapping,29.97,0.0,1.17,0,35,0,12,12,23,23,35,,,,,,,,,,,,,,,,,,,,,,,,,,,,,,,,,,,,,,,,,,,,,,,,,,,,,,,,,,,,,,,,,,,,,,,,,,,,,,,,,,,,,,,,,,,,,,,,,,,,,,,,,,,,,,,,,,,,,,,,,,,,,,,,,,,,,,,,
GIuYbj-dHs4_000017_000027.mp4,4,clapping,30.0,2.47,3.93,74,118,74,85,85,96,96,107,107,118,,,,,,,,,,,,,,,,,,,,,,,,,,,,,,,,,,,,,,,,,,,,,,,,,,,,,,,,,,,,,,,,,,,,,,,,,,,,,,,,,,,,,,,,,,,,,,,,,,,,,,,,,,,,,,,,,,,,,,,,,,,,,,,,,,,,,,
HWUgGm8xdjE_000005_000015.mp4,11,clapping,30.0,0.33,5.87,10,176,10,25,25,40,40,55,55,70,70,85,85,101,101,116,116,131,131,146,146,161,161,176,,,,,,,,,,,,,,,,,,,,,,,,,,,,,,,,,,,,,,,,,,,,,,,,,,,,,,,,,,,,,,,,,,,,,,,,,,,,,,,,,,,,,,,,,,,,,,,,,,,,,,,,,,,,,,,,,,,,,,,,
KAvPlPdeZdI_000066_000076.mp4,9,clapping,30.0,1.17,5.5,35,165,35,49,49,64,64,78,78,93,93,107,107,122,122,136,136,151,151,165,,,,,,,,,,,,,,,,,,,,,,,,,,,,,,,,,,,,,,,,,,,,,,,,,,,,,,,,,,,,,,,,,,,,,,,,,,,,,,,,,,,,,,,,,,,,,,,,,,,,,,,,,,,,,,,,,,,,,,,,,,,,
KdaGKZCNJ34_000046_000056.mp4,3,clapping,9.98,0.2,0.8,2,8,2,4,4,6,6,8,,,,,,,,,,,,,,,,,,,,,,,,,,,,,,,,,,,,,,,,,,,,,,,,,,,,,,,,,,,,,,,,,,,,,,,,,,,,,,,,,,,,,,,,,,,,,,,,,,,,,,,,,,,,,,,,,,,,,,,,,,,,,,,,,,,,,,,,
Lh5LkCnRDRM_000000_000010.mp4,6,clapping,30.0,0.13,2.3,4,69,4,15,15,26,26,36,36,47,47,58,58,69,,,,,,,,,,,,,,,,,,,,,,,,,,,,,,,,,,,,,,,,,,,,,,,,,,,,,,,,,,,,,,,,,,,,,,,,,,,,,,,,,,,,,,,,,,,,,,,,,,,,,,,,,,,,,,,,,,,,,,,,,,,,,,,,,,
M5mlswuhKfg_000006_000016.mp4,4,clapping,24.0,6.04,7.17,145,172,145,152,152,159,159,165,165,172,,,,,,,,,,,,,,,,,,,,,,,,,,,,,,,,,,,,,,,,,,,,,,,,,,,,,,,,,,,,,,,,,,,,,,,,,,,,,,,,,,,,,,,,,,,,,,,,,,,,,,,,,,,,,,,,,,,,,,,,,,,,,,,,,,,,,,
Nyei_vA2ZI4_000007_000017.mp4,9,clapping,30.0,0.2,3.9,6,117,6,18,18,31,31,43,43,55,55,68,68,80,80,92,92,105,105,117,,,,,,,,,,,,,,,,,,,,,,,,,,,,,,,,,,,,,,,,,,,,,,,,,,,,,,,,,,,,,,,,,,,,,,,,,,,,,,,,,,,,,,,,,,,,,,,,,,,,,,,,,,,,,,,,,,,,,,,,,,,,
OIlDf5yZiPI_000021_000031.mp4,4,clapping,15.0,0.53,1.87,8,28,8,13,13,18,18,23,23,28,,,,,,,,,,,,,,,,,,,,,,,,,,,,,,,,,,,,,,,,,,,,,,,,,,,,,,,,,,,,,,,,,,,,,,,,,,,,,,,,,,,,,,,,,,,,,,,,,,,,,,,,,,,,,,,,,,,,,,,,,,,,,,,,,,,,,,
O5rzQ52_BY4_000039_000049.mp4,2,clapping,29.19,9.43,9.87,275,288,275,281,281,288,,,,,,,,,,,,,,,,,,,,,,,,,,,,,,,,,,,,,,,,,,,,,,,,,,,,,,,,,,,,,,,,,,,,,,,,,,,,,,,,,,,,,,,,,,,,,,,,,,,,,,,,,,,,,,,,,,,,,,,,,,,,,,,,,,,,,,,,,,
PLL7PrkgRS8_000085_000095.mp4,2,clapping,25.0,2.48,2.92,62,73,62,68,68,73,,,,,,,,,,,,,,,,,,,,,,,,,,,,,,,,,,,,,,,,,,,,,,,,,,,,,,,,,,,,,,,,,,,,,,,,,,,,,,,,,,,,,,,,,,,,,,,,,,,,,,,,,,,,,,,,,,,,,,,,,,,,,,,,,,,,,,,,,,
PLL7PrkgRS8_000085_000095.mp4,2,clapping,25.0,5.28,5.84,132,146,132,139,139,146,,,,,,,,,,,,,,,,,,,,,,,,,,,,,,,,,,,,,,,,,,,,,,,,,,,,,,,,,,,,,,,,,,,,,,,,,,,,,,,,,,,,,,,,,,,,,,,,,,,,,,,,,,,,,,,,,,,,,,,,,,,,,,,,,,,,,,,,,,
PLL7PrkgRS8_000085_000095.mp4,4,clapping,25.0,6.6,7.68,165,192,165,172,172,179,179,185,185,192,,,,,,,,,,,,,,,,,,,,,,,,,,,,,,,,,,,,,,,,,,,,,,,,,,,,,,,,,,,,,,,,,,,,,,,,,,,,,,,,,,,,,,,,,,,,,,,,,,,,,,,,,,,,,,,,,,,,,,,,,,,,,,,,,,,,,,
Qs8FUeqpyLc_000015_000025.mp4,4,clapping,24.0,2.41,3.53,58,85,58,65,65,72,72,78,78,85,,,,,,,,,,,,,,,,,,,,,,,,,,,,,,,,,,,,,,,,,,,,,,,,,,,,,,,,,,,,,,,,,,,,,,,,,,,,,,,,,,,,,,,,,,,,,,,,,,,,,,,,,,,,,,,,,,,,,,,,,,,,,,,,,,,,,,
Rd4R5XURJow_000019_000029.mp4,16,clapping,29.97,0.0,9.74,0,292,0,18,18,36,36,55,55,73,73,91,91,110,110,128,128,146,146,164,164,182,182,201,201,219,219,237,237,256,256,274,274,292,,,,,,,,,,,,,,,,,,,,,,,,,,,,,,,,,,,,,,,,,,,,,,,,,,,,,,,,,,,,,,,,,,,,,,,,,,,,,,,,,,,,,,,,,,,,,,,,,,,,,,,,,,,,,,
Rlue6Tj4ADo_000007_000017.mp4,2,clapping,29.38,0.75,1.33,22,39,22,30,30,39,,,,,,,,,,,,,,,,,,,,,,,,,,,,,,,,,,,,,,,,,,,,,,,,,,,,,,,,,,,,,,,,,,,,,,,,,,,,,,,,,,,,,,,,,,,,,,,,,,,,,,,,,,,,,,,,,,,,,,,,,,,,,,,,,,,,,,,,,,
Rlue6Tj4ADo_000007_000017.mp4,5,clapping,29.38,2.58,4.86,76,143,76,89,89,103,103,116,116,130,130,143,,,,,,,,,,,,,,,,,,,,,,,,,,,,,,,,,,,,,,,,,,,,,,,,,,,,,,,,,,,,,,,,,,,,,,,,,,,,,,,,,,,,,,,,,,,,,,,,,,,,,,,,,,,,,,,,,,,,,,,,,,,,,,,,,,,,
Rlue6Tj4ADo_000007_000017.mp4,3,clapping,29.38,8.09,9.38,238,276,238,251,251,263,263,276,,,,,,,,,,,,,,,,,,,,,,,,,,,,,,,,,,,,,,,,,,,,,,,,,,,,,,,,,,,,,,,,,,,,,,,,,,,,,,,,,,,,,,,,,,,,,,,,,,,,,,,,,,,,,,,,,,,,,,,,,,,,,,,,,,,,,,,,
STSlc05O4Zs_000000_000010.mp4,9,clapping,30.0,1.13,4.1,34,123,34,44,44,54,54,64,64,74,74,83,83,93,93,103,103,113,113,123,,,,,,,,,,,,,,,,,,,,,,,,,,,,,,,,,,,,,,,,,,,,,,,,,,,,,,,,,,,,,,,,,,,,,,,,,,,,,,,,,,,,,,,,,,,,,,,,,,,,,,,,,,,,,,,,,,,,,,,,,,,,
STSlc05O4Zs_000000_000010.mp4,2,clapping,30.0,9.53,9.87,286,296,286,291,291,296,,,,,,,,,,,,,,,,,,,,,,,,,,,,,,,,,,,,,,,,,,,,,,,,,,,,,,,,,,,,,,,,,,,,,,,,,,,,,,,,,,,,,,,,,,,,,,,,,,,,,,,,,,,,,,,,,,,,,,,,,,,,,,,,,,,,,,,,,,
SijOudfgMuc_000003_000013.mp4,7,clapping,25.0,0.0,2.24,0,56,0,8,8,16,16,24,24,32,32,40,40,48,48,56,,,,,,,,,,,,,,,,,,,,,,,,,,,,,,,,,,,,,,,,,,,,,,,,,,,,,,,,,,,,,,,,,,,,,,,,,,,,,,,,,,,,,,,,,,,,,,,,,,,,,,,,,,,,,,,,,,,,,,,,,,,,,,,,
SijOudfgMuc_000003_000013.mp4,15,clapping,25.0,2.8,7.64,70,191,70,78,78,86,86,94,94,102,102,110,110,118,118,126,126,135,135,143,143,151,151,159,159,167,167,175,175,183,183,191,,,,,,,,,,,,,,,,,,,,,,,,,,,,,,,,,,,,,,,,,,,,,,,,,,,,,,,,,,,,,,,,,,,,,,,,,,,,,,,,,,,,,,,,,,,,,,,,,,,,,,,,,,,,,,,,
SijOudfgMuc_000003_000013.mp4,6,clapping,25.0,8.24,10.0,206,250,206,213,213,221,221,228,228,235,235,243,243,250,,,,,,,,,,,,,,,,,,,,,,,,,,,,,,,,,,,,,,,,,,,,,,,,,,,,,,,,,,,,,,,,,,,,,,,,,,,,,,,,,,,,,,,,,,,,,,,,,,,,,,,,,,,,,,,,,,,,,,,,,,,,,,,,,,
SnJFVDfNxrQ_000011_000021.mp4,2,clapping,30.0,5.67,6.23,170,187,170,178,178,187,,,,,,,,,,,,,,,,,,,,,,,,,,,,,,,,,,,,,,,,,,,,,,,,,,,,,,,,,,,,,,,,,,,,,,,,,,,,,,,,,,,,,,,,,,,,,,,,,,,,,,,,,,,,,,,,,,,,,,,,,,,,,,,,,,,,,,,,,,
SnJFVDfNxrQ_000010_000020.mp4,2,waving hand,30.0,5.67,6.23,170,187,170,178,178,187,,,,,,,,,,,,,,,,,,,,,,,,,,,,,,,,,,,,,,,,,,,,,,,,,,,,,,,,,,,,,,,,,,,,,,,,,,,,,,,,,,,,,,,,,,,,,,,,,,,,,,,,,,,,,,,,,,,,,,,,,,,,,,,,,,,,,,,,,,
VobCS5xBk5I_000000_000010.mp4,4,clapping,25.0,6.2,7.64,155,191,155,164,164,173,173,182,182,191,,,,,,,,,,,,,,,,,,,,,,,,,,,,,,,,,,,,,,,,,,,,,,,,,,,,,,,,,,,,,,,,,,,,,,,,,,,,,,,,,,,,,,,,,,,,,,,,,,,,,,,,,,,,,,,,,,,,,,,,,,,,,,,,,,,,,,
VobCS5xBk5I_000000_000010.mp4,4,clapping,25.0,8.6,10.0,215,250,215,224,224,233,233,241,241,250,,,,,,,,,,,,,,,,,,,,,,,,,,,,,,,,,,,,,,,,,,,,,,,,,,,,,,,,,,,,,,,,,,,,,,,,,,,,,,,,,,,,,,,,,,,,,,,,,,,,,,,,,,,,,,,,,,,,,,,,,,,,,,,,,,,,,,
Wi8jk-lxTHg_000025_000035.mp4,5,applauding,30.0,0.83,1.83,25,55,25,31,31,37,37,43,43,49,49,55,,,,,,,,,,,,,,,,,,,,,,,,,,,,,,,,,,,,,,,,,,,,,,,,,,,,,,,,,,,,,,,,,,,,,,,,,,,,,,,,,,,,,,,,,,,,,,,,,,,,,,,,,,,,,,,,,,,,,,,,,,,,,,,,,,,,
Wi8jk-lxTHg_000013_000023.mp4,5,clapping,30.0,0.83,1.83,25,55,25,31,31,37,37,43,43,49,49,55,,,,,,,,,,,,,,,,,,,,,,,,,,,,,,,,,,,,,,,,,,,,,,,,,,,,,,,,,,,,,,,,,,,,,,,,,,,,,,,,,,,,,,,,,,,,,,,,,,,,,,,,,,,,,,,,,,,,,,,,,,,,,,,,,,,,
aGhMTBV1r2o_000000_000010.mp4,2,clapping,30.0,1.57,1.77,47,53,47,50,50,53,,,,,,,,,,,,,,,,,,,,,,,,,,,,,,,,,,,,,,,,,,,,,,,,,,,,,,,,,,,,,,,,,,,,,,,,,,,,,,,,,,,,,,,,,,,,,,,,,,,,,,,,,,,,,,,,,,,,,,,,,,,,,,,,,,,,,,,,,,
cgG7uTIe4z4_000001_000011.mp4,3,clapping,29.97,9.14,9.98,274,299,274,282,282,291,291,299,,,,,,,,,,,,,,,,,,,,,,,,,,,,,,,,,,,,,,,,,,,,,,,,,,,,,,,,,,,,,,,,,,,,,,,,,,,,,,,,,,,,,,,,,,,,,,,,,,,,,,,,,,,,,,,,,,,,,,,,,,,,,,,,,,,,,,,,
c8gT_2EY--Q_000012_000022.mp4,6,clapping,29.97,5.94,8.78,178,263,178,192,192,206,206,220,220,235,235,249,249,263,,,,,,,,,,,,,,,,,,,,,,,,,,,,,,,,,,,,,,,,,,,,,,,,,,,,,,,,,,,,,,,,,,,,,,,,,,,,,,,,,,,,,,,,,,,,,,,,,,,,,,,,,,,,,,,,,,,,,,,,,,,,,,,,,,
e2M9ro22feI_000000_000010.mp4,2,clapping,29.97,0.07,0.53,2,16,2,9,9,16,,,,,,,,,,,,,,,,,,,,,,,,,,,,,,,,,,,,,,,,,,,,,,,,,,,,,,,,,,,,,,,,,,,,,,,,,,,,,,,,,,,,,,,,,,,,,,,,,,,,,,,,,,,,,,,,,,,,,,,,,,,,,,,,,,,,,,,,,,
e2M9ro22feI_000000_000010.mp4,2,clapping,29.97,2.2,2.57,66,77,66,72,72,77,,,,,,,,,,,,,,,,,,,,,,,,,,,,,,,,,,,,,,,,,,,,,,,,,,,,,,,,,,,,,,,,,,,,,,,,,,,,,,,,,,,,,,,,,,,,,,,,,,,,,,,,,,,,,,,,,,,,,,,,,,,,,,,,,,,,,,,,,,
e2M9ro22feI_000000_000010.mp4,2,clapping,29.97,4.8,9.38,144,281,144,212,212,281,,,,,,,,,,,,,,,,,,,,,,,,,,,,,,,,,,,,,,,,,,,,,,,,,,,,,,,,,,,,,,,,,,,,,,,,,,,,,,,,,,,,,,,,,,,,,,,,,,,,,,,,,,,,,,,,,,,,,,,,,,,,,,,,,,,,,,,,,,
fmjbHBm5jYM_000138_000148.mp4,5,clapping,25.0,2.68,9.64,67,241,67,102,102,137,137,171,171,206,206,241,,,,,,,,,,,,,,,,,,,,,,,,,,,,,,,,,,,,,,,,,,,,,,,,,,,,,,,,,,,,,,,,,,,,,,,,,,,,,,,,,,,,,,,,,,,,,,,,,,,,,,,,,,,,,,,,,,,,,,,,,,,,,,,,,,,,
ggKCAtUkE1I_000007_000017.mp4,2,clapping,30.0,9.07,10.0,272,300,272,286,286,300,,,,,,,,,,,,,,,,,,,,,,,,,,,,,,,,,,,,,,,,,,,,,,,,,,,,,,,,,,,,,,,,,,,,,,,,,,,,,,,,,,,,,,,,,,,,,,,,,,,,,,,,,,,,,,,,,,,,,,,,,,,,,,,,,,,,,,,,,,
h11nI-9JZOA_000003_000013.mp4,3,clapping,25.0,0.88,1.84,22,46,22,30,30,38,38,46,,,,,,,,,,,,,,,,,,,,,,,,,,,,,,,,,,,,,,,,,,,,,,,,,,,,,,,,,,,,,,,,,,,,,,,,,,,,,,,,,,,,,,,,,,,,,,,,,,,,,,,,,,,,,,,,,,,,,,,,,,,,,,,,,,,,,,,,
ibzH823I2pk_000000_000010.mp4,2,clapping,30.0,9.53,10.0,286,300,286,293,293,300,,,,,,,,,,,,,,,,,,,,,,,,,,,,,,,,,,,,,,,,,,,,,,,,,,,,,,,,,,,,,,,,,,,,,,,,,,,,,,,,,,,,,,,,,,,,,,,,,,,,,,,,,,,,,,,,,,,,,,,,,,,,,,,,,,,,,,,,,,
jgrg1Yy61OA_000055_000065.mp4,9,clapping,30.0,2.8,6.42,84,193,84,96,96,108,108,120,120,132,132,145,145,157,157,169,169,181,181,193,,,,,,,,,,,,,,,,,,,,,,,,,,,,,,,,,,,,,,,,,,,,,,,,,,,,,,,,,,,,,,,,,,,,,,,,,,,,,,,,,,,,,,,,,,,,,,,,,,,,,,,,,,,,,,,,,,,,,,,,,,,,
jgrg1Yy61OA_000055_000065.mp4,3,clapping,30.0,7.13,7.83,214,235,214,221,221,228,228,235,,,,,,,,,,,,,,,,,,,,,,,,,,,,,,,,,,,,,,,,,,,,,,,,,,,,,,,,,,,,,,,,,,,,,,,,,,,,,,,,,,,,,,,,,,,,,,,,,,,,,,,,,,,,,,,,,,,,,,,,,,,,,,,,,,,,,,,,
jgrg1Yy61OA_000055_000065.mp4,3,clapping,30.0,8.47,9.23,254,277,254,262,262,269,269,277,,,,,,,,,,,,,,,,,,,,,,,,,,,,,,,,,,,,,,,,,,,,,,,,,,,,,,,,,,,,,,,,,,,,,,,,,,,,,,,,,,,,,,,,,,,,,,,,,,,,,,,,,,,,,,,,,,,,,,,,,,,,,,,,,,,,,,,,
la-lY85UuIs_000000_000010.mp4,9,clapping,24.0,0.38,4.17,9,100,9,19,19,29,29,39,39,49,49,60,60,70,70,80,80,90,90,100,,,,,,,,,,,,,,,,,,,,,,,,,,,,,,,,,,,,,,,,,,,,,,,,,,,,,,,,,,,,,,,,,,,,,,,,,,,,,,,,,,,,,,,,,,,,,,,,,,,,,,,,,,,,,,,,,,,,,,,,,,,,
la-lY85UuIs_000000_000010.mp4,3,clapping,24.0,5.25,6.08,126,146,126,133,133,139,139,146,,,,,,,,,,,,,,,,,,,,,,,,,,,,,,,,,,,,,,,,,,,,,,,,,,,,,,,,,,,,,,,,,,,,,,,,,,,,,,,,,,,,,,,,,,,,,,,,,,,,,,,,,,,,,,,,,,,,,,,,,,,,,,,,,,,,,,,,
nQIqCCb6jgA_000040_000050.mp4,3,clapping,23.89,5.82,6.86,139,164,139,147,147,156,156,164,,,,,,,,,,,,,,,,,,,,,,,,,,,,,,,,,,,,,,,,,,,,,,,,,,,,,,,,,,,,,,,,,,,,,,,,,,,,,,,,,,,,,,,,,,,,,,,,,,,,,,,,,,,,,,,,,,,,,,,,,,,,,,,,,,,,,,,,
obylpFivg5U_000012_000022.mp4,4,clapping,18.85,0.0,1.22,0,23,0,6,6,12,12,17,17,23,,,,,,,,,,,,,,,,,,,,,,,,,,,,,,,,,,,,,,,,,,,,,,,,,,,,,,,,,,,,,,,,,,,,,,,,,,,,,,,,,,,,,,,,,,,,,,,,,,,,,,,,,,,,,,,,,,,,,,,,,,,,,,,,,,,,,,
rDGxubUaFWk_000001_000011.mp4,3,clapping,30.0,2.93,3.73,88,112,88,96,96,104,104,112,,,,,,,,,,,,,,,,,,,,,,,,,,,,,,,,,,,,,,,,,,,,,,,,,,,,,,,,,,,,,,,,,,,,,,,,,,,,,,,,,,,,,,,,,,,,,,,,,,,,,,,,,,,,,,,,,,,,,,,,,,,,,,,,,,,,,,,,
rg7WAqDseRo_000004_000014.mp4,5,applauding,15.17,6.46,8.37,98,127,98,104,104,110,110,115,115,121,121,127,,,,,,,,,,,,,,,,,,,,,,,,,,,,,,,,,,,,,,,,,,,,,,,,,,,,,,,,,,,,,,,,,,,,,,,,,,,,,,,,,,,,,,,,,,,,,,,,,,,,,,,,,,,,,,,,,,,,,,,,,,,,,,,,,,,,
rg7WAqDseRo_000005_000015.mp4,5,clapping,15.17,6.46,8.37,98,127,98,104,104,110,110,115,115,121,121,127,,,,,,,,,,,,,,,,,,,,,,,,,,,,,,,,,,,,,,,,,,,,,,,,,,,,,,,,,,,,,,,,,,,,,,,,,,,,,,,,,,,,,,,,,,,,,,,,,,,,,,,,,,,,,,,,,,,,,,,,,,,,,,,,,,,,
rn16ZJntZ5I_000000_000010.mp4,6,clapping,29.75,8.4,9.98,250,297,250,258,258,266,266,274,274,281,281,289,289,297,,,,,,,,,,,,,,,,,,,,,,,,,,,,,,,,,,,,,,,,,,,,,,,,,,,,,,,,,,,,,,,,,,,,,,,,,,,,,,,,,,,,,,,,,,,,,,,,,,,,,,,,,,,,,,,,,,,,,,,,,,,,,,,,,,
r38Zd6vAl4Y_000122_000132.mp4,14,clapping,29.92,0.23,2.57,7,77,7,12,12,17,17,22,22,27,27,32,32,37,37,42,42,47,47,52,52,57,57,62,62,67,67,72,72,77,,,,,,,,,,,,,,,,,,,,,,,,,,,,,,,,,,,,,,,,,,,,,,,,,,,,,,,,,,,,,,,,,,,,,,,,,,,,,,,,,,,,,,,,,,,,,,,,,,,,,,,,,,,,,,,,,,
sazNP47MOV4_000005_000015.mp4,2,clapping,23.83,0.0,1.01,0,24,0,12,12,24,,,,,,,,,,,,,,,,,,,,,,,,,,,,,,,,,,,,,,,,,,,,,,,,,,,,,,,,,,,,,,,,,,,,,,,,,,,,,,,,,,,,,,,,,,,,,,,,,,,,,,,,,,,,,,,,,,,,,,,,,,,,,,,,,,,,,,,,,,
sazNP47MOV4_000005_000015.mp4,8,clapping,23.83,6.42,9.69,153,231,153,163,163,173,173,182,182,192,192,202,202,211,211,221,221,231,,,,,,,,,,,,,,,,,,,,,,,,,,,,,,,,,,,,,,,,,,,,,,,,,,,,,,,,,,,,,,,,,,,,,,,,,,,,,,,,,,,,,,,,,,,,,,,,,,,,,,,,,,,,,,,,,,,,,,,,,,,,,,
sejhBZ9QWlc_000016_000026.mp4,4,clapping,8.0,4.75,6.75,38,54,38,42,42,46,46,50,50,54,,,,,,,,,,,,,,,,,,,,,,,,,,,,,,,,,,,,,,,,,,,,,,,,,,,,,,,,,,,,,,,,,,,,,,,,,,,,,,,,,,,,,,,,,,,,,,,,,,,,,,,,,,,,,,,,,,,,,,,,,,,,,,,,,,,,,,
s-rrlawBwSA_000046_000056.mp4,2,clapping,29.97,0.0,0.6,0,18,0,9,9,18,,,,,,,,,,,,,,,,,,,,,,,,,,,,,,,,,,,,,,,,,,,,,,,,,,,,,,,,,,,,,,,,,,,,,,,,,,,,,,,,,,,,,,,,,,,,,,,,,,,,,,,,,,,,,,,,,,,,,,,,,,,,,,,,,,,,,,,,,,
s-rrlawBwSA_000046_000056.mp4,3,clapping,29.97,5.31,6.44,159,193,159,170,170,182,182,193,,,,,,,,,,,,,,,,,,,,,,,,,,,,,,,,,,,,,,,,,,,,,,,,,,,,,,,,,,,,,,,,,,,,,,,,,,,,,,,,,,,,,,,,,,,,,,,,,,,,,,,,,,,,,,,,,,,,,,,,,,,,,,,,,,,,,,,,
tNIlHM6TsDU_000024_000034.mp4,10,clapping,30.0,5.27,9.17,158,275,158,170,170,181,181,193,193,205,205,216,216,228,228,240,240,252,252,263,263,275,,,,,,,,,,,,,,,,,,,,,,,,,,,,,,,,,,,,,,,,,,,,,,,,,,,,,,,,,,,,,,,,,,,,,,,,,,,,,,,,,,,,,,,,,,,,,,,,,,,,,,,,,,,,,,,,,,,,,,,,,,
t8sqcQD6pyM_000018_000028.mp4,2,clapping,30.0,5.67,6.37,170,191,170,180,180,191,,,,,,,,,,,,,,,,,,,,,,,,,,,,,,,,,,,,,,,,,,,,,,,,,,,,,,,,,,,,,,,,,,,,,,,,,,,,,,,,,,,,,,,,,,,,,,,,,,,,,,,,,,,,,,,,,,,,,,,,,,,,,,,,,,,,,,,,,,
vJ4jk3-33eo_000048_000058.mp4,3,clapping,30.0,0.4,2.2,12,66,12,30,30,48,48,66,,,,,,,,,,,,,,,,,,,,,,,,,,,,,,,,,,,,,,,,,,,,,,,,,,,,,,,,,,,,,,,,,,,,,,,,,,,,,,,,,,,,,,,,,,,,,,,,,,,,,,,,,,,,,,,,,,,,,,,,,,,,,,,,,,,,,,,,
vJ4jk3-33eo_000048_000058.mp4,6,clapping,30.0,3.83,6.53,115,196,115,129,129,142,142,155,155,169,169,183,183,196,,,,,,,,,,,,,,,,,,,,,,,,,,,,,,,,,,,,,,,,,,,,,,,,,,,,,,,,,,,,,,,,,,,,,,,,,,,,,,,,,,,,,,,,,,,,,,,,,,,,,,,,,,,,,,,,,,,,,,,,,,,,,,,,,,
vbCTBorLRrE_000001_000011.mp4,3,clapping,30.0,0.23,1.0,7,30,7,15,15,22,22,30,,,,,,,,,,,,,,,,,,,,,,,,,,,,,,,,,,,,,,,,,,,,,,,,,,,,,,,,,,,,,,,,,,,,,,,,,,,,,,,,,,,,,,,,,,,,,,,,,,,,,,,,,,,,,,,,,,,,,,,,,,,,,,,,,,,,,,,,
vtf4ANF1wJ0_000002_000012.mp4,4,clapping,30.0,6.0,7.57,180,227,180,192,192,204,204,215,215,227,,,,,,,,,,,,,,,,,,,,,,,,,,,,,,,,,,,,,,,,,,,,,,,,,,,,,,,,,,,,,,,,,,,,,,,,,,,,,,,,,,,,,,,,,,,,,,,,,,,,,,,,,,,,,,,,,,,,,,,,,,,,,,,,,,,,,,
wDKpby9XJZM_000000_000010.mp4,7,clapping,30.0,1.13,3.93,34,118,34,46,46,58,58,70,70,82,82,94,94,106,106,118,,,,,,,,,,,,,,,,,,,,,,,,,,,,,,,,,,,,,,,,,,,,,,,,,,,,,,,,,,,,,,,,,,,,,,,,,,,,,,,,,,,,,,,,,,,,,,,,,,,,,,,,,,,,,,,,,,,,,,,,,,,,,,,,
waK4vXTVRa8_000086_000096.mp4,2,clapping,30.0,0.43,1.53,13,46,13,29,29,46,,,,,,,,,,,,,,,,,,,,,,,,,,,,,,,,,,,,,,,,,,,,,,,,,,,,,,,,,,,,,,,,,,,,,,,,,,,,,,,,,,,,,,,,,,,,,,,,,,,,,,,,,,,,,,,,,,,,,,,,,,,,,,,,,,,,,,,,,,
xV7vLlAYDpc_000021_000031.mp4,10,clapping,30.0,0.47,3.8,14,114,14,24,24,34,34,44,44,54,54,64,64,74,74,84,84,94,94,104,104,114,,,,,,,,,,,,,,,,,,,,,,,,,,,,,,,,,,,,,,,,,,,,,,,,,,,,,,,,,,,,,,,,,,,,,,,,,,,,,,,,,,,,,,,,,,,,,,,,,,,,,,,,,,,,,,,,,,,,,,,,,,
xV7vLlAYDpc_000021_000031.mp4,3,clapping,30.0,4.8,5.63,144,169,144,152,152,161,161,169,,,,,,,,,,,,,,,,,,,,,,,,,,,,,,,,,,,,,,,,,,,,,,,,,,,,,,,,,,,,,,,,,,,,,,,,,,,,,,,,,,,,,,,,,,,,,,,,,,,,,,,,,,,,,,,,,,,,,,,,,,,,,,,,,,,,,,,,
x27_ay1e28k_000072_000082.mp4,2,clapping,29.92,4.9,5.34,147,160,147,153,153,160,,,,,,,,,,,,,,,,,,,,,,,,,,,,,,,,,,,,,,,,,,,,,,,,,,,,,,,,,,,,,,,,,,,,,,,,,,,,,,,,,,,,,,,,,,,,,,,,,,,,,,,,,,,,,,,,,,,,,,,,,,,,,,,,,,,,,,,,,,
yITsaFYFAWI_000006_000016.mp4,10,clapping,30.0,0.5,6.23,15,187,15,32,32,49,49,67,67,84,84,101,101,118,118,135,135,153,153,170,170,187,,,,,,,,,,,,,,,,,,,,,,,,,,,,,,,,,,,,,,,,,,,,,,,,,,,,,,,,,,,,,,,,,,,,,,,,,,,,,,,,,,,,,,,,,,,,,,,,,,,,,,,,,,,,,,,,,,,,,,,,,,
4-UuddSlnck_000022_000032.mp4,2,clapping,29.97,1.47,1.97,44,59,44,52,52,59,,,,,,,,,,,,,,,,,,,,,,,,,,,,,,,,,,,,,,,,,,,,,,,,,,,,,,,,,,,,,,,,,,,,,,,,,,,,,,,,,,,,,,,,,,,,,,,,,,,,,,,,,,,,,,,,,,,,,,,,,,,,,,,,,,,,,,,,,,
4-UuddSlnck_000022_000032.mp4,8,clapping,29.97,7.04,9.98,211,299,211,222,222,233,233,244,244,255,255,266,266,277,277,288,288,299,,,,,,,,,,,,,,,,,,,,,,,,,,,,,,,,,,,,,,,,,,,,,,,,,,,,,,,,,,,,,,,,,,,,,,,,,,,,,,,,,,,,,,,,,,,,,,,,,,,,,,,,,,,,,,,,,,,,,,,,,,,,,,
5jj11JBmDkM_000000_000010.mp4,4,clapping,30.0,2.9,4.33,87,130,87,98,98,109,109,119,119,130,,,,,,,,,,,,,,,,,,,,,,,,,,,,,,,,,,,,,,,,,,,,,,,,,,,,,,,,,,,,,,,,,,,,,,,,,,,,,,,,,,,,,,,,,,,,,,,,,,,,,,,,,,,,,,,,,,,,,,,,,,,,,,,,,,,,,,
5jj11JBmDkM_000000_000010.mp4,2,clapping,30.0,5.07,5.73,152,172,152,162,162,172,,,,,,,,,,,,,,,,,,,,,,,,,,,,,,,,,,,,,,,,,,,,,,,,,,,,,,,,,,,,,,,,,,,,,,,,,,,,,,,,,,,,,,,,,,,,,,,,,,,,,,,,,,,,,,,,,,,,,,,,,,,,,,,,,,,,,,,,,,
6MJChLP7u98_000004_000014.mp4,2,clapping,15.0,1.73,2.13,26,32,26,29,29,32,,,,,,,,,,,,,,,,,,,,,,,,,,,,,,,,,,,,,,,,,,,,,,,,,,,,,,,,,,,,,,,,,,,,,,,,,,,,,,,,,,,,,,,,,,,,,,,,,,,,,,,,,,,,,,,,,,,,,,,,,,,,,,,,,,,,,,,,,,
6MJChLP7u98_000004_000014.mp4,6,clapping,15.0,4.47,7.07,67,106,67,73,73,80,80,87,87,93,93,99,99,106,,,,,,,,,,,,,,,,,,,,,,,,,,,,,,,,,,,,,,,,,,,,,,,,,,,,,,,,,,,,,,,,,,,,,,,,,,,,,,,,,,,,,,,,,,,,,,,,,,,,,,,,,,,,,,,,,,,,,,,,,,,,,,,,,,
7JpG9UacOtc_000002_000012.mp4,3,clapping,30.0,0.0,1.3,0,39,0,13,13,26,26,39,,,,,,,,,,,,,,,,,,,,,,,,,,,,,,,,,,,,,,,,,,,,,,,,,,,,,,,,,,,,,,,,,,,,,,,,,,,,,,,,,,,,,,,,,,,,,,,,,,,,,,,,,,,,,,,,,,,,,,,,,,,,,,,,,,,,,,,,
7JpG9UacOtc_000002_000012.mp4,17,clapping,30.0,4.03,10.0,121,300,121,132,132,142,142,153,153,163,163,174,174,184,184,195,195,205,205,216,216,226,226,237,237,247,247,258,258,268,268,279,279,289,289,300,,,,,,,,,,,,,,,,,,,,,,,,,,,,,,,,,,,,,,,,,,,,,,,,,,,,,,,,,,,,,,,,,,,,,,,,,,,,,,,,,,,,,,,,,,,,,,,,,,,,,,,,,,,,
--jktjgj81k_000005_000015.mp4,7,clapping,29.97,0.0,3.07,0,92,0,13,13,26,26,39,39,53,53,66,66,79,79,92,,,,,,,,,,,,,,,,,,,,,,,,,,,,,,,,,,,,,,,,,,,,,,,,,,,,,,,,,,,,,,,,,,,,,,,,,,,,,,,,,,,,,,,,,,,,,,,,,,,,,,,,,,,,,,,,,,,,,,,,,,,,,,,,
--jktjgj81k_000005_000015.mp4,2,clapping,29.97,7.91,8.41,237,252,237,245,245,252,,,,,,,,,,,,,,,,,,,,,,,,,,,,,,,,,,,,,,,,,,,,,,,,,,,,,,,,,,,,,,,,,,,,,,,,,,,,,,,,,,,,,,,,,,,,,,,,,,,,,,,,,,,,,,,,,,,,,,,,,,,,,,,,,,,,,,,,,,
_a30VHk7KAo_000040_000050.mp4,3,clapping,14.62,0.21,0.96,3,14,3,7,7,10,10,14,,,,,,,,,,,,,,,,,,,,,,,,,,,,,,,,,,,,,,,,,,,,,,,,,,,,,,,,,,,,,,,,,,,,,,,,,,,,,,,,,,,,,,,,,,,,,,,,,,,,,,,,,,,,,,,,,,,,,,,,,,,,,,,,,,,,,,,,
_a30VHk7KAo_000040_000050.mp4,5,clapping,14.62,4.65,5.68,68,83,68,71,71,74,74,77,77,80,80,83,,,,,,,,,,,,,,,,,,,,,,,,,,,,,,,,,,,,,,,,,,,,,,,,,,,,,,,,,,,,,,,,,,,,,,,,,,,,,,,,,,,,,,,,,,,,,,,,,,,,,,,,,,,,,,,,,,,,,,,,,,,,,,,,,,,,
A7LIbQWBI9Q_000049_000059.mp4,2,crawling baby,30.0,0.0,8.03,0,241,0,120,120,241,,,,,,,,,,,,,,,,,,,,,,,,,,,,,,,,,,,,,,,,,,,,,,,,,,,,,,,,,,,,,,,,,,,,,,,,,,,,,,,,,,,,,,,,,,,,,,,,,,,,,,,,,,,,,,,,,,,,,,,,,,,,,,,,,,,,,,,,,,
BYSw3-O_zLo_000022_000032.mp4,4,crawling baby,17.07,1.15,10.0,20,171,20,58,58,96,96,133,133,171,,,,,,,,,,,,,,,,,,,,,,,,,,,,,,,,,,,,,,,,,,,,,,,,,,,,,,,,,,,,,,,,,,,,,,,,,,,,,,,,,,,,,,,,,,,,,,,,,,,,,,,,,,,,,,,,,,,,,,,,,,,,,,,,,,,,,,
CphTEYa4Rj4_000001_000011.mp4,5,crawling baby,30.0,0.0,8.7,0,261,0,52,52,104,104,157,157,209,209,261,,,,,,,,,,,,,,,,,,,,,,,,,,,,,,,,,,,,,,,,,,,,,,,,,,,,,,,,,,,,,,,,,,,,,,,,,,,,,,,,,,,,,,,,,,,,,,,,,,,,,,,,,,,,,,,,,,,,,,,,,,,,,,,,,,,,
DX23Aawi8Yk_000080_000090.mp4,2,crawling baby,29.97,7.24,9.98,217,299,217,258,258,299,,,,,,,,,,,,,,,,,,,,,,,,,,,,,,,,,,,,,,,,,,,,,,,,,,,,,,,,,,,,,,,,,,,,,,,,,,,,,,,,,,,,,,,,,,,,,,,,,,,,,,,,,,,,,,,,,,,,,,,,,,,,,,,,,,,,,,,,,,
DsloCRNWeZs_000005_000015.mp4,4,crawling baby,20.0,0.0,9.3,0,186,0,46,46,93,93,140,140,186,,,,,,,,,,,,,,,,,,,,,,,,,,,,,,,,,,,,,,,,,,,,,,,,,,,,,,,,,,,,,,,,,,,,,,,,,,,,,,,,,,,,,,,,,,,,,,,,,,,,,,,,,,,,,,,,,,,,,,,,,,,,,,,,,,,,,,
D9PFhf5jsYU_000001_000011.mp4,3,crawling baby,15.0,3.67,6.4,55,96,55,69,69,82,82,96,,,,,,,,,,,,,,,,,,,,,,,,,,,,,,,,,,,,,,,,,,,,,,,,,,,,,,,,,,,,,,,,,,,,,,,,,,,,,,,,,,,,,,,,,,,,,,,,,,,,,,,,,,,,,,,,,,,,,,,,,,,,,,,,,,,,,,,,
D9PFhf5jsYU_000001_000011.mp4,3,crawling baby,15.0,8.53,10.0,128,150,128,135,135,143,143,150,,,,,,,,,,,,,,,,,,,,,,,,,,,,,,,,,,,,,,,,,,,,,,,,,,,,,,,,,,,,,,,,,,,,,,,,,,,,,,,,,,,,,,,,,,,,,,,,,,,,,,,,,,,,,,,,,,,,,,,,,,,,,,,,,,,,,,,,
FfeF4gGyhG8_000042_000052.mp4,4,crawling baby,30.0,0.0,10.0,0,300,0,75,75,150,150,225,225,300,,,,,,,,,,,,,,,,,,,,,,,,,,,,,,,,,,,,,,,,,,,,,,,,,,,,,,,,,,,,,,,,,,,,,,,,,,,,,,,,,,,,,,,,,,,,,,,,,,,,,,,,,,,,,,,,,,,,,,,,,,,,,,,,,,,,,,
GSAiIJghL8o_000024_000034.mp4,4,crawling baby,14.99,2.8,7.07,42,106,42,58,58,74,74,90,90,106,,,,,,,,,,,,,,,,,,,,,,,,,,,,,,,,,,,,,,,,,,,,,,,,,,,,,,,,,,,,,,,,,,,,,,,,,,,,,,,,,,,,,,,,,,,,,,,,,,,,,,,,,,,,,,,,,,,,,,,,,,,,,,,,,,,,,,
H1X2rudLL50_000004_000014.mp4,4,crawling baby,25.0,0.0,5.32,0,133,0,33,33,66,66,100,100,133,,,,,,,,,,,,,,,,,,,,,,,,,,,,,,,,,,,,,,,,,,,,,,,,,,,,,,,,,,,,,,,,,,,,,,,,,,,,,,,,,,,,,,,,,,,,,,,,,,,,,,,,,,,,,,,,,,,,,,,,,,,,,,,,,,,,,,
IJd9JDACSNw_000003_000013.mp4,4,crawling baby,29.0,0.0,5.66,0,164,0,41,41,82,82,123,123,164,,,,,,,,,,,,,,,,,,,,,,,,,,,,,,,,,,,,,,,,,,,,,,,,,,,,,,,,,,,,,,,,,,,,,,,,,,,,,,,,,,,,,,,,,,,,,,,,,,,,,,,,,,,,,,,,,,,,,,,,,,,,,,,,,,,,,,
Ip01ESTESUo_000120_000130.mp4,2,crawling baby,25.0,0.68,5.68,17,142,17,79,79,142,,,,,,,,,,,,,,,,,,,,,,,,,,,,,,,,,,,,,,,,,,,,,,,,,,,,,,,,,,,,,,,,,,,,,,,,,,,,,,,,,,,,,,,,,,,,,,,,,,,,,,,,,,,,,,,,,,,,,,,,,,,,,,,,,,,,,,,,,,
IyZZT74DbFs_000004_000014.mp4,2,crawling baby,30.0,2.17,5.3,65,159,65,112,112,159,,,,,,,,,,,,,,,,,,,,,,,,,,,,,,,,,,,,,,,,,,,,,,,,,,,,,,,,,,,,,,,,,,,,,,,,,,,,,,,,,,,,,,,,,,,,,,,,,,,,,,,,,,,,,,,,,,,,,,,,,,,,,,,,,,,,,,,,,,
KJp_SpYAvN0_000060_000070.mp4,2,crawling baby,30.0,0.0,3.47,0,104,0,52,52,104,,,,,,,,,,,,,,,,,,,,,,,,,,,,,,,,,,,,,,,,,,,,,,,,,,,,,,,,,,,,,,,,,,,,,,,,,,,,,,,,,,,,,,,,,,,,,,,,,,,,,,,,,,,,,,,,,,,,,,,,,,,,,,,,,,,,,,,,,,
K6yeQFDypqM_000021_000031.mp4,4,crawling baby,30.0,2.4,10.0,72,300,72,129,129,186,186,243,243,300,,,,,,,,,,,,,,,,,,,,,,,,,,,,,,,,,,,,,,,,,,,,,,,,,,,,,,,,,,,,,,,,,,,,,,,,,,,,,,,,,,,,,,,,,,,,,,,,,,,,,,,,,,,,,,,,,,,,,,,,,,,,,,,,,,,,,,
LX3TuZ2tE2U_000004_000014.mp4,7,crawling baby,15.03,0.0,6.57,0,99,0,14,14,28,28,42,42,57,57,71,71,85,85,99,,,,,,,,,,,,,,,,,,,,,,,,,,,,,,,,,,,,,,,,,,,,,,,,,,,,,,,,,,,,,,,,,,,,,,,,,,,,,,,,,,,,,,,,,,,,,,,,,,,,,,,,,,,,,,,,,,,,,,,,,,,,,,,,
LX3TuZ2tE2U_000004_000014.mp4,2,crawling baby,15.03,8.7,9.93,131,149,131,140,140,149,,,,,,,,,,,,,,,,,,,,,,,,,,,,,,,,,,,,,,,,,,,,,,,,,,,,,,,,,,,,,,,,,,,,,,,,,,,,,,,,,,,,,,,,,,,,,,,,,,,,,,,,,,,,,,,,,,,,,,,,,,,,,,,,,,,,,,,,,,
LjixR_rjxLc_000046_000056.mp4,5,crawling baby,29.97,0.0,9.98,0,299,0,60,60,120,120,179,179,239,239,299,,,,,,,,,,,,,,,,,,,,,,,,,,,,,,,,,,,,,,,,,,,,,,,,,,,,,,,,,,,,,,,,,,,,,,,,,,,,,,,,,,,,,,,,,,,,,,,,,,,,,,,,,,,,,,,,,,,,,,,,,,,,,,,,,,,,
Ml26xsFoAzA_000027_000037.mp4,2,crawling baby,15.0,0.0,2.93,0,44,0,22,22,44,,,,,,,,,,,,,,,,,,,,,,,,,,,,,,,,,,,,,,,,,,,,,,,,,,,,,,,,,,,,,,,,,,,,,,,,,,,,,,,,,,,,,,,,,,,,,,,,,,,,,,,,,,,,,,,,,,,,,,,,,,,,,,,,,,,,,,,,,,
OrJvsHWnEEo_000032_000042.mp4,4,crawling baby,14.94,0.94,7.29,14,109,14,38,38,62,62,85,85,109,,,,,,,,,,,,,,,,,,,,,,,,,,,,,,,,,,,,,,,,,,,,,,,,,,,,,,,,,,,,,,,,,,,,,,,,,,,,,,,,,,,,,,,,,,,,,,,,,,,,,,,,,,,,,,,,,,,,,,,,,,,,,,,,,,,,,,
O1hW4gowt3M_000059_000069.mp4,5,crawling baby,30.0,0.0,10.0,0,300,0,60,60,120,120,180,180,240,240,300,,,,,,,,,,,,,,,,,,,,,,,,,,,,,,,,,,,,,,,,,,,,,,,,,,,,,,,,,,,,,,,,,,,,,,,,,,,,,,,,,,,,,,,,,,,,,,,,,,,,,,,,,,,,,,,,,,,,,,,,,,,,,,,,,,,,
PsjxW3IBrQ4_000016_000026.mp4,2,crawling baby,23.92,0.0,3.68,0,88,0,44,44,88,,,,,,,,,,,,,,,,,,,,,,,,,,,,,,,,,,,,,,,,,,,,,,,,,,,,,,,,,,,,,,,,,,,,,,,,,,,,,,,,,,,,,,,,,,,,,,,,,,,,,,,,,,,,,,,,,,,,,,,,,,,,,,,,,,,,,,,,,,
QDriLGZ5m0Q_000001_000011.mp4,2,crawling baby,8.33,2.88,9.84,24,82,24,53,53,82,,,,,,,,,,,,,,,,,,,,,,,,,,,,,,,,,,,,,,,,,,,,,,,,,,,,,,,,,,,,,,,,,,,,,,,,,,,,,,,,,,,,,,,,,,,,,,,,,,,,,,,,,,,,,,,,,,,,,,,,,,,,,,,,,,,,,,,,,,
Sv9Yh2yTLjE_000122_000132.mp4,2,crawling baby,29.97,0.0,3.3,0,99,0,50,50,99,,,,,,,,,,,,,,,,,,,,,,,,,,,,,,,,,,,,,,,,,,,,,,,,,,,,,,,,,,,,,,,,,,,,,,,,,,,,,,,,,,,,,,,,,,,,,,,,,,,,,,,,,,,,,,,,,,,,,,,,,,,,,,,,,,,,,,,,,,
VivaMWDUQ5M_000070_000080.mp4,2,crawling baby,15.0,0.0,7.93,0,119,0,60,60,119,,,,,,,,,,,,,,,,,,,,,,,,,,,,,,,,,,,,,,,,,,,,,,,,,,,,,,,,,,,,,,,,,,,,,,,,,,,,,,,,,,,,,,,,,,,,,,,,,,,,,,,,,,,,,,,,,,,,,,,,,,,,,,,,,,,,,,,,,,
Y8xvQtzPSEo_000064_000074.mp4,5,crawling baby,12.3,0.0,4.35,0,54,0,11,11,22,22,32,32,43,43,54,,,,,,,,,,,,,,,,,,,,,,,,,,,,,,,,,,,,,,,,,,,,,,,,,,,,,,,,,,,,,,,,,,,,,,,,,,,,,,,,,,,,,,,,,,,,,,,,,,,,,,,,,,,,,,,,,,,,,,,,,,,,,,,,,,,,
aZKlpciobm4_000003_000013.mp4,3,crawling baby,20.22,1.04,6.32,21,128,21,57,57,92,92,128,,,,,,,,,,,,,,,,,,,,,,,,,,,,,,,,,,,,,,,,,,,,,,,,,,,,,,,,,,,,,,,,,,,,,,,,,,,,,,,,,,,,,,,,,,,,,,,,,,,,,,,,,,,,,,,,,,,,,,,,,,,,,,,,,,,,,,,,
bh3Y5k9LQXs_000016_000026.mp4,2,crawling baby,25.0,0.0,2.84,0,71,0,36,36,71,,,,,,,,,,,,,,,,,,,,,,,,,,,,,,,,,,,,,,,,,,,,,,,,,,,,,,,,,,,,,,,,,,,,,,,,,,,,,,,,,,,,,,,,,,,,,,,,,,,,,,,,,,,,,,,,,,,,,,,,,,,,,,,,,,,,,,,,,,
cZSRpZCKf-o_000046_000056.mp4,2,crawling baby,10.0,0.5,8.85,5,88,5,47,47,88,,,,,,,,,,,,,,,,,,,,,,,,,,,,,,,,,,,,,,,,,,,,,,,,,,,,,,,,,,,,,,,,,,,,,,,,,,,,,,,,,,,,,,,,,,,,,,,,,,,,,,,,,,,,,,,,,,,,,,,,,,,,,,,,,,,,,,,,,,
cb1AUKqrKYM_000015_000025.mp4,3,crawling baby,9.78,7.26,9.82,71,96,71,79,79,88,88,96,,,,,,,,,,,,,,,,,,,,,,,,,,,,,,,,,,,,,,,,,,,,,,,,,,,,,,,,,,,,,,,,,,,,,,,,,,,,,,,,,,,,,,,,,,,,,,,,,,,,,,,,,,,,,,,,,,,,,,,,,,,,,,,,,,,,,,,,
ctZE7i-EBRc_000006_000016.mp4,2,crawling baby,30.0,0.0,3.2,0,96,0,48,48,96,,,,,,,,,,,,,,,,,,,,,,,,,,,,,,,,,,,,,,,,,,,,,,,,,,,,,,,,,,,,,,,,,,,,,,,,,,,,,,,,,,,,,,,,,,,,,,,,,,,,,,,,,,,,,,,,,,,,,,,,,,,,,,,,,,,,,,,,,,
ctZE7i-EBRc_000006_000016.mp4,2,crawling baby,30.0,5.6,10.0,168,300,168,234,234,300,,,,,,,,,,,,,,,,,,,,,,,,,,,,,,,,,,,,,,,,,,,,,,,,,,,,,,,,,,,,,,,,,,,,,,,,,,,,,,,,,,,,,,,,,,,,,,,,,,,,,,,,,,,,,,,,,,,,,,,,,,,,,,,,,,,,,,,,,,
dFDZmx2qJPQ_000005_000015.mp4,5,crawling baby,30.0,0.0,10.0,0,300,0,60,60,120,120,180,180,240,240,300,,,,,,,,,,,,,,,,,,,,,,,,,,,,,,,,,,,,,,,,,,,,,,,,,,,,,,,,,,,,,,,,,,,,,,,,,,,,,,,,,,,,,,,,,,,,,,,,,,,,,,,,,,,,,,,,,,,,,,,,,,,,,,,,,,,,
dbgiRp2tgPg_000037_000047.mp4,3,crawling baby,25.0,0.0,4.76,0,119,0,40,40,79,79,119,,,,,,,,,,,,,,,,,,,,,,,,,,,,,,,,,,,,,,,,,,,,,,,,,,,,,,,,,,,,,,,,,,,,,,,,,,,,,,,,,,,,,,,,,,,,,,,,,,,,,,,,,,,,,,,,,,,,,,,,,,,,,,,,,,,,,,,,
eZEfzS0ChiU_000002_000012.mp4,3,crawling baby,7.9,0.0,5.0,0,39,0,13,13,26,26,39,,,,,,,,,,,,,,,,,,,,,,,,,,,,,,,,,,,,,,,,,,,,,,,,,,,,,,,,,,,,,,,,,,,,,,,,,,,,,,,,,,,,,,,,,,,,,,,,,,,,,,,,,,,,,,,,,,,,,,,,,,,,,,,,,,,,,,,,
e72LjKSDQMc_000034_000044.mp4,4,crawling baby,30.0,0.0,8.0,0,240,0,60,60,120,120,180,180,240,,,,,,,,,,,,,,,,,,,,,,,,,,,,,,,,,,,,,,,,,,,,,,,,,,,,,,,,,,,,,,,,,,,,,,,,,,,,,,,,,,,,,,,,,,,,,,,,,,,,,,,,,,,,,,,,,,,,,,,,,,,,,,,,,,,,,,
e_K8SDB_2nM_000008_000018.mp4,3,crawling baby,24.0,2.38,7.21,57,173,57,96,96,134,134,173,,,,,,,,,,,,,,,,,,,,,,,,,,,,,,,,,,,,,,,,,,,,,,,,,,,,,,,,,,,,,,,,,,,,,,,,,,,,,,,,,,,,,,,,,,,,,,,,,,,,,,,,,,,,,,,,,,,,,,,,,,,,,,,,,,,,,,,,
fU9VL4XX4Xc_000034_000044.mp4,3,crawling baby,30.0,3.9,9.2,117,276,117,170,170,223,223,276,,,,,,,,,,,,,,,,,,,,,,,,,,,,,,,,,,,,,,,,,,,,,,,,,,,,,,,,,,,,,,,,,,,,,,,,,,,,,,,,,,,,,,,,,,,,,,,,,,,,,,,,,,,,,,,,,,,,,,,,,,,,,,,,,,,,,,,,
gkgRLTfW2Cw_000101_000111.mp4,4,crawling baby,25.0,2.64,7.76,66,194,66,98,98,130,130,162,162,194,,,,,,,,,,,,,,,,,,,,,,,,,,,,,,,,,,,,,,,,,,,,,,,,,,,,,,,,,,,,,,,,,,,,,,,,,,,,,,,,,,,,,,,,,,,,,,,,,,,,,,,,,,,,,,,,,,,,,,,,,,,,,,,,,,,,,,
gwS_jRFhtyU_000000_000010.mp4,4,crawling baby,30.0,0.0,10.0,0,300,0,75,75,150,150,225,225,300,,,,,,,,,,,,,,,,,,,,,,,,,,,,,,,,,,,,,,,,,,,,,,,,,,,,,,,,,,,,,,,,,,,,,,,,,,,,,,,,,,,,,,,,,,,,,,,,,,,,,,,,,,,,,,,,,,,,,,,,,,,,,,,,,,,,,,
hSwEYAiVXWg_000031_000041.mp4,3,crawling baby,29.97,0.0,7.66,0,230,0,77,77,153,153,230,,,,,,,,,,,,,,,,,,,,,,,,,,,,,,,,,,,,,,,,,,,,,,,,,,,,,,,,,,,,,,,,,,,,,,,,,,,,,,,,,,,,,,,,,,,,,,,,,,,,,,,,,,,,,,,,,,,,,,,,,,,,,,,,,,,,,,,,
hUZbENfFa6o_000017_000027.mp4,2,crawling baby,15.0,3.73,5.53,56,83,56,70,70,83,,,,,,,,,,,,,,,,,,,,,,,,,,,,,,,,,,,,,,,,,,,,,,,,,,,,,,,,,,,,,,,,,,,,,,,,,,,,,,,,,,,,,,,,,,,,,,,,,,,,,,,,,,,,,,,,,,,,,,,,,,,,,,,,,,,,,,,,,,
iCu-jfigOIs_000003_000013.mp4,2,crawling baby,24.0,1.25,3.17,30,76,30,53,53,76,,,,,,,,,,,,,,,,,,,,,,,,,,,,,,,,,,,,,,,,,,,,,,,,,,,,,,,,,,,,,,,,,,,,,,,,,,,,,,,,,,,,,,,,,,,,,,,,,,,,,,,,,,,,,,,,,,,,,,,,,,,,,,,,,,,,,,,,,,
jZNa_K9NFR8_000007_000017.mp4,4,crawling baby,7.0,2.43,6.86,17,48,17,25,25,33,33,40,40,48,,,,,,,,,,,,,,,,,,,,,,,,,,,,,,,,,,,,,,,,,,,,,,,,,,,,,,,,,,,,,,,,,,,,,,,,,,,,,,,,,,,,,,,,,,,,,,,,,,,,,,,,,,,,,,,,,,,,,,,,,,,,,,,,,,,,,,
j0JM25le-tQ_000001_000011.mp4,6,crawling baby,30.0,0.4,7.7,12,231,12,48,48,85,85,122,122,158,158,194,194,231,,,,,,,,,,,,,,,,,,,,,,,,,,,,,,,,,,,,,,,,,,,,,,,,,,,,,,,,,,,,,,,,,,,,,,,,,,,,,,,,,,,,,,,,,,,,,,,,,,,,,,,,,,,,,,,,,,,,,,,,,,,,,,,,,,
le7i9ONOMRA_000108_000118.mp4,2,crawling baby,30.0,1.43,3.6,43,108,43,75,75,108,,,,,,,,,,,,,,,,,,,,,,,,,,,,,,,,,,,,,,,,,,,,,,,,,,,,,,,,,,,,,,,,,,,,,,,,,,,,,,,,,,,,,,,,,,,,,,,,,,,,,,,,,,,,,,,,,,,,,,,,,,,,,,,,,,,,,,,,,,
l-SL0qhn-vM_000045_000055.mp4,13,crawling baby,15.0,0.0,9.93,0,149,0,11,11,23,23,34,34,46,46,57,57,69,69,80,80,92,92,103,103,115,115,126,126,138,138,149,,,,,,,,,,,,,,,,,,,,,,,,,,,,,,,,,,,,,,,,,,,,,,,,,,,,,,,,,,,,,,,,,,,,,,,,,,,,,,,,,,,,,,,,,,,,,,,,,,,,,,,,,,,,,,,,,,,,
mmjjRWcm5tg_000041_000051.mp4,3,crawling baby,25.0,0.0,10.0,0,250,0,83,83,167,167,250,,,,,,,,,,,,,,,,,,,,,,,,,,,,,,,,,,,,,,,,,,,,,,,,,,,,,,,,,,,,,,,,,,,,,,,,,,,,,,,,,,,,,,,,,,,,,,,,,,,,,,,,,,,,,,,,,,,,,,,,,,,,,,,,,,,,,,,,
msHHLps-wzM_000013_000023.mp4,4,crawling baby,24.0,1.04,6.12,25,147,25,55,55,86,86,117,117,147,,,,,,,,,,,,,,,,,,,,,,,,,,,,,,,,,,,,,,,,,,,,,,,,,,,,,,,,,,,,,,,,,,,,,,,,,,,,,,,,,,,,,,,,,,,,,,,,,,,,,,,,,,,,,,,,,,,,,,,,,,,,,,,,,,,,,,
msHHLps-wzM_000013_000023.mp4,2,crawling baby,24.0,7.58,9.33,182,224,182,203,203,224,,,,,,,,,,,,,,,,,,,,,,,,,,,,,,,,,,,,,,,,,,,,,,,,,,,,,,,,,,,,,,,,,,,,,,,,,,,,,,,,,,,,,,,,,,,,,,,,,,,,,,,,,,,,,,,,,,,,,,,,,,,,,,,,,,,,,,,,,,
nUScAxsvyF0_000033_000043.mp4,2,crawling baby,30.0,6.67,10.0,200,300,200,250,250,300,,,,,,,,,,,,,,,,,,,,,,,,,,,,,,,,,,,,,,,,,,,,,,,,,,,,,,,,,,,,,,,,,,,,,,,,,,,,,,,,,,,,,,,,,,,,,,,,,,,,,,,,,,,,,,,,,,,,,,,,,,,,,,,,,,,,,,,,,,
njQnOvmJpH0_000009_000019.mp4,4,crawling baby,25.0,2.44,10.0,61,250,61,108,108,155,155,203,203,250,,,,,,,,,,,,,,,,,,,,,,,,,,,,,,,,,,,,,,,,,,,,,,,,,,,,,,,,,,,,,,,,,,,,,,,,,,,,,,,,,,,,,,,,,,,,,,,,,,,,,,,,,,,,,,,,,,,,,,,,,,,,,,,,,,,,,,
nmk3CZx-qxA_000010_000020.mp4,2,crawling baby,29.97,0.0,2.87,0,86,0,43,43,86,,,,,,,,,,,,,,,,,,,,,,,,,,,,,,,,,,,,,,,,,,,,,,,,,,,,,,,,,,,,,,,,,,,,,,,,,,,,,,,,,,,,,,,,,,,,,,,,,,,,,,,,,,,,,,,,,,,,,,,,,,,,,,,,,,,,,,,,,,
oAhMsk2I4gk_000001_000011.mp4,4,crawling baby,30.0,0.0,4.63,0,139,0,35,35,70,70,104,104,139,,,,,,,,,,,,,,,,,,,,,,,,,,,,,,,,,,,,,,,,,,,,,,,,,,,,,,,,,,,,,,,,,,,,,,,,,,,,,,,,,,,,,,,,,,,,,,,,,,,,,,,,,,,,,,,,,,,,,,,,,,,,,,,,,,,,,,
oAhMsk2I4gk_000001_000011.mp4,2,crawling baby,30.0,8.17,10.0,245,300,245,273,273,300,,,,,,,,,,,,,,,,,,,,,,,,,,,,,,,,,,,,,,,,,,,,,,,,,,,,,,,,,,,,,,,,,,,,,,,,,,,,,,,,,,,,,,,,,,,,,,,,,,,,,,,,,,,,,,,,,,,,,,,,,,,,,,,,,,,,,,,,,,
pLkEWyENs_k_000019_000029.mp4,3,crawling baby,30.0,0.0,9.2,0,276,0,92,92,184,184,276,,,,,,,,,,,,,,,,,,,,,,,,,,,,,,,,,,,,,,,,,,,,,,,,,,,,,,,,,,,,,,,,,,,,,,,,,,,,,,,,,,,,,,,,,,,,,,,,,,,,,,,,,,,,,,,,,,,,,,,,,,,,,,,,,,,,,,,,
pxjdb7WqDnI_000005_000015.mp4,4,crawling baby,29.92,0.0,9.93,0,297,0,74,74,148,148,223,223,297,,,,,,,,,,,,,,,,,,,,,,,,,,,,,,,,,,,,,,,,,,,,,,,,,,,,,,,,,,,,,,,,,,,,,,,,,,,,,,,,,,,,,,,,,,,,,,,,,,,,,,,,,,,,,,,,,,,,,,,,,,,,,,,,,,,,,,
q5uLBOi6buw_000067_000077.mp4,3,crawling baby,30.0,1.17,10.0,35,300,35,123,123,212,212,300,,,,,,,,,,,,,,,,,,,,,,,,,,,,,,,,,,,,,,,,,,,,,,,,,,,,,,,,,,,,,,,,,,,,,,,,,,,,,,,,,,,,,,,,,,,,,,,,,,,,,,,,,,,,,,,,,,,,,,,,,,,,,,,,,,,,,,,,
rid0EGRK2ns_000009_000019.mp4,2,crawling baby,29.97,5.41,7.27,162,218,162,190,190,218,,,,,,,,,,,,,,,,,,,,,,,,,,,,,,,,,,,,,,,,,,,,,,,,,,,,,,,,,,,,,,,,,,,,,,,,,,,,,,,,,,,,,,,,,,,,,,,,,,,,,,,,,,,,,,,,,,,,,,,,,,,,,,,,,,,,,,,,,,
rsAIW8Va7zs_000009_000019.mp4,5,crawling baby,15.05,0.0,9.1,0,137,0,27,27,55,55,82,82,110,110,137,,,,,,,,,,,,,,,,,,,,,,,,,,,,,,,,,,,,,,,,,,,,,,,,,,,,,,,,,,,,,,,,,,,,,,,,,,,,,,,,,,,,,,,,,,,,,,,,,,,,,,,,,,,,,,,,,,,,,,,,,,,,,,,,,,,,
tv2PAYNWBZ0_000049_000059.mp4,8,crawling baby,29.97,0.0,9.94,0,298,0,37,37,74,74,112,112,149,149,186,186,224,224,261,261,298,,,,,,,,,,,,,,,,,,,,,,,,,,,,,,,,,,,,,,,,,,,,,,,,,,,,,,,,,,,,,,,,,,,,,,,,,,,,,,,,,,,,,,,,,,,,,,,,,,,,,,,,,,,,,,,,,,,,,,,,,,,,,,
xsZK9wBuukI_000001_000011.mp4,2,crawling baby,14.98,2.74,5.14,41,77,41,59,59,77,,,,,,,,,,,,,,,,,,,,,,,,,,,,,,,,,,,,,,,,,,,,,,,,,,,,,,,,,,,,,,,,,,,,,,,,,,,,,,,,,,,,,,,,,,,,,,,,,,,,,,,,,,,,,,,,,,,,,,,,,,,,,,,,,,,,,,,,,,
0qoYYwZ2FMo_000009_000019.mp4,2,crawling baby,15.0,8.87,10.0,133,150,133,141,141,150,,,,,,,,,,,,,,,,,,,,,,,,,,,,,,,,,,,,,,,,,,,,,,,,,,,,,,,,,,,,,,,,,,,,,,,,,,,,,,,,,,,,,,,,,,,,,,,,,,,,,,,,,,,,,,,,,,,,,,,,,,,,,,,,,,,,,,,,,,
01Bp7-nCijA_000003_000013.mp4,5,crawling baby,29.97,3.6,9.98,108,299,108,146,146,184,184,223,223,261,261,299,,,,,,,,,,,,,,,,,,,,,,,,,,,,,,,,,,,,,,,,,,,,,,,,,,,,,,,,,,,,,,,,,,,,,,,,,,,,,,,,,,,,,,,,,,,,,,,,,,,,,,,,,,,,,,,,,,,,,,,,,,,,,,,,,,,,
2hARJWw-LOU_000002_000012.mp4,2,crawling baby,29.97,4.94,9.11,148,273,148,210,210,273,,,,,,,,,,,,,,,,,,,,,,,,,,,,,,,,,,,,,,,,,,,,,,,,,,,,,,,,,,,,,,,,,,,,,,,,,,,,,,,,,,,,,,,,,,,,,,,,,,,,,,,,,,,,,,,,,,,,,,,,,,,,,,,,,,,,,,,,,,
2sjQLczRhew_000012_000022.mp4,2,crawling baby,29.97,1.84,6.71,55,201,55,128,128,201,,,,,,,,,,,,,,,,,,,,,,,,,,,,,,,,,,,,,,,,,,,,,,,,,,,,,,,,,,,,,,,,,,,,,,,,,,,,,,,,,,,,,,,,,,,,,,,,,,,,,,,,,,,,,,,,,,,,,,,,,,,,,,,,,,,,,,,,,,
3Jv3SNxmihk_000003_000013.mp4,3,crawling baby,6.0,4.0,10.0,24,60,24,36,36,48,48,60,,,,,,,,,,,,,,,,,,,,,,,,,,,,,,,,,,,,,,,,,,,,,,,,,,,,,,,,,,,,,,,,,,,,,,,,,,,,,,,,,,,,,,,,,,,,,,,,,,,,,,,,,,,,,,,,,,,,,,,,,,,,,,,,,,,,,,,,
3YRYRRJyHsA_000118_000128.mp4,8,crawling baby,29.97,0.0,9.98,0,299,0,37,37,75,75,112,112,150,150,187,187,224,224,262,262,299,,,,,,,,,,,,,,,,,,,,,,,,,,,,,,,,,,,,,,,,,,,,,,,,,,,,,,,,,,,,,,,,,,,,,,,,,,,,,,,,,,,,,,,,,,,,,,,,,,,,,,,,,,,,,,,,,,,,,,,,,,,,,,
32usPGD7qLY_000009_000019.mp4,3,crawling baby,30.0,3.77,10.0,113,300,113,175,175,238,238,300,,,,,,,,,,,,,,,,,,,,,,,,,,,,,,,,,,,,,,,,,,,,,,,,,,,,,,,,,,,,,,,,,,,,,,,,,,,,,,,,,,,,,,,,,,,,,,,,,,,,,,,,,,,,,,,,,,,,,,,,,,,,,,,,,,,,,,,,
4Ae6K8793nY_000053_000063.mp4,6,crawling baby,29.93,0.0,7.08,0,212,0,35,35,71,71,106,106,141,141,177,177,212,,,,,,,,,,,,,,,,,,,,,,,,,,,,,,,,,,,,,,,,,,,,,,,,,,,,,,,,,,,,,,,,,,,,,,,,,,,,,,,,,,,,,,,,,,,,,,,,,,,,,,,,,,,,,,,,,,,,,,,,,,,,,,,,,,
4k8UVoOW77k_000019_000029.mp4,4,crawling baby,15.0,0.0,10.0,0,150,0,38,38,75,75,112,112,150,,,,,,,,,,,,,,,,,,,,,,,,,,,,,,,,,,,,,,,,,,,,,,,,,,,,,,,,,,,,,,,,,,,,,,,,,,,,,,,,,,,,,,,,,,,,,,,,,,,,,,,,,,,,,,,,,,,,,,,,,,,,,,,,,,,,,,
6WngoAtttMo_000100_000110.mp4,5,crawling baby,25.0,0.0,9.96,0,249,0,50,50,100,100,149,149,199,199,249,,,,,,,,,,,,,,,,,,,,,,,,,,,,,,,,,,,,,,,,,,,,,,,,,,,,,,,,,,,,,,,,,,,,,,,,,,,,,,,,,,,,,,,,,,,,,,,,,,,,,,,,,,,,,,,,,,,,,,,,,,,,,,,,,,,,
6kQEfIdJk_I_000012_000022.mp4,4,crawling baby,29.66,0.0,3.47,0,103,0,26,26,52,52,77,77,103,,,,,,,,,,,,,,,,,,,,,,,,,,,,,,,,,,,,,,,,,,,,,,,,,,,,,,,,,,,,,,,,,,,,,,,,,,,,,,,,,,,,,,,,,,,,,,,,,,,,,,,,,,,,,,,,,,,,,,,,,,,,,,,,,,,,,,
6kQEfIdJk_I_000012_000022.mp4,3,crawling baby,29.66,7.82,9.98,232,296,232,253,253,275,275,296,,,,,,,,,,,,,,,,,,,,,,,,,,,,,,,,,,,,,,,,,,,,,,,,,,,,,,,,,,,,,,,,,,,,,,,,,,,,,,,,,,,,,,,,,,,,,,,,,,,,,,,,,,,,,,,,,,,,,,,,,,,,,,,,,,,,,,,,
7I8J4rL-9TI_000006_000016.mp4,6,crawling baby,29.97,2.84,9.98,85,299,85,121,121,156,156,192,192,228,228,263,263,299,,,,,,,,,,,,,,,,,,,,,,,,,,,,,,,,,,,,,,,,,,,,,,,,,,,,,,,,,,,,,,,,,,,,,,,,,,,,,,,,,,,,,,,,,,,,,,,,,,,,,,,,,,,,,,,,,,,,,,,,,,,,,,,,,,
7ayg0JZht9U_000044_000054.mp4,5,crawling baby,29.97,0.0,5.51,0,165,0,33,33,66,66,99,99,132,132,165,,,,,,,,,,,,,,,,,,,,,,,,,,,,,,,,,,,,,,,,,,,,,,,,,,,,,,,,,,,,,,,,,,,,,,,,,,,,,,,,,,,,,,,,,,,,,,,,,,,,,,,,,,,,,,,,,,,,,,,,,,,,,,,,,,,,
7ayg0JZht9U_000179_000189.mp4,5,moving baby,29.97,0.0,5.51,0,165,0,33,33,66,66,99,99,132,132,165,,,,,,,,,,,,,,,,,,,,,,,,,,,,,,,,,,,,,,,,,,,,,,,,,,,,,,,,,,,,,,,,,,,,,,,,,,,,,,,,,,,,,,,,,,,,,,,,,,,,,,,,,,,,,,,,,,,,,,,,,,,,,,,,,,,,
8n588SOEjYk_000000_000010.mp4,4,crawling baby,30.0,1.87,4.6,56,138,56,76,76,97,97,118,118,138,,,,,,,,,,,,,,,,,,,,,,,,,,,,,,,,,,,,,,,,,,,,,,,,,,,,,,,,,,,,,,,,,,,,,,,,,,,,,,,,,,,,,,,,,,,,,,,,,,,,,,,,,,,,,,,,,,,,,,,,,,,,,,,,,,,,,,
8n588SOEjYk_000000_000010.mp4,2,crawling baby,30.0,8.2,10.0,246,300,246,273,273,300,,,,,,,,,,,,,,,,,,,,,,,,,,,,,,,,,,,,,,,,,,,,,,,,,,,,,,,,,,,,,,,,,,,,,,,,,,,,,,,,,,,,,,,,,,,,,,,,,,,,,,,,,,,,,,,,,,,,,,,,,,,,,,,,,,,,,,,,,,
8xp5aqYslzs_000030_000040.mp4,2,crawling baby,25.0,2.2,5.6,55,140,55,97,97,140,,,,,,,,,,,,,,,,,,,,,,,,,,,,,,,,,,,,,,,,,,,,,,,,,,,,,,,,,,,,,,,,,,,,,,,,,,,,,,,,,,,,,,,,,,,,,,,,,,,,,,,,,,,,,,,,,,,,,,,,,,,,,,,,,,,,,,,,,,
9tYSBJyneDA_000055_000065.mp4,3,crawling baby,13.01,7.3,9.92,95,129,95,106,106,118,118,129,,,,,,,,,,,,,,,,,,,,,,,,,,,,,,,,,,,,,,,,,,,,,,,,,,,,,,,,,,,,,,,,,,,,,,,,,,,,,,,,,,,,,,,,,,,,,,,,,,,,,,,,,,,,,,,,,,,,,,,,,,,,,,,,,,,,,,,,
9397bFERpb0_000000_000010.mp4,5,crawling baby,29.0,3.24,9.34,94,271,94,129,129,165,165,200,200,236,236,271,,,,,,,,,,,,,,,,,,,,,,,,,,,,,,,,,,,,,,,,,,,,,,,,,,,,,,,,,,,,,,,,,,,,,,,,,,,,,,,,,,,,,,,,,,,,,,,,,,,,,,,,,,,,,,,,,,,,,,,,,,,,,,,,,,,,
-N4NGMyhAn0_000024_000034.mp4,4,crawling baby,10.01,0.0,7.5,0,75,0,19,19,38,38,56,56,75,,,,,,,,,,,,,,,,,,,,,,,,,,,,,,,,,,,,,,,,,,,,,,,,,,,,,,,,,,,,,,,,,,,,,,,,,,,,,,,,,,,,,,,,,,,,,,,,,,,,,,,,,,,,,,,,,,,,,,,,,,,,,,,,,,,,,,
-rneUdOiOAc_000046_000056.mp4,2,crawling baby,29.97,0.83,9.98,25,299,25,162,162,299,,,,,,,,,,,,,,,,,,,,,,,,,,,,,,,,,,,,,,,,,,,,,,,,,,,,,,,,,,,,,,,,,,,,,,,,,,,,,,,,,,,,,,,,,,,,,,,,,,,,,,,,,,,,,,,,,,,,,,,,,,,,,,,,,,,,,,,,,,
ATDDJP74IC8_000065_000075.mp4,24,doing aerobics,30.0,0.0,10.0,0,300,0,12,12,25,25,38,38,50,50,62,62,75,75,88,88,100,100,112,112,125,125,138,138,150,150,162,162,175,175,188,188,200,200,212,212,225,225,238,238,250,250,262,262,275,275,288,288,300,,,,,,,,,,,,,,,,,,,,,,,,,,,,,,,,,,,,,,,,,,,,,,,,,,,,,,,,,,,,,,,,,,,,,,,,,,,,,,,,,,,,,,,,,,,,,,
Afl6gd84mSQ_000018_000028.mp4,7,doing aerobics,14.65,0.0,10.0,0,147,0,21,21,42,42,63,63,84,84,105,105,126,126,147,,,,,,,,,,,,,,,,,,,,,,,,,,,,,,,,,,,,,,,,,,,,,,,,,,,,,,,,,,,,,,,,,,,,,,,,,,,,,,,,,,,,,,,,,,,,,,,,,,,,,,,,,,,,,,,,,,,,,,,,,,,,,,,,
A9J8ltQDn2M_000019_000029.mp4,24,doing aerobics,29.97,0.0,9.98,0,299,0,12,12,25,25,37,37,50,50,62,62,75,75,87,87,100,100,112,112,125,125,137,137,150,150,162,162,174,174,187,187,199,199,212,212,224,224,237,237,249,249,262,262,274,274,287,287,299,,,,,,,,,,,,,,,,,,,,,,,,,,,,,,,,,,,,,,,,,,,,,,,,,,,,,,,,,,,,,,,,,,,,,,,,,,,,,,,,,,,,,,,,,,,,,,
BFhtcfTuhgk_000537_000547.mp4,7,doing aerobics,30.0,0.0,10.0,0,300,0,43,43,86,86,129,129,171,171,214,214,257,257,300,,,,,,,,,,,,,,,,,,,,,,,,,,,,,,,,,,,,,,,,,,,,,,,,,,,,,,,,,,,,,,,,,,,,,,,,,,,,,,,,,,,,,,,,,,,,,,,,,,,,,,,,,,,,,,,,,,,,,,,,,,,,,,,,
B1VRf1Ll4Cs_000220_000230.mp4,18,doing aerobics,25.0,0.0,10.0,0,250,0,14,14,28,28,42,42,56,56,69,69,83,83,97,97,111,111,125,125,139,139,153,153,167,167,181,181,194,194,208,208,222,222,236,236,250,,,,,,,,,,,,,,,,,,,,,,,,,,,,,,,,,,,,,,,,,,,,,,,,,,,,,,,,,,,,,,,,,,,,,,,,,,,,,,,,,,,,,,,,,,,,,,,,,,,,,,,,,,
CZXPdRog-4c_000299_000309.mp4,21,doing aerobics,30.0,0.0,9.97,0,299,0,14,14,28,28,43,43,57,57,71,71,85,85,100,100,114,114,128,128,142,142,157,157,171,171,185,185,199,199,214,214,228,228,242,242,256,256,271,271,285,285,299,,,,,,,,,,,,,,,,,,,,,,,,,,,,,,,,,,,,,,,,,,,,,,,,,,,,,,,,,,,,,,,,,,,,,,,,,,,,,,,,,,,,,,,,,,,,,,,,,,,,
C1lw2n1aRLs_000007_000017.mp4,23,doing aerobics,29.97,0.0,9.98,0,299,0,13,13,26,26,39,39,52,52,65,65,78,78,91,91,104,104,117,117,130,130,143,143,156,156,169,169,182,182,195,195,208,208,221,221,234,234,247,247,260,260,273,273,286,286,299,,,,,,,,,,,,,,,,,,,,,,,,,,,,,,,,,,,,,,,,,,,,,,,,,,,,,,,,,,,,,,,,,,,,,,,,,,,,,,,,,,,,,,,,,,,,,,,,
C9dJpJGBH6I_000118_000128.mp4,18,doing aerobics,25.0,2.48,10.0,62,250,62,72,72,83,83,93,93,104,104,114,114,125,125,135,135,146,146,156,156,166,166,177,177,187,187,198,198,208,208,219,219,229,229,240,240,250,,,,,,,,,,,,,,,,,,,,,,,,,,,,,,,,,,,,,,,,,,,,,,,,,,,,,,,,,,,,,,,,,,,,,,,,,,,,,,,,,,,,,,,,,,,,,,,,,,,,,,,,,,
DKcymdr1jtE_000048_000058.mp4,16,doing aerobics,29.97,0.0,9.98,0,299,0,19,19,37,37,56,56,75,75,93,93,112,112,131,131,150,150,168,168,187,187,206,206,224,224,243,243,262,262,280,280,299,,,,,,,,,,,,,,,,,,,,,,,,,,,,,,,,,,,,,,,,,,,,,,,,,,,,,,,,,,,,,,,,,,,,,,,,,,,,,,,,,,,,,,,,,,,,,,,,,,,,,,,,,,,,,,
Dd2hP4wdyvA_000819_000829.mp4,21,doing aerobics,30.0,0.0,10.0,0,300,0,14,14,29,29,43,43,57,57,71,71,86,86,100,100,114,114,129,129,143,143,157,157,171,171,186,186,200,200,214,214,229,229,243,243,257,257,271,271,286,286,300,,,,,,,,,,,,,,,,,,,,,,,,,,,,,,,,,,,,,,,,,,,,,,,,,,,,,,,,,,,,,,,,,,,,,,,,,,,,,,,,,,,,,,,,,,,,,,,,,,,,
EEHw5t_K1Yg_001137_001147.mp4,23,doing aerobics,25.0,0.0,10.0,0,250,0,11,11,22,22,33,33,43,43,54,54,65,65,76,76,87,87,98,98,109,109,120,120,130,130,141,141,152,152,163,163,174,174,185,185,196,196,207,207,217,217,228,228,239,239,250,,,,,,,,,,,,,,,,,,,,,,,,,,,,,,,,,,,,,,,,,,,,,,,,,,,,,,,,,,,,,,,,,,,,,,,,,,,,,,,,,,,,,,,,,,,,,,,,
EM_ecLYZxP0_000018_000028.mp4,14,doing aerobics,29.97,0.0,9.98,0,299,0,21,21,43,43,64,64,85,85,107,107,128,128,150,150,171,171,192,192,214,214,235,235,256,256,278,278,299,,,,,,,,,,,,,,,,,,,,,,,,,,,,,,,,,,,,,,,,,,,,,,,,,,,,,,,,,,,,,,,,,,,,,,,,,,,,,,,,,,,,,,,,,,,,,,,,,,,,,,,,,,,,,,,,,,
FlMnWVIyChU_000070_000080.mp4,2,doing aerobics,25.0,0.0,5.72,0,143,0,72,72,143,,,,,,,,,,,,,,,,,,,,,,,,,,,,,,,,,,,,,,,,,,,,,,,,,,,,,,,,,,,,,,,,,,,,,,,,,,,,,,,,,,,,,,,,,,,,,,,,,,,,,,,,,,,,,,,,,,,,,,,,,,,,,,,,,,,,,,,,,,
Fl3y9k-gbNA_000216_000226.mp4,21,doing aerobics,29.97,0.0,10.0,0,300,0,14,14,29,29,43,43,57,57,71,71,86,86,100,100,114,114,129,129,143,143,157,157,171,171,186,186,200,200,214,214,229,229,243,243,257,257,271,271,286,286,300,,,,,,,,,,,,,,,,,,,,,,,,,,,,,,,,,,,,,,,,,,,,,,,,,,,,,,,,,,,,,,,,,,,,,,,,,,,,,,,,,,,,,,,,,,,,,,,,,,,,
GppT9SZPnOw_000044_000054.mp4,24,doing aerobics,12.0,0.0,10.0,0,120,0,5,5,10,10,15,15,20,20,25,25,30,30,35,35,40,40,45,45,50,50,55,55,60,60,65,65,70,70,75,75,80,80,85,85,90,90,95,95,100,100,105,105,110,110,115,115,120,,,,,,,,,,,,,,,,,,,,,,,,,,,,,,,,,,,,,,,,,,,,,,,,,,,,,,,,,,,,,,,,,,,,,,,,,,,,,,,,,,,,,,,,,,,,,,
H1fG-chbwE8_000000_000010.mp4,10,doing aerobics,29.97,0.67,9.98,20,299,20,48,48,76,76,104,104,132,132,160,160,187,187,215,215,243,243,271,271,299,,,,,,,,,,,,,,,,,,,,,,,,,,,,,,,,,,,,,,,,,,,,,,,,,,,,,,,,,,,,,,,,,,,,,,,,,,,,,,,,,,,,,,,,,,,,,,,,,,,,,,,,,,,,,,,,,,,,,,,,,,
I4qIQv5QyeQ_000098_000108.mp4,7,doing aerobics,15.0,0.0,10.0,0,150,0,21,21,43,43,64,64,86,86,107,107,129,129,150,,,,,,,,,,,,,,,,,,,,,,,,,,,,,,,,,,,,,,,,,,,,,,,,,,,,,,,,,,,,,,,,,,,,,,,,,,,,,,,,,,,,,,,,,,,,,,,,,,,,,,,,,,,,,,,,,,,,,,,,,,,,,,,,
JZzBMsLQ6is_001372_001382.mp4,19,doing aerobics,29.97,0.0,9.98,0,299,0,16,16,31,31,47,47,63,63,79,79,94,94,110,110,126,126,142,142,157,157,173,173,189,189,205,205,220,220,236,236,252,252,268,268,283,283,299,,,,,,,,,,,,,,,,,,,,,,,,,,,,,,,,,,,,,,,,,,,,,,,,,,,,,,,,,,,,,,,,,,,,,,,,,,,,,,,,,,,,,,,,,,,,,,,,,,,,,,,,
KbfWjwk_NNs_000006_000016.mp4,13,doing aerobics,30.0,0.0,10.0,0,300,0,23,23,46,46,69,69,92,92,115,115,138,138,162,162,185,185,208,208,231,231,254,254,277,277,300,,,,,,,,,,,,,,,,,,,,,,,,,,,,,,,,,,,,,,,,,,,,,,,,,,,,,,,,,,,,,,,,,,,,,,,,,,,,,,,,,,,,,,,,,,,,,,,,,,,,,,,,,,,,,,,,,,,,
Kl4upBjKOT4_000035_000045.mp4,23,doing aerobics,29.86,0.0,9.98,0,298,0,13,13,26,26,39,39,52,52,65,65,78,78,91,91,104,104,117,117,130,130,143,143,155,155,168,168,181,181,194,194,207,207,220,220,233,233,246,246,259,259,272,272,285,285,298,,,,,,,,,,,,,,,,,,,,,,,,,,,,,,,,,,,,,,,,,,,,,,,,,,,,,,,,,,,,,,,,,,,,,,,,,,,,,,,,,,,,,,,,,,,,,,,,
LefVn_6yL74_000000_000010.mp4,21,doing aerobics,24.96,0.0,9.98,0,249,0,12,12,24,24,36,36,47,47,59,59,71,71,83,83,95,95,107,107,119,119,130,130,142,142,154,154,166,166,178,178,190,190,202,202,213,213,225,225,237,237,249,,,,,,,,,,,,,,,,,,,,,,,,,,,,,,,,,,,,,,,,,,,,,,,,,,,,,,,,,,,,,,,,,,,,,,,,,,,,,,,,,,,,,,,,,,,,,,,,,,,,
L6Wx2o5xAPE_000023_000033.mp4,12,doing aerobics,30.0,0.0,10.0,0,300,0,25,25,50,50,75,75,100,100,125,125,150,150,175,175,200,200,225,225,250,250,275,275,300,,,,,,,,,,,,,,,,,,,,,,,,,,,,,,,,,,,,,,,,,,,,,,,,,,,,,,,,,,,,,,,,,,,,,,,,,,,,,,,,,,,,,,,,,,,,,,,,,,,,,,,,,,,,,,,,,,,,,,
MwoJ7PzulxE_000108_000118.mp4,23,doing aerobics,29.97,0.0,10.0,0,300,0,13,13,26,26,39,39,52,52,65,65,78,78,91,91,104,104,117,117,130,130,143,143,157,157,170,170,183,183,196,196,209,209,222,222,235,235,248,248,261,261,274,274,287,287,300,,,,,,,,,,,,,,,,,,,,,,,,,,,,,,,,,,,,,,,,,,,,,,,,,,,,,,,,,,,,,,,,,,,,,,,,,,,,,,,,,,,,,,,,,,,,,,,,
OcWf5uxlCoc_000424_000434.mp4,11,doing aerobics,25.0,0.0,6.24,0,156,0,14,14,28,28,43,43,57,57,71,71,85,85,99,99,113,113,128,128,142,142,156,,,,,,,,,,,,,,,,,,,,,,,,,,,,,,,,,,,,,,,,,,,,,,,,,,,,,,,,,,,,,,,,,,,,,,,,,,,,,,,,,,,,,,,,,,,,,,,,,,,,,,,,,,,,,,,,,,,,,,,,
PUvuIg7yhoc_001196_001206.mp4,22,doing aerobics,29.97,0.0,9.94,0,298,0,14,14,27,27,41,41,54,54,68,68,81,81,95,95,108,108,122,122,135,135,149,149,163,163,176,176,190,190,203,203,217,217,230,230,244,244,257,257,271,271,284,284,298,,,,,,,,,,,,,,,,,,,,,,,,,,,,,,,,,,,,,,,,,,,,,,,,,,,,,,,,,,,,,,,,,,,,,,,,,,,,,,,,,,,,,,,,,,,,,,,,,,
PogBIhnUpcI_000058_000068.mp4,21,doing aerobics,29.97,0.0,9.94,0,298,0,14,14,28,28,43,43,57,57,71,71,85,85,99,99,114,114,128,128,142,142,156,156,170,170,184,184,199,199,213,213,227,227,241,241,255,255,270,270,284,284,298,,,,,,,,,,,,,,,,,,,,,,,,,,,,,,,,,,,,,,,,,,,,,,,,,,,,,,,,,,,,,,,,,,,,,,,,,,,,,,,,,,,,,,,,,,,,,,,,,,,,
Q0RohD3pWxQ_000073_000083.mp4,24,doing aerobics,10.0,0.0,10.0,0,100,0,4,4,8,8,12,12,17,17,21,21,25,25,29,29,33,33,38,38,42,42,46,46,50,50,54,54,58,58,62,62,67,67,71,71,75,75,79,79,83,83,88,88,92,92,96,96,100,,,,,,,,,,,,,,,,,,,,,,,,,,,,,,,,,,,,,,,,,,,,,,,,,,,,,,,,,,,,,,,,,,,,,,,,,,,,,,,,,,,,,,,,,,,,,,
RiF93YZ16xE_000571_000581.mp4,22,doing aerobics,25.0,0.0,10.0,0,250,0,11,11,23,23,34,34,45,45,57,57,68,68,80,80,91,91,102,102,114,114,125,125,136,136,148,148,159,159,170,170,182,182,193,193,205,205,216,216,227,227,239,239,250,,,,,,,,,,,,,,,,,,,,,,,,,,,,,,,,,,,,,,,,,,,,,,,,,,,,,,,,,,,,,,,,,,,,,,,,,,,,,,,,,,,,,,,,,,,,,,,,,,
RtvkWERgCHo_000003_000013.mp4,8,doing aerobics,29.97,1.7,9.98,51,299,51,82,82,113,113,144,144,175,175,206,206,237,237,268,268,299,,,,,,,,,,,,,,,,,,,,,,,,,,,,,,,,,,,,,,,,,,,,,,,,,,,,,,,,,,,,,,,,,,,,,,,,,,,,,,,,,,,,,,,,,,,,,,,,,,,,,,,,,,,,,,,,,,,,,,,,,,,,,,
TKvq6gV8D6c_000045_000055.mp4,31,doing aerobics,28.95,0.0,9.98,0,289,0,9,9,19,19,28,28,37,37,47,47,56,56,65,65,75,75,84,84,93,93,103,103,112,112,121,121,131,131,140,140,149,149,158,158,168,168,177,177,186,186,196,196,205,205,214,214,224,224,233,233,242,242,252,252,261,261,270,270,280,280,289,,,,,,,,,,,,,,,,,,,,,,,,,,,,,,,,,,,,,,,,,,,,,,,,,,,,,,,,,,,,,,,,,,,,,,,,,,,,,,,,
TWPAfmhOBi0_000124_000134.mp4,20,doing aerobics,29.94,0.0,7.95,0,238,0,12,12,24,24,36,36,48,48,60,60,71,71,83,83,95,95,107,107,119,119,131,131,143,143,155,155,167,167,178,178,190,190,202,202,214,214,226,226,238,,,,,,,,,,,,,,,,,,,,,,,,,,,,,,,,,,,,,,,,,,,,,,,,,,,,,,,,,,,,,,,,,,,,,,,,,,,,,,,,,,,,,,,,,,,,,,,,,,,,,,
TavIkmlIb2k_000044_000054.mp4,15,doing aerobics,29.97,0.0,6.81,0,204,0,14,14,27,27,41,41,54,54,68,68,82,82,95,95,109,109,122,122,136,136,150,150,163,163,177,177,190,190,204,,,,,,,,,,,,,,,,,,,,,,,,,,,,,,,,,,,,,,,,,,,,,,,,,,,,,,,,,,,,,,,,,,,,,,,,,,,,,,,,,,,,,,,,,,,,,,,,,,,,,,,,,,,,,,,,
TavIkmlIb2k_000044_000054.mp4,6,doing aerobics,29.97,8.27,9.98,248,299,248,256,256,265,265,274,274,282,282,290,290,299,,,,,,,,,,,,,,,,,,,,,,,,,,,,,,,,,,,,,,,,,,,,,,,,,,,,,,,,,,,,,,,,,,,,,,,,,,,,,,,,,,,,,,,,,,,,,,,,,,,,,,,,,,,,,,,,,,,,,,,,,,,,,,,,,,
UuRwkAoHAeg_000578_000588.mp4,13,doing aerobics,30.0,0.0,10.0,0,300,0,23,23,46,46,69,69,92,92,115,115,138,138,162,162,185,185,208,208,231,231,254,254,277,277,300,,,,,,,,,,,,,,,,,,,,,,,,,,,,,,,,,,,,,,,,,,,,,,,,,,,,,,,,,,,,,,,,,,,,,,,,,,,,,,,,,,,,,,,,,,,,,,,,,,,,,,,,,,,,,,,,,,,,
Vdnuind_J44_000117_000127.mp4,19,doing aerobics,29.97,0.0,9.98,0,299,0,16,16,31,31,47,47,63,63,79,79,94,94,110,110,126,126,142,142,157,157,173,173,189,189,205,205,220,220,236,236,252,252,268,268,283,283,299,,,,,,,,,,,,,,,,,,,,,,,,,,,,,,,,,,,,,,,,,,,,,,,,,,,,,,,,,,,,,,,,,,,,,,,,,,,,,,,,,,,,,,,,,,,,,,,,,,,,,,,,
VvC3LdE_JsE_000121_000131.mp4,27,doing aerobics,30.0,0.0,10.0,0,300,0,11,11,22,22,33,33,44,44,56,56,67,67,78,78,89,89,100,100,111,111,122,122,133,133,144,144,156,156,167,167,178,178,189,189,200,200,211,211,222,222,233,233,244,244,256,256,267,267,278,278,289,289,300,,,,,,,,,,,,,,,,,,,,,,,,,,,,,,,,,,,,,,,,,,,,,,,,,,,,,,,,,,,,,,,,,,,,,,,,,,,,,,,,,,,,,,,,
WJhNKZT_lPA_000340_000350.mp4,14,doing aerobics,30.0,0.0,10.0,0,300,0,21,21,43,43,64,64,86,86,107,107,129,129,150,150,171,171,193,193,214,214,236,236,257,257,279,279,300,,,,,,,,,,,,,,,,,,,,,,,,,,,,,,,,,,,,,,,,,,,,,,,,,,,,,,,,,,,,,,,,,,,,,,,,,,,,,,,,,,,,,,,,,,,,,,,,,,,,,,,,,,,,,,,,,,
Xesowurc8so_000653_000663.mp4,26,doing aerobics,60.0,0.0,10.0,0,600,0,23,23,46,46,69,69,92,92,115,115,138,138,162,162,185,185,208,208,231,231,254,254,277,277,300,300,323,323,346,346,369,369,392,392,415,415,438,438,462,462,485,485,508,508,531,531,554,554,577,577,600,,,,,,,,,,,,,,,,,,,,,,,,,,,,,,,,,,,,,,,,,,,,,,,,,,,,,,,,,,,,,,,,,,,,,,,,,,,,,,,,,,,,,,,,,,
Xg6_qpk2_PM_000567_000577.mp4,22,doing aerobics,30.0,0.0,10.0,0,300,0,14,14,27,27,41,41,55,55,68,68,82,82,95,95,109,109,123,123,136,136,150,150,164,164,177,177,191,191,205,205,218,218,232,232,245,245,259,259,273,273,286,286,300,,,,,,,,,,,,,,,,,,,,,,,,,,,,,,,,,,,,,,,,,,,,,,,,,,,,,,,,,,,,,,,,,,,,,,,,,,,,,,,,,,,,,,,,,,,,,,,,,,
YDMMwrXAeQo_000045_000055.mp4,21,doing aerobics,29.92,0.0,9.99,0,299,0,14,14,28,28,43,43,57,57,71,71,85,85,100,100,114,114,128,128,142,142,157,157,171,171,185,185,199,199,214,214,228,228,242,242,256,256,271,271,285,285,299,,,,,,,,,,,,,,,,,,,,,,,,,,,,,,,,,,,,,,,,,,,,,,,,,,,,,,,,,,,,,,,,,,,,,,,,,,,,,,,,,,,,,,,,,,,,,,,,,,,,
Y_8yiiAylK4_000028_000038.mp4,24,doing aerobics,29.97,0.0,9.94,0,298,0,12,12,25,25,37,37,50,50,62,62,74,74,87,87,99,99,112,112,124,124,137,137,149,149,161,161,174,174,186,186,199,199,211,211,224,224,236,236,248,248,261,261,273,273,286,286,298,,,,,,,,,,,,,,,,,,,,,,,,,,,,,,,,,,,,,,,,,,,,,,,,,,,,,,,,,,,,,,,,,,,,,,,,,,,,,,,,,,,,,,,,,,,,,,
ZdQt8mkOS24_000006_000016.mp4,6,doing aerobics,20.0,0.0,3.25,0,65,0,11,11,22,22,32,32,43,43,54,54,65,,,,,,,,,,,,,,,,,,,,,,,,,,,,,,,,,,,,,,,,,,,,,,,,,,,,,,,,,,,,,,,,,,,,,,,,,,,,,,,,,,,,,,,,,,,,,,,,,,,,,,,,,,,,,,,,,,,,,,,,,,,,,,,,,,
ZdQt8mkOS24_000006_000016.mp4,4,doing aerobics,20.0,5.03,10.0,101,200,101,126,126,151,151,175,175,200,,,,,,,,,,,,,,,,,,,,,,,,,,,,,,,,,,,,,,,,,,,,,,,,,,,,,,,,,,,,,,,,,,,,,,,,,,,,,,,,,,,,,,,,,,,,,,,,,,,,,,,,,,,,,,,,,,,,,,,,,,,,,,,,,,,,,,
aCRWQIdzVis_000011_000021.mp4,12,doing aerobics,25.0,0.0,10.0,0,250,0,21,21,42,42,62,62,83,83,104,104,125,125,146,146,167,167,188,188,208,208,229,229,250,,,,,,,,,,,,,,,,,,,,,,,,,,,,,,,,,,,,,,,,,,,,,,,,,,,,,,,,,,,,,,,,,,,,,,,,,,,,,,,,,,,,,,,,,,,,,,,,,,,,,,,,,,,,,,,,,,,,,,
aEuMovRpBwY_000056_000066.mp4,24,doing aerobics,24.0,0.0,10.0,0,240,0,10,10,20,20,30,30,40,40,50,50,60,60,70,70,80,80,90,90,100,100,110,110,120,120,130,130,140,140,150,150,160,160,170,170,180,180,190,190,200,200,210,210,220,220,230,230,240,,,,,,,,,,,,,,,,,,,,,,,,,,,,,,,,,,,,,,,,,,,,,,,,,,,,,,,,,,,,,,,,,,,,,,,,,,,,,,,,,,,,,,,,,,,,,,
agJXUogriz0_000318_000328.mp4,24,doing aerobics,25.0,0.0,10.0,0,250,0,10,10,21,21,31,31,42,42,52,52,62,62,73,73,83,83,94,94,104,104,115,115,125,125,135,135,146,146,156,156,167,167,177,177,188,188,198,198,208,208,219,219,229,229,240,240,250,,,,,,,,,,,,,,,,,,,,,,,,,,,,,,,,,,,,,,,,,,,,,,,,,,,,,,,,,,,,,,,,,,,,,,,,,,,,,,,,,,,,,,,,,,,,,,
bVZMdZ60ZfM_000045_000055.mp4,20,doing aerobics,29.97,0.0,9.98,0,299,0,15,15,30,30,45,45,60,60,75,75,90,90,105,105,120,120,135,135,150,150,164,164,179,179,194,194,209,209,224,224,239,239,254,254,269,269,284,284,299,,,,,,,,,,,,,,,,,,,,,,,,,,,,,,,,,,,,,,,,,,,,,,,,,,,,,,,,,,,,,,,,,,,,,,,,,,,,,,,,,,,,,,,,,,,,,,,,,,,,,,
b50CUjnIARs_000089_000099.mp4,33,doing aerobics,30.0,0.0,10.0,0,300,0,9,9,18,18,27,27,36,36,45,45,55,55,64,64,73,73,82,82,91,91,100,100,109,109,118,118,127,127,136,136,145,145,155,155,164,164,173,173,182,182,191,191,200,200,209,209,218,218,227,227,236,236,245,245,255,255,264,264,273,273,282,282,291,291,300,,,,,,,,,,,,,,,,,,,,,,,,,,,,,,,,,,,,,,,,,,,,,,,,,,,,,,,,,,,,,,,,,,,,,,,,,,,,
b6TmGdNJA_k_000122_000132.mp4,28,doing aerobics,30.0,0.0,10.0,0,300,0,11,11,21,21,32,32,43,43,54,54,64,64,75,75,86,86,96,96,107,107,118,118,129,129,139,139,150,150,161,161,171,171,182,182,193,193,204,204,214,214,225,225,236,236,246,246,257,257,268,268,279,279,289,289,300,,,,,,,,,,,,,,,,,,,,,,,,,,,,,,,,,,,,,,,,,,,,,,,,,,,,,,,,,,,,,,,,,,,,,,,,,,,,,,,,,,,,,,
cgc7MlWNHHg_000121_000131.mp4,23,doing aerobics,25.0,0.0,10.0,0,250,0,11,11,22,22,33,33,43,43,54,54,65,65,76,76,87,87,98,98,109,109,120,120,130,130,141,141,152,152,163,163,174,174,185,185,196,196,207,207,217,217,228,228,239,239,250,,,,,,,,,,,,,,,,,,,,,,,,,,,,,,,,,,,,,,,,,,,,,,,,,,,,,,,,,,,,,,,,,,,,,,,,,,,,,,,,,,,,,,,,,,,,,,,,
cpMDvqouKWE_000045_000055.mp4,10,doing aerobics,23.98,0.42,6.05,10,145,10,24,24,37,37,50,50,64,64,78,78,91,91,104,104,118,118,132,132,145,,,,,,,,,,,,,,,,,,,,,,,,,,,,,,,,,,,,,,,,,,,,,,,,,,,,,,,,,,,,,,,,,,,,,,,,,,,,,,,,,,,,,,,,,,,,,,,,,,,,,,,,,,,,,,,,,,,,,,,,,,
cpMDvqouKWE_000045_000055.mp4,4,doing aerobics,23.98,7.47,9.05,179,217,179,189,189,198,198,207,207,217,,,,,,,,,,,,,,,,,,,,,,,,,,,,,,,,,,,,,,,,,,,,,,,,,,,,,,,,,,,,,,,,,,,,,,,,,,,,,,,,,,,,,,,,,,,,,,,,,,,,,,,,,,,,,,,,,,,,,,,,,,,,,,,,,,,,,,
crTN5uCkrt8_000060_000070.mp4,25,doing aerobics,30.0,0.0,10.0,0,300,0,12,12,24,24,36,36,48,48,60,60,72,72,84,84,96,96,108,108,120,120,132,132,144,144,156,156,168,168,180,180,192,192,204,204,216,216,228,228,240,240,252,252,264,264,276,276,288,288,300,,,,,,,,,,,,,,,,,,,,,,,,,,,,,,,,,,,,,,,,,,,,,,,,,,,,,,,,,,,,,,,,,,,,,,,,,,,,,,,,,,,,,,,,,,,,
dAqKuS5VgOA_000028_000038.mp4,26,doing aerobics,24.0,0.0,10.0,0,240,0,9,9,18,18,28,28,37,37,46,46,55,55,65,65,74,74,83,83,92,92,102,102,111,111,120,120,129,129,138,138,148,148,157,157,166,166,175,175,185,185,194,194,203,203,212,212,222,222,231,231,240,,,,,,,,,,,,,,,,,,,,,,,,,,,,,,,,,,,,,,,,,,,,,,,,,,,,,,,,,,,,,,,,,,,,,,,,,,,,,,,,,,,,,,,,,,
dFetYd22UfI_000019_000029.mp4,14,doing aerobics,30.0,0.0,10.0,0,300,0,21,21,43,43,64,64,86,86,107,107,129,129,150,150,171,171,193,193,214,214,236,236,257,257,279,279,300,,,,,,,,,,,,,,,,,,,,,,,,,,,,,,,,,,,,,,,,,,,,,,,,,,,,,,,,,,,,,,,,,,,,,,,,,,,,,,,,,,,,,,,,,,,,,,,,,,,,,,,,,,,,,,,,,,
dMTzsjy2zsk_000877_000887.mp4,38,doing aerobics,29.97,0.0,9.98,0,299,0,8,8,16,16,24,24,31,31,39,39,47,47,55,55,63,63,71,71,79,79,87,87,94,94,102,102,110,110,118,118,126,126,134,134,142,142,150,150,157,157,165,165,173,173,181,181,189,189,197,197,205,205,212,212,220,220,228,228,236,236,244,244,252,252,260,260,268,268,275,275,283,283,291,291,299,,,,,,,,,,,,,,,,,,,,,,,,,,,,,,,,,,,,,,,,,,,,,,,,,,,,,,,,,,,,,,,,,,
dZM_-3TtY3g_000194_000204.mp4,22,doing aerobics,14.91,0.0,9.94,0,148,0,7,7,13,13,20,20,27,27,34,34,40,40,47,47,54,54,61,61,67,67,74,74,81,81,87,87,94,94,101,101,108,108,114,114,121,121,128,128,135,135,141,141,148,,,,,,,,,,,,,,,,,,,,,,,,,,,,,,,,,,,,,,,,,,,,,,,,,,,,,,,,,,,,,,,,,,,,,,,,,,,,,,,,,,,,,,,,,,,,,,,,,,
eoURyQLqZ7o_000004_000014.mp4,22,doing aerobics,25.0,0.0,10.0,0,250,0,11,11,23,23,34,34,45,45,57,57,68,68,80,80,91,91,102,102,114,114,125,125,136,136,148,148,159,159,170,170,182,182,193,193,205,205,216,216,227,227,239,239,250,,,,,,,,,,,,,,,,,,,,,,,,,,,,,,,,,,,,,,,,,,,,,,,,,,,,,,,,,,,,,,,,,,,,,,,,,,,,,,,,,,,,,,,,,,,,,,,,,,
e3zQhxxA7dg_000142_000152.mp4,17,doing aerobics,11.21,0.0,8.83,0,99,0,6,6,12,12,17,17,23,23,29,29,35,35,41,41,47,47,52,52,58,58,64,64,70,70,76,76,82,82,87,87,93,93,99,,,,,,,,,,,,,,,,,,,,,,,,,,,,,,,,,,,,,,,,,,,,,,,,,,,,,,,,,,,,,,,,,,,,,,,,,,,,,,,,,,,,,,,,,,,,,,,,,,,,,,,,,,,,
fUSU3h3ZVKs_000046_000056.mp4,21,doing aerobics,30.0,0.0,10.0,0,300,0,14,14,29,29,43,43,57,57,71,71,86,86,100,100,114,114,129,129,143,143,157,157,171,171,186,186,200,200,214,214,229,229,243,243,257,257,271,271,286,286,300,,,,,,,,,,,,,,,,,,,,,,,,,,,,,,,,,,,,,,,,,,,,,,,,,,,,,,,,,,,,,,,,,,,,,,,,,,,,,,,,,,,,,,,,,,,,,,,,,,,,
g5tY2qJFRUU_000012_000022.mp4,22,doing aerobics,30.0,0.0,10.0,0,300,0,14,14,27,27,41,41,55,55,68,68,82,82,95,95,109,109,123,123,136,136,150,150,164,164,177,177,191,191,205,205,218,218,232,232,245,245,259,259,273,273,286,286,300,,,,,,,,,,,,,,,,,,,,,,,,,,,,,,,,,,,,,,,,,,,,,,,,,,,,,,,,,,,,,,,,,,,,,,,,,,,,,,,,,,,,,,,,,,,,,,,,,,
hdlLN_sPveA_000070_000080.mp4,25,doing aerobics,29.92,0.0,9.96,0,298,0,12,12,24,24,36,36,48,48,60,60,72,72,83,83,95,95,107,107,119,119,131,131,143,143,155,155,167,167,179,179,191,191,203,203,215,215,226,226,238,238,250,250,262,262,274,274,286,286,298,,,,,,,,,,,,,,,,,,,,,,,,,,,,,,,,,,,,,,,,,,,,,,,,,,,,,,,,,,,,,,,,,,,,,,,,,,,,,,,,,,,,,,,,,,,,
iavx1EDFQ94_000019_000029.mp4,22,doing aerobics,30.0,0.0,10.0,0,300,0,14,14,27,27,41,41,55,55,68,68,82,82,95,95,109,109,123,123,136,136,150,150,164,164,177,177,191,191,205,205,218,218,232,232,245,245,259,259,273,273,286,286,300,,,,,,,,,,,,,,,,,,,,,,,,,,,,,,,,,,,,,,,,,,,,,,,,,,,,,,,,,,,,,,,,,,,,,,,,,,,,,,,,,,,,,,,,,,,,,,,,,,
ioD-ahOmWAI_000669_000679.mp4,23,doing aerobics,25.0,0.0,10.0,0,250,0,11,11,22,22,33,33,43,43,54,54,65,65,76,76,87,87,98,98,109,109,120,120,130,130,141,141,152,152,163,163,174,174,185,185,196,196,207,207,217,217,228,228,239,239,250,,,,,,,,,,,,,,,,,,,,,,,,,,,,,,,,,,,,,,,,,,,,,,,,,,,,,,,,,,,,,,,,,,,,,,,,,,,,,,,,,,,,,,,,,,,,,,,,
jpX3Bmi7ieU_000205_000215.mp4,25,doing aerobics,30.0,0.0,10.0,0,300,0,12,12,24,24,36,36,48,48,60,60,72,72,84,84,96,96,108,108,120,120,132,132,144,144,156,156,168,168,180,180,192,192,204,204,216,216,228,228,240,240,252,252,264,264,276,276,288,288,300,,,,,,,,,,,,,,,,,,,,,,,,,,,,,,,,,,,,,,,,,,,,,,,,,,,,,,,,,,,,,,,,,,,,,,,,,,,,,,,,,,,,,,,,,,,,
l-1DjV5qJwk_000049_000059.mp4,11,doing aerobics,28.88,0.0,9.97,0,288,0,26,26,52,52,79,79,105,105,131,131,157,157,183,183,209,209,236,236,262,262,288,,,,,,,,,,,,,,,,,,,,,,,,,,,,,,,,,,,,,,,,,,,,,,,,,,,,,,,,,,,,,,,,,,,,,,,,,,,,,,,,,,,,,,,,,,,,,,,,,,,,,,,,,,,,,,,,,,,,,,,,
mhm0vzypDrg_000177_000187.mp4,22,doing aerobics,9.96,0.0,10.0,0,100,0,5,5,9,9,14,14,18,18,23,23,27,27,32,32,36,36,41,41,45,45,50,50,55,55,59,59,64,64,68,68,73,73,77,77,82,82,86,86,91,91,95,95,100,,,,,,,,,,,,,,,,,,,,,,,,,,,,,,,,,,,,,,,,,,,,,,,,,,,,,,,,,,,,,,,,,,,,,,,,,,,,,,,,,,,,,,,,,,,,,,,,,,
n6CkzcCjQ1Q_000050_000060.mp4,21,doing aerobics,25.0,0.0,10.0,0,250,0,12,12,24,24,36,36,48,48,60,60,71,71,83,83,95,95,107,107,119,119,131,131,143,143,155,155,167,167,179,179,190,190,202,202,214,214,226,226,238,238,250,,,,,,,,,,,,,,,,,,,,,,,,,,,,,,,,,,,,,,,,,,,,,,,,,,,,,,,,,,,,,,,,,,,,,,,,,,,,,,,,,,,,,,,,,,,,,,,,,,,,
oHu_zqDufK8_001478_001488.mp4,9,doing aerobics,25.0,0.0,10.0,0,250,0,28,28,56,56,83,83,111,111,139,139,167,167,194,194,222,222,250,,,,,,,,,,,,,,,,,,,,,,,,,,,,,,,,,,,,,,,,,,,,,,,,,,,,,,,,,,,,,,,,,,,,,,,,,,,,,,,,,,,,,,,,,,,,,,,,,,,,,,,,,,,,,,,,,,,,,,,,,,,,
ottbWgK20Ig_000058_000068.mp4,24,doing aerobics,29.89,0.0,9.96,0,298,0,12,12,25,25,37,37,50,50,62,62,74,74,87,87,99,99,112,112,124,124,137,137,149,149,161,161,174,174,186,186,199,199,211,211,224,224,236,236,248,248,261,261,273,273,286,286,298,,,,,,,,,,,,,,,,,,,,,,,,,,,,,,,,,,,,,,,,,,,,,,,,,,,,,,,,,,,,,,,,,,,,,,,,,,,,,,,,,,,,,,,,,,,,,,
pgeg-4gAclM_000056_000066.mp4,24,doing aerobics,15.0,0.0,10.0,0,150,0,6,6,12,12,19,19,25,25,31,31,38,38,44,44,50,50,56,56,62,62,69,69,75,75,81,81,88,88,94,94,100,100,106,106,112,112,119,119,125,125,131,131,138,138,144,144,150,,,,,,,,,,,,,,,,,,,,,,,,,,,,,,,,,,,,,,,,,,,,,,,,,,,,,,,,,,,,,,,,,,,,,,,,,,,,,,,,,,,,,,,,,,,,,,
qgakFCSCtbM_000144_000154.mp4,22,doing aerobics,30.0,0.0,10.0,0,300,0,14,14,27,27,41,41,55,55,68,68,82,82,95,95,109,109,123,123,136,136,150,150,164,164,177,177,191,191,205,205,218,218,232,232,245,245,259,259,273,273,286,286,300,,,,,,,,,,,,,,,,,,,,,,,,,,,,,,,,,,,,,,,,,,,,,,,,,,,,,,,,,,,,,,,,,,,,,,,,,,,,,,,,,,,,,,,,,,,,,,,,,,
qpCFQzvZPdQ_000900_000910.mp4,23,doing aerobics,25.0,0.0,10.0,0,250,0,11,11,22,22,33,33,43,43,54,54,65,65,76,76,87,87,98,98,109,109,120,120,130,130,141,141,152,152,163,163,174,174,185,185,196,196,207,207,217,217,228,228,239,239,250,,,,,,,,,,,,,,,,,,,,,,,,,,,,,,,,,,,,,,,,,,,,,,,,,,,,,,,,,,,,,,,,,,,,,,,,,,,,,,,,,,,,,,,,,,,,,,,,
q7JMYHGpB2I_000022_000032.mp4,5,doing aerobics,29.97,0.0,8.11,0,243,0,49,49,97,97,146,146,194,194,243,,,,,,,,,,,,,,,,,,,,,,,,,,,,,,,,,,,,,,,,,,,,,,,,,,,,,,,,,,,,,,,,,,,,,,,,,,,,,,,,,,,,,,,,,,,,,,,,,,,,,,,,,,,,,,,,,,,,,,,,,,,,,,,,,,,,
r8n055x4FyU_000127_000137.mp4,21,doing aerobics,29.97,0.0,9.94,0,298,0,14,14,28,28,43,43,57,57,71,71,85,85,99,99,114,114,128,128,142,142,156,156,170,170,184,184,199,199,213,213,227,227,241,241,255,255,270,270,284,284,298,,,,,,,,,,,,,,,,,,,,,,,,,,,,,,,,,,,,,,,,,,,,,,,,,,,,,,,,,,,,,,,,,,,,,,,,,,,,,,,,,,,,,,,,,,,,,,,,,,,,
r-h3COEO7Ew_001682_001692.mp4,17,doing aerobics,23.98,0.0,9.97,0,239,0,14,14,28,28,42,42,56,56,70,70,84,84,98,98,112,112,127,127,141,141,155,155,169,169,183,183,197,197,211,211,225,225,239,,,,,,,,,,,,,,,,,,,,,,,,,,,,,,,,,,,,,,,,,,,,,,,,,,,,,,,,,,,,,,,,,,,,,,,,,,,,,,,,,,,,,,,,,,,,,,,,,,,,,,,,,,,,
se5lPyo7zQM_000136_000146.mp4,10,doing aerobics,30.0,0.0,10.0,0,300,0,30,30,60,60,90,90,120,120,150,150,180,180,210,210,240,240,270,270,300,,,,,,,,,,,,,,,,,,,,,,,,,,,,,,,,,,,,,,,,,,,,,,,,,,,,,,,,,,,,,,,,,,,,,,,,,,,,,,,,,,,,,,,,,,,,,,,,,,,,,,,,,,,,,,,,,,,,,,,,,,
s3KAJFmFizk_000021_000031.mp4,24,doing aerobics,30.0,0.0,10.0,0,300,0,12,12,25,25,38,38,50,50,62,62,75,75,88,88,100,100,112,112,125,125,138,138,150,150,162,162,175,175,188,188,200,200,212,212,225,225,238,238,250,250,262,262,275,275,288,288,300,,,,,,,,,,,,,,,,,,,,,,,,,,,,,,,,,,,,,,,,,,,,,,,,,,,,,,,,,,,,,,,,,,,,,,,,,,,,,,,,,,,,,,,,,,,,,,
s_Kfn3uJcfk_000158_000168.mp4,22,doing aerobics,30.0,0.0,10.0,0,300,0,14,14,27,27,41,41,55,55,68,68,82,82,95,95,109,109,123,123,136,136,150,150,164,164,177,177,191,191,205,205,218,218,232,232,245,245,259,259,273,273,286,286,300,,,,,,,,,,,,,,,,,,,,,,,,,,,,,,,,,,,,,,,,,,,,,,,,,,,,,,,,,,,,,,,,,,,,,,,,,,,,,,,,,,,,,,,,,,,,,,,,,,
uaUr8yOJZVg_000018_000028.mp4,18,doing aerobics,25.0,0.0,10.0,0,250,0,14,14,28,28,42,42,56,56,69,69,83,83,97,97,111,111,125,125,139,139,153,153,167,167,181,181,194,194,208,208,222,222,236,236,250,,,,,,,,,,,,,,,,,,,,,,,,,,,,,,,,,,,,,,,,,,,,,,,,,,,,,,,,,,,,,,,,,,,,,,,,,,,,,,,,,,,,,,,,,,,,,,,,,,,,,,,,,,
vJ7lHh95qNg_000041_000051.mp4,23,doing aerobics,15.0,0.0,10.0,0,150,0,7,7,13,13,20,20,26,26,33,33,39,39,46,46,52,52,59,59,65,65,72,72,78,78,85,85,91,91,98,98,104,104,111,111,117,117,124,124,130,130,137,137,143,143,150,,,,,,,,,,,,,,,,,,,,,,,,,,,,,,,,,,,,,,,,,,,,,,,,,,,,,,,,,,,,,,,,,,,,,,,,,,,,,,,,,,,,,,,,,,,,,,,,
wu69gv_FSQw_000035_000045.mp4,6,doing aerobics,10.0,0.0,9.7,0,97,0,16,16,32,32,48,48,65,65,81,81,97,,,,,,,,,,,,,,,,,,,,,,,,,,,,,,,,,,,,,,,,,,,,,,,,,,,,,,,,,,,,,,,,,,,,,,,,,,,,,,,,,,,,,,,,,,,,,,,,,,,,,,,,,,,,,,,,,,,,,,,,,,,,,,,,,,
w-BZt6E3wsQ_000000_000005.mp4,11,doing aerobics,30.0,0.0,5.0,0,150,0,14,14,27,27,41,41,55,55,68,68,82,82,95,95,109,109,123,123,136,136,150,,,,,,,,,,,,,,,,,,,,,,,,,,,,,,,,,,,,,,,,,,,,,,,,,,,,,,,,,,,,,,,,,,,,,,,,,,,,,,,,,,,,,,,,,,,,,,,,,,,,,,,,,,,,,,,,,,,,,,,,
xWft-SMRK20_002207_002217.mp4,10,doing aerobics,25.0,0.0,9.84,0,246,0,25,25,49,49,74,74,98,98,123,123,148,148,172,172,197,197,221,221,246,,,,,,,,,,,,,,,,,,,,,,,,,,,,,,,,,,,,,,,,,,,,,,,,,,,,,,,,,,,,,,,,,,,,,,,,,,,,,,,,,,,,,,,,,,,,,,,,,,,,,,,,,,,,,,,,,,,,,,,,,,
yDOxjKHldzU_000255_000265.mp4,22,doing aerobics,30.0,0.0,10.0,0,300,0,14,14,27,27,41,41,55,55,68,68,82,82,95,95,109,109,123,123,136,136,150,150,164,164,177,177,191,191,205,205,218,218,232,232,245,245,259,259,273,273,286,286,300,,,,,,,,,,,,,,,,,,,,,,,,,,,,,,,,,,,,,,,,,,,,,,,,,,,,,,,,,,,,,,,,,,,,,,,,,,,,,,,,,,,,,,,,,,,,,,,,,,
1f6lWIFWRFI_000308_000318.mp4,11,doing aerobics,29.97,0.0,9.98,0,299,0,27,27,54,54,82,82,109,109,136,136,163,163,190,190,217,217,245,245,272,272,299,,,,,,,,,,,,,,,,,,,,,,,,,,,,,,,,,,,,,,,,,,,,,,,,,,,,,,,,,,,,,,,,,,,,,,,,,,,,,,,,,,,,,,,,,,,,,,,,,,,,,,,,,,,,,,,,,,,,,,,,
2byHRa3lf8k_000033_000043.mp4,24,doing aerobics,25.0,0.0,10.0,0,250,0,10,10,21,21,31,31,42,42,52,52,62,62,73,73,83,83,94,94,104,104,115,115,125,125,135,135,146,146,156,156,167,167,177,177,188,188,198,198,208,208,219,219,229,229,240,240,250,,,,,,,,,,,,,,,,,,,,,,,,,,,,,,,,,,,,,,,,,,,,,,,,,,,,,,,,,,,,,,,,,,,,,,,,,,,,,,,,,,,,,,,,,,,,,,
2mPYBYGmLug_000039_000049.mp4,33,doing aerobics,29.97,0.0,9.98,0,299,0,9,9,18,18,27,27,36,36,45,45,54,54,63,63,72,72,82,82,91,91,100,100,109,109,118,118,127,127,136,136,145,145,154,154,163,163,172,172,181,181,190,190,199,199,208,208,217,217,227,227,236,236,245,245,254,254,263,263,272,272,281,281,290,290,299,,,,,,,,,,,,,,,,,,,,,,,,,,,,,,,,,,,,,,,,,,,,,,,,,,,,,,,,,,,,,,,,,,,,,,,,,,,,
3UjE2KW2glc_000020_000030.mp4,24,doing aerobics,30.0,0.0,10.0,0,300,0,12,12,25,25,38,38,50,50,62,62,75,75,88,88,100,100,112,112,125,125,138,138,150,150,162,162,175,175,188,188,200,200,212,212,225,225,238,238,250,250,262,262,275,275,288,288,300,,,,,,,,,,,,,,,,,,,,,,,,,,,,,,,,,,,,,,,,,,,,,,,,,,,,,,,,,,,,,,,,,,,,,,,,,,,,,,,,,,,,,,,,,,,,,,
3cdNkjr-7Nw_000070_000080.mp4,23,doing aerobics,19.83,0.0,9.98,0,198,0,9,9,17,17,26,26,34,34,43,43,52,52,60,60,69,69,77,77,86,86,95,95,103,103,112,112,121,121,129,129,138,138,146,146,155,155,164,164,172,172,181,181,189,189,198,,,,,,,,,,,,,,,,,,,,,,,,,,,,,,,,,,,,,,,,,,,,,,,,,,,,,,,,,,,,,,,,,,,,,,,,,,,,,,,,,,,,,,,,,,,,,,,,
47vPnZT4kEc_000047_000057.mp4,21,doing aerobics,25.0,0.0,10.0,0,250,0,12,12,24,24,36,36,48,48,60,60,71,71,83,83,95,95,107,107,119,119,131,131,143,143,155,155,167,167,179,179,190,190,202,202,214,214,226,226,238,238,250,,,,,,,,,,,,,,,,,,,,,,,,,,,,,,,,,,,,,,,,,,,,,,,,,,,,,,,,,,,,,,,,,,,,,,,,,,,,,,,,,,,,,,,,,,,,,,,,,,,,
5PtsyM5nX8o_000002_000012.mp4,20,doing aerobics,29.99,3.5,9.98,105,299,105,115,115,124,124,134,134,144,144,153,153,163,163,173,173,183,183,192,192,202,202,212,212,221,221,231,231,241,241,251,251,260,260,270,270,280,280,289,289,299,,,,,,,,,,,,,,,,,,,,,,,,,,,,,,,,,,,,,,,,,,,,,,,,,,,,,,,,,,,,,,,,,,,,,,,,,,,,,,,,,,,,,,,,,,,,,,,,,,,,,,
7b9wmvZqETY_000027_000037.mp4,26,doing aerobics,30.0,0.0,10.0,0,300,0,12,12,23,23,35,35,46,46,58,58,69,69,81,81,92,92,104,104,115,115,127,127,138,138,150,150,162,162,173,173,185,185,196,196,208,208,219,219,231,231,242,242,254,254,265,265,277,277,288,288,300,,,,,,,,,,,,,,,,,,,,,,,,,,,,,,,,,,,,,,,,,,,,,,,,,,,,,,,,,,,,,,,,,,,,,,,,,,,,,,,,,,,,,,,,,,
7zvtcoUJ6ZI_000228_000238.mp4,23,doing aerobics,25.0,0.0,10.0,0,250,0,11,11,22,22,33,33,43,43,54,54,65,65,76,76,87,87,98,98,109,109,120,120,130,130,141,141,152,152,163,163,174,174,185,185,196,196,207,207,217,217,228,228,239,239,250,,,,,,,,,,,,,,,,,,,,,,,,,,,,,,,,,,,,,,,,,,,,,,,,,,,,,,,,,,,,,,,,,,,,,,,,,,,,,,,,,,,,,,,,,,,,,,,,
9AUbBZCJqyE_000040_000050.mp4,22,doing aerobics,29.97,0.0,9.98,0,299,0,14,14,27,27,41,41,54,54,68,68,82,82,95,95,109,109,122,122,136,136,150,150,163,163,177,177,190,190,204,204,217,217,231,231,245,245,258,258,272,272,285,285,299,,,,,,,,,,,,,,,,,,,,,,,,,,,,,,,,,,,,,,,,,,,,,,,,,,,,,,,,,,,,,,,,,,,,,,,,,,,,,,,,,,,,,,,,,,,,,,,,,,
9EBx-Rnq-vA_000095_000105.mp4,11,doing aerobics,25.0,0.0,10.0,0,250,0,23,23,45,45,68,68,91,91,114,114,136,136,159,159,182,182,205,205,227,227,250,,,,,,,,,,,,,,,,,,,,,,,,,,,,,,,,,,,,,,,,,,,,,,,,,,,,,,,,,,,,,,,,,,,,,,,,,,,,,,,,,,,,,,,,,,,,,,,,,,,,,,,,,,,,,,,,,,,,,,,,
9LyKoYzOwQI_000094_000104.mp4,12,doing aerobics,29.97,0.0,9.94,0,298,0,25,25,50,50,74,74,99,99,124,124,149,149,174,174,199,199,224,224,248,248,273,273,298,,,,,,,,,,,,,,,,,,,,,,,,,,,,,,,,,,,,,,,,,,,,,,,,,,,,,,,,,,,,,,,,,,,,,,,,,,,,,,,,,,,,,,,,,,,,,,,,,,,,,,,,,,,,,,,,,,,,,,
9p_oX_Dg3cw_000115_000125.mp4,23,doing aerobics,30.0,0.0,10.0,0,300,0,13,13,26,26,39,39,52,52,65,65,78,78,91,91,104,104,117,117,130,130,143,143,157,157,170,170,183,183,196,196,209,209,222,222,235,235,248,248,261,261,274,274,287,287,300,,,,,,,,,,,,,,,,,,,,,,,,,,,,,,,,,,,,,,,,,,,,,,,,,,,,,,,,,,,,,,,,,,,,,,,,,,,,,,,,,,,,,,,,,,,,,,,,
-OchDhZ4WQ0_000010_000020.mp4,22,doing aerobics,30.0,0.0,10.0,0,300,0,14,14,27,27,41,41,55,55,68,68,82,82,95,95,109,109,123,123,136,136,150,150,164,164,177,177,191,191,205,205,218,218,232,232,245,245,259,259,273,273,286,286,300,,,,,,,,,,,,,,,,,,,,,,,,,,,,,,,,,,,,,,,,,,,,,,,,,,,,,,,,,,,,,,,,,,,,,,,,,,,,,,,,,,,,,,,,,,,,,,,,,,
-e-3QBzpZcU_000031_000041.mp4,21,doing aerobics,30.0,0.0,10.0,0,300,0,14,14,29,29,43,43,57,57,71,71,86,86,100,100,114,114,129,129,143,143,157,157,171,171,186,186,200,200,214,214,229,229,243,243,257,257,271,271,286,286,300,,,,,,,,,,,,,,,,,,,,,,,,,,,,,,,,,,,,,,,,,,,,,,,,,,,,,,,,,,,,,,,,,,,,,,,,,,,,,,,,,,,,,,,,,,,,,,,,,,,,
_SaqeVDCU4Q_000210_000220.mp4,23,doing aerobics,29.88,0.0,9.96,0,298,0,13,13,26,26,39,39,52,52,65,65,78,78,91,91,104,104,117,117,130,130,143,143,155,155,168,168,181,181,194,194,207,207,220,220,233,233,246,246,259,259,272,272,285,285,298,,,,,,,,,,,,,,,,,,,,,,,,,,,,,,,,,,,,,,,,,,,,,,,,,,,,,,,,,,,,,,,,,,,,,,,,,,,,,,,,,,,,,,,,,,,,,,,,
_87z446O0DU_001615_001625.mp4,12,doing aerobics,30.0,0.0,10.0,0,300,0,25,25,50,50,75,75,100,100,125,125,150,150,175,175,200,200,225,225,250,250,275,275,300,,,,,,,,,,,,,,,,,,,,,,,,,,,,,,,,,,,,,,,,,,,,,,,,,,,,,,,,,,,,,,,,,,,,,,,,,,,,,,,,,,,,,,,,,,,,,,,,,,,,,,,,,,,,,,,,,,,,,,
AKz7153Ayz4_000018_000028.mp4,3,exercising arm,30.0,0.0,9.98,0,299,0,100,100,199,199,299,,,,,,,,,,,,,,,,,,,,,,,,,,,,,,,,,,,,,,,,,,,,,,,,,,,,,,,,,,,,,,,,,,,,,,,,,,,,,,,,,,,,,,,,,,,,,,,,,,,,,,,,,,,,,,,,,,,,,,,,,,,,,,,,,,,,,,,,
APTrC7Yce1A_000033_000043.mp4,6,exercising arm,29.97,0.0,9.94,0,298,0,50,50,99,99,149,149,199,199,248,248,298,,,,,,,,,,,,,,,,,,,,,,,,,,,,,,,,,,,,,,,,,,,,,,,,,,,,,,,,,,,,,,,,,,,,,,,,,,,,,,,,,,,,,,,,,,,,,,,,,,,,,,,,,,,,,,,,,,,,,,,,,,,,,,,,,,
Af_nhTbepUk_000053_000063.mp4,4,exercising arm,25.0,0.0,9.44,0,236,0,59,59,118,118,177,177,236,,,,,,,,,,,,,,,,,,,,,,,,,,,,,,,,,,,,,,,,,,,,,,,,,,,,,,,,,,,,,,,,,,,,,,,,,,,,,,,,,,,,,,,,,,,,,,,,,,,,,,,,,,,,,,,,,,,,,,,,,,,,,,,,,,,,,,
AszTULbxaB0_000001_000011.mp4,4,exercising arm,29.97,0.0,9.98,0,299,0,75,75,150,150,224,224,299,,,,,,,,,,,,,,,,,,,,,,,,,,,,,,,,,,,,,,,,,,,,,,,,,,,,,,,,,,,,,,,,,,,,,,,,,,,,,,,,,,,,,,,,,,,,,,,,,,,,,,,,,,,,,,,,,,,,,,,,,,,,,,,,,,,,,,
A4tWEAGitpc_000011_000021.mp4,2,exercising arm,24.0,0.0,8.29,0,199,0,100,100,199,,,,,,,,,,,,,,,,,,,,,,,,,,,,,,,,,,,,,,,,,,,,,,,,,,,,,,,,,,,,,,,,,,,,,,,,,,,,,,,,,,,,,,,,,,,,,,,,,,,,,,,,,,,,,,,,,,,,,,,,,,,,,,,,,,,,,,,,,,
BRmGzz8yAGc_000007_000017.mp4,2,exercising arm,29.97,0.0,5.47,0,164,0,82,82,164,,,,,,,,,,,,,,,,,,,,,,,,,,,,,,,,,,,,,,,,,,,,,,,,,,,,,,,,,,,,,,,,,,,,,,,,,,,,,,,,,,,,,,,,,,,,,,,,,,,,,,,,,,,,,,,,,,,,,,,,,,,,,,,,,,,,,,,,,,
BqjVG2vCMAM_000094_000104.mp4,13,exercising arm,23.98,0.0,8.88,0,213,0,16,16,33,33,49,49,66,66,82,82,98,98,115,115,131,131,147,147,164,164,180,180,197,197,213,,,,,,,,,,,,,,,,,,,,,,,,,,,,,,,,,,,,,,,,,,,,,,,,,,,,,,,,,,,,,,,,,,,,,,,,,,,,,,,,,,,,,,,,,,,,,,,,,,,,,,,,,,,,,,,,,,,,
BqjVG2vCMAM_000094_000104.mp4,2,exercising arm,23.98,8.97,9.97,215,239,215,227,227,239,,,,,,,,,,,,,,,,,,,,,,,,,,,,,,,,,,,,,,,,,,,,,,,,,,,,,,,,,,,,,,,,,,,,,,,,,,,,,,,,,,,,,,,,,,,,,,,,,,,,,,,,,,,,,,,,,,,,,,,,,,,,,,,,,,,,,,,,,,
Ci71y8BoY-w_000316_000326.mp4,2,exercising arm,29.97,0.0,5.84,0,175,0,88,88,175,,,,,,,,,,,,,,,,,,,,,,,,,,,,,,,,,,,,,,,,,,,,,,,,,,,,,,,,,,,,,,,,,,,,,,,,,,,,,,,,,,,,,,,,,,,,,,,,,,,,,,,,,,,,,,,,,,,,,,,,,,,,,,,,,,,,,,,,,,
C0cwMx-GQEg_000105_000115.mp4,3,exercising arm,23.98,5.51,9.68,132,232,132,165,165,199,199,232,,,,,,,,,,,,,,,,,,,,,,,,,,,,,,,,,,,,,,,,,,,,,,,,,,,,,,,,,,,,,,,,,,,,,,,,,,,,,,,,,,,,,,,,,,,,,,,,,,,,,,,,,,,,,,,,,,,,,,,,,,,,,,,,,,,,,,,,
C8warOmBnuc_000001_000011.mp4,4,exercising arm,25.0,0.08,10.0,2,250,2,64,64,126,126,188,188,250,,,,,,,,,,,,,,,,,,,,,,,,,,,,,,,,,,,,,,,,,,,,,,,,,,,,,,,,,,,,,,,,,,,,,,,,,,,,,,,,,,,,,,,,,,,,,,,,,,,,,,,,,,,,,,,,,,,,,,,,,,,,,,,,,,,,,,
D97MTFqFisk_000069_000079.mp4,2,exercising arm,29.96,0.53,9.98,16,299,16,158,158,299,,,,,,,,,,,,,,,,,,,,,,,,,,,,,,,,,,,,,,,,,,,,,,,,,,,,,,,,,,,,,,,,,,,,,,,,,,,,,,,,,,,,,,,,,,,,,,,,,,,,,,,,,,,,,,,,,,,,,,,,,,,,,,,,,,,,,,,,,,
Eat4ccTv250_000061_000071.mp4,3,exercising arm,30.0,0.0,10.0,0,300,0,100,100,200,200,300,,,,,,,,,,,,,,,,,,,,,,,,,,,,,,,,,,,,,,,,,,,,,,,,,,,,,,,,,,,,,,,,,,,,,,,,,,,,,,,,,,,,,,,,,,,,,,,,,,,,,,,,,,,,,,,,,,,,,,,,,,,,,,,,,,,,,,,,
EorIwBK8NIQ_000010_000020.mp4,3,exercising arm,29.97,3.17,9.98,95,299,95,163,163,231,231,299,,,,,,,,,,,,,,,,,,,,,,,,,,,,,,,,,,,,,,,,,,,,,,,,,,,,,,,,,,,,,,,,,,,,,,,,,,,,,,,,,,,,,,,,,,,,,,,,,,,,,,,,,,,,,,,,,,,,,,,,,,,,,,,,,,,,,,,,
EzRmVRkpF-c_000003_000013.mp4,3,exercising arm,29.97,0.0,9.98,0,299,0,100,100,199,199,299,,,,,,,,,,,,,,,,,,,,,,,,,,,,,,,,,,,,,,,,,,,,,,,,,,,,,,,,,,,,,,,,,,,,,,,,,,,,,,,,,,,,,,,,,,,,,,,,,,,,,,,,,,,,,,,,,,,,,,,,,,,,,,,,,,,,,,,,
FADtZYbS3SA_000000_000010.mp4,4,exercising arm,29.5,0.0,5.59,0,165,0,41,41,82,82,124,124,165,,,,,,,,,,,,,,,,,,,,,,,,,,,,,,,,,,,,,,,,,,,,,,,,,,,,,,,,,,,,,,,,,,,,,,,,,,,,,,,,,,,,,,,,,,,,,,,,,,,,,,,,,,,,,,,,,,,,,,,,,,,,,,,,,,,,,,
FADtZYbS3SA_000000_000010.mp4,3,exercising arm,29.5,5.73,10.0,169,295,169,211,211,253,253,295,,,,,,,,,,,,,,,,,,,,,,,,,,,,,,,,,,,,,,,,,,,,,,,,,,,,,,,,,,,,,,,,,,,,,,,,,,,,,,,,,,,,,,,,,,,,,,,,,,,,,,,,,,,,,,,,,,,,,,,,,,,,,,,,,,,,,,,,
FDyDX2vTXYE_000010_000020.mp4,7,exercising arm,21.08,0.0,6.45,0,136,0,19,19,39,39,58,58,78,78,97,97,117,117,136,,,,,,,,,,,,,,,,,,,,,,,,,,,,,,,,,,,,,,,,,,,,,,,,,,,,,,,,,,,,,,,,,,,,,,,,,,,,,,,,,,,,,,,,,,,,,,,,,,,,,,,,,,,,,,,,,,,,,,,,,,,,,,,,
F3jZ_3hUrWc_000395_000405.mp4,5,exercising arm,25.0,0.96,9.96,24,249,24,69,69,114,114,159,159,204,204,249,,,,,,,,,,,,,,,,,,,,,,,,,,,,,,,,,,,,,,,,,,,,,,,,,,,,,,,,,,,,,,,,,,,,,,,,,,,,,,,,,,,,,,,,,,,,,,,,,,,,,,,,,,,,,,,,,,,,,,,,,,,,,,,,,,,,
G3ult0A6WMw_000065_000075.mp4,3,exercising arm,29.97,0.0,9.94,0,298,0,99,99,199,199,298,,,,,,,,,,,,,,,,,,,,,,,,,,,,,,,,,,,,,,,,,,,,,,,,,,,,,,,,,,,,,,,,,,,,,,,,,,,,,,,,,,,,,,,,,,,,,,,,,,,,,,,,,,,,,,,,,,,,,,,,,,,,,,,,,,,,,,,,
G__9za6MzoU_000055_000065.mp4,6,exercising arm,30.0,0.0,10.0,0,300,0,50,50,100,100,150,150,200,200,250,250,300,,,,,,,,,,,,,,,,,,,,,,,,,,,,,,,,,,,,,,,,,,,,,,,,,,,,,,,,,,,,,,,,,,,,,,,,,,,,,,,,,,,,,,,,,,,,,,,,,,,,,,,,,,,,,,,,,,,,,,,,,,,,,,,,,,
HJqE9C9iTpg_000016_000026.mp4,4,exercising arm,30.0,0.0,9.13,0,274,0,68,68,137,137,206,206,274,,,,,,,,,,,,,,,,,,,,,,,,,,,,,,,,,,,,,,,,,,,,,,,,,,,,,,,,,,,,,,,,,,,,,,,,,,,,,,,,,,,,,,,,,,,,,,,,,,,,,,,,,,,,,,,,,,,,,,,,,,,,,,,,,,,,,,
IBpTdmSeYKw_000168_000178.mp4,3,exercising arm,30.0,0.0,10.0,0,300,0,100,100,200,200,300,,,,,,,,,,,,,,,,,,,,,,,,,,,,,,,,,,,,,,,,,,,,,,,,,,,,,,,,,,,,,,,,,,,,,,,,,,,,,,,,,,,,,,,,,,,,,,,,,,,,,,,,,,,,,,,,,,,,,,,,,,,,,,,,,,,,,,,,
I1EgU_wD7AQ_000031_000041.mp4,2,exercising arm,30.0,0.0,7.83,0,235,0,118,118,235,,,,,,,,,,,,,,,,,,,,,,,,,,,,,,,,,,,,,,,,,,,,,,,,,,,,,,,,,,,,,,,,,,,,,,,,,,,,,,,,,,,,,,,,,,,,,,,,,,,,,,,,,,,,,,,,,,,,,,,,,,,,,,,,,,,,,,,,,,
KFtXsvAvDmM_000120_000130.mp4,2,exercising arm,30.0,0.0,10.0,0,300,0,150,150,300,,,,,,,,,,,,,,,,,,,,,,,,,,,,,,,,,,,,,,,,,,,,,,,,,,,,,,,,,,,,,,,,,,,,,,,,,,,,,,,,,,,,,,,,,,,,,,,,,,,,,,,,,,,,,,,,,,,,,,,,,,,,,,,,,,,,,,,,,,
KhWRMTaZinc_000014_000024.mp4,3,exercising arm,29.97,0.0,9.74,0,292,0,97,97,195,195,292,,,,,,,,,,,,,,,,,,,,,,,,,,,,,,,,,,,,,,,,,,,,,,,,,,,,,,,,,,,,,,,,,,,,,,,,,,,,,,,,,,,,,,,,,,,,,,,,,,,,,,,,,,,,,,,,,,,,,,,,,,,,,,,,,,,,,,,,
LLiYL5ELL8Q_000003_000013.mp4,2,exercising arm,29.97,0.0,9.98,0,299,0,150,150,299,,,,,,,,,,,,,,,,,,,,,,,,,,,,,,,,,,,,,,,,,,,,,,,,,,,,,,,,,,,,,,,,,,,,,,,,,,,,,,,,,,,,,,,,,,,,,,,,,,,,,,,,,,,,,,,,,,,,,,,,,,,,,,,,,,,,,,,,,,
LjF_Ey2YiQM_000000_000010.mp4,2,exercising arm,29.97,0.0,9.21,0,276,0,138,138,276,,,,,,,,,,,,,,,,,,,,,,,,,,,,,,,,,,,,,,,,,,,,,,,,,,,,,,,,,,,,,,,,,,,,,,,,,,,,,,,,,,,,,,,,,,,,,,,,,,,,,,,,,,,,,,,,,,,,,,,,,,,,,,,,,,,,,,,,,,
MQcV9IsOhmE_000003_000013.mp4,3,exercising arm,30.0,0.0,7.37,0,221,0,74,74,147,147,221,,,,,,,,,,,,,,,,,,,,,,,,,,,,,,,,,,,,,,,,,,,,,,,,,,,,,,,,,,,,,,,,,,,,,,,,,,,,,,,,,,,,,,,,,,,,,,,,,,,,,,,,,,,,,,,,,,,,,,,,,,,,,,,,,,,,,,,,
M50TEF_BhcM_000033_000043.mp4,9,exercising arm,29.97,0.2,8.54,6,256,6,34,34,62,62,89,89,117,117,145,145,173,173,200,200,228,228,256,,,,,,,,,,,,,,,,,,,,,,,,,,,,,,,,,,,,,,,,,,,,,,,,,,,,,,,,,,,,,,,,,,,,,,,,,,,,,,,,,,,,,,,,,,,,,,,,,,,,,,,,,,,,,,,,,,,,,,,,,,,,
NIC3DGW1HfE_000001_000011.mp4,3,exercising arm,29.97,0.0,6.11,0,183,0,61,61,122,122,183,,,,,,,,,,,,,,,,,,,,,,,,,,,,,,,,,,,,,,,,,,,,,,,,,,,,,,,,,,,,,,,,,,,,,,,,,,,,,,,,,,,,,,,,,,,,,,,,,,,,,,,,,,,,,,,,,,,,,,,,,,,,,,,,,,,,,,,,
NhEbIlzVc_U_000084_000094.mp4,5,exercising arm,29.97,0.0,3.3,0,99,0,20,20,40,40,59,59,79,79,99,,,,,,,,,,,,,,,,,,,,,,,,,,,,,,,,,,,,,,,,,,,,,,,,,,,,,,,,,,,,,,,,,,,,,,,,,,,,,,,,,,,,,,,,,,,,,,,,,,,,,,,,,,,,,,,,,,,,,,,,,,,,,,,,,,,,
NhEbIlzVc_U_000084_000094.mp4,5,exercising arm,29.97,6.84,9.98,205,299,205,224,224,243,243,261,261,280,280,299,,,,,,,,,,,,,,,,,,,,,,,,,,,,,,,,,,,,,,,,,,,,,,,,,,,,,,,,,,,,,,,,,,,,,,,,,,,,,,,,,,,,,,,,,,,,,,,,,,,,,,,,,,,,,,,,,,,,,,,,,,,,,,,,,,,,
N_2aT4BrK-E_000009_000019.mp4,3,exercising arm,29.97,0.0,9.98,0,299,0,100,100,199,199,299,,,,,,,,,,,,,,,,,,,,,,,,,,,,,,,,,,,,,,,,,,,,,,,,,,,,,,,,,,,,,,,,,,,,,,,,,,,,,,,,,,,,,,,,,,,,,,,,,,,,,,,,,,,,,,,,,,,,,,,,,,,,,,,,,,,,,,,,
Ogs6TDvMN2Q_000001_000011.mp4,4,exercising arm,29.97,2.04,9.28,61,278,61,115,115,169,169,224,224,278,,,,,,,,,,,,,,,,,,,,,,,,,,,,,,,,,,,,,,,,,,,,,,,,,,,,,,,,,,,,,,,,,,,,,,,,,,,,,,,,,,,,,,,,,,,,,,,,,,,,,,,,,,,,,,,,,,,,,,,,,,,,,,,,,,,,,,
PEhpLeYf3Ck_000098_000108.mp4,5,exercising arm,30.0,1.8,7.53,54,226,54,88,88,123,123,157,157,192,192,226,,,,,,,,,,,,,,,,,,,,,,,,,,,,,,,,,,,,,,,,,,,,,,,,,,,,,,,,,,,,,,,,,,,,,,,,,,,,,,,,,,,,,,,,,,,,,,,,,,,,,,,,,,,,,,,,,,,,,,,,,,,,,,,,,,,,
QgtH6KMavAg_000454_000464.mp4,4,exercising arm,29.97,4.47,9.78,134,293,134,174,174,214,214,253,253,293,,,,,,,,,,,,,,,,,,,,,,,,,,,,,,,,,,,,,,,,,,,,,,,,,,,,,,,,,,,,,,,,,,,,,,,,,,,,,,,,,,,,,,,,,,,,,,,,,,,,,,,,,,,,,,,,,,,,,,,,,,,,,,,,,,,,,,
R05Ot51EZxU_000010_000020.mp4,3,exercising arm,29.9,0.0,3.98,0,119,0,40,40,79,79,119,,,,,,,,,,,,,,,,,,,,,,,,,,,,,,,,,,,,,,,,,,,,,,,,,,,,,,,,,,,,,,,,,,,,,,,,,,,,,,,,,,,,,,,,,,,,,,,,,,,,,,,,,,,,,,,,,,,,,,,,,,,,,,,,,,,,,,,,
R05Ot51EZxU_000010_000020.mp4,4,exercising arm,29.9,5.33,9.97,159,298,159,194,194,229,229,263,263,298,,,,,,,,,,,,,,,,,,,,,,,,,,,,,,,,,,,,,,,,,,,,,,,,,,,,,,,,,,,,,,,,,,,,,,,,,,,,,,,,,,,,,,,,,,,,,,,,,,,,,,,,,,,,,,,,,,,,,,,,,,,,,,,,,,,,,,
SaemUgFoKaU_000090_000100.mp4,4,exercising arm,29.97,0.0,9.98,0,299,0,75,75,150,150,224,224,299,,,,,,,,,,,,,,,,,,,,,,,,,,,,,,,,,,,,,,,,,,,,,,,,,,,,,,,,,,,,,,,,,,,,,,,,,,,,,,,,,,,,,,,,,,,,,,,,,,,,,,,,,,,,,,,,,,,,,,,,,,,,,,,,,,,,,,
T1op3DkepxU_000015_000025.mp4,3,exercising arm,29.92,2.87,9.48,86,284,86,152,152,218,218,284,,,,,,,,,,,,,,,,,,,,,,,,,,,,,,,,,,,,,,,,,,,,,,,,,,,,,,,,,,,,,,,,,,,,,,,,,,,,,,,,,,,,,,,,,,,,,,,,,,,,,,,,,,,,,,,,,,,,,,,,,,,,,,,,,,,,,,,,
UBkYEQ-eN_w_000034_000044.mp4,3,exercising arm,15.0,4.67,10.0,70,150,70,97,97,123,123,150,,,,,,,,,,,,,,,,,,,,,,,,,,,,,,,,,,,,,,,,,,,,,,,,,,,,,,,,,,,,,,,,,,,,,,,,,,,,,,,,,,,,,,,,,,,,,,,,,,,,,,,,,,,,,,,,,,,,,,,,,,,,,,,,,,,,,,,,
UHYtzmgQ46E_000001_000011.mp4,2,exercising arm,25.0,5.08,10.0,127,250,127,189,189,250,,,,,,,,,,,,,,,,,,,,,,,,,,,,,,,,,,,,,,,,,,,,,,,,,,,,,,,,,,,,,,,,,,,,,,,,,,,,,,,,,,,,,,,,,,,,,,,,,,,,,,,,,,,,,,,,,,,,,,,,,,,,,,,,,,,,,,,,,,
VBf2vI3BXB8_000016_000026.mp4,2,exercising arm,29.92,0.0,9.98,0,299,0,150,150,299,,,,,,,,,,,,,,,,,,,,,,,,,,,,,,,,,,,,,,,,,,,,,,,,,,,,,,,,,,,,,,,,,,,,,,,,,,,,,,,,,,,,,,,,,,,,,,,,,,,,,,,,,,,,,,,,,,,,,,,,,,,,,,,,,,,,,,,,,,
VrMiAXQzkPo_000064_000074.mp4,2,exercising arm,29.97,0.0,6.34,0,190,0,95,95,190,,,,,,,,,,,,,,,,,,,,,,,,,,,,,,,,,,,,,,,,,,,,,,,,,,,,,,,,,,,,,,,,,,,,,,,,,,,,,,,,,,,,,,,,,,,,,,,,,,,,,,,,,,,,,,,,,,,,,,,,,,,,,,,,,,,,,,,,,,
VrMiAXQzkPo_000064_000074.mp4,2,exercising arm,29.97,6.44,9.94,193,298,193,245,245,298,,,,,,,,,,,,,,,,,,,,,,,,,,,,,,,,,,,,,,,,,,,,,,,,,,,,,,,,,,,,,,,,,,,,,,,,,,,,,,,,,,,,,,,,,,,,,,,,,,,,,,,,,,,,,,,,,,,,,,,,,,,,,,,,,,,,,,,,,,
W9fgamkSb1U_000044_000054.mp4,20,exercising arm,30.0,0.0,10.0,0,300,0,15,15,30,30,45,45,60,60,75,75,90,90,105,105,120,120,135,135,150,150,165,165,180,180,195,195,210,210,225,225,240,240,255,255,270,270,285,285,300,,,,,,,,,,,,,,,,,,,,,,,,,,,,,,,,,,,,,,,,,,,,,,,,,,,,,,,,,,,,,,,,,,,,,,,,,,,,,,,,,,,,,,,,,,,,,,,,,,,,,,
XLjbgCM4Y6I_000000_000010.mp4,2,exercising arm,29.97,0.0,7.34,0,220,0,110,110,220,,,,,,,,,,,,,,,,,,,,,,,,,,,,,,,,,,,,,,,,,,,,,,,,,,,,,,,,,,,,,,,,,,,,,,,,,,,,,,,,,,,,,,,,,,,,,,,,,,,,,,,,,,,,,,,,,,,,,,,,,,,,,,,,,,,,,,,,,,
X07dSLj9kcg_000330_000340.mp4,5,exercising arm,29.97,0.0,9.94,0,298,0,60,60,119,119,179,179,238,238,298,,,,,,,,,,,,,,,,,,,,,,,,,,,,,,,,,,,,,,,,,,,,,,,,,,,,,,,,,,,,,,,,,,,,,,,,,,,,,,,,,,,,,,,,,,,,,,,,,,,,,,,,,,,,,,,,,,,,,,,,,,,,,,,,,,,,
X4wDuKUAfcQ_000001_000011.mp4,2,exercising arm,24.17,3.74,8.77,90,212,90,151,151,212,,,,,,,,,,,,,,,,,,,,,,,,,,,,,,,,,,,,,,,,,,,,,,,,,,,,,,,,,,,,,,,,,,,,,,,,,,,,,,,,,,,,,,,,,,,,,,,,,,,,,,,,,,,,,,,,,,,,,,,,,,,,,,,,,,,,,,,,,,
ZkKWy3p-ohY_000208_000218.mp4,5,exercising arm,29.97,0.0,9.98,0,299,0,60,60,120,120,179,179,239,239,299,,,,,,,,,,,,,,,,,,,,,,,,,,,,,,,,,,,,,,,,,,,,,,,,,,,,,,,,,,,,,,,,,,,,,,,,,,,,,,,,,,,,,,,,,,,,,,,,,,,,,,,,,,,,,,,,,,,,,,,,,,,,,,,,,,,,
Z1UBYA_c9wY_000000_000010.mp4,3,exercising arm,29.91,0.0,9.99,0,299,0,100,100,199,199,299,,,,,,,,,,,,,,,,,,,,,,,,,,,,,,,,,,,,,,,,,,,,,,,,,,,,,,,,,,,,,,,,,,,,,,,,,,,,,,,,,,,,,,,,,,,,,,,,,,,,,,,,,,,,,,,,,,,,,,,,,,,,,,,,,,,,,,,,
aaa_zb7GwWc_000000_000010.mp4,3,exercising arm,30.0,6.0,8.33,180,250,180,203,203,227,227,250,,,,,,,,,,,,,,,,,,,,,,,,,,,,,,,,,,,,,,,,,,,,,,,,,,,,,,,,,,,,,,,,,,,,,,,,,,,,,,,,,,,,,,,,,,,,,,,,,,,,,,,,,,,,,,,,,,,,,,,,,,,,,,,,,,,,,,,,
bbuh4OovBto_000027_000037.mp4,4,exercising arm,29.97,0.0,9.94,0,298,0,74,74,149,149,224,224,298,,,,,,,,,,,,,,,,,,,,,,,,,,,,,,,,,,,,,,,,,,,,,,,,,,,,,,,,,,,,,,,,,,,,,,,,,,,,,,,,,,,,,,,,,,,,,,,,,,,,,,,,,,,,,,,,,,,,,,,,,,,,,,,,,,,,,,
bl0J_8pKDVk_000049_000059.mp4,7,exercising arm,14.99,0.0,8.07,0,121,0,17,17,35,35,52,52,69,69,86,86,104,104,121,,,,,,,,,,,,,,,,,,,,,,,,,,,,,,,,,,,,,,,,,,,,,,,,,,,,,,,,,,,,,,,,,,,,,,,,,,,,,,,,,,,,,,,,,,,,,,,,,,,,,,,,,,,,,,,,,,,,,,,,,,,,,,,,
dhdKkkgKtjg_000379_000389.mp4,3,exercising arm,29.97,2.7,9.71,81,291,81,151,151,221,221,291,,,,,,,,,,,,,,,,,,,,,,,,,,,,,,,,,,,,,,,,,,,,,,,,,,,,,,,,,,,,,,,,,,,,,,,,,,,,,,,,,,,,,,,,,,,,,,,,,,,,,,,,,,,,,,,,,,,,,,,,,,,,,,,,,,,,,,,,
dhdKkkgKtjg_000816_000826.mp4,3,stretching arm,29.97,2.7,9.71,81,291,81,151,151,221,221,291,,,,,,,,,,,,,,,,,,,,,,,,,,,,,,,,,,,,,,,,,,,,,,,,,,,,,,,,,,,,,,,,,,,,,,,,,,,,,,,,,,,,,,,,,,,,,,,,,,,,,,,,,,,,,,,,,,,,,,,,,,,,,,,,,,,,,,,,
fEh_nhChKEk_000007_000017.mp4,4,exercising arm,29.97,2.35,9.98,70,299,70,127,127,184,184,242,242,299,,,,,,,,,,,,,,,,,,,,,,,,,,,,,,,,,,,,,,,,,,,,,,,,,,,,,,,,,,,,,,,,,,,,,,,,,,,,,,,,,,,,,,,,,,,,,,,,,,,,,,,,,,,,,,,,,,,,,,,,,,,,,,,,,,,,,,
gFMSS3pKM4Y_000000_000010.mp4,4,exercising arm,25.0,0.0,10.0,0,250,0,62,62,125,125,188,188,250,,,,,,,,,,,,,,,,,,,,,,,,,,,,,,,,,,,,,,,,,,,,,,,,,,,,,,,,,,,,,,,,,,,,,,,,,,,,,,,,,,,,,,,,,,,,,,,,,,,,,,,,,,,,,,,,,,,,,,,,,,,,,,,,,,,,,,
gkHrikKl93s_000001_000011.mp4,3,exercising arm,30.0,0.0,10.0,0,300,0,100,100,200,200,300,,,,,,,,,,,,,,,,,,,,,,,,,,,,,,,,,,,,,,,,,,,,,,,,,,,,,,,,,,,,,,,,,,,,,,,,,,,,,,,,,,,,,,,,,,,,,,,,,,,,,,,,,,,,,,,,,,,,,,,,,,,,,,,,,,,,,,,,
ieps1GV1aeI_000116_000126.mp4,6,exercising arm,30.0,0.0,9.93,0,298,0,50,50,99,99,149,149,199,199,248,248,298,,,,,,,,,,,,,,,,,,,,,,,,,,,,,,,,,,,,,,,,,,,,,,,,,,,,,,,,,,,,,,,,,,,,,,,,,,,,,,,,,,,,,,,,,,,,,,,,,,,,,,,,,,,,,,,,,,,,,,,,,,,,,,,,,,
k6yB-jH7y_Q_000311_000321.mp4,4,exercising arm,30.0,0.0,10.0,0,300,0,75,75,150,150,225,225,300,,,,,,,,,,,,,,,,,,,,,,,,,,,,,,,,,,,,,,,,,,,,,,,,,,,,,,,,,,,,,,,,,,,,,,,,,,,,,,,,,,,,,,,,,,,,,,,,,,,,,,,,,,,,,,,,,,,,,,,,,,,,,,,,,,,,,,
l76hBV7UzLw_000837_000847.mp4,2,exercising arm,30.0,0.0,2.37,0,71,0,36,36,71,,,,,,,,,,,,,,,,,,,,,,,,,,,,,,,,,,,,,,,,,,,,,,,,,,,,,,,,,,,,,,,,,,,,,,,,,,,,,,,,,,,,,,,,,,,,,,,,,,,,,,,,,,,,,,,,,,,,,,,,,,,,,,,,,,,,,,,,,,
l76hBV7UzLw_000837_000847.mp4,4,exercising arm,30.0,3.5,8.73,105,262,105,144,144,183,183,223,223,262,,,,,,,,,,,,,,,,,,,,,,,,,,,,,,,,,,,,,,,,,,,,,,,,,,,,,,,,,,,,,,,,,,,,,,,,,,,,,,,,,,,,,,,,,,,,,,,,,,,,,,,,,,,,,,,,,,,,,,,,,,,,,,,,,,,,,,
mRyjVquad0k_000000_000010.mp4,3,exercising arm,25.0,4.44,10.0,111,250,111,157,157,204,204,250,,,,,,,,,,,,,,,,,,,,,,,,,,,,,,,,,,,,,,,,,,,,,,,,,,,,,,,,,,,,,,,,,,,,,,,,,,,,,,,,,,,,,,,,,,,,,,,,,,,,,,,,,,,,,,,,,,,,,,,,,,,,,,,,,,,,,,,,
oBOyOayYucQ_000054_000064.mp4,5,exercising arm,29.96,0.0,9.98,0,299,0,60,60,120,120,179,179,239,239,299,,,,,,,,,,,,,,,,,,,,,,,,,,,,,,,,,,,,,,,,,,,,,,,,,,,,,,,,,,,,,,,,,,,,,,,,,,,,,,,,,,,,,,,,,,,,,,,,,,,,,,,,,,,,,,,,,,,,,,,,,,,,,,,,,,,,
ooRYOIRAfKg_000093_000103.mp4,4,exercising arm,30.0,0.23,6.43,7,193,7,53,53,100,100,147,147,193,,,,,,,,,,,,,,,,,,,,,,,,,,,,,,,,,,,,,,,,,,,,,,,,,,,,,,,,,,,,,,,,,,,,,,,,,,,,,,,,,,,,,,,,,,,,,,,,,,,,,,,,,,,,,,,,,,,,,,,,,,,,,,,,,,,,,,
o1vEiDSfufo_000091_000101.mp4,4,exercising arm,30.0,0.0,10.0,0,300,0,75,75,150,150,225,225,300,,,,,,,,,,,,,,,,,,,,,,,,,,,,,,,,,,,,,,,,,,,,,,,,,,,,,,,,,,,,,,,,,,,,,,,,,,,,,,,,,,,,,,,,,,,,,,,,,,,,,,,,,,,,,,,,,,,,,,,,,,,,,,,,,,,,,,
pH0gdQqINyk_000001_000011.mp4,2,exercising arm,29.92,0.0,4.91,0,147,0,74,74,147,,,,,,,,,,,,,,,,,,,,,,,,,,,,,,,,,,,,,,,,,,,,,,,,,,,,,,,,,,,,,,,,,,,,,,,,,,,,,,,,,,,,,,,,,,,,,,,,,,,,,,,,,,,,,,,,,,,,,,,,,,,,,,,,,,,,,,,,,,
pnxdMACFtvo_000114_000124.mp4,4,exercising arm,23.98,0.0,6.8,0,163,0,41,41,82,82,122,122,163,,,,,,,,,,,,,,,,,,,,,,,,,,,,,,,,,,,,,,,,,,,,,,,,,,,,,,,,,,,,,,,,,,,,,,,,,,,,,,,,,,,,,,,,,,,,,,,,,,,,,,,,,,,,,,,,,,,,,,,,,,,,,,,,,,,,,,
rM7Q9yfIk0c_000000_000010.mp4,2,exercising arm,29.97,0.0,9.84,0,295,0,148,148,295,,,,,,,,,,,,,,,,,,,,,,,,,,,,,,,,,,,,,,,,,,,,,,,,,,,,,,,,,,,,,,,,,,,,,,,,,,,,,,,,,,,,,,,,,,,,,,,,,,,,,,,,,,,,,,,,,,,,,,,,,,,,,,,,,,,,,,,,,,
rNXeVH2XUKg_000026_000036.mp4,5,exercising arm,29.97,0.0,9.94,0,298,0,60,60,119,119,179,179,238,238,298,,,,,,,,,,,,,,,,,,,,,,,,,,,,,,,,,,,,,,,,,,,,,,,,,,,,,,,,,,,,,,,,,,,,,,,,,,,,,,,,,,,,,,,,,,,,,,,,,,,,,,,,,,,,,,,,,,,,,,,,,,,,,,,,,,,,
rm36qf_QPzA_000006_000016.mp4,5,exercising arm,29.97,0.0,9.97,0,299,0,60,60,120,120,179,179,239,239,299,,,,,,,,,,,,,,,,,,,,,,,,,,,,,,,,,,,,,,,,,,,,,,,,,,,,,,,,,,,,,,,,,,,,,,,,,,,,,,,,,,,,,,,,,,,,,,,,,,,,,,,,,,,,,,,,,,,,,,,,,,,,,,,,,,,,
sM50amoucns_000015_000025.mp4,3,exercising arm,30.0,0.0,3.08,0,92,0,31,31,61,61,92,,,,,,,,,,,,,,,,,,,,,,,,,,,,,,,,,,,,,,,,,,,,,,,,,,,,,,,,,,,,,,,,,,,,,,,,,,,,,,,,,,,,,,,,,,,,,,,,,,,,,,,,,,,,,,,,,,,,,,,,,,,,,,,,,,,,,,,,
sfs7Nm9qLCo_000056_000066.mp4,3,exercising arm,25.0,6.04,10.0,151,250,151,184,184,217,217,250,,,,,,,,,,,,,,,,,,,,,,,,,,,,,,,,,,,,,,,,,,,,,,,,,,,,,,,,,,,,,,,,,,,,,,,,,,,,,,,,,,,,,,,,,,,,,,,,,,,,,,,,,,,,,,,,,,,,,,,,,,,,,,,,,,,,,,,,
uKCNs-uQqm0_000000_000010.mp4,4,exercising arm,30.0,0.0,8.83,0,265,0,66,66,132,132,199,199,265,,,,,,,,,,,,,,,,,,,,,,,,,,,,,,,,,,,,,,,,,,,,,,,,,,,,,,,,,,,,,,,,,,,,,,,,,,,,,,,,,,,,,,,,,,,,,,,,,,,,,,,,,,,,,,,,,,,,,,,,,,,,,,,,,,,,,,
uogSE4tuIjg_000004_000014.mp4,2,exercising arm,29.86,1.51,9.96,45,297,45,171,171,297,,,,,,,,,,,,,,,,,,,,,,,,,,,,,,,,,,,,,,,,,,,,,,,,,,,,,,,,,,,,,,,,,,,,,,,,,,,,,,,,,,,,,,,,,,,,,,,,,,,,,,,,,,,,,,,,,,,,,,,,,,,,,,,,,,,,,,,,,,
veoRQmL1VQo_000039_000049.mp4,3,exercising arm,30.0,0.97,4.83,29,145,29,68,68,106,106,145,,,,,,,,,,,,,,,,,,,,,,,,,,,,,,,,,,,,,,,,,,,,,,,,,,,,,,,,,,,,,,,,,,,,,,,,,,,,,,,,,,,,,,,,,,,,,,,,,,,,,,,,,,,,,,,,,,,,,,,,,,,,,,,,,,,,,,,,
veoRQmL1VQo_000039_000049.mp4,3,exercising arm,30.0,4.9,9.97,147,299,147,198,198,248,248,299,,,,,,,,,,,,,,,,,,,,,,,,,,,,,,,,,,,,,,,,,,,,,,,,,,,,,,,,,,,,,,,,,,,,,,,,,,,,,,,,,,,,,,,,,,,,,,,,,,,,,,,,,,,,,,,,,,,,,,,,,,,,,,,,,,,,,,,,
xetsmsbgaJ8_000191_000201.mp4,2,exercising arm,29.97,1.03,9.94,31,298,31,165,165,298,,,,,,,,,,,,,,,,,,,,,,,,,,,,,,,,,,,,,,,,,,,,,,,,,,,,,,,,,,,,,,,,,,,,,,,,,,,,,,,,,,,,,,,,,,,,,,,,,,,,,,,,,,,,,,,,,,,,,,,,,,,,,,,,,,,,,,,,,,
6C_nL3N0ZLo_000003_000013.mp4,5,exercising arm,30.0,0.0,5.97,0,179,0,36,36,72,72,107,107,143,143,179,,,,,,,,,,,,,,,,,,,,,,,,,,,,,,,,,,,,,,,,,,,,,,,,,,,,,,,,,,,,,,,,,,,,,,,,,,,,,,,,,,,,,,,,,,,,,,,,,,,,,,,,,,,,,,,,,,,,,,,,,,,,,,,,,,,,
6ZAAuHQIYg0_000050_000060.mp4,2,exercising arm,29.97,0.0,9.04,0,271,0,136,136,271,,,,,,,,,,,,,,,,,,,,,,,,,,,,,,,,,,,,,,,,,,,,,,,,,,,,,,,,,,,,,,,,,,,,,,,,,,,,,,,,,,,,,,,,,,,,,,,,,,,,,,,,,,,,,,,,,,,,,,,,,,,,,,,,,,,,,,,,,,
6Z4SrAjy5aQ_000005_000015.mp4,2,exercising arm,29.97,0.0,8.31,0,249,0,124,124,249,,,,,,,,,,,,,,,,,,,,,,,,,,,,,,,,,,,,,,,,,,,,,,,,,,,,,,,,,,,,,,,,,,,,,,,,,,,,,,,,,,,,,,,,,,,,,,,,,,,,,,,,,,,,,,,,,,,,,,,,,,,,,,,,,,,,,,,,,,
7Mjn3jrBeuQ_000029_000039.mp4,4,exercising arm,29.97,0.0,6.07,0,182,0,46,46,91,91,136,136,182,,,,,,,,,,,,,,,,,,,,,,,,,,,,,,,,,,,,,,,,,,,,,,,,,,,,,,,,,,,,,,,,,,,,,,,,,,,,,,,,,,,,,,,,,,,,,,,,,,,,,,,,,,,,,,,,,,,,,,,,,,,,,,,,,,,,,,
7Mjn3jrBeuQ_000029_000039.mp4,2,exercising arm,29.97,6.67,9.94,200,298,200,249,249,298,,,,,,,,,,,,,,,,,,,,,,,,,,,,,,,,,,,,,,,,,,,,,,,,,,,,,,,,,,,,,,,,,,,,,,,,,,,,,,,,,,,,,,,,,,,,,,,,,,,,,,,,,,,,,,,,,,,,,,,,,,,,,,,,,,,,,,,,,,
7X_6VXhAbZ4_000931_000941.mp4,3,exercising arm,23.97,0.5,6.17,12,148,12,57,57,103,103,148,,,,,,,,,,,,,,,,,,,,,,,,,,,,,,,,,,,,,,,,,,,,,,,,,,,,,,,,,,,,,,,,,,,,,,,,,,,,,,,,,,,,,,,,,,,,,,,,,,,,,,,,,,,,,,,,,,,,,,,,,,,,,,,,,,,,,,,,
7X_6VXhAbZ4_000931_000941.mp4,2,exercising arm,23.97,6.51,8.93,156,214,156,185,185,214,,,,,,,,,,,,,,,,,,,,,,,,,,,,,,,,,,,,,,,,,,,,,,,,,,,,,,,,,,,,,,,,,,,,,,,,,,,,,,,,,,,,,,,,,,,,,,,,,,,,,,,,,,,,,,,,,,,,,,,,,,,,,,,,,,,,,,,,,,
8Vk-ESIHNBQ_000009_000019.mp4,6,exercising arm,30.0,0.0,10.0,0,300,0,50,50,100,100,150,150,200,200,250,250,300,,,,,,,,,,,,,,,,,,,,,,,,,,,,,,,,,,,,,,,,,,,,,,,,,,,,,,,,,,,,,,,,,,,,,,,,,,,,,,,,,,,,,,,,,,,,,,,,,,,,,,,,,,,,,,,,,,,,,,,,,,,,,,,,,,
8cGA2tLn70Q_000012_000022.mp4,2,exercising arm,7.49,0.0,10.0,0,75,0,38,38,75,,,,,,,,,,,,,,,,,,,,,,,,,,,,,,,,,,,,,,,,,,,,,,,,,,,,,,,,,,,,,,,,,,,,,,,,,,,,,,,,,,,,,,,,,,,,,,,,,,,,,,,,,,,,,,,,,,,,,,,,,,,,,,,,,,,,,,,,,,
9uq93pDWHbE_000193_000203.mp4,3,exercising arm,29.97,0.0,9.94,0,298,0,99,99,199,199,298,,,,,,,,,,,,,,,,,,,,,,,,,,,,,,,,,,,,,,,,,,,,,,,,,,,,,,,,,,,,,,,,,,,,,,,,,,,,,,,,,,,,,,,,,,,,,,,,,,,,,,,,,,,,,,,,,,,,,,,,,,,,,,,,,,,,,,,,
_Mdd5Lc0lzg_000013_000023.mp4,5,exercising arm,29.95,0.0,9.02,0,270,0,54,54,108,108,162,162,216,216,270,,,,,,,,,,,,,,,,,,,,,,,,,,,,,,,,,,,,,,,,,,,,,,,,,,,,,,,,,,,,,,,,,,,,,,,,,,,,,,,,,,,,,,,,,,,,,,,,,,,,,,,,,,,,,,,,,,,,,,,,,,,,,,,,,,,,
ABUjxBkFUWA_000037_000047.mp4,2,front raises,24.23,0.7,4.38,17,106,17,61,61,106,,,,,,,,,,,,,,,,,,,,,,,,,,,,,,,,,,,,,,,,,,,,,,,,,,,,,,,,,,,,,,,,,,,,,,,,,,,,,,,,,,,,,,,,,,,,,,,,,,,,,,,,,,,,,,,,,,,,,,,,,,,,,,,,,,,,,,,,,,
BBTHNwPx_do_000002_000012.mp4,3,front raises,29.97,0.0,7.81,0,234,0,78,78,156,156,234,,,,,,,,,,,,,,,,,,,,,,,,,,,,,,,,,,,,,,,,,,,,,,,,,,,,,,,,,,,,,,,,,,,,,,,,,,,,,,,,,,,,,,,,,,,,,,,,,,,,,,,,,,,,,,,,,,,,,,,,,,,,,,,,,,,,,,,,
CQDBpBmzYaQ_000000_000010.mp4,3,front raises,23.98,7.01,9.97,168,239,168,192,192,215,215,239,,,,,,,,,,,,,,,,,,,,,,,,,,,,,,,,,,,,,,,,,,,,,,,,,,,,,,,,,,,,,,,,,,,,,,,,,,,,,,,,,,,,,,,,,,,,,,,,,,,,,,,,,,,,,,,,,,,,,,,,,,,,,,,,,,,,,,,,
C29kvQkzadQ_000017_000027.mp4,2,front raises,29.97,0.9,9.98,27,299,27,163,163,299,,,,,,,,,,,,,,,,,,,,,,,,,,,,,,,,,,,,,,,,,,,,,,,,,,,,,,,,,,,,,,,,,,,,,,,,,,,,,,,,,,,,,,,,,,,,,,,,,,,,,,,,,,,,,,,,,,,,,,,,,,,,,,,,,,,,,,,,,,
C52j69LRW5Q_000000_000010.mp4,4,front raises,29.97,2.77,9.98,83,299,83,137,137,191,191,245,245,299,,,,,,,,,,,,,,,,,,,,,,,,,,,,,,,,,,,,,,,,,,,,,,,,,,,,,,,,,,,,,,,,,,,,,,,,,,,,,,,,,,,,,,,,,,,,,,,,,,,,,,,,,,,,,,,,,,,,,,,,,,,,,,,,,,,,,,
DfawoubB5R4_000001_000011.mp4,4,front raises,25.0,2.0,9.92,50,248,50,100,100,149,149,198,198,248,,,,,,,,,,,,,,,,,,,,,,,,,,,,,,,,,,,,,,,,,,,,,,,,,,,,,,,,,,,,,,,,,,,,,,,,,,,,,,,,,,,,,,,,,,,,,,,,,,,,,,,,,,,,,,,,,,,,,,,,,,,,,,,,,,,,,,
D7C85qKg_Gk_000018_000028.mp4,3,front raises,29.97,0.0,5.49,0,165,0,55,55,110,110,165,,,,,,,,,,,,,,,,,,,,,,,,,,,,,,,,,,,,,,,,,,,,,,,,,,,,,,,,,,,,,,,,,,,,,,,,,,,,,,,,,,,,,,,,,,,,,,,,,,,,,,,,,,,,,,,,,,,,,,,,,,,,,,,,,,,,,,,,
EMm7fbm9nus_000001_000011.mp4,4,front raises,23.98,0.0,9.97,0,239,0,60,60,120,120,179,179,239,,,,,,,,,,,,,,,,,,,,,,,,,,,,,,,,,,,,,,,,,,,,,,,,,,,,,,,,,,,,,,,,,,,,,,,,,,,,,,,,,,,,,,,,,,,,,,,,,,,,,,,,,,,,,,,,,,,,,,,,,,,,,,,,,,,,,,
FQG7XicPl3U_000014_000024.mp4,3,front raises,29.97,5.19,9.98,156,299,156,204,204,251,251,299,,,,,,,,,,,,,,,,,,,,,,,,,,,,,,,,,,,,,,,,,,,,,,,,,,,,,,,,,,,,,,,,,,,,,,,,,,,,,,,,,,,,,,,,,,,,,,,,,,,,,,,,,,,,,,,,,,,,,,,,,,,,,,,,,,,,,,,,
GH4Z41Wn3KQ_000046_000056.mp4,2,front raises,29.97,0.0,3.3,0,99,0,50,50,99,,,,,,,,,,,,,,,,,,,,,,,,,,,,,,,,,,,,,,,,,,,,,,,,,,,,,,,,,,,,,,,,,,,,,,,,,,,,,,,,,,,,,,,,,,,,,,,,,,,,,,,,,,,,,,,,,,,,,,,,,,,,,,,,,,,,,,,,,,
GTAH6-CL4Ys_000002_000012.mp4,3,front raises,29.97,0.0,6.17,0,185,0,62,62,123,123,185,,,,,,,,,,,,,,,,,,,,,,,,,,,,,,,,,,,,,,,,,,,,,,,,,,,,,,,,,,,,,,,,,,,,,,,,,,,,,,,,,,,,,,,,,,,,,,,,,,,,,,,,,,,,,,,,,,,,,,,,,,,,,,,,,,,,,,,,
GcWgWifEdyg_000088_000098.mp4,4,front raises,30.0,0.0,9.93,0,298,0,74,74,149,149,224,224,298,,,,,,,,,,,,,,,,,,,,,,,,,,,,,,,,,,,,,,,,,,,,,,,,,,,,,,,,,,,,,,,,,,,,,,,,,,,,,,,,,,,,,,,,,,,,,,,,,,,,,,,,,,,,,,,,,,,,,,,,,,,,,,,,,,,,,,
HIt1RcdVapg_000005_000015.mp4,2,front raises,29.58,0.0,4.46,0,132,0,66,66,132,,,,,,,,,,,,,,,,,,,,,,,,,,,,,,,,,,,,,,,,,,,,,,,,,,,,,,,,,,,,,,,,,,,,,,,,,,,,,,,,,,,,,,,,,,,,,,,,,,,,,,,,,,,,,,,,,,,,,,,,,,,,,,,,,,,,,,,,,,
HQyIPAJLqlc_000007_000017.mp4,2,front raises,29.97,0.0,6.44,0,193,0,96,96,193,,,,,,,,,,,,,,,,,,,,,,,,,,,,,,,,,,,,,,,,,,,,,,,,,,,,,,,,,,,,,,,,,,,,,,,,,,,,,,,,,,,,,,,,,,,,,,,,,,,,,,,,,,,,,,,,,,,,,,,,,,,,,,,,,,,,,,,,,,
HZNs_FOXF14_000002_000012.mp4,3,front raises,14.99,0.0,9.94,0,149,0,50,50,99,99,149,,,,,,,,,,,,,,,,,,,,,,,,,,,,,,,,,,,,,,,,,,,,,,,,,,,,,,,,,,,,,,,,,,,,,,,,,,,,,,,,,,,,,,,,,,,,,,,,,,,,,,,,,,,,,,,,,,,,,,,,,,,,,,,,,,,,,,,,
Heid6l1GHOc_000000_000010.mp4,3,front raises,29.97,0.45,9.91,13,297,13,108,108,202,202,297,,,,,,,,,,,,,,,,,,,,,,,,,,,,,,,,,,,,,,,,,,,,,,,,,,,,,,,,,,,,,,,,,,,,,,,,,,,,,,,,,,,,,,,,,,,,,,,,,,,,,,,,,,,,,,,,,,,,,,,,,,,,,,,,,,,,,,,,
H7ufIPPvd5U_000002_000012.mp4,2,front raises,25.0,2.6,9.68,65,242,65,153,153,242,,,,,,,,,,,,,,,,,,,,,,,,,,,,,,,,,,,,,,,,,,,,,,,,,,,,,,,,,,,,,,,,,,,,,,,,,,,,,,,,,,,,,,,,,,,,,,,,,,,,,,,,,,,,,,,,,,,,,,,,,,,,,,,,,,,,,,,,,,
Ix5p_7k676k_000002_000012.mp4,2,front raises,30.0,0.0,3.77,0,113,0,56,56,113,,,,,,,,,,,,,,,,,,,,,,,,,,,,,,,,,,,,,,,,,,,,,,,,,,,,,,,,,,,,,,,,,,,,,,,,,,,,,,,,,,,,,,,,,,,,,,,,,,,,,,,,,,,,,,,,,,,,,,,,,,,,,,,,,,,,,,,,,,
Ix5p_7k676k_000002_000012.mp4,2,front raises,30.0,5.93,10.0,178,300,178,239,239,300,,,,,,,,,,,,,,,,,,,,,,,,,,,,,,,,,,,,,,,,,,,,,,,,,,,,,,,,,,,,,,,,,,,,,,,,,,,,,,,,,,,,,,,,,,,,,,,,,,,,,,,,,,,,,,,,,,,,,,,,,,,,,,,,,,,,,,,,,,
JWPJRoehLxg_000043_000053.mp4,5,front raises,24.0,0.0,10.0,0,240,0,48,48,96,96,144,144,192,192,240,,,,,,,,,,,,,,,,,,,,,,,,,,,,,,,,,,,,,,,,,,,,,,,,,,,,,,,,,,,,,,,,,,,,,,,,,,,,,,,,,,,,,,,,,,,,,,,,,,,,,,,,,,,,,,,,,,,,,,,,,,,,,,,,,,,,
JhoPVQlJhlU_000000_000010.mp4,2,front raises,12.0,0.0,7.67,0,92,0,46,46,92,,,,,,,,,,,,,,,,,,,,,,,,,,,,,,,,,,,,,,,,,,,,,,,,,,,,,,,,,,,,,,,,,,,,,,,,,,,,,,,,,,,,,,,,,,,,,,,,,,,,,,,,,,,,,,,,,,,,,,,,,,,,,,,,,,,,,,,,,,
J81S0R4jZfo_000004_000014.mp4,5,front raises,29.97,0.33,9.98,10,299,10,68,68,126,126,183,183,241,241,299,,,,,,,,,,,,,,,,,,,,,,,,,,,,,,,,,,,,,,,,,,,,,,,,,,,,,,,,,,,,,,,,,,,,,,,,,,,,,,,,,,,,,,,,,,,,,,,,,,,,,,,,,,,,,,,,,,,,,,,,,,,,,,,,,,,,
KsSPKSXkphg_000002_000012.mp4,3,front raises,29.97,0.9,7.94,27,238,27,97,97,168,168,238,,,,,,,,,,,,,,,,,,,,,,,,,,,,,,,,,,,,,,,,,,,,,,,,,,,,,,,,,,,,,,,,,,,,,,,,,,,,,,,,,,,,,,,,,,,,,,,,,,,,,,,,,,,,,,,,,,,,,,,,,,,,,,,,,,,,,,,,
L21gCms-JYw_000003_000013.mp4,3,front raises,29.97,1.0,7.71,30,231,30,97,97,164,164,231,,,,,,,,,,,,,,,,,,,,,,,,,,,,,,,,,,,,,,,,,,,,,,,,,,,,,,,,,,,,,,,,,,,,,,,,,,,,,,,,,,,,,,,,,,,,,,,,,,,,,,,,,,,,,,,,,,,,,,,,,,,,,,,,,,,,,,,,
MKni-WE_EJA_000010_000020.mp4,4,front raises,29.97,0.0,9.98,0,299,0,75,75,150,150,224,224,299,,,,,,,,,,,,,,,,,,,,,,,,,,,,,,,,,,,,,,,,,,,,,,,,,,,,,,,,,,,,,,,,,,,,,,,,,,,,,,,,,,,,,,,,,,,,,,,,,,,,,,,,,,,,,,,,,,,,,,,,,,,,,,,,,,,,,,
MQ8inujgTR0_000011_000021.mp4,2,front raises,30.0,1.77,6.67,53,200,53,127,127,200,,,,,,,,,,,,,,,,,,,,,,,,,,,,,,,,,,,,,,,,,,,,,,,,,,,,,,,,,,,,,,,,,,,,,,,,,,,,,,,,,,,,,,,,,,,,,,,,,,,,,,,,,,,,,,,,,,,,,,,,,,,,,,,,,,,,,,,,,,
MfNYw7drgw4_000000_000010.mp4,4,front raises,29.0,0.0,7.41,0,215,0,54,54,108,108,161,161,215,,,,,,,,,,,,,,,,,,,,,,,,,,,,,,,,,,,,,,,,,,,,,,,,,,,,,,,,,,,,,,,,,,,,,,,,,,,,,,,,,,,,,,,,,,,,,,,,,,,,,,,,,,,,,,,,,,,,,,,,,,,,,,,,,,,,,,
NCsAAUM_NTY_000010_000020.mp4,6,front raises,30.0,0.0,10.0,0,300,0,50,50,100,100,150,150,200,200,250,250,300,,,,,,,,,,,,,,,,,,,,,,,,,,,,,,,,,,,,,,,,,,,,,,,,,,,,,,,,,,,,,,,,,,,,,,,,,,,,,,,,,,,,,,,,,,,,,,,,,,,,,,,,,,,,,,,,,,,,,,,,,,,,,,,,,,
NiZa1nz1jhU_000000_000010.mp4,6,front raises,30.0,0.0,10.0,0,300,0,50,50,100,100,150,150,200,200,250,250,300,,,,,,,,,,,,,,,,,,,,,,,,,,,,,,,,,,,,,,,,,,,,,,,,,,,,,,,,,,,,,,,,,,,,,,,,,,,,,,,,,,,,,,,,,,,,,,,,,,,,,,,,,,,,,,,,,,,,,,,,,,,,,,,,,,
ODPGbGJPJOE_000076_000086.mp4,6,front raises,29.97,0.0,9.98,0,299,0,50,50,100,100,150,150,199,199,249,249,299,,,,,,,,,,,,,,,,,,,,,,,,,,,,,,,,,,,,,,,,,,,,,,,,,,,,,,,,,,,,,,,,,,,,,,,,,,,,,,,,,,,,,,,,,,,,,,,,,,,,,,,,,,,,,,,,,,,,,,,,,,,,,,,,,,
O3K-uKeobMw_000002_000012.mp4,3,front raises,30.0,4.67,10.0,140,300,140,193,193,247,247,300,,,,,,,,,,,,,,,,,,,,,,,,,,,,,,,,,,,,,,,,,,,,,,,,,,,,,,,,,,,,,,,,,,,,,,,,,,,,,,,,,,,,,,,,,,,,,,,,,,,,,,,,,,,,,,,,,,,,,,,,,,,,,,,,,,,,,,,,
Q5ukigw09I0_000000_000010.mp4,3,front raises,29.97,0.0,7.66,0,230,0,77,77,153,153,230,,,,,,,,,,,,,,,,,,,,,,,,,,,,,,,,,,,,,,,,,,,,,,,,,,,,,,,,,,,,,,,,,,,,,,,,,,,,,,,,,,,,,,,,,,,,,,,,,,,,,,,,,,,,,,,,,,,,,,,,,,,,,,,,,,,,,,,,
SM8QucBW7VE_000002_000012.mp4,2,front raises,29.97,5.97,9.98,179,299,179,239,239,299,,,,,,,,,,,,,,,,,,,,,,,,,,,,,,,,,,,,,,,,,,,,,,,,,,,,,,,,,,,,,,,,,,,,,,,,,,,,,,,,,,,,,,,,,,,,,,,,,,,,,,,,,,,,,,,,,,,,,,,,,,,,,,,,,,,,,,,,,,
Vw0nq7cPDcg_000004_000014.mp4,12,front raises,29.97,0.0,9.98,0,299,0,25,25,50,50,75,75,100,100,125,125,150,150,174,174,199,199,224,224,249,249,274,274,299,,,,,,,,,,,,,,,,,,,,,,,,,,,,,,,,,,,,,,,,,,,,,,,,,,,,,,,,,,,,,,,,,,,,,,,,,,,,,,,,,,,,,,,,,,,,,,,,,,,,,,,,,,,,,,,,,,,,,,
WGcw4dPg0Qs_000007_000017.mp4,7,front raises,30.0,0.0,10.0,0,300,0,43,43,86,86,129,129,171,171,214,214,257,257,300,,,,,,,,,,,,,,,,,,,,,,,,,,,,,,,,,,,,,,,,,,,,,,,,,,,,,,,,,,,,,,,,,,,,,,,,,,,,,,,,,,,,,,,,,,,,,,,,,,,,,,,,,,,,,,,,,,,,,,,,,,,,,,,,
XV3_pSSGqbA_000000_000010.mp4,5,front raises,29.97,0.0,6.24,0,187,0,37,37,75,75,112,112,150,150,187,,,,,,,,,,,,,,,,,,,,,,,,,,,,,,,,,,,,,,,,,,,,,,,,,,,,,,,,,,,,,,,,,,,,,,,,,,,,,,,,,,,,,,,,,,,,,,,,,,,,,,,,,,,,,,,,,,,,,,,,,,,,,,,,,,,,
XoEAo1jWHB4_000002_000012.mp4,4,front raises,30.0,0.97,10.0,29,300,29,97,97,165,165,232,232,300,,,,,,,,,,,,,,,,,,,,,,,,,,,,,,,,,,,,,,,,,,,,,,,,,,,,,,,,,,,,,,,,,,,,,,,,,,,,,,,,,,,,,,,,,,,,,,,,,,,,,,,,,,,,,,,,,,,,,,,,,,,,,,,,,,,,,,
X86TOmc07sA_000001_000011.mp4,3,front raises,29.92,0.0,7.92,0,237,0,79,79,158,158,237,,,,,,,,,,,,,,,,,,,,,,,,,,,,,,,,,,,,,,,,,,,,,,,,,,,,,,,,,,,,,,,,,,,,,,,,,,,,,,,,,,,,,,,,,,,,,,,,,,,,,,,,,,,,,,,,,,,,,,,,,,,,,,,,,,,,,,,,
YW2Z0KDK1Iw_000018_000028.mp4,5,front raises,29.91,0.0,9.04,0,270,0,54,54,108,108,162,162,216,216,270,,,,,,,,,,,,,,,,,,,,,,,,,,,,,,,,,,,,,,,,,,,,,,,,,,,,,,,,,,,,,,,,,,,,,,,,,,,,,,,,,,,,,,,,,,,,,,,,,,,,,,,,,,,,,,,,,,,,,,,,,,,,,,,,,,,,
aN9PmVjbwqo_000005_000015.mp4,5,front raises,29.97,0.0,8.38,0,251,0,50,50,100,100,151,151,201,201,251,,,,,,,,,,,,,,,,,,,,,,,,,,,,,,,,,,,,,,,,,,,,,,,,,,,,,,,,,,,,,,,,,,,,,,,,,,,,,,,,,,,,,,,,,,,,,,,,,,,,,,,,,,,,,,,,,,,,,,,,,,,,,,,,,,,,
aXs3nGPIdW4_000010_000020.mp4,3,front raises,25.0,0.0,10.0,0,250,0,83,83,167,167,250,,,,,,,,,,,,,,,,,,,,,,,,,,,,,,,,,,,,,,,,,,,,,,,,,,,,,,,,,,,,,,,,,,,,,,,,,,,,,,,,,,,,,,,,,,,,,,,,,,,,,,,,,,,,,,,,,,,,,,,,,,,,,,,,,,,,,,,,
bRYkhg1jz3M_000001_000011.mp4,5,front raises,29.97,0.0,9.98,0,299,0,60,60,120,120,179,179,239,239,299,,,,,,,,,,,,,,,,,,,,,,,,,,,,,,,,,,,,,,,,,,,,,,,,,,,,,,,,,,,,,,,,,,,,,,,,,,,,,,,,,,,,,,,,,,,,,,,,,,,,,,,,,,,,,,,,,,,,,,,,,,,,,,,,,,,,
bhjtEvQ_PP8_000002_000012.mp4,3,front raises,30.0,0.0,6.37,0,191,0,64,64,127,127,191,,,,,,,,,,,,,,,,,,,,,,,,,,,,,,,,,,,,,,,,,,,,,,,,,,,,,,,,,,,,,,,,,,,,,,,,,,,,,,,,,,,,,,,,,,,,,,,,,,,,,,,,,,,,,,,,,,,,,,,,,,,,,,,,,,,,,,,,
bycf-KRhGts_000008_000018.mp4,6,front raises,30.0,0.5,10.0,15,300,15,63,63,110,110,157,157,205,205,253,253,300,,,,,,,,,,,,,,,,,,,,,,,,,,,,,,,,,,,,,,,,,,,,,,,,,,,,,,,,,,,,,,,,,,,,,,,,,,,,,,,,,,,,,,,,,,,,,,,,,,,,,,,,,,,,,,,,,,,,,,,,,,,,,,,,,,
b5fKZcvZ9xw_000000_000010.mp4,3,front raises,23.98,0.0,9.38,0,225,0,75,75,150,150,225,,,,,,,,,,,,,,,,,,,,,,,,,,,,,,,,,,,,,,,,,,,,,,,,,,,,,,,,,,,,,,,,,,,,,,,,,,,,,,,,,,,,,,,,,,,,,,,,,,,,,,,,,,,,,,,,,,,,,,,,,,,,,,,,,,,,,,,,
b7pHrYAitKU_000000_000010.mp4,6,front raises,29.97,0.0,9.98,0,299,0,50,50,100,100,150,150,199,199,249,249,299,,,,,,,,,,,,,,,,,,,,,,,,,,,,,,,,,,,,,,,,,,,,,,,,,,,,,,,,,,,,,,,,,,,,,,,,,,,,,,,,,,,,,,,,,,,,,,,,,,,,,,,,,,,,,,,,,,,,,,,,,,,,,,,,,,
ci46dm87tfo_000000_000010.mp4,4,front raises,29.97,0.03,9.98,1,299,1,75,75,150,150,225,225,299,,,,,,,,,,,,,,,,,,,,,,,,,,,,,,,,,,,,,,,,,,,,,,,,,,,,,,,,,,,,,,,,,,,,,,,,,,,,,,,,,,,,,,,,,,,,,,,,,,,,,,,,,,,,,,,,,,,,,,,,,,,,,,,,,,,,,,
dMLonKJ2oBg_000009_000019.mp4,3,front raises,30.0,1.0,6.57,30,197,30,86,86,141,141,197,,,,,,,,,,,,,,,,,,,,,,,,,,,,,,,,,,,,,,,,,,,,,,,,,,,,,,,,,,,,,,,,,,,,,,,,,,,,,,,,,,,,,,,,,,,,,,,,,,,,,,,,,,,,,,,,,,,,,,,,,,,,,,,,,,,,,,,,
dSUqi2thxAE_000001_000011.mp4,7,front raises,30.0,0.0,10.0,0,300,0,43,43,86,86,129,129,171,171,214,214,257,257,300,,,,,,,,,,,,,,,,,,,,,,,,,,,,,,,,,,,,,,,,,,,,,,,,,,,,,,,,,,,,,,,,,,,,,,,,,,,,,,,,,,,,,,,,,,,,,,,,,,,,,,,,,,,,,,,,,,,,,,,,,,,,,,,,
e3JvRiHmnI0_000003_000013.mp4,4,front raises,30.0,0.77,9.57,23,287,23,89,89,155,155,221,221,287,,,,,,,,,,,,,,,,,,,,,,,,,,,,,,,,,,,,,,,,,,,,,,,,,,,,,,,,,,,,,,,,,,,,,,,,,,,,,,,,,,,,,,,,,,,,,,,,,,,,,,,,,,,,,,,,,,,,,,,,,,,,,,,,,,,,,,
fFCbUAZz3oc_000007_000017.mp4,2,front raises,29.97,4.04,9.98,121,299,121,210,210,299,,,,,,,,,,,,,,,,,,,,,,,,,,,,,,,,,,,,,,,,,,,,,,,,,,,,,,,,,,,,,,,,,,,,,,,,,,,,,,,,,,,,,,,,,,,,,,,,,,,,,,,,,,,,,,,,,,,,,,,,,,,,,,,,,,,,,,,,,,
fZrwazqph2g_000004_000014.mp4,5,front raises,29.86,0.0,9.98,0,298,0,60,60,119,119,179,179,238,238,298,,,,,,,,,,,,,,,,,,,,,,,,,,,,,,,,,,,,,,,,,,,,,,,,,,,,,,,,,,,,,,,,,,,,,,,,,,,,,,,,,,,,,,,,,,,,,,,,,,,,,,,,,,,,,,,,,,,,,,,,,,,,,,,,,,,,
fcbdbV8aXHc_000002_000012.mp4,6,front raises,30.0,0.0,9.6,0,288,0,48,48,96,96,144,144,192,192,240,240,288,,,,,,,,,,,,,,,,,,,,,,,,,,,,,,,,,,,,,,,,,,,,,,,,,,,,,,,,,,,,,,,,,,,,,,,,,,,,,,,,,,,,,,,,,,,,,,,,,,,,,,,,,,,,,,,,,,,,,,,,,,,,,,,,,,
f83jTVAR_XY_000004_000014.mp4,6,front raises,29.97,0.0,9.98,0,299,0,50,50,100,100,150,150,199,199,249,249,299,,,,,,,,,,,,,,,,,,,,,,,,,,,,,,,,,,,,,,,,,,,,,,,,,,,,,,,,,,,,,,,,,,,,,,,,,,,,,,,,,,,,,,,,,,,,,,,,,,,,,,,,,,,,,,,,,,,,,,,,,,,,,,,,,,
gWYAcOfnKys_000003_000013.mp4,3,front raises,29.97,0.57,8.94,17,268,17,101,101,184,184,268,,,,,,,,,,,,,,,,,,,,,,,,,,,,,,,,,,,,,,,,,,,,,,,,,,,,,,,,,,,,,,,,,,,,,,,,,,,,,,,,,,,,,,,,,,,,,,,,,,,,,,,,,,,,,,,,,,,,,,,,,,,,,,,,,,,,,,,,
gp71eVqIbpE_000002_000012.mp4,2,front raises,25.0,0.0,7.36,0,184,0,92,92,184,,,,,,,,,,,,,,,,,,,,,,,,,,,,,,,,,,,,,,,,,,,,,,,,,,,,,,,,,,,,,,,,,,,,,,,,,,,,,,,,,,,,,,,,,,,,,,,,,,,,,,,,,,,,,,,,,,,,,,,,,,,,,,,,,,,,,,,,,,
g4FMo-eQv-M_000000_000010.mp4,2,front raises,29.97,0.05,6.56,1,197,1,99,99,197,,,,,,,,,,,,,,,,,,,,,,,,,,,,,,,,,,,,,,,,,,,,,,,,,,,,,,,,,,,,,,,,,,,,,,,,,,,,,,,,,,,,,,,,,,,,,,,,,,,,,,,,,,,,,,,,,,,,,,,,,,,,,,,,,,,,,,,,,,
hBq3ObGmxKE_000029_000039.mp4,5,front raises,30.0,0.0,6.63,0,199,0,40,40,80,80,119,119,159,159,199,,,,,,,,,,,,,,,,,,,,,,,,,,,,,,,,,,,,,,,,,,,,,,,,,,,,,,,,,,,,,,,,,,,,,,,,,,,,,,,,,,,,,,,,,,,,,,,,,,,,,,,,,,,,,,,,,,,,,,,,,,,,,,,,,,,,
iDtN2lN7EPo_000009_000019.mp4,3,front raises,30.0,0.0,9.67,0,290,0,97,97,193,193,290,,,,,,,,,,,,,,,,,,,,,,,,,,,,,,,,,,,,,,,,,,,,,,,,,,,,,,,,,,,,,,,,,,,,,,,,,,,,,,,,,,,,,,,,,,,,,,,,,,,,,,,,,,,,,,,,,,,,,,,,,,,,,,,,,,,,,,,,
ii2Cokl4lc0_000000_000010.mp4,3,front raises,29.97,0.0,6.81,0,204,0,68,68,136,136,204,,,,,,,,,,,,,,,,,,,,,,,,,,,,,,,,,,,,,,,,,,,,,,,,,,,,,,,,,,,,,,,,,,,,,,,,,,,,,,,,,,,,,,,,,,,,,,,,,,,,,,,,,,,,,,,,,,,,,,,,,,,,,,,,,,,,,,,,
jNEaz0Y2kBU_000015_000025.mp4,3,front raises,29.95,3.87,9.95,116,298,116,177,177,237,237,298,,,,,,,,,,,,,,,,,,,,,,,,,,,,,,,,,,,,,,,,,,,,,,,,,,,,,,,,,,,,,,,,,,,,,,,,,,,,,,,,,,,,,,,,,,,,,,,,,,,,,,,,,,,,,,,,,,,,,,,,,,,,,,,,,,,,,,,,
kCXfIdx_wH4_000005_000015.mp4,6,front raises,29.97,0.0,9.28,0,278,0,46,46,93,93,139,139,185,185,232,232,278,,,,,,,,,,,,,,,,,,,,,,,,,,,,,,,,,,,,,,,,,,,,,,,,,,,,,,,,,,,,,,,,,,,,,,,,,,,,,,,,,,,,,,,,,,,,,,,,,,,,,,,,,,,,,,,,,,,,,,,,,,,,,,,,,,
kL0UYOzU3Hw_000007_000017.mp4,4,front raises,24.01,2.75,9.43,66,226,66,106,106,146,146,186,186,226,,,,,,,,,,,,,,,,,,,,,,,,,,,,,,,,,,,,,,,,,,,,,,,,,,,,,,,,,,,,,,,,,,,,,,,,,,,,,,,,,,,,,,,,,,,,,,,,,,,,,,,,,,,,,,,,,,,,,,,,,,,,,,,,,,,,,,
lWJ-xArazzc_000002_000012.mp4,3,front raises,30.0,5.7,10.0,171,300,171,214,214,257,257,300,,,,,,,,,,,,,,,,,,,,,,,,,,,,,,,,,,,,,,,,,,,,,,,,,,,,,,,,,,,,,,,,,,,,,,,,,,,,,,,,,,,,,,,,,,,,,,,,,,,,,,,,,,,,,,,,,,,,,,,,,,,,,,,,,,,,,,,,
lZkahBIvJtQ_000012_000022.mp4,8,front raises,29.0,0.0,10.0,0,290,0,36,36,72,72,109,109,145,145,181,181,218,218,254,254,290,,,,,,,,,,,,,,,,,,,,,,,,,,,,,,,,,,,,,,,,,,,,,,,,,,,,,,,,,,,,,,,,,,,,,,,,,,,,,,,,,,,,,,,,,,,,,,,,,,,,,,,,,,,,,,,,,,,,,,,,,,,,,,
lirLURjxr0E_000003_000013.mp4,3,front raises,30.0,0.2,10.0,6,300,6,104,104,202,202,300,,,,,,,,,,,,,,,,,,,,,,,,,,,,,,,,,,,,,,,,,,,,,,,,,,,,,,,,,,,,,,,,,,,,,,,,,,,,,,,,,,,,,,,,,,,,,,,,,,,,,,,,,,,,,,,,,,,,,,,,,,,,,,,,,,,,,,,,
l7QAgN6oRBE_000002_000012.mp4,2,front raises,23.98,0.0,4.92,0,118,0,59,59,118,,,,,,,,,,,,,,,,,,,,,,,,,,,,,,,,,,,,,,,,,,,,,,,,,,,,,,,,,,,,,,,,,,,,,,,,,,,,,,,,,,,,,,,,,,,,,,,,,,,,,,,,,,,,,,,,,,,,,,,,,,,,,,,,,,,,,,,,,,
myQzH7BEd6g_000001_000011.mp4,2,front raises,30.0,0.3,4.83,9,145,9,77,77,145,,,,,,,,,,,,,,,,,,,,,,,,,,,,,,,,,,,,,,,,,,,,,,,,,,,,,,,,,,,,,,,,,,,,,,,,,,,,,,,,,,,,,,,,,,,,,,,,,,,,,,,,,,,,,,,,,,,,,,,,,,,,,,,,,,,,,,,,,,
n1RjNlg2VPk_000004_000014.mp4,4,front raises,29.97,0.0,7.97,0,239,0,60,60,120,120,179,179,239,,,,,,,,,,,,,,,,,,,,,,,,,,,,,,,,,,,,,,,,,,,,,,,,,,,,,,,,,,,,,,,,,,,,,,,,,,,,,,,,,,,,,,,,,,,,,,,,,,,,,,,,,,,,,,,,,,,,,,,,,,,,,,,,,,,,,,
of3i0vPTk8c_000009_000019.mp4,2,front raises,29.97,0.1,5.27,3,158,3,81,81,158,,,,,,,,,,,,,,,,,,,,,,,,,,,,,,,,,,,,,,,,,,,,,,,,,,,,,,,,,,,,,,,,,,,,,,,,,,,,,,,,,,,,,,,,,,,,,,,,,,,,,,,,,,,,,,,,,,,,,,,,,,,,,,,,,,,,,,,,,,
of3i0vPTk8c_000009_000019.mp4,2,front raises,29.97,6.41,9.98,192,299,192,246,246,299,,,,,,,,,,,,,,,,,,,,,,,,,,,,,,,,,,,,,,,,,,,,,,,,,,,,,,,,,,,,,,,,,,,,,,,,,,,,,,,,,,,,,,,,,,,,,,,,,,,,,,,,,,,,,,,,,,,,,,,,,,,,,,,,,,,,,,,,,,
phzeDHW1qME_000005_000015.mp4,2,front raises,29.97,2.5,5.74,75,172,75,123,123,172,,,,,,,,,,,,,,,,,,,,,,,,,,,,,,,,,,,,,,,,,,,,,,,,,,,,,,,,,,,,,,,,,,,,,,,,,,,,,,,,,,,,,,,,,,,,,,,,,,,,,,,,,,,,,,,,,,,,,,,,,,,,,,,,,,,,,,,,,,
reraUbcS7RI_000000_000010.mp4,6,front raises,30.0,0.0,10.0,0,300,0,50,50,100,100,150,150,200,200,250,250,300,,,,,,,,,,,,,,,,,,,,,,,,,,,,,,,,,,,,,,,,,,,,,,,,,,,,,,,,,,,,,,,,,,,,,,,,,,,,,,,,,,,,,,,,,,,,,,,,,,,,,,,,,,,,,,,,,,,,,,,,,,,,,,,,,,
tcX2qWFCIik_000006_000016.mp4,4,front raises,30.0,0.0,10.0,0,300,0,75,75,150,150,225,225,300,,,,,,,,,,,,,,,,,,,,,,,,,,,,,,,,,,,,,,,,,,,,,,,,,,,,,,,,,,,,,,,,,,,,,,,,,,,,,,,,,,,,,,,,,,,,,,,,,,,,,,,,,,,,,,,,,,,,,,,,,,,,,,,,,,,,,,
vF0Gz5AOcSg_000000_000010.mp4,2,front raises,29.0,6.45,9.86,187,286,187,237,237,286,,,,,,,,,,,,,,,,,,,,,,,,,,,,,,,,,,,,,,,,,,,,,,,,,,,,,,,,,,,,,,,,,,,,,,,,,,,,,,,,,,,,,,,,,,,,,,,,,,,,,,,,,,,,,,,,,,,,,,,,,,,,,,,,,,,,,,,,,,
zQhZ1MOgT9g_000009_000019.mp4,2,front raises,29.97,1.84,9.98,55,299,55,177,177,299,,,,,,,,,,,,,,,,,,,,,,,,,,,,,,,,,,,,,,,,,,,,,,,,,,,,,,,,,,,,,,,,,,,,,,,,,,,,,,,,,,,,,,,,,,,,,,,,,,,,,,,,,,,,,,,,,,,,,,,,,,,,,,,,,,,,,,,,,,
z-JNOUyV7Nk_000017_000027.mp4,3,front raises,29.97,0.0,8.54,0,256,0,85,85,171,171,256,,,,,,,,,,,,,,,,,,,,,,,,,,,,,,,,,,,,,,,,,,,,,,,,,,,,,,,,,,,,,,,,,,,,,,,,,,,,,,,,,,,,,,,,,,,,,,,,,,,,,,,,,,,,,,,,,,,,,,,,,,,,,,,,,,,,,,,,
0OpUaIKCDmc_000007_000017.mp4,5,front raises,29.92,0.0,9.96,0,298,0,60,60,119,119,179,179,238,238,298,,,,,,,,,,,,,,,,,,,,,,,,,,,,,,,,,,,,,,,,,,,,,,,,,,,,,,,,,,,,,,,,,,,,,,,,,,,,,,,,,,,,,,,,,,,,,,,,,,,,,,,,,,,,,,,,,,,,,,,,,,,,,,,,,,,,
0cie4Dag5NM_000005_000015.mp4,5,front raises,30.0,0.0,10.0,0,300,0,60,60,120,120,180,180,240,240,300,,,,,,,,,,,,,,,,,,,,,,,,,,,,,,,,,,,,,,,,,,,,,,,,,,,,,,,,,,,,,,,,,,,,,,,,,,,,,,,,,,,,,,,,,,,,,,,,,,,,,,,,,,,,,,,,,,,,,,,,,,,,,,,,,,,,
0_EeIVIi5vU_000012_000022.mp4,2,front raises,23.98,0.0,3.8,0,91,0,46,46,91,,,,,,,,,,,,,,,,,,,,,,,,,,,,,,,,,,,,,,,,,,,,,,,,,,,,,,,,,,,,,,,,,,,,,,,,,,,,,,,,,,,,,,,,,,,,,,,,,,,,,,,,,,,,,,,,,,,,,,,,,,,,,,,,,,,,,,,,,,
0_EeIVIi5vU_000012_000022.mp4,2,front raises,23.98,6.42,9.97,154,239,154,196,196,239,,,,,,,,,,,,,,,,,,,,,,,,,,,,,,,,,,,,,,,,,,,,,,,,,,,,,,,,,,,,,,,,,,,,,,,,,,,,,,,,,,,,,,,,,,,,,,,,,,,,,,,,,,,,,,,,,,,,,,,,,,,,,,,,,,,,,,,,,,
1AuqtFXflQ4_000014_000024.mp4,4,front raises,30.0,0.17,10.0,5,300,5,79,79,153,153,226,226,300,,,,,,,,,,,,,,,,,,,,,,,,,,,,,,,,,,,,,,,,,,,,,,,,,,,,,,,,,,,,,,,,,,,,,,,,,,,,,,,,,,,,,,,,,,,,,,,,,,,,,,,,,,,,,,,,,,,,,,,,,,,,,,,,,,,,,,
1r-kCQoi50A_000000_000010.mp4,2,front raises,29.97,2.97,9.98,89,299,89,194,194,299,,,,,,,,,,,,,,,,,,,,,,,,,,,,,,,,,,,,,,,,,,,,,,,,,,,,,,,,,,,,,,,,,,,,,,,,,,,,,,,,,,,,,,,,,,,,,,,,,,,,,,,,,,,,,,,,,,,,,,,,,,,,,,,,,,,,,,,,,,
2C6MGHJ9b4k_000000_000010.mp4,4,front raises,30.0,2.37,10.0,71,300,71,128,128,185,185,243,243,300,,,,,,,,,,,,,,,,,,,,,,,,,,,,,,,,,,,,,,,,,,,,,,,,,,,,,,,,,,,,,,,,,,,,,,,,,,,,,,,,,,,,,,,,,,,,,,,,,,,,,,,,,,,,,,,,,,,,,,,,,,,,,,,,,,,,,,
2h2EMB7Q4KQ_000000_000010.mp4,7,front raises,29.97,0.0,9.98,0,299,0,43,43,85,85,128,128,171,171,214,214,256,256,299,,,,,,,,,,,,,,,,,,,,,,,,,,,,,,,,,,,,,,,,,,,,,,,,,,,,,,,,,,,,,,,,,,,,,,,,,,,,,,,,,,,,,,,,,,,,,,,,,,,,,,,,,,,,,,,,,,,,,,,,,,,,,,,,
3Gq5dVaJ7EM_000010_000020.mp4,4,front raises,29.97,0.0,8.34,0,250,0,62,62,125,125,188,188,250,,,,,,,,,,,,,,,,,,,,,,,,,,,,,,,,,,,,,,,,,,,,,,,,,,,,,,,,,,,,,,,,,,,,,,,,,,,,,,,,,,,,,,,,,,,,,,,,,,,,,,,,,,,,,,,,,,,,,,,,,,,,,,,,,,,,,,
3wAarCjHT8I_000005_000015.mp4,3,front raises,29.94,0.17,9.63,5,288,5,99,99,194,194,288,,,,,,,,,,,,,,,,,,,,,,,,,,,,,,,,,,,,,,,,,,,,,,,,,,,,,,,,,,,,,,,,,,,,,,,,,,,,,,,,,,,,,,,,,,,,,,,,,,,,,,,,,,,,,,,,,,,,,,,,,,,,,,,,,,,,,,,,
4AUXIbTOTsc_000001_000011.mp4,5,front raises,29.97,0.4,9.98,12,299,12,69,69,127,127,184,184,242,242,299,,,,,,,,,,,,,,,,,,,,,,,,,,,,,,,,,,,,,,,,,,,,,,,,,,,,,,,,,,,,,,,,,,,,,,,,,,,,,,,,,,,,,,,,,,,,,,,,,,,,,,,,,,,,,,,,,,,,,,,,,,,,,,,,,,,,
4asMwQOZGSU_000027_000037.mp4,3,front raises,30.0,1.67,10.0,50,300,50,133,133,217,217,300,,,,,,,,,,,,,,,,,,,,,,,,,,,,,,,,,,,,,,,,,,,,,,,,,,,,,,,,,,,,,,,,,,,,,,,,,,,,,,,,,,,,,,,,,,,,,,,,,,,,,,,,,,,,,,,,,,,,,,,,,,,,,,,,,,,,,,,,
4u1SX87_hHk_000008_000018.mp4,4,front raises,59.94,0.43,9.61,26,576,26,164,164,301,301,438,438,576,,,,,,,,,,,,,,,,,,,,,,,,,,,,,,,,,,,,,,,,,,,,,,,,,,,,,,,,,,,,,,,,,,,,,,,,,,,,,,,,,,,,,,,,,,,,,,,,,,,,,,,,,,,,,,,,,,,,,,,,,,,,,,,,,,,,,,
55cNMNGtMVk_000002_000012.mp4,5,front raises,30.0,0.0,10.0,0,300,0,60,60,120,120,180,180,240,240,300,,,,,,,,,,,,,,,,,,,,,,,,,,,,,,,,,,,,,,,,,,,,,,,,,,,,,,,,,,,,,,,,,,,,,,,,,,,,,,,,,,,,,,,,,,,,,,,,,,,,,,,,,,,,,,,,,,,,,,,,,,,,,,,,,,,,
6Q-P0jc4_58_000005_000015.mp4,2,front raises,23.98,2.59,9.97,62,239,62,150,150,239,,,,,,,,,,,,,,,,,,,,,,,,,,,,,,,,,,,,,,,,,,,,,,,,,,,,,,,,,,,,,,,,,,,,,,,,,,,,,,,,,,,,,,,,,,,,,,,,,,,,,,,,,,,,,,,,,,,,,,,,,,,,,,,,,,,,,,,,,,
6gdNjUNfctI_000026_000036.mp4,6,front raises,30.0,0.0,9.37,0,281,0,47,47,94,94,140,140,187,187,234,234,281,,,,,,,,,,,,,,,,,,,,,,,,,,,,,,,,,,,,,,,,,,,,,,,,,,,,,,,,,,,,,,,,,,,,,,,,,,,,,,,,,,,,,,,,,,,,,,,,,,,,,,,,,,,,,,,,,,,,,,,,,,,,,,,,,,
77STyrHkwFM_000005_000015.mp4,3,front raises,30.0,0.23,10.0,7,300,7,105,105,202,202,300,,,,,,,,,,,,,,,,,,,,,,,,,,,,,,,,,,,,,,,,,,,,,,,,,,,,,,,,,,,,,,,,,,,,,,,,,,,,,,,,,,,,,,,,,,,,,,,,,,,,,,,,,,,,,,,,,,,,,,,,,,,,,,,,,,,,,,,,
78HZ_RkMjX4_000001_000011.mp4,3,front raises,29.97,1.0,9.98,30,299,30,120,120,209,209,299,,,,,,,,,,,,,,,,,,,,,,,,,,,,,,,,,,,,,,,,,,,,,,,,,,,,,,,,,,,,,,,,,,,,,,,,,,,,,,,,,,,,,,,,,,,,,,,,,,,,,,,,,,,,,,,,,,,,,,,,,,,,,,,,,,,,,,,,
8HUubi50s54_000005_000015.mp4,4,front raises,29.97,0.0,8.41,0,252,0,63,63,126,126,189,189,252,,,,,,,,,,,,,,,,,,,,,,,,,,,,,,,,,,,,,,,,,,,,,,,,,,,,,,,,,,,,,,,,,,,,,,,,,,,,,,,,,,,,,,,,,,,,,,,,,,,,,,,,,,,,,,,,,,,,,,,,,,,,,,,,,,,,,,
8ptyL3caEC8_000000_000010.mp4,3,front raises,23.98,0.0,9.97,0,239,0,80,80,159,159,239,,,,,,,,,,,,,,,,,,,,,,,,,,,,,,,,,,,,,,,,,,,,,,,,,,,,,,,,,,,,,,,,,,,,,,,,,,,,,,,,,,,,,,,,,,,,,,,,,,,,,,,,,,,,,,,,,,,,,,,,,,,,,,,,,,,,,,,,
89ONF3JWdHw_000095_000105.mp4,4,front raises,25.0,1.12,9.88,28,247,28,83,83,138,138,192,192,247,,,,,,,,,,,,,,,,,,,,,,,,,,,,,,,,,,,,,,,,,,,,,,,,,,,,,,,,,,,,,,,,,,,,,,,,,,,,,,,,,,,,,,,,,,,,,,,,,,,,,,,,,,,,,,,,,,,,,,,,,,,,,,,,,,,,,,
9JSCtK83Lh0_000000_000010.mp4,3,front raises,29.97,0.23,8.01,7,240,7,85,85,162,162,240,,,,,,,,,,,,,,,,,,,,,,,,,,,,,,,,,,,,,,,,,,,,,,,,,,,,,,,,,,,,,,,,,,,,,,,,,,,,,,,,,,,,,,,,,,,,,,,,,,,,,,,,,,,,,,,,,,,,,,,,,,,,,,,,,,,,,,,,
9vI4FnrtKB0_000004_000014.mp4,3,front raises,25.0,0.0,9.64,0,241,0,80,80,161,161,241,,,,,,,,,,,,,,,,,,,,,,,,,,,,,,,,,,,,,,,,,,,,,,,,,,,,,,,,,,,,,,,,,,,,,,,,,,,,,,,,,,,,,,,,,,,,,,,,,,,,,,,,,,,,,,,,,,,,,,,,,,,,,,,,,,,,,,,,
97Ulov2NO30_000007_000017.mp4,5,front raises,29.97,0.0,9.28,0,278,0,56,56,111,111,167,167,222,222,278,,,,,,,,,,,,,,,,,,,,,,,,,,,,,,,,,,,,,,,,,,,,,,,,,,,,,,,,,,,,,,,,,,,,,,,,,,,,,,,,,,,,,,,,,,,,,,,,,,,,,,,,,,,,,,,,,,,,,,,,,,,,,,,,,,,,
-eACihRsUK8_000016_000026.mp4,2,front raises,29.97,0.0,6.41,0,192,0,96,96,192,,,,,,,,,,,,,,,,,,,,,,,,,,,,,,,,,,,,,,,,,,,,,,,,,,,,,,,,,,,,,,,,,,,,,,,,,,,,,,,,,,,,,,,,,,,,,,,,,,,,,,,,,,,,,,,,,,,,,,,,,,,,,,,,,,,,,,,,,,
Cc5R3Ey3MQw_000004_000014.mp4,3,gymnastics tumbling,29.97,1.97,4.44,59,133,59,84,84,108,108,133,,,,,,,,,,,,,,,,,,,,,,,,,,,,,,,,,,,,,,,,,,,,,,,,,,,,,,,,,,,,,,,,,,,,,,,,,,,,,,,,,,,,,,,,,,,,,,,,,,,,,,,,,,,,,,,,,,,,,,,,,,,,,,,,,,,,,,,,
DgLUB2tqxxU_000005_000015.mp4,2,gymnastics tumbling,29.97,6.74,9.41,202,282,202,242,242,282,,,,,,,,,,,,,,,,,,,,,,,,,,,,,,,,,,,,,,,,,,,,,,,,,,,,,,,,,,,,,,,,,,,,,,,,,,,,,,,,,,,,,,,,,,,,,,,,,,,,,,,,,,,,,,,,,,,,,,,,,,,,,,,,,,,,,,,,,,
D06JYMRaSgU_000003_000013.mp4,5,gymnastics tumbling,23.98,0.0,3.92,0,94,0,19,19,38,38,56,56,75,75,94,,,,,,,,,,,,,,,,,,,,,,,,,,,,,,,,,,,,,,,,,,,,,,,,,,,,,,,,,,,,,,,,,,,,,,,,,,,,,,,,,,,,,,,,,,,,,,,,,,,,,,,,,,,,,,,,,,,,,,,,,,,,,,,,,,,,
FQnH6pjj4DA_000000_000010.mp4,3,gymnastics tumbling,15.0,3.07,5.8,46,87,46,60,60,73,73,87,,,,,,,,,,,,,,,,,,,,,,,,,,,,,,,,,,,,,,,,,,,,,,,,,,,,,,,,,,,,,,,,,,,,,,,,,,,,,,,,,,,,,,,,,,,,,,,,,,,,,,,,,,,,,,,,,,,,,,,,,,,,,,,,,,,,,,,,
HFuOhzpSyEU_000000_000010.mp4,4,gymnastics tumbling,29.92,4.57,8.41,137,252,137,166,166,195,195,223,223,252,,,,,,,,,,,,,,,,,,,,,,,,,,,,,,,,,,,,,,,,,,,,,,,,,,,,,,,,,,,,,,,,,,,,,,,,,,,,,,,,,,,,,,,,,,,,,,,,,,,,,,,,,,,,,,,,,,,,,,,,,,,,,,,,,,,,,,
Hb0xqpm3E_4_000000_000010.mp4,8,gymnastics tumbling,29.97,0.0,6.91,0,207,0,26,26,52,52,78,78,104,104,129,129,155,155,181,181,207,,,,,,,,,,,,,,,,,,,,,,,,,,,,,,,,,,,,,,,,,,,,,,,,,,,,,,,,,,,,,,,,,,,,,,,,,,,,,,,,,,,,,,,,,,,,,,,,,,,,,,,,,,,,,,,,,,,,,,,,,,,,,,
I7nPIyRjiHE_000143_000153.mp4,3,gymnastics tumbling,29.97,5.14,7.91,154,237,154,182,182,209,209,237,,,,,,,,,,,,,,,,,,,,,,,,,,,,,,,,,,,,,,,,,,,,,,,,,,,,,,,,,,,,,,,,,,,,,,,,,,,,,,,,,,,,,,,,,,,,,,,,,,,,,,,,,,,,,,,,,,,,,,,,,,,,,,,,,,,,,,,,
KxXxsr3a4Fk_000003_000013.mp4,2,gymnastics tumbling,23.98,0.1,1.71,2,41,2,22,22,41,,,,,,,,,,,,,,,,,,,,,,,,,,,,,,,,,,,,,,,,,,,,,,,,,,,,,,,,,,,,,,,,,,,,,,,,,,,,,,,,,,,,,,,,,,,,,,,,,,,,,,,,,,,,,,,,,,,,,,,,,,,,,,,,,,,,,,,,,,
LiQFp-QBfqI_000000_000010.mp4,2,gymnastics tumbling,30.0,5.97,9.92,179,298,179,239,239,298,,,,,,,,,,,,,,,,,,,,,,,,,,,,,,,,,,,,,,,,,,,,,,,,,,,,,,,,,,,,,,,,,,,,,,,,,,,,,,,,,,,,,,,,,,,,,,,,,,,,,,,,,,,,,,,,,,,,,,,,,,,,,,,,,,,,,,,,,,
MAQd6Wue3Gs_000048_000058.mp4,4,gymnastics tumbling,29.97,2.27,9.98,68,299,68,126,126,184,184,241,241,299,,,,,,,,,,,,,,,,,,,,,,,,,,,,,,,,,,,,,,,,,,,,,,,,,,,,,,,,,,,,,,,,,,,,,,,,,,,,,,,,,,,,,,,,,,,,,,,,,,,,,,,,,,,,,,,,,,,,,,,,,,,,,,,,,,,,,,
MJUV4xuOazo_000011_000021.mp4,3,gymnastics tumbling,30.0,5.78,8.15,173,244,173,197,197,220,220,244,,,,,,,,,,,,,,,,,,,,,,,,,,,,,,,,,,,,,,,,,,,,,,,,,,,,,,,,,,,,,,,,,,,,,,,,,,,,,,,,,,,,,,,,,,,,,,,,,,,,,,,,,,,,,,,,,,,,,,,,,,,,,,,,,,,,,,,,
OVG9FlEXUsk_000099_000109.mp4,3,gymnastics tumbling,29.97,8.11,9.94,243,298,243,261,261,280,280,298,,,,,,,,,,,,,,,,,,,,,,,,,,,,,,,,,,,,,,,,,,,,,,,,,,,,,,,,,,,,,,,,,,,,,,,,,,,,,,,,,,,,,,,,,,,,,,,,,,,,,,,,,,,,,,,,,,,,,,,,,,,,,,,,,,,,,,,,
OZ_HIjPYi0g_000022_000032.mp4,3,gymnastics tumbling,29.97,0.0,3.37,0,101,0,34,34,67,67,101,,,,,,,,,,,,,,,,,,,,,,,,,,,,,,,,,,,,,,,,,,,,,,,,,,,,,,,,,,,,,,,,,,,,,,,,,,,,,,,,,,,,,,,,,,,,,,,,,,,,,,,,,,,,,,,,,,,,,,,,,,,,,,,,,,,,,,,,
OZ_HIjPYi0g_000022_000032.mp4,6,gymnastics tumbling,29.97,4.44,9.24,133,277,133,157,157,181,181,205,205,229,229,253,253,277,,,,,,,,,,,,,,,,,,,,,,,,,,,,,,,,,,,,,,,,,,,,,,,,,,,,,,,,,,,,,,,,,,,,,,,,,,,,,,,,,,,,,,,,,,,,,,,,,,,,,,,,,,,,,,,,,,,,,,,,,,,,,,,,,,
Pct0eQYej3o_000005_000015.mp4,3,gymnastics tumbling,25.0,7.72,9.94,193,248,193,211,211,230,230,248,,,,,,,,,,,,,,,,,,,,,,,,,,,,,,,,,,,,,,,,,,,,,,,,,,,,,,,,,,,,,,,,,,,,,,,,,,,,,,,,,,,,,,,,,,,,,,,,,,,,,,,,,,,,,,,,,,,,,,,,,,,,,,,,,,,,,,,,
QSy9EaDLGto_000261_000271.mp4,2,gymnastics tumbling,29.97,0.0,1.9,0,57,0,28,28,57,,,,,,,,,,,,,,,,,,,,,,,,,,,,,,,,,,,,,,,,,,,,,,,,,,,,,,,,,,,,,,,,,,,,,,,,,,,,,,,,,,,,,,,,,,,,,,,,,,,,,,,,,,,,,,,,,,,,,,,,,,,,,,,,,,,,,,,,,,
QSy9EaDLGto_000261_000271.mp4,5,gymnastics tumbling,29.97,3.54,9.94,106,298,106,144,144,183,183,221,221,260,260,298,,,,,,,,,,,,,,,,,,,,,,,,,,,,,,,,,,,,,,,,,,,,,,,,,,,,,,,,,,,,,,,,,,,,,,,,,,,,,,,,,,,,,,,,,,,,,,,,,,,,,,,,,,,,,,,,,,,,,,,,,,,,,,,,,,,,
SefnEPNTw_A_000016_000026.mp4,2,gymnastics tumbling,30.0,8.72,10.0,262,300,262,281,281,300,,,,,,,,,,,,,,,,,,,,,,,,,,,,,,,,,,,,,,,,,,,,,,,,,,,,,,,,,,,,,,,,,,,,,,,,,,,,,,,,,,,,,,,,,,,,,,,,,,,,,,,,,,,,,,,,,,,,,,,,,,,,,,,,,,,,,,,,,,
UX4Qi1opOXs_000015_000025.mp4,3,gymnastics tumbling,29.97,3.44,6.37,103,191,103,132,132,162,162,191,,,,,,,,,,,,,,,,,,,,,,,,,,,,,,,,,,,,,,,,,,,,,,,,,,,,,,,,,,,,,,,,,,,,,,,,,,,,,,,,,,,,,,,,,,,,,,,,,,,,,,,,,,,,,,,,,,,,,,,,,,,,,,,,,,,,,,,,
UgX8DaY_eZw_000001_000011.mp4,2,gymnastics tumbling,30.0,4.37,10.0,131,300,131,215,215,300,,,,,,,,,,,,,,,,,,,,,,,,,,,,,,,,,,,,,,,,,,,,,,,,,,,,,,,,,,,,,,,,,,,,,,,,,,,,,,,,,,,,,,,,,,,,,,,,,,,,,,,,,,,,,,,,,,,,,,,,,,,,,,,,,,,,,,,,,,
VPBUGLdGqD0_000004_000014.mp4,4,gymnastics tumbling,30.0,0.0,3.1,0,93,0,23,23,46,46,70,70,93,,,,,,,,,,,,,,,,,,,,,,,,,,,,,,,,,,,,,,,,,,,,,,,,,,,,,,,,,,,,,,,,,,,,,,,,,,,,,,,,,,,,,,,,,,,,,,,,,,,,,,,,,,,,,,,,,,,,,,,,,,,,,,,,,,,,,,
VRHUMsNPIKc_000005_000015.mp4,5,gymnastics tumbling,29.33,0.92,5.11,27,150,27,52,52,76,76,101,101,125,125,150,,,,,,,,,,,,,,,,,,,,,,,,,,,,,,,,,,,,,,,,,,,,,,,,,,,,,,,,,,,,,,,,,,,,,,,,,,,,,,,,,,,,,,,,,,,,,,,,,,,,,,,,,,,,,,,,,,,,,,,,,,,,,,,,,,,,
V_ryg-1hlwQ_000001_000011.mp4,3,gymnastics tumbling,20.0,2.75,6.0,55,120,55,77,77,98,98,120,,,,,,,,,,,,,,,,,,,,,,,,,,,,,,,,,,,,,,,,,,,,,,,,,,,,,,,,,,,,,,,,,,,,,,,,,,,,,,,,,,,,,,,,,,,,,,,,,,,,,,,,,,,,,,,,,,,,,,,,,,,,,,,,,,,,,,,,
Ws6BRfALmY0_000230_000240.mp4,2,gymnastics tumbling,29.97,5.47,7.81,164,234,164,199,199,234,,,,,,,,,,,,,,,,,,,,,,,,,,,,,,,,,,,,,,,,,,,,,,,,,,,,,,,,,,,,,,,,,,,,,,,,,,,,,,,,,,,,,,,,,,,,,,,,,,,,,,,,,,,,,,,,,,,,,,,,,,,,,,,,,,,,,,,,,,
Wwxwpvq91B8_000000_000010.mp4,3,gymnastics tumbling,29.97,8.07,9.98,242,299,242,261,261,280,280,299,,,,,,,,,,,,,,,,,,,,,,,,,,,,,,,,,,,,,,,,,,,,,,,,,,,,,,,,,,,,,,,,,,,,,,,,,,,,,,,,,,,,,,,,,,,,,,,,,,,,,,,,,,,,,,,,,,,,,,,,,,,,,,,,,,,,,,,,
X4KmJKL-fBw_000107_000117.mp4,5,gymnastics tumbling,29.97,0.0,5.94,0,178,0,36,36,71,71,107,107,142,142,178,,,,,,,,,,,,,,,,,,,,,,,,,,,,,,,,,,,,,,,,,,,,,,,,,,,,,,,,,,,,,,,,,,,,,,,,,,,,,,,,,,,,,,,,,,,,,,,,,,,,,,,,,,,,,,,,,,,,,,,,,,,,,,,,,,,,
X8hMsxOpz3M_000001_000011.mp4,2,gymnastics tumbling,29.97,0.0,2.24,0,67,0,34,34,67,,,,,,,,,,,,,,,,,,,,,,,,,,,,,,,,,,,,,,,,,,,,,,,,,,,,,,,,,,,,,,,,,,,,,,,,,,,,,,,,,,,,,,,,,,,,,,,,,,,,,,,,,,,,,,,,,,,,,,,,,,,,,,,,,,,,,,,,,,
Y3R8iq7p6qY_000002_000012.mp4,3,gymnastics tumbling,17.41,1.28,3.92,22,68,22,37,37,53,53,68,,,,,,,,,,,,,,,,,,,,,,,,,,,,,,,,,,,,,,,,,,,,,,,,,,,,,,,,,,,,,,,,,,,,,,,,,,,,,,,,,,,,,,,,,,,,,,,,,,,,,,,,,,,,,,,,,,,,,,,,,,,,,,,,,,,,,,,,
auHhQhObpMY_000002_000012.mp4,5,gymnastics tumbling,30.0,1.9,5.93,57,178,57,81,81,105,105,130,130,154,154,178,,,,,,,,,,,,,,,,,,,,,,,,,,,,,,,,,,,,,,,,,,,,,,,,,,,,,,,,,,,,,,,,,,,,,,,,,,,,,,,,,,,,,,,,,,,,,,,,,,,,,,,,,,,,,,,,,,,,,,,,,,,,,,,,,,,,
bArYcY2kdxU_000006_000016.mp4,2,gymnastics tumbling,30.0,0.77,6.23,23,187,23,105,105,187,,,,,,,,,,,,,,,,,,,,,,,,,,,,,,,,,,,,,,,,,,,,,,,,,,,,,,,,,,,,,,,,,,,,,,,,,,,,,,,,,,,,,,,,,,,,,,,,,,,,,,,,,,,,,,,,,,,,,,,,,,,,,,,,,,,,,,,,,,
bnDUR8Y39J8_000055_000065.mp4,4,gymnastics tumbling,30.0,5.4,8.87,162,266,162,188,188,214,214,240,240,266,,,,,,,,,,,,,,,,,,,,,,,,,,,,,,,,,,,,,,,,,,,,,,,,,,,,,,,,,,,,,,,,,,,,,,,,,,,,,,,,,,,,,,,,,,,,,,,,,,,,,,,,,,,,,,,,,,,,,,,,,,,,,,,,,,,,,,
cfZXAZ54NVA_000003_000013.mp4,5,gymnastics tumbling,29.97,0.0,4.5,0,135,0,27,27,54,54,81,81,108,108,135,,,,,,,,,,,,,,,,,,,,,,,,,,,,,,,,,,,,,,,,,,,,,,,,,,,,,,,,,,,,,,,,,,,,,,,,,,,,,,,,,,,,,,,,,,,,,,,,,,,,,,,,,,,,,,,,,,,,,,,,,,,,,,,,,,,,
cfZXAZ54NVA_000003_000013.mp4,4,gymnastics tumbling,29.97,5.14,8.84,154,265,154,182,182,210,210,237,237,265,,,,,,,,,,,,,,,,,,,,,,,,,,,,,,,,,,,,,,,,,,,,,,,,,,,,,,,,,,,,,,,,,,,,,,,,,,,,,,,,,,,,,,,,,,,,,,,,,,,,,,,,,,,,,,,,,,,,,,,,,,,,,,,,,,,,,,
e5uBDSv4AC8_000000_000010.mp4,2,gymnastics tumbling,29.83,4.47,6.39,133,191,133,162,162,191,,,,,,,,,,,,,,,,,,,,,,,,,,,,,,,,,,,,,,,,,,,,,,,,,,,,,,,,,,,,,,,,,,,,,,,,,,,,,,,,,,,,,,,,,,,,,,,,,,,,,,,,,,,,,,,,,,,,,,,,,,,,,,,,,,,,,,,,,,
gTSnIOgM87A_000003_000013.mp4,5,gymnastics tumbling,25.0,0.76,4.92,19,123,19,40,40,61,61,81,81,102,102,123,,,,,,,,,,,,,,,,,,,,,,,,,,,,,,,,,,,,,,,,,,,,,,,,,,,,,,,,,,,,,,,,,,,,,,,,,,,,,,,,,,,,,,,,,,,,,,,,,,,,,,,,,,,,,,,,,,,,,,,,,,,,,,,,,,,,
geO4OvfhX1k_000038_000048.mp4,6,gymnastics tumbling,29.97,0.0,4.8,0,144,0,24,24,48,48,72,72,96,96,120,120,144,,,,,,,,,,,,,,,,,,,,,,,,,,,,,,,,,,,,,,,,,,,,,,,,,,,,,,,,,,,,,,,,,,,,,,,,,,,,,,,,,,,,,,,,,,,,,,,,,,,,,,,,,,,,,,,,,,,,,,,,,,,,,,,,,,
gyJkrOIGoi4_000001_000011.mp4,3,gymnastics tumbling,29.97,5.74,8.94,172,268,172,204,204,236,236,268,,,,,,,,,,,,,,,,,,,,,,,,,,,,,,,,,,,,,,,,,,,,,,,,,,,,,,,,,,,,,,,,,,,,,,,,,,,,,,,,,,,,,,,,,,,,,,,,,,,,,,,,,,,,,,,,,,,,,,,,,,,,,,,,,,,,,,,,
iqd20MqCv-Y_000061_000071.mp4,3,gymnastics tumbling,29.97,0.6,3.75,18,112,18,49,49,81,81,112,,,,,,,,,,,,,,,,,,,,,,,,,,,,,,,,,,,,,,,,,,,,,,,,,,,,,,,,,,,,,,,,,,,,,,,,,,,,,,,,,,,,,,,,,,,,,,,,,,,,,,,,,,,,,,,,,,,,,,,,,,,,,,,,,,,,,,,,
iqd20MqCv-Y_000061_000071.mp4,3,gymnastics tumbling,29.97,7.07,9.94,212,298,212,241,241,269,269,298,,,,,,,,,,,,,,,,,,,,,,,,,,,,,,,,,,,,,,,,,,,,,,,,,,,,,,,,,,,,,,,,,,,,,,,,,,,,,,,,,,,,,,,,,,,,,,,,,,,,,,,,,,,,,,,,,,,,,,,,,,,,,,,,,,,,,,,,
jVuULyEsmTs_000078_000088.mp4,3,gymnastics tumbling,29.97,1.43,3.93,43,118,43,68,68,93,93,118,,,,,,,,,,,,,,,,,,,,,,,,,,,,,,,,,,,,,,,,,,,,,,,,,,,,,,,,,,,,,,,,,,,,,,,,,,,,,,,,,,,,,,,,,,,,,,,,,,,,,,,,,,,,,,,,,,,,,,,,,,,,,,,,,,,,,,,,
kelA2ovmjQE_000059_000069.mp4,3,gymnastics tumbling,29.97,1.74,4.6,52,138,52,81,81,109,109,138,,,,,,,,,,,,,,,,,,,,,,,,,,,,,,,,,,,,,,,,,,,,,,,,,,,,,,,,,,,,,,,,,,,,,,,,,,,,,,,,,,,,,,,,,,,,,,,,,,,,,,,,,,,,,,,,,,,,,,,,,,,,,,,,,,,,,,,,
lzm1gFhuMU0_000062_000072.mp4,3,gymnastics tumbling,30.0,1.63,4.57,49,137,49,78,78,108,108,137,,,,,,,,,,,,,,,,,,,,,,,,,,,,,,,,,,,,,,,,,,,,,,,,,,,,,,,,,,,,,,,,,,,,,,,,,,,,,,,,,,,,,,,,,,,,,,,,,,,,,,,,,,,,,,,,,,,,,,,,,,,,,,,,,,,,,,,,
mZ9kQI_sYu0_000033_000043.mp4,2,gymnastics tumbling,29.97,0.57,2.84,17,85,17,51,51,85,,,,,,,,,,,,,,,,,,,,,,,,,,,,,,,,,,,,,,,,,,,,,,,,,,,,,,,,,,,,,,,,,,,,,,,,,,,,,,,,,,,,,,,,,,,,,,,,,,,,,,,,,,,,,,,,,,,,,,,,,,,,,,,,,,,,,,,,,,
mZ9kQI_sYu0_000033_000043.mp4,2,gymnastics tumbling,29.97,6.89,8.51,206,255,206,230,230,255,,,,,,,,,,,,,,,,,,,,,,,,,,,,,,,,,,,,,,,,,,,,,,,,,,,,,,,,,,,,,,,,,,,,,,,,,,,,,,,,,,,,,,,,,,,,,,,,,,,,,,,,,,,,,,,,,,,,,,,,,,,,,,,,,,,,,,,,,,
nSnN-gkqpYo_000004_000014.mp4,2,gymnastics tumbling,17.75,3.21,5.3,57,94,57,75,75,94,,,,,,,,,,,,,,,,,,,,,,,,,,,,,,,,,,,,,,,,,,,,,,,,,,,,,,,,,,,,,,,,,,,,,,,,,,,,,,,,,,,,,,,,,,,,,,,,,,,,,,,,,,,,,,,,,,,,,,,,,,,,,,,,,,,,,,,,,,
oIS18KiMofU_000000_000010.mp4,2,gymnastics tumbling,15.0,2.27,4.93,34,74,34,54,54,74,,,,,,,,,,,,,,,,,,,,,,,,,,,,,,,,,,,,,,,,,,,,,,,,,,,,,,,,,,,,,,,,,,,,,,,,,,,,,,,,,,,,,,,,,,,,,,,,,,,,,,,,,,,,,,,,,,,,,,,,,,,,,,,,,,,,,,,,,,
pirkG7Yh4ow_000016_000026.mp4,2,gymnastics tumbling,30.0,2.07,3.58,62,107,62,84,84,107,,,,,,,,,,,,,,,,,,,,,,,,,,,,,,,,,,,,,,,,,,,,,,,,,,,,,,,,,,,,,,,,,,,,,,,,,,,,,,,,,,,,,,,,,,,,,,,,,,,,,,,,,,,,,,,,,,,,,,,,,,,,,,,,,,,,,,,,,,
pk9x5_VxeCY_000008_000018.mp4,4,gymnastics tumbling,14.86,0.0,3.67,0,55,0,14,14,28,28,41,41,55,,,,,,,,,,,,,,,,,,,,,,,,,,,,,,,,,,,,,,,,,,,,,,,,,,,,,,,,,,,,,,,,,,,,,,,,,,,,,,,,,,,,,,,,,,,,,,,,,,,,,,,,,,,,,,,,,,,,,,,,,,,,,,,,,,,,,,
pyxWKIb-eqc_000003_000013.mp4,5,gymnastics tumbling,30.0,0.0,4.07,0,122,0,24,24,49,49,73,73,98,98,122,,,,,,,,,,,,,,,,,,,,,,,,,,,,,,,,,,,,,,,,,,,,,,,,,,,,,,,,,,,,,,,,,,,,,,,,,,,,,,,,,,,,,,,,,,,,,,,,,,,,,,,,,,,,,,,,,,,,,,,,,,,,,,,,,,,,
qhhi8AA0QoM_000005_000015.mp4,5,gymnastics tumbling,20.03,0.0,3.69,0,74,0,15,15,30,30,44,44,59,59,74,,,,,,,,,,,,,,,,,,,,,,,,,,,,,,,,,,,,,,,,,,,,,,,,,,,,,,,,,,,,,,,,,,,,,,,,,,,,,,,,,,,,,,,,,,,,,,,,,,,,,,,,,,,,,,,,,,,,,,,,,,,,,,,,,,,,
q9m6VgbLQmQ_000000_000010.mp4,5,gymnastics tumbling,30.0,1.33,6.27,40,188,40,70,70,99,99,129,129,158,158,188,,,,,,,,,,,,,,,,,,,,,,,,,,,,,,,,,,,,,,,,,,,,,,,,,,,,,,,,,,,,,,,,,,,,,,,,,,,,,,,,,,,,,,,,,,,,,,,,,,,,,,,,,,,,,,,,,,,,,,,,,,,,,,,,,,,,
rDMmehZWzt8_000000_000010.mp4,4,gymnastics tumbling,30.0,0.27,3.77,8,113,8,34,34,60,60,87,87,113,,,,,,,,,,,,,,,,,,,,,,,,,,,,,,,,,,,,,,,,,,,,,,,,,,,,,,,,,,,,,,,,,,,,,,,,,,,,,,,,,,,,,,,,,,,,,,,,,,,,,,,,,,,,,,,,,,,,,,,,,,,,,,,,,,,,,,
rORDkNStvrE_000000_000010.mp4,2,gymnastics tumbling,30.0,0.0,7.67,0,230,0,115,115,230,,,,,,,,,,,,,,,,,,,,,,,,,,,,,,,,,,,,,,,,,,,,,,,,,,,,,,,,,,,,,,,,,,,,,,,,,,,,,,,,,,,,,,,,,,,,,,,,,,,,,,,,,,,,,,,,,,,,,,,,,,,,,,,,,,,,,,,,,,
r5RITWCSoCE_000006_000016.mp4,4,gymnastics tumbling,14.56,0.0,3.43,0,50,0,12,12,25,25,38,38,50,,,,,,,,,,,,,,,,,,,,,,,,,,,,,,,,,,,,,,,,,,,,,,,,,,,,,,,,,,,,,,,,,,,,,,,,,,,,,,,,,,,,,,,,,,,,,,,,,,,,,,,,,,,,,,,,,,,,,,,,,,,,,,,,,,,,,,
r_QAJpJZN0Y_000001_000011.mp4,2,gymnastics tumbling,30.0,2.28,4.07,68,122,68,95,95,122,,,,,,,,,,,,,,,,,,,,,,,,,,,,,,,,,,,,,,,,,,,,,,,,,,,,,,,,,,,,,,,,,,,,,,,,,,,,,,,,,,,,,,,,,,,,,,,,,,,,,,,,,,,,,,,,,,,,,,,,,,,,,,,,,,,,,,,,,,
tJM8EYnYXJ4_000008_000018.mp4,2,gymnastics tumbling,30.0,6.73,10.0,202,300,202,251,251,300,,,,,,,,,,,,,,,,,,,,,,,,,,,,,,,,,,,,,,,,,,,,,,,,,,,,,,,,,,,,,,,,,,,,,,,,,,,,,,,,,,,,,,,,,,,,,,,,,,,,,,,,,,,,,,,,,,,,,,,,,,,,,,,,,,,,,,,,,,
tO_kBm_8Mdc_000002_000012.mp4,2,gymnastics tumbling,25.0,2.7,5.38,68,134,68,101,101,134,,,,,,,,,,,,,,,,,,,,,,,,,,,,,,,,,,,,,,,,,,,,,,,,,,,,,,,,,,,,,,,,,,,,,,,,,,,,,,,,,,,,,,,,,,,,,,,,,,,,,,,,,,,,,,,,,,,,,,,,,,,,,,,,,,,,,,,,,,
tXXdRLgAPn4_000119_000129.mp4,3,gymnastics tumbling,29.97,0.0,4.14,0,124,0,41,41,83,83,124,,,,,,,,,,,,,,,,,,,,,,,,,,,,,,,,,,,,,,,,,,,,,,,,,,,,,,,,,,,,,,,,,,,,,,,,,,,,,,,,,,,,,,,,,,,,,,,,,,,,,,,,,,,,,,,,,,,,,,,,,,,,,,,,,,,,,,,,
tXXdRLgAPn4_000119_000129.mp4,5,gymnastics tumbling,29.97,5.17,9.74,155,292,155,182,182,210,210,237,237,265,265,292,,,,,,,,,,,,,,,,,,,,,,,,,,,,,,,,,,,,,,,,,,,,,,,,,,,,,,,,,,,,,,,,,,,,,,,,,,,,,,,,,,,,,,,,,,,,,,,,,,,,,,,,,,,,,,,,,,,,,,,,,,,,,,,,,,,,
t5h7YZ5UB_k_000000_000010.mp4,3,gymnastics tumbling,30.0,5.1,7.8,153,234,153,180,180,207,207,234,,,,,,,,,,,,,,,,,,,,,,,,,,,,,,,,,,,,,,,,,,,,,,,,,,,,,,,,,,,,,,,,,,,,,,,,,,,,,,,,,,,,,,,,,,,,,,,,,,,,,,,,,,,,,,,,,,,,,,,,,,,,,,,,,,,,,,,,
uMPr44v1ik8_000000_000010.mp4,3,gymnastics tumbling,30.0,2.2,5.73,66,172,66,101,101,137,137,172,,,,,,,,,,,,,,,,,,,,,,,,,,,,,,,,,,,,,,,,,,,,,,,,,,,,,,,,,,,,,,,,,,,,,,,,,,,,,,,,,,,,,,,,,,,,,,,,,,,,,,,,,,,,,,,,,,,,,,,,,,,,,,,,,,,,,,,,
ue76rkIZDF4_000004_000014.mp4,6,gymnastics tumbling,24.87,0.0,3.64,0,91,0,15,15,30,30,46,46,61,61,76,76,91,,,,,,,,,,,,,,,,,,,,,,,,,,,,,,,,,,,,,,,,,,,,,,,,,,,,,,,,,,,,,,,,,,,,,,,,,,,,,,,,,,,,,,,,,,,,,,,,,,,,,,,,,,,,,,,,,,,,,,,,,,,,,,,,,,
viNT4FsgyRA_000015_000025.mp4,3,gymnastics tumbling,29.97,0.0,3.1,0,93,0,31,31,62,62,93,,,,,,,,,,,,,,,,,,,,,,,,,,,,,,,,,,,,,,,,,,,,,,,,,,,,,,,,,,,,,,,,,,,,,,,,,,,,,,,,,,,,,,,,,,,,,,,,,,,,,,,,,,,,,,,,,,,,,,,,,,,,,,,,,,,,,,,,
wLuZIPKdWp0_000201_000211.mp4,2,gymnastics tumbling,29.97,2.72,4.35,82,130,82,106,106,130,,,,,,,,,,,,,,,,,,,,,,,,,,,,,,,,,,,,,,,,,,,,,,,,,,,,,,,,,,,,,,,,,,,,,,,,,,,,,,,,,,,,,,,,,,,,,,,,,,,,,,,,,,,,,,,,,,,,,,,,,,,,,,,,,,,,,,,,,,
wLuZIPKdWp0_000201_000211.mp4,2,gymnastics tumbling,29.97,8.09,9.98,242,299,242,270,270,299,,,,,,,,,,,,,,,,,,,,,,,,,,,,,,,,,,,,,,,,,,,,,,,,,,,,,,,,,,,,,,,,,,,,,,,,,,,,,,,,,,,,,,,,,,,,,,,,,,,,,,,,,,,,,,,,,,,,,,,,,,,,,,,,,,,,,,,,,,
wehENUfVkhI_000000_000010.mp4,8,gymnastics tumbling,30.0,4.9,10.0,147,300,147,166,166,185,185,204,204,223,223,243,243,262,262,281,281,300,,,,,,,,,,,,,,,,,,,,,,,,,,,,,,,,,,,,,,,,,,,,,,,,,,,,,,,,,,,,,,,,,,,,,,,,,,,,,,,,,,,,,,,,,,,,,,,,,,,,,,,,,,,,,,,,,,,,,,,,,,,,,,
zrYbyLRnRLo_000030_000040.mp4,3,gymnastics tumbling,30.0,7.13,10.0,214,300,214,243,243,271,271,300,,,,,,,,,,,,,,,,,,,,,,,,,,,,,,,,,,,,,,,,,,,,,,,,,,,,,,,,,,,,,,,,,,,,,,,,,,,,,,,,,,,,,,,,,,,,,,,,,,,,,,,,,,,,,,,,,,,,,,,,,,,,,,,,,,,,,,,,
1cCuD72uk9g_000003_000013.mp4,3,gymnastics tumbling,29.97,0.0,2.27,0,68,0,23,23,45,45,68,,,,,,,,,,,,,,,,,,,,,,,,,,,,,,,,,,,,,,,,,,,,,,,,,,,,,,,,,,,,,,,,,,,,,,,,,,,,,,,,,,,,,,,,,,,,,,,,,,,,,,,,,,,,,,,,,,,,,,,,,,,,,,,,,,,,,,,,
1cCuD72uk9g_000003_000013.mp4,4,gymnastics tumbling,29.97,2.94,6.29,88,189,88,113,113,138,138,164,164,189,,,,,,,,,,,,,,,,,,,,,,,,,,,,,,,,,,,,,,,,,,,,,,,,,,,,,,,,,,,,,,,,,,,,,,,,,,,,,,,,,,,,,,,,,,,,,,,,,,,,,,,,,,,,,,,,,,,,,,,,,,,,,,,,,,,,,,
1cCuD72uk9g_000003_000013.mp4,4,gymnastics tumbling,29.97,7.52,9.98,225,299,225,243,243,262,262,281,281,299,,,,,,,,,,,,,,,,,,,,,,,,,,,,,,,,,,,,,,,,,,,,,,,,,,,,,,,,,,,,,,,,,,,,,,,,,,,,,,,,,,,,,,,,,,,,,,,,,,,,,,,,,,,,,,,,,,,,,,,,,,,,,,,,,,,,,,
1x7Exq_p6co_000003_000013.mp4,2,gymnastics tumbling,21.0,1.77,2.74,37,58,37,47,47,58,,,,,,,,,,,,,,,,,,,,,,,,,,,,,,,,,,,,,,,,,,,,,,,,,,,,,,,,,,,,,,,,,,,,,,,,,,,,,,,,,,,,,,,,,,,,,,,,,,,,,,,,,,,,,,,,,,,,,,,,,,,,,,,,,,,,,,,,,,
3q_hYozNomk_000006_000016.mp4,3,gymnastics tumbling,30.0,6.57,9.07,197,272,197,222,222,247,247,272,,,,,,,,,,,,,,,,,,,,,,,,,,,,,,,,,,,,,,,,,,,,,,,,,,,,,,,,,,,,,,,,,,,,,,,,,,,,,,,,,,,,,,,,,,,,,,,,,,,,,,,,,,,,,,,,,,,,,,,,,,,,,,,,,,,,,,,,
4tSdZzeV7BU_000014_000024.mp4,5,gymnastics tumbling,30.0,0.0,4.17,0,125,0,25,25,50,50,75,75,100,100,125,,,,,,,,,,,,,,,,,,,,,,,,,,,,,,,,,,,,,,,,,,,,,,,,,,,,,,,,,,,,,,,,,,,,,,,,,,,,,,,,,,,,,,,,,,,,,,,,,,,,,,,,,,,,,,,,,,,,,,,,,,,,,,,,,,,,
48jTnRkRWEM_000007_000017.mp4,4,gymnastics tumbling,30.0,0.73,3.97,22,119,22,46,46,70,70,95,95,119,,,,,,,,,,,,,,,,,,,,,,,,,,,,,,,,,,,,,,,,,,,,,,,,,,,,,,,,,,,,,,,,,,,,,,,,,,,,,,,,,,,,,,,,,,,,,,,,,,,,,,,,,,,,,,,,,,,,,,,,,,,,,,,,,,,,,,
67yBz3lzUic_000001_000011.mp4,2,gymnastics tumbling,23.96,0.42,3.0,10,72,10,41,41,72,,,,,,,,,,,,,,,,,,,,,,,,,,,,,,,,,,,,,,,,,,,,,,,,,,,,,,,,,,,,,,,,,,,,,,,,,,,,,,,,,,,,,,,,,,,,,,,,,,,,,,,,,,,,,,,,,,,,,,,,,,,,,,,,,,,,,,,,,,
7Jr-3f-aKzE_000017_000027.mp4,6,gymnastics tumbling,30.0,3.33,8.8,100,264,100,127,127,155,155,182,182,209,209,237,237,264,,,,,,,,,,,,,,,,,,,,,,,,,,,,,,,,,,,,,,,,,,,,,,,,,,,,,,,,,,,,,,,,,,,,,,,,,,,,,,,,,,,,,,,,,,,,,,,,,,,,,,,,,,,,,,,,,,,,,,,,,,,,,,,,,,
8Cpz25Zak-s_000006_000016.mp4,5,gymnastics tumbling,29.97,0.0,3.4,0,102,0,20,20,41,41,61,61,82,82,102,,,,,,,,,,,,,,,,,,,,,,,,,,,,,,,,,,,,,,,,,,,,,,,,,,,,,,,,,,,,,,,,,,,,,,,,,,,,,,,,,,,,,,,,,,,,,,,,,,,,,,,,,,,,,,,,,,,,,,,,,,,,,,,,,,,,
-Gfncisg2GE_000001_000011.mp4,3,gymnastics tumbling,10.0,0.0,2.9,0,29,0,10,10,19,19,29,,,,,,,,,,,,,,,,,,,,,,,,,,,,,,,,,,,,,,,,,,,,,,,,,,,,,,,,,,,,,,,,,,,,,,,,,,,,,,,,,,,,,,,,,,,,,,,,,,,,,,,,,,,,,,,,,,,,,,,,,,,,,,,,,,,,,,,,
-qemAFCmsGs_000000_000010.mp4,2,gymnastics tumbling,29.97,2.69,4.62,81,138,81,109,109,138,,,,,,,,,,,,,,,,,,,,,,,,,,,,,,,,,,,,,,,,,,,,,,,,,,,,,,,,,,,,,,,,,,,,,,,,,,,,,,,,,,,,,,,,,,,,,,,,,,,,,,,,,,,,,,,,,,,,,,,,,,,,,,,,,,,,,,,,,,
_eg0KBwFxHM_000000_000010.mp4,2,gymnastics tumbling,29.97,0.77,4.3,23,129,23,76,76,129,,,,,,,,,,,,,,,,,,,,,,,,,,,,,,,,,,,,,,,,,,,,,,,,,,,,,,,,,,,,,,,,,,,,,,,,,,,,,,,,,,,,,,,,,,,,,,,,,,,,,,,,,,,,,,,,,,,,,,,,,,,,,,,,,,,,,,,,,,
_iNUIoV2VaY_000002_000012.mp4,14,gymnastics tumbling,30.0,0.0,10.0,0,300,0,21,21,43,43,64,64,86,86,107,107,129,129,150,150,171,171,193,193,214,214,236,236,257,257,279,279,300,,,,,,,,,,,,,,,,,,,,,,,,,,,,,,,,,,,,,,,,,,,,,,,,,,,,,,,,,,,,,,,,,,,,,,,,,,,,,,,,,,,,,,,,,,,,,,,,,,,,,,,,,,,,,,,,,,
AYcsAYm3Pic_000028_000038.mp4,4,hammer throw,29.97,0.0,6.44,0,193,0,48,48,96,96,145,145,193,,,,,,,,,,,,,,,,,,,,,,,,,,,,,,,,,,,,,,,,,,,,,,,,,,,,,,,,,,,,,,,,,,,,,,,,,,,,,,,,,,,,,,,,,,,,,,,,,,,,,,,,,,,,,,,,,,,,,,,,,,,,,,,,,,,,,,
AYmxGPPrPfQ_000005_000015.mp4,4,hammer throw,29.97,0.0,3.27,0,98,0,24,24,49,49,74,74,98,,,,,,,,,,,,,,,,,,,,,,,,,,,,,,,,,,,,,,,,,,,,,,,,,,,,,,,,,,,,,,,,,,,,,,,,,,,,,,,,,,,,,,,,,,,,,,,,,,,,,,,,,,,,,,,,,,,,,,,,,,,,,,,,,,,,,,
A8AmqP62Drc_000002_000012.mp4,5,hammer throw,30.0,4.17,10.0,125,300,125,160,160,195,195,230,230,265,265,300,,,,,,,,,,,,,,,,,,,,,,,,,,,,,,,,,,,,,,,,,,,,,,,,,,,,,,,,,,,,,,,,,,,,,,,,,,,,,,,,,,,,,,,,,,,,,,,,,,,,,,,,,,,,,,,,,,,,,,,,,,,,,,,,,,,,
BGQ_S4bh5xc_000085_000095.mp4,5,hammer throw,24.0,3.59,9.97,86,239,86,117,117,147,147,178,178,208,208,239,,,,,,,,,,,,,,,,,,,,,,,,,,,,,,,,,,,,,,,,,,,,,,,,,,,,,,,,,,,,,,,,,,,,,,,,,,,,,,,,,,,,,,,,,,,,,,,,,,,,,,,,,,,,,,,,,,,,,,,,,,,,,,,,,,,,
BYIVypojJQk_000003_000013.mp4,7,hammer throw,30.0,0.53,7.53,16,226,16,46,46,76,76,106,106,136,136,166,166,196,196,226,,,,,,,,,,,,,,,,,,,,,,,,,,,,,,,,,,,,,,,,,,,,,,,,,,,,,,,,,,,,,,,,,,,,,,,,,,,,,,,,,,,,,,,,,,,,,,,,,,,,,,,,,,,,,,,,,,,,,,,,,,,,,,,,
CNaEwBpDBnU_000005_000015.mp4,3,hammer throw,30.0,0.0,1.8,0,54,0,18,18,36,36,54,,,,,,,,,,,,,,,,,,,,,,,,,,,,,,,,,,,,,,,,,,,,,,,,,,,,,,,,,,,,,,,,,,,,,,,,,,,,,,,,,,,,,,,,,,,,,,,,,,,,,,,,,,,,,,,,,,,,,,,,,,,,,,,,,,,,,,,,
C7KCfonL7m8_000004_000014.mp4,7,hammer throw,30.0,2.17,7.93,65,238,65,90,90,114,114,139,139,164,164,189,189,213,213,238,,,,,,,,,,,,,,,,,,,,,,,,,,,,,,,,,,,,,,,,,,,,,,,,,,,,,,,,,,,,,,,,,,,,,,,,,,,,,,,,,,,,,,,,,,,,,,,,,,,,,,,,,,,,,,,,,,,,,,,,,,,,,,,,
DHIpAc31uRE_000006_000016.mp4,6,hammer throw,29.97,0.0,5.34,0,160,0,27,27,53,53,80,80,107,107,133,133,160,,,,,,,,,,,,,,,,,,,,,,,,,,,,,,,,,,,,,,,,,,,,,,,,,,,,,,,,,,,,,,,,,,,,,,,,,,,,,,,,,,,,,,,,,,,,,,,,,,,,,,,,,,,,,,,,,,,,,,,,,,,,,,,,,,
DPMLnA2MFEg_000004_000014.mp4,3,hammer throw,29.97,0.0,1.17,0,35,0,12,12,23,23,35,,,,,,,,,,,,,,,,,,,,,,,,,,,,,,,,,,,,,,,,,,,,,,,,,,,,,,,,,,,,,,,,,,,,,,,,,,,,,,,,,,,,,,,,,,,,,,,,,,,,,,,,,,,,,,,,,,,,,,,,,,,,,,,,,,,,,,,,
EuLoaD66KNc_000001_000011.mp4,6,hammer throw,29.97,0.0,5.61,0,168,0,28,28,56,56,84,84,112,112,140,140,168,,,,,,,,,,,,,,,,,,,,,,,,,,,,,,,,,,,,,,,,,,,,,,,,,,,,,,,,,,,,,,,,,,,,,,,,,,,,,,,,,,,,,,,,,,,,,,,,,,,,,,,,,,,,,,,,,,,,,,,,,,,,,,,,,,
FCOle0271sc_000005_000015.mp4,5,hammer throw,24.0,0.0,3.54,0,85,0,17,17,34,34,51,51,68,68,85,,,,,,,,,,,,,,,,,,,,,,,,,,,,,,,,,,,,,,,,,,,,,,,,,,,,,,,,,,,,,,,,,,,,,,,,,,,,,,,,,,,,,,,,,,,,,,,,,,,,,,,,,,,,,,,,,,,,,,,,,,,,,,,,,,,,
FGNIvHz0qVg_000004_000014.mp4,8,hammer throw,15.0,0.0,6.93,0,104,0,13,13,26,26,39,39,52,52,65,65,78,78,91,91,104,,,,,,,,,,,,,,,,,,,,,,,,,,,,,,,,,,,,,,,,,,,,,,,,,,,,,,,,,,,,,,,,,,,,,,,,,,,,,,,,,,,,,,,,,,,,,,,,,,,,,,,,,,,,,,,,,,,,,,,,,,,,,,
Fw0BEU65mD8_000016_000026.mp4,3,hammer throw,25.0,0.0,2.56,0,64,0,21,21,43,43,64,,,,,,,,,,,,,,,,,,,,,,,,,,,,,,,,,,,,,,,,,,,,,,,,,,,,,,,,,,,,,,,,,,,,,,,,,,,,,,,,,,,,,,,,,,,,,,,,,,,,,,,,,,,,,,,,,,,,,,,,,,,,,,,,,,,,,,,,
G2GQu2Y2NZQ_000047_000057.mp4,2,hammer throw,12.0,0.0,2.92,0,35,0,18,18,35,,,,,,,,,,,,,,,,,,,,,,,,,,,,,,,,,,,,,,,,,,,,,,,,,,,,,,,,,,,,,,,,,,,,,,,,,,,,,,,,,,,,,,,,,,,,,,,,,,,,,,,,,,,,,,,,,,,,,,,,,,,,,,,,,,,,,,,,,,
HJ7985fb0Cw_000002_000012.mp4,5,hammer throw,30.0,3.47,8.2,104,246,104,132,132,161,161,189,189,218,218,246,,,,,,,,,,,,,,,,,,,,,,,,,,,,,,,,,,,,,,,,,,,,,,,,,,,,,,,,,,,,,,,,,,,,,,,,,,,,,,,,,,,,,,,,,,,,,,,,,,,,,,,,,,,,,,,,,,,,,,,,,,,,,,,,,,,,
H1I7X3JfyDA_000004_000014.mp4,3,hammer throw,30.0,0.0,2.33,0,70,0,23,23,47,47,70,,,,,,,,,,,,,,,,,,,,,,,,,,,,,,,,,,,,,,,,,,,,,,,,,,,,,,,,,,,,,,,,,,,,,,,,,,,,,,,,,,,,,,,,,,,,,,,,,,,,,,,,,,,,,,,,,,,,,,,,,,,,,,,,,,,,,,,,
H1I7X3JfyDA_000004_000014.mp4,3,hammer throw,30.0,6.92,10.0,208,300,208,239,239,269,269,300,,,,,,,,,,,,,,,,,,,,,,,,,,,,,,,,,,,,,,,,,,,,,,,,,,,,,,,,,,,,,,,,,,,,,,,,,,,,,,,,,,,,,,,,,,,,,,,,,,,,,,,,,,,,,,,,,,,,,,,,,,,,,,,,,,,,,,,,
Iddmy96hbLg_000004_000014.mp4,4,hammer throw,24.88,0.0,1.72,0,43,0,11,11,22,22,32,32,43,,,,,,,,,,,,,,,,,,,,,,,,,,,,,,,,,,,,,,,,,,,,,,,,,,,,,,,,,,,,,,,,,,,,,,,,,,,,,,,,,,,,,,,,,,,,,,,,,,,,,,,,,,,,,,,,,,,,,,,,,,,,,,,,,,,,,,
In-eaqpjMXU_000002_000012.mp4,6,hammer throw,29.97,0.0,5.1,0,153,0,26,26,51,51,76,76,102,102,128,128,153,,,,,,,,,,,,,,,,,,,,,,,,,,,,,,,,,,,,,,,,,,,,,,,,,,,,,,,,,,,,,,,,,,,,,,,,,,,,,,,,,,,,,,,,,,,,,,,,,,,,,,,,,,,,,,,,,,,,,,,,,,,,,,,,,,
IuFMsbF0E5A_000002_000012.mp4,4,hammer throw,29.39,0.0,6.7,0,197,0,49,49,98,98,148,148,197,,,,,,,,,,,,,,,,,,,,,,,,,,,,,,,,,,,,,,,,,,,,,,,,,,,,,,,,,,,,,,,,,,,,,,,,,,,,,,,,,,,,,,,,,,,,,,,,,,,,,,,,,,,,,,,,,,,,,,,,,,,,,,,,,,,,,,
I_Hl8Mpm8lA_000004_000014.mp4,6,hammer throw,30.0,0.0,3.83,0,115,0,19,19,38,38,58,58,77,77,96,96,115,,,,,,,,,,,,,,,,,,,,,,,,,,,,,,,,,,,,,,,,,,,,,,,,,,,,,,,,,,,,,,,,,,,,,,,,,,,,,,,,,,,,,,,,,,,,,,,,,,,,,,,,,,,,,,,,,,,,,,,,,,,,,,,,,,
JJtDmjRNmJA_000000_000010.mp4,7,hammer throw,30.0,0.93,6.67,28,200,28,53,53,77,77,102,102,126,126,151,151,175,175,200,,,,,,,,,,,,,,,,,,,,,,,,,,,,,,,,,,,,,,,,,,,,,,,,,,,,,,,,,,,,,,,,,,,,,,,,,,,,,,,,,,,,,,,,,,,,,,,,,,,,,,,,,,,,,,,,,,,,,,,,,,,,,,,,
JZprLmIHAh4_000004_000014.mp4,5,hammer throw,30.0,0.0,3.93,0,118,0,24,24,47,47,71,71,94,94,118,,,,,,,,,,,,,,,,,,,,,,,,,,,,,,,,,,,,,,,,,,,,,,,,,,,,,,,,,,,,,,,,,,,,,,,,,,,,,,,,,,,,,,,,,,,,,,,,,,,,,,,,,,,,,,,,,,,,,,,,,,,,,,,,,,,,
JmPjQHp4WRw_000003_000013.mp4,2,hammer throw,29.97,0.0,9.98,0,299,0,150,150,299,,,,,,,,,,,,,,,,,,,,,,,,,,,,,,,,,,,,,,,,,,,,,,,,,,,,,,,,,,,,,,,,,,,,,,,,,,,,,,,,,,,,,,,,,,,,,,,,,,,,,,,,,,,,,,,,,,,,,,,,,,,,,,,,,,,,,,,,,,
J6salUs6U9o_000135_000145.mp4,6,hammer throw,30.0,0.0,4.2,0,126,0,21,21,42,42,63,63,84,84,105,105,126,,,,,,,,,,,,,,,,,,,,,,,,,,,,,,,,,,,,,,,,,,,,,,,,,,,,,,,,,,,,,,,,,,,,,,,,,,,,,,,,,,,,,,,,,,,,,,,,,,,,,,,,,,,,,,,,,,,,,,,,,,,,,,,,,,
Ka5VqYYzoEs_000001_000011.mp4,7,hammer throw,25.0,0.0,4.68,0,117,0,17,17,33,33,50,50,67,67,84,84,100,100,117,,,,,,,,,,,,,,,,,,,,,,,,,,,,,,,,,,,,,,,,,,,,,,,,,,,,,,,,,,,,,,,,,,,,,,,,,,,,,,,,,,,,,,,,,,,,,,,,,,,,,,,,,,,,,,,,,,,,,,,,,,,,,,,,
LMWOVe3-e-g_000007_000017.mp4,5,hammer throw,30.0,0.0,3.97,0,119,0,24,24,48,48,71,71,95,95,119,,,,,,,,,,,,,,,,,,,,,,,,,,,,,,,,,,,,,,,,,,,,,,,,,,,,,,,,,,,,,,,,,,,,,,,,,,,,,,,,,,,,,,,,,,,,,,,,,,,,,,,,,,,,,,,,,,,,,,,,,,,,,,,,,,,,
LgzRhwcPi0k_000002_000012.mp4,6,hammer throw,29.97,0.5,5.87,15,176,15,42,42,69,69,95,95,122,122,149,149,176,,,,,,,,,,,,,,,,,,,,,,,,,,,,,,,,,,,,,,,,,,,,,,,,,,,,,,,,,,,,,,,,,,,,,,,,,,,,,,,,,,,,,,,,,,,,,,,,,,,,,,,,,,,,,,,,,,,,,,,,,,,,,,,,,,
L5kTMXSYieg_000002_000012.mp4,6,hammer throw,29.97,0.0,4.6,0,138,0,23,23,46,46,69,69,92,92,115,115,138,,,,,,,,,,,,,,,,,,,,,,,,,,,,,,,,,,,,,,,,,,,,,,,,,,,,,,,,,,,,,,,,,,,,,,,,,,,,,,,,,,,,,,,,,,,,,,,,,,,,,,,,,,,,,,,,,,,,,,,,,,,,,,,,,,
MApWjjoHr-Q_000004_000014.mp4,5,hammer throw,15.0,0.0,3.07,0,46,0,9,9,18,18,28,28,37,37,46,,,,,,,,,,,,,,,,,,,,,,,,,,,,,,,,,,,,,,,,,,,,,,,,,,,,,,,,,,,,,,,,,,,,,,,,,,,,,,,,,,,,,,,,,,,,,,,,,,,,,,,,,,,,,,,,,,,,,,,,,,,,,,,,,,,,
MN-LoAvOrsw_000006_000016.mp4,7,hammer throw,29.97,3.14,7.97,94,239,94,115,115,135,135,156,156,177,177,198,198,218,218,239,,,,,,,,,,,,,,,,,,,,,,,,,,,,,,,,,,,,,,,,,,,,,,,,,,,,,,,,,,,,,,,,,,,,,,,,,,,,,,,,,,,,,,,,,,,,,,,,,,,,,,,,,,,,,,,,,,,,,,,,,,,,,,,,
MRQNXJyye9s_000080_000090.mp4,4,hammer throw,29.97,0.0,9.24,0,277,0,69,69,138,138,208,208,277,,,,,,,,,,,,,,,,,,,,,,,,,,,,,,,,,,,,,,,,,,,,,,,,,,,,,,,,,,,,,,,,,,,,,,,,,,,,,,,,,,,,,,,,,,,,,,,,,,,,,,,,,,,,,,,,,,,,,,,,,,,,,,,,,,,,,,
MURg-NmxZGw_000020_000030.mp4,4,hammer throw,24.0,0.0,6.08,0,146,0,36,36,73,73,110,110,146,,,,,,,,,,,,,,,,,,,,,,,,,,,,,,,,,,,,,,,,,,,,,,,,,,,,,,,,,,,,,,,,,,,,,,,,,,,,,,,,,,,,,,,,,,,,,,,,,,,,,,,,,,,,,,,,,,,,,,,,,,,,,,,,,,,,,,
Mj1IPBEG9t8_000014_000024.mp4,6,hammer throw,30.0,0.0,3.87,0,116,0,19,19,39,39,58,58,77,77,97,97,116,,,,,,,,,,,,,,,,,,,,,,,,,,,,,,,,,,,,,,,,,,,,,,,,,,,,,,,,,,,,,,,,,,,,,,,,,,,,,,,,,,,,,,,,,,,,,,,,,,,,,,,,,,,,,,,,,,,,,,,,,,,,,,,,,,
NQSGPMGjmZw_000004_000014.mp4,6,hammer throw,30.0,0.0,4.77,0,143,0,24,24,48,48,72,72,95,95,119,119,143,,,,,,,,,,,,,,,,,,,,,,,,,,,,,,,,,,,,,,,,,,,,,,,,,,,,,,,,,,,,,,,,,,,,,,,,,,,,,,,,,,,,,,,,,,,,,,,,,,,,,,,,,,,,,,,,,,,,,,,,,,,,,,,,,,
Nf0NYbRJDlg_000003_000013.mp4,6,hammer throw,29.97,0.0,4.07,0,122,0,20,20,41,41,61,61,81,81,102,102,122,,,,,,,,,,,,,,,,,,,,,,,,,,,,,,,,,,,,,,,,,,,,,,,,,,,,,,,,,,,,,,,,,,,,,,,,,,,,,,,,,,,,,,,,,,,,,,,,,,,,,,,,,,,,,,,,,,,,,,,,,,,,,,,,,,
OaRMyZiMNIE_000042_000052.mp4,4,hammer throw,15.0,0.0,2.07,0,31,0,8,8,16,16,23,23,31,,,,,,,,,,,,,,,,,,,,,,,,,,,,,,,,,,,,,,,,,,,,,,,,,,,,,,,,,,,,,,,,,,,,,,,,,,,,,,,,,,,,,,,,,,,,,,,,,,,,,,,,,,,,,,,,,,,,,,,,,,,,,,,,,,,,,,
OaRMyZiMNIE_000042_000052.mp4,5,hammer throw,15.0,5.4,10.0,81,150,81,95,95,109,109,122,122,136,136,150,,,,,,,,,,,,,,,,,,,,,,,,,,,,,,,,,,,,,,,,,,,,,,,,,,,,,,,,,,,,,,,,,,,,,,,,,,,,,,,,,,,,,,,,,,,,,,,,,,,,,,,,,,,,,,,,,,,,,,,,,,,,,,,,,,,,
Ol_p4gjEgqg_000006_000016.mp4,4,hammer throw,24.73,0.0,5.45,0,135,0,34,34,68,68,101,101,135,,,,,,,,,,,,,,,,,,,,,,,,,,,,,,,,,,,,,,,,,,,,,,,,,,,,,,,,,,,,,,,,,,,,,,,,,,,,,,,,,,,,,,,,,,,,,,,,,,,,,,,,,,,,,,,,,,,,,,,,,,,,,,,,,,,,,,
PNTvTPYnSoE_000391_000401.mp4,4,hammer throw,25.0,0.0,1.92,0,48,0,12,12,24,24,36,36,48,,,,,,,,,,,,,,,,,,,,,,,,,,,,,,,,,,,,,,,,,,,,,,,,,,,,,,,,,,,,,,,,,,,,,,,,,,,,,,,,,,,,,,,,,,,,,,,,,,,,,,,,,,,,,,,,,,,,,,,,,,,,,,,,,,,,,,
PdCCSVt6fP8_000009_000019.mp4,7,hammer throw,25.0,1.04,7.6,26,190,26,49,49,73,73,96,96,120,120,143,143,167,167,190,,,,,,,,,,,,,,,,,,,,,,,,,,,,,,,,,,,,,,,,,,,,,,,,,,,,,,,,,,,,,,,,,,,,,,,,,,,,,,,,,,,,,,,,,,,,,,,,,,,,,,,,,,,,,,,,,,,,,,,,,,,,,,,,
QAa0AuXT9vA_000003_000013.mp4,3,hammer throw,23.95,2.63,5.39,63,129,63,85,85,107,107,129,,,,,,,,,,,,,,,,,,,,,,,,,,,,,,,,,,,,,,,,,,,,,,,,,,,,,,,,,,,,,,,,,,,,,,,,,,,,,,,,,,,,,,,,,,,,,,,,,,,,,,,,,,,,,,,,,,,,,,,,,,,,,,,,,,,,,,,,
QK4DhxkH3mQ_000002_000012.mp4,4,hammer throw,28.81,2.17,7.84,63,226,63,104,104,145,145,185,185,226,,,,,,,,,,,,,,,,,,,,,,,,,,,,,,,,,,,,,,,,,,,,,,,,,,,,,,,,,,,,,,,,,,,,,,,,,,,,,,,,,,,,,,,,,,,,,,,,,,,,,,,,,,,,,,,,,,,,,,,,,,,,,,,,,,,,,,
RKT3_I7OIC4_000002_000012.mp4,9,hammer throw,29.97,0.0,9.98,0,299,0,33,33,66,66,100,100,133,133,166,166,199,199,233,233,266,266,299,,,,,,,,,,,,,,,,,,,,,,,,,,,,,,,,,,,,,,,,,,,,,,,,,,,,,,,,,,,,,,,,,,,,,,,,,,,,,,,,,,,,,,,,,,,,,,,,,,,,,,,,,,,,,,,,,,,,,,,,,,,,
RQA8w0vVJXg_000000_000010.mp4,6,hammer throw,30.0,0.0,5.23,0,157,0,26,26,52,52,78,78,105,105,131,131,157,,,,,,,,,,,,,,,,,,,,,,,,,,,,,,,,,,,,,,,,,,,,,,,,,,,,,,,,,,,,,,,,,,,,,,,,,,,,,,,,,,,,,,,,,,,,,,,,,,,,,,,,,,,,,,,,,,,,,,,,,,,,,,,,,,
RaZ-eS0fn9s_000001_000011.mp4,5,hammer throw,30.0,1.43,4.73,43,142,43,63,63,83,83,102,102,122,122,142,,,,,,,,,,,,,,,,,,,,,,,,,,,,,,,,,,,,,,,,,,,,,,,,,,,,,,,,,,,,,,,,,,,,,,,,,,,,,,,,,,,,,,,,,,,,,,,,,,,,,,,,,,,,,,,,,,,,,,,,,,,,,,,,,,,,
RpsVCX_N1Xg_000002_000012.mp4,6,hammer throw,29.85,0.0,3.4,0,101,0,17,17,34,34,50,50,67,67,84,84,101,,,,,,,,,,,,,,,,,,,,,,,,,,,,,,,,,,,,,,,,,,,,,,,,,,,,,,,,,,,,,,,,,,,,,,,,,,,,,,,,,,,,,,,,,,,,,,,,,,,,,,,,,,,,,,,,,,,,,,,,,,,,,,,,,,
R4ZMlI9ql-0_000025_000035.mp4,4,hammer throw,25.0,4.84,6.98,121,174,121,134,134,147,147,161,161,174,,,,,,,,,,,,,,,,,,,,,,,,,,,,,,,,,,,,,,,,,,,,,,,,,,,,,,,,,,,,,,,,,,,,,,,,,,,,,,,,,,,,,,,,,,,,,,,,,,,,,,,,,,,,,,,,,,,,,,,,,,,,,,,,,,,,,,
S4mYn8BvyPU_000006_000016.mp4,6,hammer throw,29.97,0.0,6.7,0,201,0,34,34,67,67,100,100,134,134,168,168,201,,,,,,,,,,,,,,,,,,,,,,,,,,,,,,,,,,,,,,,,,,,,,,,,,,,,,,,,,,,,,,,,,,,,,,,,,,,,,,,,,,,,,,,,,,,,,,,,,,,,,,,,,,,,,,,,,,,,,,,,,,,,,,,,,,
TIZ_S8m_O2Q_000143_000153.mp4,6,hammer throw,29.97,1.94,9.68,58,290,58,97,97,135,135,174,174,213,213,251,251,290,,,,,,,,,,,,,,,,,,,,,,,,,,,,,,,,,,,,,,,,,,,,,,,,,,,,,,,,,,,,,,,,,,,,,,,,,,,,,,,,,,,,,,,,,,,,,,,,,,,,,,,,,,,,,,,,,,,,,,,,,,,,,,,,,,
T8nK-L-Ew9s_000002_000012.mp4,6,hammer throw,29.72,0.0,4.37,0,130,0,22,22,43,43,65,65,87,87,108,108,130,,,,,,,,,,,,,,,,,,,,,,,,,,,,,,,,,,,,,,,,,,,,,,,,,,,,,,,,,,,,,,,,,,,,,,,,,,,,,,,,,,,,,,,,,,,,,,,,,,,,,,,,,,,,,,,,,,,,,,,,,,,,,,,,,,
We0i8NeAUIA_000006_000016.mp4,4,hammer throw,29.97,0.0,2.6,0,78,0,20,20,39,39,58,58,78,,,,,,,,,,,,,,,,,,,,,,,,,,,,,,,,,,,,,,,,,,,,,,,,,,,,,,,,,,,,,,,,,,,,,,,,,,,,,,,,,,,,,,,,,,,,,,,,,,,,,,,,,,,,,,,,,,,,,,,,,,,,,,,,,,,,,,
YCdPa5gJYmc_000016_000026.mp4,2,hammer throw,29.97,0.03,4.0,1,120,1,61,61,120,,,,,,,,,,,,,,,,,,,,,,,,,,,,,,,,,,,,,,,,,,,,,,,,,,,,,,,,,,,,,,,,,,,,,,,,,,,,,,,,,,,,,,,,,,,,,,,,,,,,,,,,,,,,,,,,,,,,,,,,,,,,,,,,,,,,,,,,,,
bPxnFtqyl8o_000001_000011.mp4,5,hammer throw,20.08,0.0,5.38,0,108,0,22,22,43,43,65,65,86,86,108,,,,,,,,,,,,,,,,,,,,,,,,,,,,,,,,,,,,,,,,,,,,,,,,,,,,,,,,,,,,,,,,,,,,,,,,,,,,,,,,,,,,,,,,,,,,,,,,,,,,,,,,,,,,,,,,,,,,,,,,,,,,,,,,,,,,
cJkgF2cMzpE_000047_000057.mp4,7,hammer throw,29.97,0.0,4.74,0,142,0,20,20,41,41,61,61,81,81,101,101,122,122,142,,,,,,,,,,,,,,,,,,,,,,,,,,,,,,,,,,,,,,,,,,,,,,,,,,,,,,,,,,,,,,,,,,,,,,,,,,,,,,,,,,,,,,,,,,,,,,,,,,,,,,,,,,,,,,,,,,,,,,,,,,,,,,,,
dVikEmryBgA_000006_000016.mp4,3,hammer throw,30.0,0.0,2.27,0,68,0,23,23,45,45,68,,,,,,,,,,,,,,,,,,,,,,,,,,,,,,,,,,,,,,,,,,,,,,,,,,,,,,,,,,,,,,,,,,,,,,,,,,,,,,,,,,,,,,,,,,,,,,,,,,,,,,,,,,,,,,,,,,,,,,,,,,,,,,,,,,,,,,,,
d2gpbHSItX4_000003_000013.mp4,6,hammer throw,29.97,0.0,4.4,0,132,0,22,22,44,44,66,66,88,88,110,110,132,,,,,,,,,,,,,,,,,,,,,,,,,,,,,,,,,,,,,,,,,,,,,,,,,,,,,,,,,,,,,,,,,,,,,,,,,,,,,,,,,,,,,,,,,,,,,,,,,,,,,,,,,,,,,,,,,,,,,,,,,,,,,,,,,,
egcWF_4jp3c_000003_000013.mp4,7,hammer throw,29.97,1.13,7.67,34,230,34,62,62,90,90,118,118,146,146,174,174,202,202,230,,,,,,,,,,,,,,,,,,,,,,,,,,,,,,,,,,,,,,,,,,,,,,,,,,,,,,,,,,,,,,,,,,,,,,,,,,,,,,,,,,,,,,,,,,,,,,,,,,,,,,,,,,,,,,,,,,,,,,,,,,,,,,,,
exhHXfqvtBw_000029_000039.mp4,5,hammer throw,29.97,2.57,6.41,77,192,77,100,100,123,123,146,146,169,169,192,,,,,,,,,,,,,,,,,,,,,,,,,,,,,,,,,,,,,,,,,,,,,,,,,,,,,,,,,,,,,,,,,,,,,,,,,,,,,,,,,,,,,,,,,,,,,,,,,,,,,,,,,,,,,,,,,,,,,,,,,,,,,,,,,,,,
exhHXfqvtBw_000029_000039.mp4,3,hammer throw,29.97,7.57,9.61,227,288,227,247,247,268,268,288,,,,,,,,,,,,,,,,,,,,,,,,,,,,,,,,,,,,,,,,,,,,,,,,,,,,,,,,,,,,,,,,,,,,,,,,,,,,,,,,,,,,,,,,,,,,,,,,,,,,,,,,,,,,,,,,,,,,,,,,,,,,,,,,,,,,,,,,
e0H-Q9_kmdQ_000032_000042.mp4,2,hammer throw,29.97,0.0,2.54,0,76,0,38,38,76,,,,,,,,,,,,,,,,,,,,,,,,,,,,,,,,,,,,,,,,,,,,,,,,,,,,,,,,,,,,,,,,,,,,,,,,,,,,,,,,,,,,,,,,,,,,,,,,,,,,,,,,,,,,,,,,,,,,,,,,,,,,,,,,,,,,,,,,,,
e95juddL7jM_000579_000589.mp4,4,hammer throw,29.97,0.0,1.5,0,45,0,11,11,22,22,34,34,45,,,,,,,,,,,,,,,,,,,,,,,,,,,,,,,,,,,,,,,,,,,,,,,,,,,,,,,,,,,,,,,,,,,,,,,,,,,,,,,,,,,,,,,,,,,,,,,,,,,,,,,,,,,,,,,,,,,,,,,,,,,,,,,,,,,,,,
e95juddL7jM_000579_000589.mp4,7,hammer throw,29.97,5.19,9.98,156,299,156,176,176,197,197,217,217,238,238,258,258,279,279,299,,,,,,,,,,,,,,,,,,,,,,,,,,,,,,,,,,,,,,,,,,,,,,,,,,,,,,,,,,,,,,,,,,,,,,,,,,,,,,,,,,,,,,,,,,,,,,,,,,,,,,,,,,,,,,,,,,,,,,,,,,,,,,,,
f7WvYDhyP1o_000017_000027.mp4,6,hammer throw,29.97,0.0,7.01,0,210,0,35,35,70,70,105,105,140,140,175,175,210,,,,,,,,,,,,,,,,,,,,,,,,,,,,,,,,,,,,,,,,,,,,,,,,,,,,,,,,,,,,,,,,,,,,,,,,,,,,,,,,,,,,,,,,,,,,,,,,,,,,,,,,,,,,,,,,,,,,,,,,,,,,,,,,,,
gAoq0pGcfNM_000002_000012.mp4,5,hammer throw,15.15,0.0,3.3,0,50,0,10,10,20,20,30,30,40,40,50,,,,,,,,,,,,,,,,,,,,,,,,,,,,,,,,,,,,,,,,,,,,,,,,,,,,,,,,,,,,,,,,,,,,,,,,,,,,,,,,,,,,,,,,,,,,,,,,,,,,,,,,,,,,,,,,,,,,,,,,,,,,,,,,,,,,
gGnZHeKNaeY_000001_000011.mp4,4,hammer throw,30.0,0.0,3.43,0,103,0,26,26,52,52,77,77,103,,,,,,,,,,,,,,,,,,,,,,,,,,,,,,,,,,,,,,,,,,,,,,,,,,,,,,,,,,,,,,,,,,,,,,,,,,,,,,,,,,,,,,,,,,,,,,,,,,,,,,,,,,,,,,,,,,,,,,,,,,,,,,,,,,,,,,
gikGIjtDHvo_000005_000015.mp4,2,hammer throw,30.0,0.0,1.23,0,37,0,18,18,37,,,,,,,,,,,,,,,,,,,,,,,,,,,,,,,,,,,,,,,,,,,,,,,,,,,,,,,,,,,,,,,,,,,,,,,,,,,,,,,,,,,,,,,,,,,,,,,,,,,,,,,,,,,,,,,,,,,,,,,,,,,,,,,,,,,,,,,,,,
gpD8W6b3BTo_000001_000011.mp4,3,hammer throw,30.0,0.03,3.23,1,97,1,33,33,65,65,97,,,,,,,,,,,,,,,,,,,,,,,,,,,,,,,,,,,,,,,,,,,,,,,,,,,,,,,,,,,,,,,,,,,,,,,,,,,,,,,,,,,,,,,,,,,,,,,,,,,,,,,,,,,,,,,,,,,,,,,,,,,,,,,,,,,,,,,,
hS63C6s8eW0_000004_000014.mp4,2,hammer throw,25.0,0.0,1.28,0,32,0,16,16,32,,,,,,,,,,,,,,,,,,,,,,,,,,,,,,,,,,,,,,,,,,,,,,,,,,,,,,,,,,,,,,,,,,,,,,,,,,,,,,,,,,,,,,,,,,,,,,,,,,,,,,,,,,,,,,,,,,,,,,,,,,,,,,,,,,,,,,,,,,
i2NmXvThWEs_000006_000016.mp4,4,hammer throw,15.0,0.0,4.0,0,60,0,15,15,30,30,45,45,60,,,,,,,,,,,,,,,,,,,,,,,,,,,,,,,,,,,,,,,,,,,,,,,,,,,,,,,,,,,,,,,,,,,,,,,,,,,,,,,,,,,,,,,,,,,,,,,,,,,,,,,,,,,,,,,,,,,,,,,,,,,,,,,,,,,,,,
jAW9loANAuo_000002_000012.mp4,5,hammer throw,25.0,0.0,3.2,0,80,0,16,16,32,32,48,48,64,64,80,,,,,,,,,,,,,,,,,,,,,,,,,,,,,,,,,,,,,,,,,,,,,,,,,,,,,,,,,,,,,,,,,,,,,,,,,,,,,,,,,,,,,,,,,,,,,,,,,,,,,,,,,,,,,,,,,,,,,,,,,,,,,,,,,,,,
jqHpty7hjC0_000003_000013.mp4,5,hammer throw,15.0,0.0,3.53,0,53,0,11,11,21,21,32,32,42,42,53,,,,,,,,,,,,,,,,,,,,,,,,,,,,,,,,,,,,,,,,,,,,,,,,,,,,,,,,,,,,,,,,,,,,,,,,,,,,,,,,,,,,,,,,,,,,,,,,,,,,,,,,,,,,,,,,,,,,,,,,,,,,,,,,,,,,
kVLS5g6C8qU_000000_000010.mp4,6,hammer throw,29.92,0.0,4.51,0,135,0,22,22,45,45,68,68,90,90,112,112,135,,,,,,,,,,,,,,,,,,,,,,,,,,,,,,,,,,,,,,,,,,,,,,,,,,,,,,,,,,,,,,,,,,,,,,,,,,,,,,,,,,,,,,,,,,,,,,,,,,,,,,,,,,,,,,,,,,,,,,,,,,,,,,,,,,
lWO4svJAKTA_000004_000014.mp4,4,hammer throw,30.0,0.0,2.47,0,74,0,18,18,37,37,56,56,74,,,,,,,,,,,,,,,,,,,,,,,,,,,,,,,,,,,,,,,,,,,,,,,,,,,,,,,,,,,,,,,,,,,,,,,,,,,,,,,,,,,,,,,,,,,,,,,,,,,,,,,,,,,,,,,,,,,,,,,,,,,,,,,,,,,,,,
luRjlZcNSaE_000001_000011.mp4,3,hammer throw,25.0,0.0,2.28,0,57,0,19,19,38,38,57,,,,,,,,,,,,,,,,,,,,,,,,,,,,,,,,,,,,,,,,,,,,,,,,,,,,,,,,,,,,,,,,,,,,,,,,,,,,,,,,,,,,,,,,,,,,,,,,,,,,,,,,,,,,,,,,,,,,,,,,,,,,,,,,,,,,,,,,
mgiA73Ddnpg_000000_000010.mp4,6,hammer throw,15.0,5.0,10.0,75,150,75,87,87,100,100,113,113,125,125,137,137,150,,,,,,,,,,,,,,,,,,,,,,,,,,,,,,,,,,,,,,,,,,,,,,,,,,,,,,,,,,,,,,,,,,,,,,,,,,,,,,,,,,,,,,,,,,,,,,,,,,,,,,,,,,,,,,,,,,,,,,,,,,,,,,,,,,
m1dUGMjea6E_000002_000012.mp4,7,hammer throw,24.0,0.0,5.42,0,130,0,19,19,37,37,56,56,74,74,93,93,111,111,130,,,,,,,,,,,,,,,,,,,,,,,,,,,,,,,,,,,,,,,,,,,,,,,,,,,,,,,,,,,,,,,,,,,,,,,,,,,,,,,,,,,,,,,,,,,,,,,,,,,,,,,,,,,,,,,,,,,,,,,,,,,,,,,,
m8lZFDOrz5s_000003_000013.mp4,6,hammer throw,29.97,0.0,7.97,0,239,0,40,40,80,80,120,120,159,159,199,199,239,,,,,,,,,,,,,,,,,,,,,,,,,,,,,,,,,,,,,,,,,,,,,,,,,,,,,,,,,,,,,,,,,,,,,,,,,,,,,,,,,,,,,,,,,,,,,,,,,,,,,,,,,,,,,,,,,,,,,,,,,,,,,,,,,,
nNB3rlTzw5M_000057_000067.mp4,4,hammer throw,30.0,0.53,2.87,16,86,16,34,34,51,51,68,68,86,,,,,,,,,,,,,,,,,,,,,,,,,,,,,,,,,,,,,,,,,,,,,,,,,,,,,,,,,,,,,,,,,,,,,,,,,,,,,,,,,,,,,,,,,,,,,,,,,,,,,,,,,,,,,,,,,,,,,,,,,,,,,,,,,,,,,,
nzGiR8QG7aA_000000_000010.mp4,7,hammer throw,30.0,4.1,9.97,123,299,123,148,148,173,173,198,198,224,224,249,249,274,274,299,,,,,,,,,,,,,,,,,,,,,,,,,,,,,,,,,,,,,,,,,,,,,,,,,,,,,,,,,,,,,,,,,,,,,,,,,,,,,,,,,,,,,,,,,,,,,,,,,,,,,,,,,,,,,,,,,,,,,,,,,,,,,,,,
n9G8nN0H8kE_000001_000011.mp4,6,hammer throw,30.0,1.5,6.67,45,200,45,71,71,97,97,123,123,148,148,174,174,200,,,,,,,,,,,,,,,,,,,,,,,,,,,,,,,,,,,,,,,,,,,,,,,,,,,,,,,,,,,,,,,,,,,,,,,,,,,,,,,,,,,,,,,,,,,,,,,,,,,,,,,,,,,,,,,,,,,,,,,,,,,,,,,,,,
oVdPb1N4Lds_000008_000018.mp4,6,hammer throw,29.97,0.0,4.77,0,143,0,24,24,48,48,72,72,95,95,119,119,143,,,,,,,,,,,,,,,,,,,,,,,,,,,,,,,,,,,,,,,,,,,,,,,,,,,,,,,,,,,,,,,,,,,,,,,,,,,,,,,,,,,,,,,,,,,,,,,,,,,,,,,,,,,,,,,,,,,,,,,,,,,,,,,,,,
pr7UmDrSOKU_000008_000018.mp4,3,hammer throw,24.97,2.32,6.21,58,155,58,90,90,123,123,155,,,,,,,,,,,,,,,,,,,,,,,,,,,,,,,,,,,,,,,,,,,,,,,,,,,,,,,,,,,,,,,,,,,,,,,,,,,,,,,,,,,,,,,,,,,,,,,,,,,,,,,,,,,,,,,,,,,,,,,,,,,,,,,,,,,,,,,,
p5gYu1up1Ac_000009_000019.mp4,6,hammer throw,30.0,1.53,6.63,46,199,46,72,72,97,97,122,122,148,148,174,174,199,,,,,,,,,,,,,,,,,,,,,,,,,,,,,,,,,,,,,,,,,,,,,,,,,,,,,,,,,,,,,,,,,,,,,,,,,,,,,,,,,,,,,,,,,,,,,,,,,,,,,,,,,,,,,,,,,,,,,,,,,,,,,,,,,,
qzqk8WfuPpg_000002_000012.mp4,4,hammer throw,29.92,0.0,9.98,0,299,0,75,75,150,150,224,224,299,,,,,,,,,,,,,,,,,,,,,,,,,,,,,,,,,,,,,,,,,,,,,,,,,,,,,,,,,,,,,,,,,,,,,,,,,,,,,,,,,,,,,,,,,,,,,,,,,,,,,,,,,,,,,,,,,,,,,,,,,,,,,,,,,,,,,,
q12zaveInao_000001_000011.mp4,7,hammer throw,25.0,2.84,8.8,71,220,71,92,92,114,114,135,135,156,156,177,177,199,199,220,,,,,,,,,,,,,,,,,,,,,,,,,,,,,,,,,,,,,,,,,,,,,,,,,,,,,,,,,,,,,,,,,,,,,,,,,,,,,,,,,,,,,,,,,,,,,,,,,,,,,,,,,,,,,,,,,,,,,,,,,,,,,,,,
rxnh_WSh-DI_000002_000012.mp4,2,hammer throw,29.97,3.17,7.22,95,216,95,155,155,216,,,,,,,,,,,,,,,,,,,,,,,,,,,,,,,,,,,,,,,,,,,,,,,,,,,,,,,,,,,,,,,,,,,,,,,,,,,,,,,,,,,,,,,,,,,,,,,,,,,,,,,,,,,,,,,,,,,,,,,,,,,,,,,,,,,,,,,,,,
r3JqUQR3M-I_000003_000013.mp4,4,hammer throw,29.97,4.87,9.98,146,299,146,184,184,222,222,261,261,299,,,,,,,,,,,,,,,,,,,,,,,,,,,,,,,,,,,,,,,,,,,,,,,,,,,,,,,,,,,,,,,,,,,,,,,,,,,,,,,,,,,,,,,,,,,,,,,,,,,,,,,,,,,,,,,,,,,,,,,,,,,,,,,,,,,,,,
sQVhV8ubZCs_000000_000010.mp4,7,hammer throw,29.97,0.0,5.47,0,164,0,23,23,47,47,70,70,94,94,117,117,141,141,164,,,,,,,,,,,,,,,,,,,,,,,,,,,,,,,,,,,,,,,,,,,,,,,,,,,,,,,,,,,,,,,,,,,,,,,,,,,,,,,,,,,,,,,,,,,,,,,,,,,,,,,,,,,,,,,,,,,,,,,,,,,,,,,,
sc5bsO7CYDs_000011_000021.mp4,4,hammer throw,29.97,0.0,4.77,0,143,0,36,36,72,72,107,107,143,,,,,,,,,,,,,,,,,,,,,,,,,,,,,,,,,,,,,,,,,,,,,,,,,,,,,,,,,,,,,,,,,,,,,,,,,,,,,,,,,,,,,,,,,,,,,,,,,,,,,,,,,,,,,,,,,,,,,,,,,,,,,,,,,,,,,,
tBPqkBvKl_M_000005_000015.mp4,3,hammer throw,15.0,0.0,2.13,0,32,0,11,11,21,21,32,,,,,,,,,,,,,,,,,,,,,,,,,,,,,,,,,,,,,,,,,,,,,,,,,,,,,,,,,,,,,,,,,,,,,,,,,,,,,,,,,,,,,,,,,,,,,,,,,,,,,,,,,,,,,,,,,,,,,,,,,,,,,,,,,,,,,,,,
tZLFEDrz3yM_000000_000010.mp4,7,hammer throw,29.0,2.45,8.07,71,234,71,94,94,118,118,141,141,164,164,187,187,211,211,234,,,,,,,,,,,,,,,,,,,,,,,,,,,,,,,,,,,,,,,,,,,,,,,,,,,,,,,,,,,,,,,,,,,,,,,,,,,,,,,,,,,,,,,,,,,,,,,,,,,,,,,,,,,,,,,,,,,,,,,,,,,,,,,,
t4aC6WnAep4_000005_000015.mp4,2,hammer throw,30.0,0.4,4.85,12,146,12,79,79,146,,,,,,,,,,,,,,,,,,,,,,,,,,,,,,,,,,,,,,,,,,,,,,,,,,,,,,,,,,,,,,,,,,,,,,,,,,,,,,,,,,,,,,,,,,,,,,,,,,,,,,,,,,,,,,,,,,,,,,,,,,,,,,,,,,,,,,,,,,
t4aC6WnAep4_000005_000015.mp4,2,hammer throw,30.0,8.13,10.0,244,300,244,272,272,300,,,,,,,,,,,,,,,,,,,,,,,,,,,,,,,,,,,,,,,,,,,,,,,,,,,,,,,,,,,,,,,,,,,,,,,,,,,,,,,,,,,,,,,,,,,,,,,,,,,,,,,,,,,,,,,,,,,,,,,,,,,,,,,,,,,,,,,,,,
uE5o92zMeyE_000035_000045.mp4,4,hammer throw,30.0,0.0,10.0,0,300,0,75,75,150,150,225,225,300,,,,,,,,,,,,,,,,,,,,,,,,,,,,,,,,,,,,,,,,,,,,,,,,,,,,,,,,,,,,,,,,,,,,,,,,,,,,,,,,,,,,,,,,,,,,,,,,,,,,,,,,,,,,,,,,,,,,,,,,,,,,,,,,,,,,,,
uGYm4GgHzkY_000002_000012.mp4,6,hammer throw,24.0,1.25,6.51,30,156,30,51,51,72,72,93,93,114,114,135,135,156,,,,,,,,,,,,,,,,,,,,,,,,,,,,,,,,,,,,,,,,,,,,,,,,,,,,,,,,,,,,,,,,,,,,,,,,,,,,,,,,,,,,,,,,,,,,,,,,,,,,,,,,,,,,,,,,,,,,,,,,,,,,,,,,,,
uGYm4GgHzkY_000002_000012.mp4,4,hammer throw,24.0,6.88,9.78,165,235,165,183,183,200,200,217,217,235,,,,,,,,,,,,,,,,,,,,,,,,,,,,,,,,,,,,,,,,,,,,,,,,,,,,,,,,,,,,,,,,,,,,,,,,,,,,,,,,,,,,,,,,,,,,,,,,,,,,,,,,,,,,,,,,,,,,,,,,,,,,,,,,,,,,,,
uLIhZsZ7vho_000005_000015.mp4,2,hammer throw,29.97,0.0,0.9,0,27,0,14,14,27,,,,,,,,,,,,,,,,,,,,,,,,,,,,,,,,,,,,,,,,,,,,,,,,,,,,,,,,,,,,,,,,,,,,,,,,,,,,,,,,,,,,,,,,,,,,,,,,,,,,,,,,,,,,,,,,,,,,,,,,,,,,,,,,,,,,,,,,,,
u4pa4CmiGfM_000155_000165.mp4,5,hammer throw,23.98,4.38,9.38,105,225,105,129,129,153,153,177,177,201,201,225,,,,,,,,,,,,,,,,,,,,,,,,,,,,,,,,,,,,,,,,,,,,,,,,,,,,,,,,,,,,,,,,,,,,,,,,,,,,,,,,,,,,,,,,,,,,,,,,,,,,,,,,,,,,,,,,,,,,,,,,,,,,,,,,,,,,
vi-aaXsK6Vs_000699_000709.mp4,4,hammer throw,25.0,0.84,2.72,21,68,21,33,33,45,45,56,56,68,,,,,,,,,,,,,,,,,,,,,,,,,,,,,,,,,,,,,,,,,,,,,,,,,,,,,,,,,,,,,,,,,,,,,,,,,,,,,,,,,,,,,,,,,,,,,,,,,,,,,,,,,,,,,,,,,,,,,,,,,,,,,,,,,,,,,,
wQTdh5Un8B8_000001_000011.mp4,6,hammer throw,30.0,0.0,3.7,0,111,0,18,18,37,37,56,56,74,74,92,92,111,,,,,,,,,,,,,,,,,,,,,,,,,,,,,,,,,,,,,,,,,,,,,,,,,,,,,,,,,,,,,,,,,,,,,,,,,,,,,,,,,,,,,,,,,,,,,,,,,,,,,,,,,,,,,,,,,,,,,,,,,,,,,,,,,,
yCGwT3y8KlA_000002_000012.mp4,3,hammer throw,29.92,0.0,8.66,0,259,0,86,86,173,173,259,,,,,,,,,,,,,,,,,,,,,,,,,,,,,,,,,,,,,,,,,,,,,,,,,,,,,,,,,,,,,,,,,,,,,,,,,,,,,,,,,,,,,,,,,,,,,,,,,,,,,,,,,,,,,,,,,,,,,,,,,,,,,,,,,,,,,,,,
yVKwJ-fZPc0_000004_000014.mp4,4,hammer throw,15.0,0.0,3.0,0,45,0,11,11,22,22,34,34,45,,,,,,,,,,,,,,,,,,,,,,,,,,,,,,,,,,,,,,,,,,,,,,,,,,,,,,,,,,,,,,,,,,,,,,,,,,,,,,,,,,,,,,,,,,,,,,,,,,,,,,,,,,,,,,,,,,,,,,,,,,,,,,,,,,,,,,
zGo1AJ7i0Co_000117_000127.mp4,7,hammer throw,25.0,1.88,7.64,47,191,47,68,68,88,88,109,109,129,129,150,150,170,170,191,,,,,,,,,,,,,,,,,,,,,,,,,,,,,,,,,,,,,,,,,,,,,,,,,,,,,,,,,,,,,,,,,,,,,,,,,,,,,,,,,,,,,,,,,,,,,,,,,,,,,,,,,,,,,,,,,,,,,,,,,,,,,,,,
0gwIJfTMWCg_000002_000012.mp4,7,hammer throw,25.0,0.88,6.88,22,172,22,43,43,65,65,86,86,108,108,129,129,151,151,172,,,,,,,,,,,,,,,,,,,,,,,,,,,,,,,,,,,,,,,,,,,,,,,,,,,,,,,,,,,,,,,,,,,,,,,,,,,,,,,,,,,,,,,,,,,,,,,,,,,,,,,,,,,,,,,,,,,,,,,,,,,,,,,,
1GsDD7CO2qY_000004_000014.mp4,4,hammer throw,30.0,0.0,2.47,0,74,0,18,18,37,37,56,56,74,,,,,,,,,,,,,,,,,,,,,,,,,,,,,,,,,,,,,,,,,,,,,,,,,,,,,,,,,,,,,,,,,,,,,,,,,,,,,,,,,,,,,,,,,,,,,,,,,,,,,,,,,,,,,,,,,,,,,,,,,,,,,,,,,,,,,,
1dj_ZZi6_ng_000020_000030.mp4,6,hammer throw,30.0,0.0,5.0,0,150,0,25,25,50,50,75,75,100,100,125,125,150,,,,,,,,,,,,,,,,,,,,,,,,,,,,,,,,,,,,,,,,,,,,,,,,,,,,,,,,,,,,,,,,,,,,,,,,,,,,,,,,,,,,,,,,,,,,,,,,,,,,,,,,,,,,,,,,,,,,,,,,,,,,,,,,,,
1xZo8DECdGY_000002_000012.mp4,6,hammer throw,29.97,0.0,4.84,0,145,0,24,24,48,48,72,72,97,97,121,121,145,,,,,,,,,,,,,,,,,,,,,,,,,,,,,,,,,,,,,,,,,,,,,,,,,,,,,,,,,,,,,,,,,,,,,,,,,,,,,,,,,,,,,,,,,,,,,,,,,,,,,,,,,,,,,,,,,,,,,,,,,,,,,,,,,,
5GKCsNc9iSE_000001_000011.mp4,4,hammer throw,29.97,4.2,7.87,126,236,126,154,154,181,181,208,208,236,,,,,,,,,,,,,,,,,,,,,,,,,,,,,,,,,,,,,,,,,,,,,,,,,,,,,,,,,,,,,,,,,,,,,,,,,,,,,,,,,,,,,,,,,,,,,,,,,,,,,,,,,,,,,,,,,,,,,,,,,,,,,,,,,,,,,,
5oiohAjFVb0_000002_000012.mp4,2,hammer throw,28.0,0.0,2.27,0,64,0,32,32,64,,,,,,,,,,,,,,,,,,,,,,,,,,,,,,,,,,,,,,,,,,,,,,,,,,,,,,,,,,,,,,,,,,,,,,,,,,,,,,,,,,,,,,,,,,,,,,,,,,,,,,,,,,,,,,,,,,,,,,,,,,,,,,,,,,,,,,,,,,
5tETMUt4TYg_000020_000030.mp4,7,hammer throw,29.97,0.0,6.14,0,184,0,26,26,53,53,79,79,105,105,131,131,158,158,184,,,,,,,,,,,,,,,,,,,,,,,,,,,,,,,,,,,,,,,,,,,,,,,,,,,,,,,,,,,,,,,,,,,,,,,,,,,,,,,,,,,,,,,,,,,,,,,,,,,,,,,,,,,,,,,,,,,,,,,,,,,,,,,,
50RrC35Kf8U_000011_000021.mp4,3,hammer throw,29.97,0.0,2.04,0,61,0,20,20,41,41,61,,,,,,,,,,,,,,,,,,,,,,,,,,,,,,,,,,,,,,,,,,,,,,,,,,,,,,,,,,,,,,,,,,,,,,,,,,,,,,,,,,,,,,,,,,,,,,,,,,,,,,,,,,,,,,,,,,,,,,,,,,,,,,,,,,,,,,,,
6fPnoWDjtKM_000005_000015.mp4,4,hammer throw,30.0,0.0,2.9,0,87,0,22,22,44,44,65,65,87,,,,,,,,,,,,,,,,,,,,,,,,,,,,,,,,,,,,,,,,,,,,,,,,,,,,,,,,,,,,,,,,,,,,,,,,,,,,,,,,,,,,,,,,,,,,,,,,,,,,,,,,,,,,,,,,,,,,,,,,,,,,,,,,,,,,,,
7PJY5-51NGo_000005_000015.mp4,5,hammer throw,30.0,0.0,2.83,0,85,0,17,17,34,34,51,51,68,68,85,,,,,,,,,,,,,,,,,,,,,,,,,,,,,,,,,,,,,,,,,,,,,,,,,,,,,,,,,,,,,,,,,,,,,,,,,,,,,,,,,,,,,,,,,,,,,,,,,,,,,,,,,,,,,,,,,,,,,,,,,,,,,,,,,,,,
8Mry0JtTh8E_000008_000018.mp4,7,hammer throw,29.97,0.4,6.64,12,199,12,39,39,65,65,92,92,119,119,146,146,172,172,199,,,,,,,,,,,,,,,,,,,,,,,,,,,,,,,,,,,,,,,,,,,,,,,,,,,,,,,,,,,,,,,,,,,,,,,,,,,,,,,,,,,,,,,,,,,,,,,,,,,,,,,,,,,,,,,,,,,,,,,,,,,,,,,,
9JbYeORC5Og_000001_000011.mp4,5,hammer throw,29.0,0.0,5.21,0,151,0,30,30,60,60,91,91,121,121,151,,,,,,,,,,,,,,,,,,,,,,,,,,,,,,,,,,,,,,,,,,,,,,,,,,,,,,,,,,,,,,,,,,,,,,,,,,,,,,,,,,,,,,,,,,,,,,,,,,,,,,,,,,,,,,,,,,,,,,,,,,,,,,,,,,,,
9skFnyfWjdc_000044_000054.mp4,3,hammer throw,29.97,0.0,6.74,0,202,0,67,67,135,135,202,,,,,,,,,,,,,,,,,,,,,,,,,,,,,,,,,,,,,,,,,,,,,,,,,,,,,,,,,,,,,,,,,,,,,,,,,,,,,,,,,,,,,,,,,,,,,,,,,,,,,,,,,,,,,,,,,,,,,,,,,,,,,,,,,,,,,,,,
99KFXxzktLE_000002_000012.mp4,5,hammer throw,30.0,0.0,4.5,0,135,0,27,27,54,54,81,81,108,108,135,,,,,,,,,,,,,,,,,,,,,,,,,,,,,,,,,,,,,,,,,,,,,,,,,,,,,,,,,,,,,,,,,,,,,,,,,,,,,,,,,,,,,,,,,,,,,,,,,,,,,,,,,,,,,,,,,,,,,,,,,,,,,,,,,,,,
-6uNJNQKvO8_000002_000012.mp4,5,hammer throw,29.0,0.0,3.79,0,110,0,22,22,44,44,66,66,88,88,110,,,,,,,,,,,,,,,,,,,,,,,,,,,,,,,,,,,,,,,,,,,,,,,,,,,,,,,,,,,,,,,,,,,,,,,,,,,,,,,,,,,,,,,,,,,,,,,,,,,,,,,,,,,,,,,,,,,,,,,,,,,,,,,,,,,,
An_cOwmcbT4_000019_000029.mp4,14,headbanging,29.33,1.4,6.34,41,186,41,51,51,62,62,72,72,82,82,93,93,103,103,113,113,124,124,134,134,145,145,155,155,165,165,176,176,186,,,,,,,,,,,,,,,,,,,,,,,,,,,,,,,,,,,,,,,,,,,,,,,,,,,,,,,,,,,,,,,,,,,,,,,,,,,,,,,,,,,,,,,,,,,,,,,,,,,,,,,,,,,,,,,,,,
A378plWQMVU_000017_000027.mp4,5,headbanging,20.0,0.0,2.75,0,55,0,11,11,22,22,33,33,44,44,55,,,,,,,,,,,,,,,,,,,,,,,,,,,,,,,,,,,,,,,,,,,,,,,,,,,,,,,,,,,,,,,,,,,,,,,,,,,,,,,,,,,,,,,,,,,,,,,,,,,,,,,,,,,,,,,,,,,,,,,,,,,,,,,,,,,,
B19YTDAo_fE_000000_000010.mp4,2,headbanging,15.0,0.57,2.77,9,42,9,25,25,42,,,,,,,,,,,,,,,,,,,,,,,,,,,,,,,,,,,,,,,,,,,,,,,,,,,,,,,,,,,,,,,,,,,,,,,,,,,,,,,,,,,,,,,,,,,,,,,,,,,,,,,,,,,,,,,,,,,,,,,,,,,,,,,,,,,,,,,,,,
DhUq3KNGyuc_000002_000012.mp4,13,headbanging,14.96,0.0,8.49,0,127,0,10,10,20,20,29,29,39,39,49,49,59,59,68,68,78,78,88,88,98,98,107,107,117,117,127,,,,,,,,,,,,,,,,,,,,,,,,,,,,,,,,,,,,,,,,,,,,,,,,,,,,,,,,,,,,,,,,,,,,,,,,,,,,,,,,,,,,,,,,,,,,,,,,,,,,,,,,,,,,,,,,,,,,
EJKOrmsZc4o_000006_000016.mp4,8,headbanging,15.0,0.0,10.0,0,150,0,19,19,38,38,56,56,75,75,94,94,112,112,131,131,150,,,,,,,,,,,,,,,,,,,,,,,,,,,,,,,,,,,,,,,,,,,,,,,,,,,,,,,,,,,,,,,,,,,,,,,,,,,,,,,,,,,,,,,,,,,,,,,,,,,,,,,,,,,,,,,,,,,,,,,,,,,,,,
EpU_m_NFeCY_000001_000011.mp4,14,headbanging,20.0,0.0,9.32,0,186,0,13,13,27,27,40,40,53,53,66,66,80,80,93,93,106,106,120,120,133,133,146,146,159,159,173,173,186,,,,,,,,,,,,,,,,,,,,,,,,,,,,,,,,,,,,,,,,,,,,,,,,,,,,,,,,,,,,,,,,,,,,,,,,,,,,,,,,,,,,,,,,,,,,,,,,,,,,,,,,,,,,,,,,,,
I0hkd6fRxUg_000032_000042.mp4,2,headbanging,25.0,0.0,1.28,0,32,0,16,16,32,,,,,,,,,,,,,,,,,,,,,,,,,,,,,,,,,,,,,,,,,,,,,,,,,,,,,,,,,,,,,,,,,,,,,,,,,,,,,,,,,,,,,,,,,,,,,,,,,,,,,,,,,,,,,,,,,,,,,,,,,,,,,,,,,,,,,,,,,,
I0hkd6fRxUg_000032_000042.mp4,11,headbanging,25.0,4.56,10.0,114,250,114,126,126,139,139,151,151,163,163,176,176,188,188,201,201,213,213,225,225,238,238,250,,,,,,,,,,,,,,,,,,,,,,,,,,,,,,,,,,,,,,,,,,,,,,,,,,,,,,,,,,,,,,,,,,,,,,,,,,,,,,,,,,,,,,,,,,,,,,,,,,,,,,,,,,,,,,,,,,,,,,,,
JiJoeswWAY4_000004_000014.mp4,10,headbanging,29.97,0.0,3.85,0,115,0,12,12,23,23,34,34,46,46,58,58,69,69,80,80,92,92,104,104,115,,,,,,,,,,,,,,,,,,,,,,,,,,,,,,,,,,,,,,,,,,,,,,,,,,,,,,,,,,,,,,,,,,,,,,,,,,,,,,,,,,,,,,,,,,,,,,,,,,,,,,,,,,,,,,,,,,,,,,,,,,
JxdfQ01oUjY_000004_000014.mp4,4,headbanging,13.66,3.6,6.07,49,83,49,57,57,66,66,75,75,83,,,,,,,,,,,,,,,,,,,,,,,,,,,,,,,,,,,,,,,,,,,,,,,,,,,,,,,,,,,,,,,,,,,,,,,,,,,,,,,,,,,,,,,,,,,,,,,,,,,,,,,,,,,,,,,,,,,,,,,,,,,,,,,,,,,,,,
KXe6qqRNZuY_000078_000088.mp4,19,headbanging,15.0,0.0,10.0,0,150,0,8,8,16,16,24,24,32,32,39,39,47,47,55,55,63,63,71,71,79,79,87,87,95,95,103,103,111,111,118,118,126,126,134,134,142,142,150,,,,,,,,,,,,,,,,,,,,,,,,,,,,,,,,,,,,,,,,,,,,,,,,,,,,,,,,,,,,,,,,,,,,,,,,,,,,,,,,,,,,,,,,,,,,,,,,,,,,,,,,
MKlGH4ZYiqc_000040_000050.mp4,22,headbanging,14.45,0.0,10.0,0,144,0,7,7,13,13,20,20,26,26,33,33,39,39,46,46,52,52,59,59,65,65,72,72,79,79,85,85,92,92,98,98,105,105,111,111,118,118,124,124,131,131,137,137,144,,,,,,,,,,,,,,,,,,,,,,,,,,,,,,,,,,,,,,,,,,,,,,,,,,,,,,,,,,,,,,,,,,,,,,,,,,,,,,,,,,,,,,,,,,,,,,,,,,
MdfI8s1VwuU_000004_000014.mp4,3,headbanging,29.97,0.37,3.17,11,95,11,39,39,67,67,95,,,,,,,,,,,,,,,,,,,,,,,,,,,,,,,,,,,,,,,,,,,,,,,,,,,,,,,,,,,,,,,,,,,,,,,,,,,,,,,,,,,,,,,,,,,,,,,,,,,,,,,,,,,,,,,,,,,,,,,,,,,,,,,,,,,,,,,,
MdfI8s1VwuU_000004_000014.mp4,2,headbanging,29.97,6.17,8.04,185,241,185,213,213,241,,,,,,,,,,,,,,,,,,,,,,,,,,,,,,,,,,,,,,,,,,,,,,,,,,,,,,,,,,,,,,,,,,,,,,,,,,,,,,,,,,,,,,,,,,,,,,,,,,,,,,,,,,,,,,,,,,,,,,,,,,,,,,,,,,,,,,,,,,
NZUqg4JweWk_000009_000019.mp4,27,headbanging,30.0,3.13,10.0,94,300,94,102,102,109,109,117,117,125,125,132,132,140,140,147,147,155,155,163,163,170,170,178,178,186,186,193,193,201,201,208,208,216,216,224,224,231,231,239,239,247,247,254,254,262,262,269,269,277,277,285,285,292,292,300,,,,,,,,,,,,,,,,,,,,,,,,,,,,,,,,,,,,,,,,,,,,,,,,,,,,,,,,,,,,,,,,,,,,,,,,,,,,,,,,,,,,,,,,
N1Ry4AhhSHI_000000_000010.mp4,4,headbanging,29.97,0.0,3.17,0,95,0,24,24,48,48,71,71,95,,,,,,,,,,,,,,,,,,,,,,,,,,,,,,,,,,,,,,,,,,,,,,,,,,,,,,,,,,,,,,,,,,,,,,,,,,,,,,,,,,,,,,,,,,,,,,,,,,,,,,,,,,,,,,,,,,,,,,,,,,,,,,,,,,,,,,
N1Ry4AhhSHI_000000_000010.mp4,3,headbanging,29.97,4.54,6.14,136,184,136,152,152,168,168,184,,,,,,,,,,,,,,,,,,,,,,,,,,,,,,,,,,,,,,,,,,,,,,,,,,,,,,,,,,,,,,,,,,,,,,,,,,,,,,,,,,,,,,,,,,,,,,,,,,,,,,,,,,,,,,,,,,,,,,,,,,,,,,,,,,,,,,,,
OmE3w25SEI0_000032_000042.mp4,11,headbanging,30.0,0.9,10.0,27,300,27,52,52,77,77,101,101,126,126,151,151,176,176,201,201,226,226,250,250,275,275,300,,,,,,,,,,,,,,,,,,,,,,,,,,,,,,,,,,,,,,,,,,,,,,,,,,,,,,,,,,,,,,,,,,,,,,,,,,,,,,,,,,,,,,,,,,,,,,,,,,,,,,,,,,,,,,,,,,,,,,,,
O_S0VnbQGtI_000002_000012.mp4,4,headbanging,30.0,0.0,2.17,0,65,0,16,16,32,32,49,49,65,,,,,,,,,,,,,,,,,,,,,,,,,,,,,,,,,,,,,,,,,,,,,,,,,,,,,,,,,,,,,,,,,,,,,,,,,,,,,,,,,,,,,,,,,,,,,,,,,,,,,,,,,,,,,,,,,,,,,,,,,,,,,,,,,,,,,,
QnZqVHtLm6g_000000_000010.mp4,4,headbanging,24.0,2.35,4.81,56,115,56,71,71,86,86,100,100,115,,,,,,,,,,,,,,,,,,,,,,,,,,,,,,,,,,,,,,,,,,,,,,,,,,,,,,,,,,,,,,,,,,,,,,,,,,,,,,,,,,,,,,,,,,,,,,,,,,,,,,,,,,,,,,,,,,,,,,,,,,,,,,,,,,,,,,
QnZqVHtLm6g_000000_000010.mp4,4,headbanging,24.0,7.62,10.0,183,240,183,197,197,211,211,226,226,240,,,,,,,,,,,,,,,,,,,,,,,,,,,,,,,,,,,,,,,,,,,,,,,,,,,,,,,,,,,,,,,,,,,,,,,,,,,,,,,,,,,,,,,,,,,,,,,,,,,,,,,,,,,,,,,,,,,,,,,,,,,,,,,,,,,,,,
RkHSsqcCJkk_000102_000112.mp4,5,headbanging,11.6,0.0,3.58,0,42,0,8,8,17,17,25,25,34,34,42,,,,,,,,,,,,,,,,,,,,,,,,,,,,,,,,,,,,,,,,,,,,,,,,,,,,,,,,,,,,,,,,,,,,,,,,,,,,,,,,,,,,,,,,,,,,,,,,,,,,,,,,,,,,,,,,,,,,,,,,,,,,,,,,,,,,
RkHSsqcCJkk_000102_000112.mp4,6,headbanging,11.6,4.57,8.4,53,97,53,60,60,68,68,75,75,82,82,90,90,97,,,,,,,,,,,,,,,,,,,,,,,,,,,,,,,,,,,,,,,,,,,,,,,,,,,,,,,,,,,,,,,,,,,,,,,,,,,,,,,,,,,,,,,,,,,,,,,,,,,,,,,,,,,,,,,,,,,,,,,,,,,,,,,,,,
SFsQndjSkkU_000100_000110.mp4,6,headbanging,29.97,0.0,2.37,0,71,0,12,12,24,24,36,36,47,47,59,59,71,,,,,,,,,,,,,,,,,,,,,,,,,,,,,,,,,,,,,,,,,,,,,,,,,,,,,,,,,,,,,,,,,,,,,,,,,,,,,,,,,,,,,,,,,,,,,,,,,,,,,,,,,,,,,,,,,,,,,,,,,,,,,,,,,,
TcsRwCqaxM0_000008_000018.mp4,6,headbanging,25.0,0.0,5.04,0,126,0,21,21,42,42,63,63,84,84,105,105,126,,,,,,,,,,,,,,,,,,,,,,,,,,,,,,,,,,,,,,,,,,,,,,,,,,,,,,,,,,,,,,,,,,,,,,,,,,,,,,,,,,,,,,,,,,,,,,,,,,,,,,,,,,,,,,,,,,,,,,,,,,,,,,,,,,
TrcREy4i7rU_000080_000090.mp4,11,headbanging,24.0,0.0,5.96,0,143,0,13,13,26,26,39,39,52,52,65,65,78,78,91,91,104,104,117,117,130,130,143,,,,,,,,,,,,,,,,,,,,,,,,,,,,,,,,,,,,,,,,,,,,,,,,,,,,,,,,,,,,,,,,,,,,,,,,,,,,,,,,,,,,,,,,,,,,,,,,,,,,,,,,,,,,,,,,,,,,,,,,
TrcREy4i7rU_000080_000090.mp4,5,headbanging,24.0,6.73,10.0,162,240,162,178,178,193,193,209,209,224,224,240,,,,,,,,,,,,,,,,,,,,,,,,,,,,,,,,,,,,,,,,,,,,,,,,,,,,,,,,,,,,,,,,,,,,,,,,,,,,,,,,,,,,,,,,,,,,,,,,,,,,,,,,,,,,,,,,,,,,,,,,,,,,,,,,,,,,
UcJb8w1CzkY_000001_000011.mp4,8,headbanging,24.0,0.0,7.42,0,178,0,22,22,44,44,67,67,89,89,111,111,134,134,156,156,178,,,,,,,,,,,,,,,,,,,,,,,,,,,,,,,,,,,,,,,,,,,,,,,,,,,,,,,,,,,,,,,,,,,,,,,,,,,,,,,,,,,,,,,,,,,,,,,,,,,,,,,,,,,,,,,,,,,,,,,,,,,,,,
UcJb8w1CzkY_000001_000011.mp4,2,headbanging,24.0,8.92,10.0,214,240,214,227,227,240,,,,,,,,,,,,,,,,,,,,,,,,,,,,,,,,,,,,,,,,,,,,,,,,,,,,,,,,,,,,,,,,,,,,,,,,,,,,,,,,,,,,,,,,,,,,,,,,,,,,,,,,,,,,,,,,,,,,,,,,,,,,,,,,,,,,,,,,,,
X2sg6AgV6AE_000000_000010.mp4,17,headbanging,29.97,0.0,9.98,0,299,0,18,18,35,35,53,53,70,70,88,88,106,106,123,123,141,141,158,158,176,176,193,193,211,211,229,229,246,246,264,264,281,281,299,,,,,,,,,,,,,,,,,,,,,,,,,,,,,,,,,,,,,,,,,,,,,,,,,,,,,,,,,,,,,,,,,,,,,,,,,,,,,,,,,,,,,,,,,,,,,,,,,,,,,,,,,,,,
Yjap99rbJDc_000024_000034.mp4,4,headbanging,30.0,0.0,2.77,0,83,0,21,21,42,42,62,62,83,,,,,,,,,,,,,,,,,,,,,,,,,,,,,,,,,,,,,,,,,,,,,,,,,,,,,,,,,,,,,,,,,,,,,,,,,,,,,,,,,,,,,,,,,,,,,,,,,,,,,,,,,,,,,,,,,,,,,,,,,,,,,,,,,,,,,,
aGwCiVB4mMU_000009_000019.mp4,8,headbanging,11.99,0.0,5.92,0,71,0,9,9,18,18,27,27,36,36,44,44,53,53,62,62,71,,,,,,,,,,,,,,,,,,,,,,,,,,,,,,,,,,,,,,,,,,,,,,,,,,,,,,,,,,,,,,,,,,,,,,,,,,,,,,,,,,,,,,,,,,,,,,,,,,,,,,,,,,,,,,,,,,,,,,,,,,,,,,
aGwCiVB4mMU_000009_000019.mp4,3,headbanging,11.99,7.72,9.93,93,119,93,102,102,110,110,119,,,,,,,,,,,,,,,,,,,,,,,,,,,,,,,,,,,,,,,,,,,,,,,,,,,,,,,,,,,,,,,,,,,,,,,,,,,,,,,,,,,,,,,,,,,,,,,,,,,,,,,,,,,,,,,,,,,,,,,,,,,,,,,,,,,,,,,,
aL9nqh5WdpI_000004_000014.mp4,4,headbanging,30.0,0.0,4.33,0,130,0,32,32,65,65,98,98,130,,,,,,,,,,,,,,,,,,,,,,,,,,,,,,,,,,,,,,,,,,,,,,,,,,,,,,,,,,,,,,,,,,,,,,,,,,,,,,,,,,,,,,,,,,,,,,,,,,,,,,,,,,,,,,,,,,,,,,,,,,,,,,,,,,,,,,
aQZJrrqeXHM_000018_000028.mp4,5,headbanging,30.0,0.1,3.13,3,94,3,21,21,39,39,58,58,76,76,94,,,,,,,,,,,,,,,,,,,,,,,,,,,,,,,,,,,,,,,,,,,,,,,,,,,,,,,,,,,,,,,,,,,,,,,,,,,,,,,,,,,,,,,,,,,,,,,,,,,,,,,,,,,,,,,,,,,,,,,,,,,,,,,,,,,,
bS6sRdTifEE_000007_000017.mp4,4,headbanging,15.0,7.2,10.0,108,150,108,118,118,129,129,140,140,150,,,,,,,,,,,,,,,,,,,,,,,,,,,,,,,,,,,,,,,,,,,,,,,,,,,,,,,,,,,,,,,,,,,,,,,,,,,,,,,,,,,,,,,,,,,,,,,,,,,,,,,,,,,,,,,,,,,,,,,,,,,,,,,,,,,,,,
cO7JePkXu_8_000239_000249.mp4,9,headbanging,29.97,0.0,9.31,0,279,0,31,31,62,62,93,93,124,124,155,155,186,186,217,217,248,248,279,,,,,,,,,,,,,,,,,,,,,,,,,,,,,,,,,,,,,,,,,,,,,,,,,,,,,,,,,,,,,,,,,,,,,,,,,,,,,,,,,,,,,,,,,,,,,,,,,,,,,,,,,,,,,,,,,,,,,,,,,,,,
czhtdCyURgc_000000_000010.mp4,5,headbanging,30.0,0.0,6.23,0,187,0,37,37,75,75,112,112,150,150,187,,,,,,,,,,,,,,,,,,,,,,,,,,,,,,,,,,,,,,,,,,,,,,,,,,,,,,,,,,,,,,,,,,,,,,,,,,,,,,,,,,,,,,,,,,,,,,,,,,,,,,,,,,,,,,,,,,,,,,,,,,,,,,,,,,,,
czhtdCyURgc_000000_000010.mp4,2,headbanging,30.0,7.13,10.0,214,300,214,257,257,300,,,,,,,,,,,,,,,,,,,,,,,,,,,,,,,,,,,,,,,,,,,,,,,,,,,,,,,,,,,,,,,,,,,,,,,,,,,,,,,,,,,,,,,,,,,,,,,,,,,,,,,,,,,,,,,,,,,,,,,,,,,,,,,,,,,,,,,,,,
f1JV7-qNFi8_000154_000164.mp4,19,headbanging,25.0,0.0,10.0,0,250,0,13,13,26,26,39,39,53,53,66,66,79,79,92,92,105,105,118,118,132,132,145,145,158,158,171,171,184,184,197,197,211,211,224,224,237,237,250,,,,,,,,,,,,,,,,,,,,,,,,,,,,,,,,,,,,,,,,,,,,,,,,,,,,,,,,,,,,,,,,,,,,,,,,,,,,,,,,,,,,,,,,,,,,,,,,,,,,,,,,
gNfujooDn8M_000024_000034.mp4,13,headbanging,29.97,0.0,9.38,0,281,0,22,22,43,43,65,65,86,86,108,108,130,130,151,151,173,173,195,195,216,216,238,238,259,259,281,,,,,,,,,,,,,,,,,,,,,,,,,,,,,,,,,,,,,,,,,,,,,,,,,,,,,,,,,,,,,,,,,,,,,,,,,,,,,,,,,,,,,,,,,,,,,,,,,,,,,,,,,,,,,,,,,,,,
gbnpuSFv6t8_000020_000030.mp4,11,headbanging,17.25,0.0,6.9,0,119,0,11,11,22,22,32,32,43,43,54,54,65,65,76,76,87,87,97,97,108,108,119,,,,,,,,,,,,,,,,,,,,,,,,,,,,,,,,,,,,,,,,,,,,,,,,,,,,,,,,,,,,,,,,,,,,,,,,,,,,,,,,,,,,,,,,,,,,,,,,,,,,,,,,,,,,,,,,,,,,,,,,
gjgbc-xxJh4_000001_000011.mp4,9,headbanging,30.0,0.0,10.0,0,300,0,33,33,67,67,100,100,133,133,167,167,200,200,233,233,267,267,300,,,,,,,,,,,,,,,,,,,,,,,,,,,,,,,,,,,,,,,,,,,,,,,,,,,,,,,,,,,,,,,,,,,,,,,,,,,,,,,,,,,,,,,,,,,,,,,,,,,,,,,,,,,,,,,,,,,,,,,,,,,,
hA07i4CSg8U_000024_000034.mp4,6,headbanging,29.92,0.0,4.65,0,139,0,23,23,46,46,70,70,93,93,116,116,139,,,,,,,,,,,,,,,,,,,,,,,,,,,,,,,,,,,,,,,,,,,,,,,,,,,,,,,,,,,,,,,,,,,,,,,,,,,,,,,,,,,,,,,,,,,,,,,,,,,,,,,,,,,,,,,,,,,,,,,,,,,,,,,,,,
ivnb31POC7k_000016_000026.mp4,6,headbanging,15.0,2.8,5.27,42,79,42,48,48,54,54,60,60,67,67,73,73,79,,,,,,,,,,,,,,,,,,,,,,,,,,,,,,,,,,,,,,,,,,,,,,,,,,,,,,,,,,,,,,,,,,,,,,,,,,,,,,,,,,,,,,,,,,,,,,,,,,,,,,,,,,,,,,,,,,,,,,,,,,,,,,,,,,
i9AhzRJbYnY_000005_000015.mp4,16,headbanging,7.27,0.0,7.15,0,52,0,3,3,6,6,10,10,13,13,16,16,20,20,23,23,26,26,29,29,32,32,36,36,39,39,42,42,46,46,49,49,52,,,,,,,,,,,,,,,,,,,,,,,,,,,,,,,,,,,,,,,,,,,,,,,,,,,,,,,,,,,,,,,,,,,,,,,,,,,,,,,,,,,,,,,,,,,,,,,,,,,,,,,,,,,,,,
jbSB6H7jC08_000001_000011.mp4,8,headbanging,30.0,0.0,4.87,0,146,0,18,18,36,36,55,55,73,73,91,91,110,110,128,128,146,,,,,,,,,,,,,,,,,,,,,,,,,,,,,,,,,,,,,,,,,,,,,,,,,,,,,,,,,,,,,,,,,,,,,,,,,,,,,,,,,,,,,,,,,,,,,,,,,,,,,,,,,,,,,,,,,,,,,,,,,,,,,,
ke3TtsME6Zw_000005_000015.mp4,16,headbanging,8.31,0.0,10.0,0,83,0,5,5,10,10,16,16,21,21,26,26,31,31,36,36,42,42,47,47,52,52,57,57,62,62,67,67,73,73,78,78,83,,,,,,,,,,,,,,,,,,,,,,,,,,,,,,,,,,,,,,,,,,,,,,,,,,,,,,,,,,,,,,,,,,,,,,,,,,,,,,,,,,,,,,,,,,,,,,,,,,,,,,,,,,,,,,
klK3O3qoS3I_000049_000059.mp4,11,headbanging,10.0,0.0,10.0,0,100,0,9,9,18,18,27,27,36,36,45,45,55,55,64,64,73,73,82,82,91,91,100,,,,,,,,,,,,,,,,,,,,,,,,,,,,,,,,,,,,,,,,,,,,,,,,,,,,,,,,,,,,,,,,,,,,,,,,,,,,,,,,,,,,,,,,,,,,,,,,,,,,,,,,,,,,,,,,,,,,,,,,
lAJcXj1wpNI_000002_000012.mp4,16,headbanging,13.0,0.15,10.0,2,130,2,10,10,18,18,26,26,34,34,42,42,50,50,58,58,66,66,74,74,82,82,90,90,98,98,106,106,114,114,122,122,130,,,,,,,,,,,,,,,,,,,,,,,,,,,,,,,,,,,,,,,,,,,,,,,,,,,,,,,,,,,,,,,,,,,,,,,,,,,,,,,,,,,,,,,,,,,,,,,,,,,,,,,,,,,,,,
lsJg0Ds88Hk_000023_000033.mp4,22,headbanging,29.97,0.0,9.04,0,271,0,12,12,25,25,37,37,49,49,62,62,74,74,86,86,99,99,111,111,123,123,136,136,148,148,160,160,172,172,185,185,197,197,209,209,222,222,234,234,246,246,259,259,271,,,,,,,,,,,,,,,,,,,,,,,,,,,,,,,,,,,,,,,,,,,,,,,,,,,,,,,,,,,,,,,,,,,,,,,,,,,,,,,,,,,,,,,,,,,,,,,,,,
nIz7U_kZWOA_000029_000039.mp4,4,headbanging,25.0,0.0,3.48,0,87,0,22,22,44,44,65,65,87,,,,,,,,,,,,,,,,,,,,,,,,,,,,,,,,,,,,,,,,,,,,,,,,,,,,,,,,,,,,,,,,,,,,,,,,,,,,,,,,,,,,,,,,,,,,,,,,,,,,,,,,,,,,,,,,,,,,,,,,,,,,,,,,,,,,,,
naohbb0Rlm0_000000_000010.mp4,10,headbanging,30.0,0.57,8.37,17,251,17,40,40,64,64,87,87,111,111,134,134,157,157,181,181,204,204,228,228,251,,,,,,,,,,,,,,,,,,,,,,,,,,,,,,,,,,,,,,,,,,,,,,,,,,,,,,,,,,,,,,,,,,,,,,,,,,,,,,,,,,,,,,,,,,,,,,,,,,,,,,,,,,,,,,,,,,,,,,,,,,
neCyVA3ITZM_000014_000024.mp4,27,headbanging,15.0,0.0,10.0,0,150,0,6,6,11,11,17,17,22,22,28,28,33,33,39,39,44,44,50,50,56,56,61,61,67,67,72,72,78,78,83,83,89,89,94,94,100,100,106,106,111,111,117,117,122,122,128,128,133,133,139,139,144,144,150,,,,,,,,,,,,,,,,,,,,,,,,,,,,,,,,,,,,,,,,,,,,,,,,,,,,,,,,,,,,,,,,,,,,,,,,,,,,,,,,,,,,,,,,
nmHgo1GIUbI_000003_000013.mp4,13,headbanging,22.98,1.54,9.54,35,219,35,49,49,63,63,77,77,92,92,106,106,120,120,134,134,148,148,162,162,177,177,191,191,205,205,219,,,,,,,,,,,,,,,,,,,,,,,,,,,,,,,,,,,,,,,,,,,,,,,,,,,,,,,,,,,,,,,,,,,,,,,,,,,,,,,,,,,,,,,,,,,,,,,,,,,,,,,,,,,,,,,,,,,,
ntLwqPKy2EQ_000004_000014.mp4,5,headbanging,15.0,0.0,2.87,0,43,0,9,9,17,17,26,26,34,34,43,,,,,,,,,,,,,,,,,,,,,,,,,,,,,,,,,,,,,,,,,,,,,,,,,,,,,,,,,,,,,,,,,,,,,,,,,,,,,,,,,,,,,,,,,,,,,,,,,,,,,,,,,,,,,,,,,,,,,,,,,,,,,,,,,,,,
ntLwqPKy2EQ_000004_000014.mp4,7,headbanging,15.0,6.87,10.0,103,150,103,110,110,116,116,123,123,130,130,137,137,143,143,150,,,,,,,,,,,,,,,,,,,,,,,,,,,,,,,,,,,,,,,,,,,,,,,,,,,,,,,,,,,,,,,,,,,,,,,,,,,,,,,,,,,,,,,,,,,,,,,,,,,,,,,,,,,,,,,,,,,,,,,,,,,,,,,,
n-P3xpxWil8_000000_000010.mp4,3,headbanging,15.0,9.23,10.0,138,150,138,142,142,146,146,150,,,,,,,,,,,,,,,,,,,,,,,,,,,,,,,,,,,,,,,,,,,,,,,,,,,,,,,,,,,,,,,,,,,,,,,,,,,,,,,,,,,,,,,,,,,,,,,,,,,,,,,,,,,,,,,,,,,,,,,,,,,,,,,,,,,,,,,,
pF0B1ssqs1o_000003_000013.mp4,13,headbanging,25.0,4.12,10.0,103,250,103,114,114,126,126,137,137,148,148,160,160,171,171,182,182,193,193,205,205,216,216,227,227,239,239,250,,,,,,,,,,,,,,,,,,,,,,,,,,,,,,,,,,,,,,,,,,,,,,,,,,,,,,,,,,,,,,,,,,,,,,,,,,,,,,,,,,,,,,,,,,,,,,,,,,,,,,,,,,,,,,,,,,,,
q-8_Wjo2fwg_000007_000017.mp4,9,headbanging,15.09,0.0,9.94,0,150,0,17,17,33,33,50,50,67,67,83,83,100,100,117,117,133,133,150,,,,,,,,,,,,,,,,,,,,,,,,,,,,,,,,,,,,,,,,,,,,,,,,,,,,,,,,,,,,,,,,,,,,,,,,,,,,,,,,,,,,,,,,,,,,,,,,,,,,,,,,,,,,,,,,,,,,,,,,,,,,
rwpZ4imE1J0_000001_000011.mp4,2,headbanging,29.97,0.0,1.23,0,37,0,18,18,37,,,,,,,,,,,,,,,,,,,,,,,,,,,,,,,,,,,,,,,,,,,,,,,,,,,,,,,,,,,,,,,,,,,,,,,,,,,,,,,,,,,,,,,,,,,,,,,,,,,,,,,,,,,,,,,,,,,,,,,,,,,,,,,,,,,,,,,,,,
r0nPWF7k-kg_000017_000027.mp4,2,headbanging,22.0,0.0,1.95,0,43,0,22,22,43,,,,,,,,,,,,,,,,,,,,,,,,,,,,,,,,,,,,,,,,,,,,,,,,,,,,,,,,,,,,,,,,,,,,,,,,,,,,,,,,,,,,,,,,,,,,,,,,,,,,,,,,,,,,,,,,,,,,,,,,,,,,,,,,,,,,,,,,,,
txC3B_-h6Bw_000000_000010.mp4,3,headbanging,7.89,0.0,1.13,0,9,0,3,3,6,6,9,,,,,,,,,,,,,,,,,,,,,,,,,,,,,,,,,,,,,,,,,,,,,,,,,,,,,,,,,,,,,,,,,,,,,,,,,,,,,,,,,,,,,,,,,,,,,,,,,,,,,,,,,,,,,,,,,,,,,,,,,,,,,,,,,,,,,,,,
uqKeoWhmPdU_000000_000010.mp4,6,headbanging,15.24,0.0,3.08,0,47,0,8,8,16,16,24,24,31,31,39,39,47,,,,,,,,,,,,,,,,,,,,,,,,,,,,,,,,,,,,,,,,,,,,,,,,,,,,,,,,,,,,,,,,,,,,,,,,,,,,,,,,,,,,,,,,,,,,,,,,,,,,,,,,,,,,,,,,,,,,,,,,,,,,,,,,,,
vKLlepK0GeI_000001_000011.mp4,6,headbanging,13.04,3.45,5.6,45,73,45,50,50,54,54,59,59,64,64,68,68,73,,,,,,,,,,,,,,,,,,,,,,,,,,,,,,,,,,,,,,,,,,,,,,,,,,,,,,,,,,,,,,,,,,,,,,,,,,,,,,,,,,,,,,,,,,,,,,,,,,,,,,,,,,,,,,,,,,,,,,,,,,,,,,,,,,
vKLlepK0GeI_000001_000011.mp4,2,headbanging,13.04,1.04,2.07,14,27,14,20,20,27,,,,,,,,,,,,,,,,,,,,,,,,,,,,,,,,,,,,,,,,,,,,,,,,,,,,,,,,,,,,,,,,,,,,,,,,,,,,,,,,,,,,,,,,,,,,,,,,,,,,,,,,,,,,,,,,,,,,,,,,,,,,,,,,,,,,,,,,,,
vQtrKUtlbHw_000051_000061.mp4,2,headbanging,14.74,8.47,10.0,125,147,125,136,136,147,,,,,,,,,,,,,,,,,,,,,,,,,,,,,,,,,,,,,,,,,,,,,,,,,,,,,,,,,,,,,,,,,,,,,,,,,,,,,,,,,,,,,,,,,,,,,,,,,,,,,,,,,,,,,,,,,,,,,,,,,,,,,,,,,,,,,,,,,,
0Lj1Ima5va0_000000_000010.mp4,14,headbanging,29.97,0.0,9.98,0,299,0,21,21,43,43,64,64,85,85,107,107,128,128,150,150,171,171,192,192,214,214,235,235,256,256,278,278,299,,,,,,,,,,,,,,,,,,,,,,,,,,,,,,,,,,,,,,,,,,,,,,,,,,,,,,,,,,,,,,,,,,,,,,,,,,,,,,,,,,,,,,,,,,,,,,,,,,,,,,,,,,,,,,,,,,
0vc-gxppal4_000128_000138.mp4,4,headbanging,15.0,3.6,5.53,54,83,54,61,61,68,68,76,76,83,,,,,,,,,,,,,,,,,,,,,,,,,,,,,,,,,,,,,,,,,,,,,,,,,,,,,,,,,,,,,,,,,,,,,,,,,,,,,,,,,,,,,,,,,,,,,,,,,,,,,,,,,,,,,,,,,,,,,,,,,,,,,,,,,,,,,,
1a6q28yVcBo_000040_000050.mp4,36,headbanging,30.0,0.0,10.0,0,300,0,8,8,17,17,25,25,33,33,42,42,50,50,58,58,67,67,75,75,83,83,92,92,100,100,108,108,117,117,125,125,133,133,142,142,150,150,158,158,167,167,175,175,183,183,192,192,200,200,208,208,217,217,225,225,233,233,242,242,250,250,258,258,267,267,275,275,283,283,292,292,300,,,,,,,,,,,,,,,,,,,,,,,,,,,,,,,,,,,,,,,,,,,,,,,,,,,,,,,,,,,,,,,,,,,,,,
2Bd__aYa2m8_000008_000018.mp4,4,headbanging,29.97,0.0,2.04,0,61,0,15,15,30,30,46,46,61,,,,,,,,,,,,,,,,,,,,,,,,,,,,,,,,,,,,,,,,,,,,,,,,,,,,,,,,,,,,,,,,,,,,,,,,,,,,,,,,,,,,,,,,,,,,,,,,,,,,,,,,,,,,,,,,,,,,,,,,,,,,,,,,,,,,,,
2a0NuIbw3nM_000026_000036.mp4,3,headbanging,15.0,0.0,2.47,0,37,0,12,12,25,25,37,,,,,,,,,,,,,,,,,,,,,,,,,,,,,,,,,,,,,,,,,,,,,,,,,,,,,,,,,,,,,,,,,,,,,,,,,,,,,,,,,,,,,,,,,,,,,,,,,,,,,,,,,,,,,,,,,,,,,,,,,,,,,,,,,,,,,,,,
2a0NuIbw3nM_000026_000036.mp4,4,headbanging,15.0,4.2,7.93,63,119,63,77,77,91,91,105,105,119,,,,,,,,,,,,,,,,,,,,,,,,,,,,,,,,,,,,,,,,,,,,,,,,,,,,,,,,,,,,,,,,,,,,,,,,,,,,,,,,,,,,,,,,,,,,,,,,,,,,,,,,,,,,,,,,,,,,,,,,,,,,,,,,,,,,,,
37cQ8SR9jTI_000020_000030.mp4,4,headbanging,29.97,0.0,2.4,0,72,0,18,18,36,36,54,54,72,,,,,,,,,,,,,,,,,,,,,,,,,,,,,,,,,,,,,,,,,,,,,,,,,,,,,,,,,,,,,,,,,,,,,,,,,,,,,,,,,,,,,,,,,,,,,,,,,,,,,,,,,,,,,,,,,,,,,,,,,,,,,,,,,,,,,,
37cQ8SR9jTI_000020_000030.mp4,7,headbanging,29.97,3.84,7.87,115,236,115,132,132,150,150,167,167,184,184,201,201,219,219,236,,,,,,,,,,,,,,,,,,,,,,,,,,,,,,,,,,,,,,,,,,,,,,,,,,,,,,,,,,,,,,,,,,,,,,,,,,,,,,,,,,,,,,,,,,,,,,,,,,,,,,,,,,,,,,,,,,,,,,,,,,,,,,,,
6bJEdKCWeuc_000027_000037.mp4,5,headbanging,28.88,0.0,3.72,0,107,0,21,21,43,43,64,64,86,86,107,,,,,,,,,,,,,,,,,,,,,,,,,,,,,,,,,,,,,,,,,,,,,,,,,,,,,,,,,,,,,,,,,,,,,,,,,,,,,,,,,,,,,,,,,,,,,,,,,,,,,,,,,,,,,,,,,,,,,,,,,,,,,,,,,,,,
6bJEdKCWeuc_000027_000037.mp4,8,headbanging,28.88,4.9,10.0,142,289,142,160,160,179,179,197,197,216,216,234,234,252,252,271,271,289,,,,,,,,,,,,,,,,,,,,,,,,,,,,,,,,,,,,,,,,,,,,,,,,,,,,,,,,,,,,,,,,,,,,,,,,,,,,,,,,,,,,,,,,,,,,,,,,,,,,,,,,,,,,,,,,,,,,,,,,,,,,,,
7Eo8Rl95Q_M_000028_000038.mp4,11,headbanging,23.98,0.0,2.96,0,71,0,6,6,13,13,19,19,26,26,32,32,39,39,45,45,52,52,58,58,65,65,71,,,,,,,,,,,,,,,,,,,,,,,,,,,,,,,,,,,,,,,,,,,,,,,,,,,,,,,,,,,,,,,,,,,,,,,,,,,,,,,,,,,,,,,,,,,,,,,,,,,,,,,,,,,,,,,,,,,,,,,,
7Eo8Rl95Q_M_000028_000038.mp4,15,headbanging,23.98,5.76,9.97,138,239,138,145,145,151,151,158,158,165,165,172,172,178,178,185,185,192,192,199,199,205,205,212,212,219,219,226,226,232,232,239,,,,,,,,,,,,,,,,,,,,,,,,,,,,,,,,,,,,,,,,,,,,,,,,,,,,,,,,,,,,,,,,,,,,,,,,,,,,,,,,,,,,,,,,,,,,,,,,,,,,,,,,,,,,,,,,
741PJo9ZwuQ_000232_000242.mp4,2,headbanging,29.97,0.0,2.57,0,77,0,38,38,77,,,,,,,,,,,,,,,,,,,,,,,,,,,,,,,,,,,,,,,,,,,,,,,,,,,,,,,,,,,,,,,,,,,,,,,,,,,,,,,,,,,,,,,,,,,,,,,,,,,,,,,,,,,,,,,,,,,,,,,,,,,,,,,,,,,,,,,,,,
8lHnOefR8hY_000052_000062.mp4,14,headbanging,15.0,0.0,10.0,0,150,0,11,11,21,21,32,32,43,43,54,54,64,64,75,75,86,86,96,96,107,107,118,118,129,129,139,139,150,,,,,,,,,,,,,,,,,,,,,,,,,,,,,,,,,,,,,,,,,,,,,,,,,,,,,,,,,,,,,,,,,,,,,,,,,,,,,,,,,,,,,,,,,,,,,,,,,,,,,,,,,,,,,,,,,,
9nfkA4w0K1Y_000000_000010.mp4,4,headbanging,30.0,6.73,10.0,202,300,202,226,226,251,251,276,276,300,,,,,,,,,,,,,,,,,,,,,,,,,,,,,,,,,,,,,,,,,,,,,,,,,,,,,,,,,,,,,,,,,,,,,,,,,,,,,,,,,,,,,,,,,,,,,,,,,,,,,,,,,,,,,,,,,,,,,,,,,,,,,,,,,,,,,,
9-KBHqnXvzQ_000018_000028.mp4,9,headbanging,25.0,0.0,5.68,0,142,0,16,16,32,32,47,47,63,63,79,79,95,95,110,110,126,126,142,,,,,,,,,,,,,,,,,,,,,,,,,,,,,,,,,,,,,,,,,,,,,,,,,,,,,,,,,,,,,,,,,,,,,,,,,,,,,,,,,,,,,,,,,,,,,,,,,,,,,,,,,,,,,,,,,,,,,,,,,,,,
-CboZUYHino_000010_000020.mp4,6,headbanging,30.0,5.37,10.0,161,300,161,184,184,207,207,231,231,254,254,277,277,300,,,,,,,,,,,,,,,,,,,,,,,,,,,,,,,,,,,,,,,,,,,,,,,,,,,,,,,,,,,,,,,,,,,,,,,,,,,,,,,,,,,,,,,,,,,,,,,,,,,,,,,,,,,,,,,,,,,,,,,,,,,,,,,,,,
-x78DitkbpU_000023_000033.mp4,33,headbanging,30.0,0.0,10.0,0,300,0,9,9,18,18,27,27,36,36,45,45,55,55,64,64,73,73,82,82,91,91,100,100,109,109,118,118,127,127,136,136,145,145,155,155,164,164,173,173,182,182,191,191,200,200,209,209,218,218,227,227,236,236,245,245,255,255,264,264,273,273,282,282,291,291,300,,,,,,,,,,,,,,,,,,,,,,,,,,,,,,,,,,,,,,,,,,,,,,,,,,,,,,,,,,,,,,,,,,,,,,,,,,,,
_2VLh6v-thM_000002_000012.mp4,2,headbanging,10.0,0.0,1.0,0,10,0,5,5,10,,,,,,,,,,,,,,,,,,,,,,,,,,,,,,,,,,,,,,,,,,,,,,,,,,,,,,,,,,,,,,,,,,,,,,,,,,,,,,,,,,,,,,,,,,,,,,,,,,,,,,,,,,,,,,,,,,,,,,,,,,,,,,,,,,,,,,,,,,
_2VLh6v-thM_000002_000012.mp4,5,headbanging,10.0,2.4,4.0,24,40,24,27,27,30,30,34,34,37,37,40,,,,,,,,,,,,,,,,,,,,,,,,,,,,,,,,,,,,,,,,,,,,,,,,,,,,,,,,,,,,,,,,,,,,,,,,,,,,,,,,,,,,,,,,,,,,,,,,,,,,,,,,,,,,,,,,,,,,,,,,,,,,,,,,,,,,
_2VLh6v-thM_000002_000012.mp4,7,headbanging,10.0,7.3,10.0,73,100,73,77,77,81,81,85,85,88,88,92,92,96,96,100,,,,,,,,,,,,,,,,,,,,,,,,,,,,,,,,,,,,,,,,,,,,,,,,,,,,,,,,,,,,,,,,,,,,,,,,,,,,,,,,,,,,,,,,,,,,,,,,,,,,,,,,,,,,,,,,,,,,,,,,,,,,,,,,
BMRScue-2zE_000008_000018.mp4,20,hula hooping,30.0,0.0,10.0,0,300,0,15,15,30,30,45,45,60,60,75,75,90,90,105,105,120,120,135,135,150,150,165,165,180,180,195,195,210,210,225,225,240,240,255,255,270,270,285,285,300,,,,,,,,,,,,,,,,,,,,,,,,,,,,,,,,,,,,,,,,,,,,,,,,,,,,,,,,,,,,,,,,,,,,,,,,,,,,,,,,,,,,,,,,,,,,,,,,,,,,,,
B4paN6uV50s_000001_000011.mp4,14,hula hooping,29.97,0.0,6.77,0,203,0,14,14,29,29,44,44,58,58,72,72,87,87,102,102,116,116,130,130,145,145,160,160,174,174,188,188,203,,,,,,,,,,,,,,,,,,,,,,,,,,,,,,,,,,,,,,,,,,,,,,,,,,,,,,,,,,,,,,,,,,,,,,,,,,,,,,,,,,,,,,,,,,,,,,,,,,,,,,,,,,,,,,,,,,
DQp0rsUwKqo_000005_000015.mp4,12,hula hooping,29.97,1.3,7.07,39,212,39,53,53,68,68,82,82,97,97,111,111,125,125,140,140,154,154,169,169,183,183,198,198,212,,,,,,,,,,,,,,,,,,,,,,,,,,,,,,,,,,,,,,,,,,,,,,,,,,,,,,,,,,,,,,,,,,,,,,,,,,,,,,,,,,,,,,,,,,,,,,,,,,,,,,,,,,,,,,,,,,,,,,
EXbQGUbN24c_000007_000017.mp4,8,hula hooping,24.0,0.0,4.21,0,101,0,13,13,25,25,38,38,50,50,63,63,76,76,88,88,101,,,,,,,,,,,,,,,,,,,,,,,,,,,,,,,,,,,,,,,,,,,,,,,,,,,,,,,,,,,,,,,,,,,,,,,,,,,,,,,,,,,,,,,,,,,,,,,,,,,,,,,,,,,,,,,,,,,,,,,,,,,,,,
Eg6GFuVhKyQ_000026_000036.mp4,2,hula hooping,24.22,8.96,9.96,217,241,217,229,229,241,,,,,,,,,,,,,,,,,,,,,,,,,,,,,,,,,,,,,,,,,,,,,,,,,,,,,,,,,,,,,,,,,,,,,,,,,,,,,,,,,,,,,,,,,,,,,,,,,,,,,,,,,,,,,,,,,,,,,,,,,,,,,,,,,,,,,,,,,,
Fqp9rohCSFc_000027_000037.mp4,4,hula hooping,25.0,5.28,7.6,132,190,132,146,146,161,161,176,176,190,,,,,,,,,,,,,,,,,,,,,,,,,,,,,,,,,,,,,,,,,,,,,,,,,,,,,,,,,,,,,,,,,,,,,,,,,,,,,,,,,,,,,,,,,,,,,,,,,,,,,,,,,,,,,,,,,,,,,,,,,,,,,,,,,,,,,,
FywWdyd-HGk_000003_000013.mp4,4,hula hooping,29.97,7.37,9.98,221,299,221,241,241,260,260,279,279,299,,,,,,,,,,,,,,,,,,,,,,,,,,,,,,,,,,,,,,,,,,,,,,,,,,,,,,,,,,,,,,,,,,,,,,,,,,,,,,,,,,,,,,,,,,,,,,,,,,,,,,,,,,,,,,,,,,,,,,,,,,,,,,,,,,,,,,
F3VITvYzXSA_000000_000010.mp4,2,hula hooping,29.0,0.0,1.03,0,30,0,15,15,30,,,,,,,,,,,,,,,,,,,,,,,,,,,,,,,,,,,,,,,,,,,,,,,,,,,,,,,,,,,,,,,,,,,,,,,,,,,,,,,,,,,,,,,,,,,,,,,,,,,,,,,,,,,,,,,,,,,,,,,,,,,,,,,,,,,,,,,,,,
F3VITvYzXSA_000000_000010.mp4,6,hula hooping,29.0,2.83,6.52,82,189,82,100,100,118,118,136,136,153,153,171,171,189,,,,,,,,,,,,,,,,,,,,,,,,,,,,,,,,,,,,,,,,,,,,,,,,,,,,,,,,,,,,,,,,,,,,,,,,,,,,,,,,,,,,,,,,,,,,,,,,,,,,,,,,,,,,,,,,,,,,,,,,,,,,,,,,,,
Gv02TscM8cY_000003_000013.mp4,12,hula hooping,29.97,3.14,9.98,94,299,94,111,111,128,128,145,145,162,162,179,179,196,196,214,214,231,231,248,248,265,265,282,282,299,,,,,,,,,,,,,,,,,,,,,,,,,,,,,,,,,,,,,,,,,,,,,,,,,,,,,,,,,,,,,,,,,,,,,,,,,,,,,,,,,,,,,,,,,,,,,,,,,,,,,,,,,,,,,,,,,,,,,,
H2LQi2zeunI_000010_000020.mp4,9,hula hooping,30.0,0.0,4.3,0,129,0,14,14,29,29,43,43,57,57,72,72,86,86,100,100,115,115,129,,,,,,,,,,,,,,,,,,,,,,,,,,,,,,,,,,,,,,,,,,,,,,,,,,,,,,,,,,,,,,,,,,,,,,,,,,,,,,,,,,,,,,,,,,,,,,,,,,,,,,,,,,,,,,,,,,,,,,,,,,,,
I4wSMzmzMYI_000018_000028.mp4,11,hula hooping,15.0,0.0,6.47,0,97,0,9,9,18,18,26,26,35,35,44,44,53,53,62,62,71,71,79,79,88,88,97,,,,,,,,,,,,,,,,,,,,,,,,,,,,,,,,,,,,,,,,,,,,,,,,,,,,,,,,,,,,,,,,,,,,,,,,,,,,,,,,,,,,,,,,,,,,,,,,,,,,,,,,,,,,,,,,,,,,,,,,
KCAE_7IYHEQ_000000_000010.mp4,3,hula hooping,30.0,3.67,5.93,110,178,110,133,133,155,155,178,,,,,,,,,,,,,,,,,,,,,,,,,,,,,,,,,,,,,,,,,,,,,,,,,,,,,,,,,,,,,,,,,,,,,,,,,,,,,,,,,,,,,,,,,,,,,,,,,,,,,,,,,,,,,,,,,,,,,,,,,,,,,,,,,,,,,,,,
KCAE_7IYHEQ_000000_000010.mp4,3,hula hooping,30.0,8.23,10.0,247,300,247,265,265,282,282,300,,,,,,,,,,,,,,,,,,,,,,,,,,,,,,,,,,,,,,,,,,,,,,,,,,,,,,,,,,,,,,,,,,,,,,,,,,,,,,,,,,,,,,,,,,,,,,,,,,,,,,,,,,,,,,,,,,,,,,,,,,,,,,,,,,,,,,,,
KSGqGMWbEcU_000003_000013.mp4,22,hula hooping,30.0,0.0,10.0,0,300,0,14,14,27,27,41,41,55,55,68,68,82,82,95,95,109,109,123,123,136,136,150,150,164,164,177,177,191,191,205,205,218,218,232,232,245,245,259,259,273,273,286,286,300,,,,,,,,,,,,,,,,,,,,,,,,,,,,,,,,,,,,,,,,,,,,,,,,,,,,,,,,,,,,,,,,,,,,,,,,,,,,,,,,,,,,,,,,,,,,,,,,,,
MRE11RAqMvU_000017_000027.mp4,7,hula hooping,29.97,5.27,9.98,158,299,158,178,178,198,198,218,218,239,239,259,259,279,279,299,,,,,,,,,,,,,,,,,,,,,,,,,,,,,,,,,,,,,,,,,,,,,,,,,,,,,,,,,,,,,,,,,,,,,,,,,,,,,,,,,,,,,,,,,,,,,,,,,,,,,,,,,,,,,,,,,,,,,,,,,,,,,,,,
M6tGGKuUPxk_000027_000037.mp4,3,hula hooping,30.0,5.7,7.3,171,219,171,187,187,203,203,219,,,,,,,,,,,,,,,,,,,,,,,,,,,,,,,,,,,,,,,,,,,,,,,,,,,,,,,,,,,,,,,,,,,,,,,,,,,,,,,,,,,,,,,,,,,,,,,,,,,,,,,,,,,,,,,,,,,,,,,,,,,,,,,,,,,,,,,,
NaJtrO5Y9gM_000012_000022.mp4,7,hula hooping,14.78,0.0,3.8,0,56,0,8,8,16,16,24,24,32,32,40,40,48,48,56,,,,,,,,,,,,,,,,,,,,,,,,,,,,,,,,,,,,,,,,,,,,,,,,,,,,,,,,,,,,,,,,,,,,,,,,,,,,,,,,,,,,,,,,,,,,,,,,,,,,,,,,,,,,,,,,,,,,,,,,,,,,,,,,
OvQshr5CYPM_000141_000151.mp4,2,hula hooping,30.0,0.0,2.77,0,83,0,42,42,83,,,,,,,,,,,,,,,,,,,,,,,,,,,,,,,,,,,,,,,,,,,,,,,,,,,,,,,,,,,,,,,,,,,,,,,,,,,,,,,,,,,,,,,,,,,,,,,,,,,,,,,,,,,,,,,,,,,,,,,,,,,,,,,,,,,,,,,,,,
O0f7jC20fko_000019_000029.mp4,4,hula hooping,15.0,6.2,8.4,93,126,93,101,101,109,109,118,118,126,,,,,,,,,,,,,,,,,,,,,,,,,,,,,,,,,,,,,,,,,,,,,,,,,,,,,,,,,,,,,,,,,,,,,,,,,,,,,,,,,,,,,,,,,,,,,,,,,,,,,,,,,,,,,,,,,,,,,,,,,,,,,,,,,,,,,,
P3f2f86UEfQ_000000_000010.mp4,3,hula hooping,29.97,0.0,1.6,0,48,0,16,16,32,32,48,,,,,,,,,,,,,,,,,,,,,,,,,,,,,,,,,,,,,,,,,,,,,,,,,,,,,,,,,,,,,,,,,,,,,,,,,,,,,,,,,,,,,,,,,,,,,,,,,,,,,,,,,,,,,,,,,,,,,,,,,,,,,,,,,,,,,,,,
RqFtzajKR2k_000002_000012.mp4,19,hula hooping,24.0,0.0,10.0,0,240,0,13,13,25,25,38,38,51,51,63,63,76,76,88,88,101,101,114,114,126,126,139,139,152,152,164,164,177,177,189,189,202,202,215,215,227,227,240,,,,,,,,,,,,,,,,,,,,,,,,,,,,,,,,,,,,,,,,,,,,,,,,,,,,,,,,,,,,,,,,,,,,,,,,,,,,,,,,,,,,,,,,,,,,,,,,,,,,,,,,
SH5N1-JxvUA_000000_000010.mp4,24,hula hooping,20.0,0.0,10.0,0,200,0,8,8,17,17,25,25,33,33,42,42,50,50,58,58,67,67,75,75,83,83,92,92,100,100,108,108,117,117,125,125,133,133,142,142,150,150,158,158,167,167,175,175,183,183,192,192,200,,,,,,,,,,,,,,,,,,,,,,,,,,,,,,,,,,,,,,,,,,,,,,,,,,,,,,,,,,,,,,,,,,,,,,,,,,,,,,,,,,,,,,,,,,,,,,
TKX0mPBWio8_000060_000070.mp4,2,hula hooping,29.97,0.0,0.93,0,28,0,14,14,28,,,,,,,,,,,,,,,,,,,,,,,,,,,,,,,,,,,,,,,,,,,,,,,,,,,,,,,,,,,,,,,,,,,,,,,,,,,,,,,,,,,,,,,,,,,,,,,,,,,,,,,,,,,,,,,,,,,,,,,,,,,,,,,,,,,,,,,,,,
UbTEppjPHyo_000001_000011.mp4,17,hula hooping,15.0,0.0,9.4,0,141,0,8,8,17,17,25,25,33,33,41,41,50,50,58,58,66,66,75,75,83,83,91,91,100,100,108,108,116,116,124,124,133,133,141,,,,,,,,,,,,,,,,,,,,,,,,,,,,,,,,,,,,,,,,,,,,,,,,,,,,,,,,,,,,,,,,,,,,,,,,,,,,,,,,,,,,,,,,,,,,,,,,,,,,,,,,,,,,
WYB2WuFMGLk_000015_000025.mp4,4,hula hooping,25.0,0.0,2.12,0,53,0,13,13,26,26,40,40,53,,,,,,,,,,,,,,,,,,,,,,,,,,,,,,,,,,,,,,,,,,,,,,,,,,,,,,,,,,,,,,,,,,,,,,,,,,,,,,,,,,,,,,,,,,,,,,,,,,,,,,,,,,,,,,,,,,,,,,,,,,,,,,,,,,,,,,
XBc6W1sSF8M_000176_000186.mp4,7,hula hooping,30.0,7.03,10.0,211,300,211,224,224,236,236,249,249,262,262,275,275,287,287,300,,,,,,,,,,,,,,,,,,,,,,,,,,,,,,,,,,,,,,,,,,,,,,,,,,,,,,,,,,,,,,,,,,,,,,,,,,,,,,,,,,,,,,,,,,,,,,,,,,,,,,,,,,,,,,,,,,,,,,,,,,,,,,,,
XvZz7n6VfTk_000005_000015.mp4,2,hula hooping,29.97,5.71,7.32,171,219,171,195,195,219,,,,,,,,,,,,,,,,,,,,,,,,,,,,,,,,,,,,,,,,,,,,,,,,,,,,,,,,,,,,,,,,,,,,,,,,,,,,,,,,,,,,,,,,,,,,,,,,,,,,,,,,,,,,,,,,,,,,,,,,,,,,,,,,,,,,,,,,,,
YdqCRltlzgQ_000007_000017.mp4,5,hula hooping,30.0,0.0,4.3,0,129,0,26,26,52,52,77,77,103,103,129,,,,,,,,,,,,,,,,,,,,,,,,,,,,,,,,,,,,,,,,,,,,,,,,,,,,,,,,,,,,,,,,,,,,,,,,,,,,,,,,,,,,,,,,,,,,,,,,,,,,,,,,,,,,,,,,,,,,,,,,,,,,,,,,,,,,
YdqCRltlzgQ_000007_000017.mp4,3,hula hooping,30.0,7.73,10.0,232,300,232,255,255,277,277,300,,,,,,,,,,,,,,,,,,,,,,,,,,,,,,,,,,,,,,,,,,,,,,,,,,,,,,,,,,,,,,,,,,,,,,,,,,,,,,,,,,,,,,,,,,,,,,,,,,,,,,,,,,,,,,,,,,,,,,,,,,,,,,,,,,,,,,,,
aBgLSpfLrXE_000047_000057.mp4,3,hula hooping,30.0,8.23,10.0,247,300,247,265,265,282,282,300,,,,,,,,,,,,,,,,,,,,,,,,,,,,,,,,,,,,,,,,,,,,,,,,,,,,,,,,,,,,,,,,,,,,,,,,,,,,,,,,,,,,,,,,,,,,,,,,,,,,,,,,,,,,,,,,,,,,,,,,,,,,,,,,,,,,,,,,
ajlhLS5eDDk_000070_000080.mp4,5,hula hooping,26.59,0.0,4.55,0,121,0,24,24,48,48,73,73,97,97,121,,,,,,,,,,,,,,,,,,,,,,,,,,,,,,,,,,,,,,,,,,,,,,,,,,,,,,,,,,,,,,,,,,,,,,,,,,,,,,,,,,,,,,,,,,,,,,,,,,,,,,,,,,,,,,,,,,,,,,,,,,,,,,,,,,,,
bjPVjmpM7mQ_000003_000013.mp4,14,hula hooping,15.0,0.0,10.0,0,150,0,11,11,21,21,32,32,43,43,54,54,64,64,75,75,86,86,96,96,107,107,118,118,129,129,139,139,150,,,,,,,,,,,,,,,,,,,,,,,,,,,,,,,,,,,,,,,,,,,,,,,,,,,,,,,,,,,,,,,,,,,,,,,,,,,,,,,,,,,,,,,,,,,,,,,,,,,,,,,,,,,,,,,,,,
c_nUlvI6bNY_000089_000099.mp4,19,hula hooping,30.0,0.0,10.0,0,300,0,16,16,32,32,47,47,63,63,79,79,95,95,111,111,126,126,142,142,158,158,174,174,189,189,205,205,221,221,237,237,253,253,268,268,284,284,300,,,,,,,,,,,,,,,,,,,,,,,,,,,,,,,,,,,,,,,,,,,,,,,,,,,,,,,,,,,,,,,,,,,,,,,,,,,,,,,,,,,,,,,,,,,,,,,,,,,,,,,,
eocsdyt7118_000003_000013.mp4,17,hula hooping,23.96,0.0,9.98,0,239,0,14,14,28,28,42,42,56,56,70,70,84,84,98,98,112,112,127,127,141,141,155,155,169,169,183,183,197,197,211,211,225,225,239,,,,,,,,,,,,,,,,,,,,,,,,,,,,,,,,,,,,,,,,,,,,,,,,,,,,,,,,,,,,,,,,,,,,,,,,,,,,,,,,,,,,,,,,,,,,,,,,,,,,,,,,,,,,
fmwQ7apPwe8_000029_000039.mp4,10,hula hooping,30.0,4.37,10.0,131,300,131,148,148,165,165,182,182,199,199,215,215,232,232,249,249,266,266,283,283,300,,,,,,,,,,,,,,,,,,,,,,,,,,,,,,,,,,,,,,,,,,,,,,,,,,,,,,,,,,,,,,,,,,,,,,,,,,,,,,,,,,,,,,,,,,,,,,,,,,,,,,,,,,,,,,,,,,,,,,,,,,
gOX7B9VBw4Q_000003_000013.mp4,17,hula hooping,29.97,0.0,9.98,0,299,0,18,18,35,35,53,53,70,70,88,88,106,106,123,123,141,141,158,158,176,176,193,193,211,211,229,229,246,246,264,264,281,281,299,,,,,,,,,,,,,,,,,,,,,,,,,,,,,,,,,,,,,,,,,,,,,,,,,,,,,,,,,,,,,,,,,,,,,,,,,,,,,,,,,,,,,,,,,,,,,,,,,,,,,,,,,,,,
hyKIWHErz3g_000298_000308.mp4,11,hula hooping,29.97,4.37,9.94,131,298,131,146,146,161,161,177,177,192,192,207,207,222,222,237,237,252,252,268,268,283,283,298,,,,,,,,,,,,,,,,,,,,,,,,,,,,,,,,,,,,,,,,,,,,,,,,,,,,,,,,,,,,,,,,,,,,,,,,,,,,,,,,,,,,,,,,,,,,,,,,,,,,,,,,,,,,,,,,,,,,,,,,
iI04WTYOV2A_000002_000012.mp4,13,hula hooping,29.97,0.0,9.28,0,278,0,21,21,43,43,64,64,86,86,107,107,128,128,150,150,171,171,192,192,214,214,235,235,257,257,278,,,,,,,,,,,,,,,,,,,,,,,,,,,,,,,,,,,,,,,,,,,,,,,,,,,,,,,,,,,,,,,,,,,,,,,,,,,,,,,,,,,,,,,,,,,,,,,,,,,,,,,,,,,,,,,,,,,,
iQmBktzJUTE_000040_000050.mp4,20,hula hooping,30.0,0.0,9.97,0,299,0,15,15,30,30,45,45,60,60,75,75,90,90,105,105,120,120,135,135,150,150,164,164,179,179,194,194,209,209,224,224,239,239,254,254,269,269,284,284,299,,,,,,,,,,,,,,,,,,,,,,,,,,,,,,,,,,,,,,,,,,,,,,,,,,,,,,,,,,,,,,,,,,,,,,,,,,,,,,,,,,,,,,,,,,,,,,,,,,,,,,
lI9qmWKQpr0_000006_000016.mp4,19,hula hooping,29.97,0.0,9.98,0,299,0,16,16,31,31,47,47,63,63,79,79,94,94,110,110,126,126,142,142,157,157,173,173,189,189,205,205,220,220,236,236,252,252,268,268,283,283,299,,,,,,,,,,,,,,,,,,,,,,,,,,,,,,,,,,,,,,,,,,,,,,,,,,,,,,,,,,,,,,,,,,,,,,,,,,,,,,,,,,,,,,,,,,,,,,,,,,,,,,,,
luc0jL7uJn8_000022_000032.mp4,11,hula hooping,29.97,0.0,9.98,0,299,0,27,27,54,54,82,82,109,109,136,136,163,163,190,190,217,217,245,245,272,272,299,,,,,,,,,,,,,,,,,,,,,,,,,,,,,,,,,,,,,,,,,,,,,,,,,,,,,,,,,,,,,,,,,,,,,,,,,,,,,,,,,,,,,,,,,,,,,,,,,,,,,,,,,,,,,,,,,,,,,,,,
mZnTNO_rf60_000000_000010.mp4,17,hula hooping,30.0,0.0,10.0,0,300,0,18,18,35,35,53,53,71,71,88,88,106,106,124,124,141,141,159,159,176,176,194,194,212,212,229,229,247,247,265,265,282,282,300,,,,,,,,,,,,,,,,,,,,,,,,,,,,,,,,,,,,,,,,,,,,,,,,,,,,,,,,,,,,,,,,,,,,,,,,,,,,,,,,,,,,,,,,,,,,,,,,,,,,,,,,,,,,
miGJEiGK5-0_000033_000043.mp4,16,hula hooping,30.0,0.0,10.0,0,300,0,19,19,38,38,56,56,75,75,94,94,112,112,131,131,150,150,169,169,188,188,206,206,225,225,244,244,262,262,281,281,300,,,,,,,,,,,,,,,,,,,,,,,,,,,,,,,,,,,,,,,,,,,,,,,,,,,,,,,,,,,,,,,,,,,,,,,,,,,,,,,,,,,,,,,,,,,,,,,,,,,,,,,,,,,,,,
ngMt90qN9ew_000018_000028.mp4,23,hula hooping,30.0,0.0,10.0,0,300,0,13,13,26,26,39,39,52,52,65,65,78,78,91,91,104,104,117,117,130,130,143,143,157,157,170,170,183,183,196,196,209,209,222,222,235,235,248,248,261,261,274,274,287,287,300,,,,,,,,,,,,,,,,,,,,,,,,,,,,,,,,,,,,,,,,,,,,,,,,,,,,,,,,,,,,,,,,,,,,,,,,,,,,,,,,,,,,,,,,,,,,,,,,
nuFfSzwgLY0_000000_000010.mp4,3,hula hooping,30.0,0.0,1.63,0,49,0,16,16,33,33,49,,,,,,,,,,,,,,,,,,,,,,,,,,,,,,,,,,,,,,,,,,,,,,,,,,,,,,,,,,,,,,,,,,,,,,,,,,,,,,,,,,,,,,,,,,,,,,,,,,,,,,,,,,,,,,,,,,,,,,,,,,,,,,,,,,,,,,,,
ojSpFfM_MRM_000001_000011.mp4,19,hula hooping,29.97,0.0,9.98,0,299,0,16,16,31,31,47,47,63,63,79,79,94,94,110,110,126,126,142,142,157,157,173,173,189,189,205,205,220,220,236,236,252,252,268,268,283,283,299,,,,,,,,,,,,,,,,,,,,,,,,,,,,,,,,,,,,,,,,,,,,,,,,,,,,,,,,,,,,,,,,,,,,,,,,,,,,,,,,,,,,,,,,,,,,,,,,,,,,,,,,
pC2C-7yPCzg_000021_000031.mp4,6,hula hooping,30.0,0.0,10.0,0,300,0,50,50,100,100,150,150,200,200,250,250,300,,,,,,,,,,,,,,,,,,,,,,,,,,,,,,,,,,,,,,,,,,,,,,,,,,,,,,,,,,,,,,,,,,,,,,,,,,,,,,,,,,,,,,,,,,,,,,,,,,,,,,,,,,,,,,,,,,,,,,,,,,,,,,,,,,
sNUnBrTp738_000034_000044.mp4,8,hula hooping,23.0,1.0,6.17,23,142,23,38,38,53,53,68,68,83,83,97,97,112,112,127,127,142,,,,,,,,,,,,,,,,,,,,,,,,,,,,,,,,,,,,,,,,,,,,,,,,,,,,,,,,,,,,,,,,,,,,,,,,,,,,,,,,,,,,,,,,,,,,,,,,,,,,,,,,,,,,,,,,,,,,,,,,,,,,,,
sZQru-oP1e8_000023_000033.mp4,8,hula hooping,28.5,0.0,4.7,0,134,0,17,17,34,34,50,50,67,67,84,84,100,100,117,117,134,,,,,,,,,,,,,,,,,,,,,,,,,,,,,,,,,,,,,,,,,,,,,,,,,,,,,,,,,,,,,,,,,,,,,,,,,,,,,,,,,,,,,,,,,,,,,,,,,,,,,,,,,,,,,,,,,,,,,,,,,,,,,,
s9bzP74IYvQ_000010_000020.mp4,10,hula hooping,24.93,0.0,4.04,0,101,0,10,10,20,20,30,30,40,40,50,50,61,61,71,71,81,81,91,91,101,,,,,,,,,,,,,,,,,,,,,,,,,,,,,,,,,,,,,,,,,,,,,,,,,,,,,,,,,,,,,,,,,,,,,,,,,,,,,,,,,,,,,,,,,,,,,,,,,,,,,,,,,,,,,,,,,,,,,,,,,,
uKIdISuFeUU_000046_000056.mp4,19,hula hooping,29.0,0.0,10.0,0,290,0,15,15,31,31,46,46,61,61,76,76,92,92,107,107,122,122,137,137,153,153,168,168,183,183,198,198,214,214,229,229,244,244,259,259,275,275,290,,,,,,,,,,,,,,,,,,,,,,,,,,,,,,,,,,,,,,,,,,,,,,,,,,,,,,,,,,,,,,,,,,,,,,,,,,,,,,,,,,,,,,,,,,,,,,,,,,,,,,,,
verdK4pS44Y_000011_000021.mp4,19,hula hooping,29.97,0.0,6.89,0,206,0,11,11,22,22,33,33,43,43,54,54,65,65,76,76,87,87,98,98,108,108,119,119,130,130,141,141,152,152,163,163,173,173,184,184,195,195,206,,,,,,,,,,,,,,,,,,,,,,,,,,,,,,,,,,,,,,,,,,,,,,,,,,,,,,,,,,,,,,,,,,,,,,,,,,,,,,,,,,,,,,,,,,,,,,,,,,,,,,,,
wCIGk_s-blA_000134_000144.mp4,17,hula hooping,30.0,0.0,10.0,0,300,0,18,18,35,35,53,53,71,71,88,88,106,106,124,124,141,141,159,159,176,176,194,194,212,212,229,229,247,247,265,265,282,282,300,,,,,,,,,,,,,,,,,,,,,,,,,,,,,,,,,,,,,,,,,,,,,,,,,,,,,,,,,,,,,,,,,,,,,,,,,,,,,,,,,,,,,,,,,,,,,,,,,,,,,,,,,,,,
wEE-bppXAlA_000023_000033.mp4,9,hula hooping,29.97,0.0,5.01,0,150,0,17,17,33,33,50,50,67,67,83,83,100,100,117,117,133,133,150,,,,,,,,,,,,,,,,,,,,,,,,,,,,,,,,,,,,,,,,,,,,,,,,,,,,,,,,,,,,,,,,,,,,,,,,,,,,,,,,,,,,,,,,,,,,,,,,,,,,,,,,,,,,,,,,,,,,,,,,,,,,
zO-6g1r5fKQ_000001_000011.mp4,12,hula hooping,29.97,0.0,9.98,0,299,0,25,25,50,50,75,75,100,100,125,125,150,150,174,174,199,199,224,224,249,249,274,274,299,,,,,,,,,,,,,,,,,,,,,,,,,,,,,,,,,,,,,,,,,,,,,,,,,,,,,,,,,,,,,,,,,,,,,,,,,,,,,,,,,,,,,,,,,,,,,,,,,,,,,,,,,,,,,,,,,,,,,,
0FVWF1VBzlI_000035_000045.mp4,16,hula hooping,29.97,0.0,9.98,0,299,0,19,19,37,37,56,56,75,75,93,93,112,112,131,131,150,150,168,168,187,187,206,206,224,224,243,243,262,262,280,280,299,,,,,,,,,,,,,,,,,,,,,,,,,,,,,,,,,,,,,,,,,,,,,,,,,,,,,,,,,,,,,,,,,,,,,,,,,,,,,,,,,,,,,,,,,,,,,,,,,,,,,,,,,,,,,,
0un10iEUhG4_000007_000017.mp4,2,hula hooping,29.97,6.37,7.97,191,239,191,215,215,239,,,,,,,,,,,,,,,,,,,,,,,,,,,,,,,,,,,,,,,,,,,,,,,,,,,,,,,,,,,,,,,,,,,,,,,,,,,,,,,,,,,,,,,,,,,,,,,,,,,,,,,,,,,,,,,,,,,,,,,,,,,,,,,,,,,,,,,,,,
2ApXeNBE3vs_000079_000089.mp4,4,hula hooping,8.58,0.0,2.56,0,22,0,6,6,11,11,16,16,22,,,,,,,,,,,,,,,,,,,,,,,,,,,,,,,,,,,,,,,,,,,,,,,,,,,,,,,,,,,,,,,,,,,,,,,,,,,,,,,,,,,,,,,,,,,,,,,,,,,,,,,,,,,,,,,,,,,,,,,,,,,,,,,,,,,,,,
2ApXeNBE3vs_000079_000089.mp4,2,hula hooping,8.58,4.31,5.48,37,47,37,42,42,47,,,,,,,,,,,,,,,,,,,,,,,,,,,,,,,,,,,,,,,,,,,,,,,,,,,,,,,,,,,,,,,,,,,,,,,,,,,,,,,,,,,,,,,,,,,,,,,,,,,,,,,,,,,,,,,,,,,,,,,,,,,,,,,,,,,,,,,,,,
3gXWdURe2vQ_000163_000173.mp4,17,hula hooping,25.0,0.0,10.0,0,250,0,15,15,29,29,44,44,59,59,74,74,88,88,103,103,118,118,132,132,147,147,162,162,176,176,191,191,206,206,221,221,235,235,250,,,,,,,,,,,,,,,,,,,,,,,,,,,,,,,,,,,,,,,,,,,,,,,,,,,,,,,,,,,,,,,,,,,,,,,,,,,,,,,,,,,,,,,,,,,,,,,,,,,,,,,,,,,,
4OzguXrMqSY_000012_000022.mp4,2,hula hooping,29.97,0.0,9.98,0,299,0,150,150,299,,,,,,,,,,,,,,,,,,,,,,,,,,,,,,,,,,,,,,,,,,,,,,,,,,,,,,,,,,,,,,,,,,,,,,,,,,,,,,,,,,,,,,,,,,,,,,,,,,,,,,,,,,,,,,,,,,,,,,,,,,,,,,,,,,,,,,,,,,
6sTgq7dDSrQ_000000_000010.mp4,18,hula hooping,28.0,0.0,10.0,0,280,0,16,16,31,31,47,47,62,62,78,78,93,93,109,109,124,124,140,140,156,156,171,171,187,187,202,202,218,218,233,233,249,249,264,264,280,,,,,,,,,,,,,,,,,,,,,,,,,,,,,,,,,,,,,,,,,,,,,,,,,,,,,,,,,,,,,,,,,,,,,,,,,,,,,,,,,,,,,,,,,,,,,,,,,,,,,,,,,,
7M_NB8Oer5I_000007_000017.mp4,19,hula hooping,30.0,0.0,10.0,0,300,0,16,16,32,32,47,47,63,63,79,79,95,95,111,111,126,126,142,142,158,158,174,174,189,189,205,205,221,221,237,237,253,253,268,268,284,284,300,,,,,,,,,,,,,,,,,,,,,,,,,,,,,,,,,,,,,,,,,,,,,,,,,,,,,,,,,,,,,,,,,,,,,,,,,,,,,,,,,,,,,,,,,,,,,,,,,,,,,,,,
9HoWpPx7MIE_000002_000012.mp4,4,hula hooping,30.0,0.0,2.17,0,65,0,16,16,32,32,49,49,65,,,,,,,,,,,,,,,,,,,,,,,,,,,,,,,,,,,,,,,,,,,,,,,,,,,,,,,,,,,,,,,,,,,,,,,,,,,,,,,,,,,,,,,,,,,,,,,,,,,,,,,,,,,,,,,,,,,,,,,,,,,,,,,,,,,,,,
9RJafO-BWvg_000264_000274.mp4,4,hula hooping,24.0,5.79,8.29,139,199,139,154,154,169,169,184,184,199,,,,,,,,,,,,,,,,,,,,,,,,,,,,,,,,,,,,,,,,,,,,,,,,,,,,,,,,,,,,,,,,,,,,,,,,,,,,,,,,,,,,,,,,,,,,,,,,,,,,,,,,,,,,,,,,,,,,,,,,,,,,,,,,,,,,,,
-kXF9Tgjltc_000054_000064.mp4,6,hula hooping,30.0,0.0,4.37,0,131,0,22,22,44,44,66,66,87,87,109,109,131,,,,,,,,,,,,,,,,,,,,,,,,,,,,,,,,,,,,,,,,,,,,,,,,,,,,,,,,,,,,,,,,,,,,,,,,,,,,,,,,,,,,,,,,,,,,,,,,,,,,,,,,,,,,,,,,,,,,,,,,,,,,,,,,,,
Ar5CfcirqgY_000425_000435.mp4,17,juggling soccer ball,25.0,0.0,10.0,0,250,0,15,15,29,29,44,44,59,59,74,74,88,88,103,103,118,118,132,132,147,147,162,162,176,176,191,191,206,206,221,221,235,235,250,,,,,,,,,,,,,,,,,,,,,,,,,,,,,,,,,,,,,,,,,,,,,,,,,,,,,,,,,,,,,,,,,,,,,,,,,,,,,,,,,,,,,,,,,,,,,,,,,,,,,,,,,,,,
AzI-kMhRDz8_000218_000228.mp4,13,juggling soccer ball,30.0,1.72,8.7,52,261,52,68,68,84,84,100,100,116,116,132,132,148,148,165,165,181,181,197,197,213,213,229,229,245,245,261,,,,,,,,,,,,,,,,,,,,,,,,,,,,,,,,,,,,,,,,,,,,,,,,,,,,,,,,,,,,,,,,,,,,,,,,,,,,,,,,,,,,,,,,,,,,,,,,,,,,,,,,,,,,,,,,,,,,
BmPQg8-3P08_000000_000010.mp4,3,juggling soccer ball,30.0,1.37,3.67,41,110,41,64,64,87,87,110,,,,,,,,,,,,,,,,,,,,,,,,,,,,,,,,,,,,,,,,,,,,,,,,,,,,,,,,,,,,,,,,,,,,,,,,,,,,,,,,,,,,,,,,,,,,,,,,,,,,,,,,,,,,,,,,,,,,,,,,,,,,,,,,,,,,,,,,
BmPQg8-3P08_000000_000010.mp4,2,juggling soccer ball,30.0,4.33,6.1,130,183,130,156,156,183,,,,,,,,,,,,,,,,,,,,,,,,,,,,,,,,,,,,,,,,,,,,,,,,,,,,,,,,,,,,,,,,,,,,,,,,,,,,,,,,,,,,,,,,,,,,,,,,,,,,,,,,,,,,,,,,,,,,,,,,,,,,,,,,,,,,,,,,,,
CepI41kpYqM_000099_000109.mp4,23,juggling soccer ball,29.97,0.0,9.94,0,298,0,13,13,26,26,39,39,52,52,65,65,78,78,91,91,104,104,117,117,130,130,143,143,155,155,168,168,181,181,194,194,207,207,220,220,233,233,246,246,259,259,272,272,285,285,298,,,,,,,,,,,,,,,,,,,,,,,,,,,,,,,,,,,,,,,,,,,,,,,,,,,,,,,,,,,,,,,,,,,,,,,,,,,,,,,,,,,,,,,,,,,,,,,,
Dyo631J3jSo_000141_000151.mp4,3,juggling soccer ball,25.0,7.32,9.72,183,243,183,203,203,223,223,243,,,,,,,,,,,,,,,,,,,,,,,,,,,,,,,,,,,,,,,,,,,,,,,,,,,,,,,,,,,,,,,,,,,,,,,,,,,,,,,,,,,,,,,,,,,,,,,,,,,,,,,,,,,,,,,,,,,,,,,,,,,,,,,,,,,,,,,,
EAG3YaK4sPs_000012_000022.mp4,16,juggling soccer ball,29.97,0.0,9.98,0,299,0,19,19,37,37,56,56,75,75,93,93,112,112,131,131,150,150,168,168,187,187,206,206,224,224,243,243,262,262,280,280,299,,,,,,,,,,,,,,,,,,,,,,,,,,,,,,,,,,,,,,,,,,,,,,,,,,,,,,,,,,,,,,,,,,,,,,,,,,,,,,,,,,,,,,,,,,,,,,,,,,,,,,,,,,,,,,
FZT-MzHMhd8_000012_000022.mp4,13,juggling soccer ball,29.97,0.0,9.98,0,299,0,23,23,46,46,69,69,92,92,115,115,138,138,161,161,184,184,207,207,230,230,253,253,276,276,299,,,,,,,,,,,,,,,,,,,,,,,,,,,,,,,,,,,,,,,,,,,,,,,,,,,,,,,,,,,,,,,,,,,,,,,,,,,,,,,,,,,,,,,,,,,,,,,,,,,,,,,,,,,,,,,,,,,,
GUy6jFejIMo_000083_000093.mp4,18,juggling soccer ball,15.0,0.0,10.0,0,150,0,8,8,17,17,25,25,33,33,42,42,50,50,58,58,67,67,75,75,83,83,92,92,100,100,108,108,117,117,125,125,133,133,142,142,150,,,,,,,,,,,,,,,,,,,,,,,,,,,,,,,,,,,,,,,,,,,,,,,,,,,,,,,,,,,,,,,,,,,,,,,,,,,,,,,,,,,,,,,,,,,,,,,,,,,,,,,,,,
HAVLxBVitWU_000002_000012.mp4,5,juggling soccer ball,13.58,1.8,6.13,24,83,24,36,36,48,48,59,59,71,71,83,,,,,,,,,,,,,,,,,,,,,,,,,,,,,,,,,,,,,,,,,,,,,,,,,,,,,,,,,,,,,,,,,,,,,,,,,,,,,,,,,,,,,,,,,,,,,,,,,,,,,,,,,,,,,,,,,,,,,,,,,,,,,,,,,,,,
HMf8FWYBPIE_000017_000027.mp4,8,juggling soccer ball,29.97,3.94,9.98,118,299,118,141,141,163,163,186,186,208,208,231,231,254,254,276,276,299,,,,,,,,,,,,,,,,,,,,,,,,,,,,,,,,,,,,,,,,,,,,,,,,,,,,,,,,,,,,,,,,,,,,,,,,,,,,,,,,,,,,,,,,,,,,,,,,,,,,,,,,,,,,,,,,,,,,,,,,,,,,,,
HfId2NwUew8_000083_000093.mp4,7,juggling soccer ball,30.0,0.0,4.5,0,135,0,19,19,39,39,58,58,77,77,96,96,116,116,135,,,,,,,,,,,,,,,,,,,,,,,,,,,,,,,,,,,,,,,,,,,,,,,,,,,,,,,,,,,,,,,,,,,,,,,,,,,,,,,,,,,,,,,,,,,,,,,,,,,,,,,,,,,,,,,,,,,,,,,,,,,,,,,,
INE1G3CoLaU_000017_000027.mp4,7,juggling soccer ball,30.0,1.1,5.3,33,159,33,51,51,69,69,87,87,105,105,123,123,141,141,159,,,,,,,,,,,,,,,,,,,,,,,,,,,,,,,,,,,,,,,,,,,,,,,,,,,,,,,,,,,,,,,,,,,,,,,,,,,,,,,,,,,,,,,,,,,,,,,,,,,,,,,,,,,,,,,,,,,,,,,,,,,,,,,,
JeErzYCgzZ8_000055_000065.mp4,17,juggling soccer ball,23.98,0.0,9.97,0,239,0,14,14,28,28,42,42,56,56,70,70,84,84,98,98,112,112,127,127,141,141,155,155,169,169,183,183,197,197,211,211,225,225,239,,,,,,,,,,,,,,,,,,,,,,,,,,,,,,,,,,,,,,,,,,,,,,,,,,,,,,,,,,,,,,,,,,,,,,,,,,,,,,,,,,,,,,,,,,,,,,,,,,,,,,,,,,,,
JoHKbd5YG80_000359_000369.mp4,28,juggling soccer ball,23.98,0.0,9.97,0,239,0,9,9,17,17,26,26,34,34,43,43,51,51,60,60,68,68,77,77,85,85,94,94,102,102,111,111,120,120,128,128,137,137,145,145,154,154,162,162,171,171,179,179,188,188,196,196,205,205,213,213,222,222,230,230,239,,,,,,,,,,,,,,,,,,,,,,,,,,,,,,,,,,,,,,,,,,,,,,,,,,,,,,,,,,,,,,,,,,,,,,,,,,,,,,,,,,,,,,
LeFgZotpFo0_000115_000125.mp4,21,juggling soccer ball,29.97,0.0,9.98,0,299,0,14,14,28,28,43,43,57,57,71,71,85,85,100,100,114,114,128,128,142,142,157,157,171,171,185,185,199,199,214,214,228,228,242,242,256,256,271,271,285,285,299,,,,,,,,,,,,,,,,,,,,,,,,,,,,,,,,,,,,,,,,,,,,,,,,,,,,,,,,,,,,,,,,,,,,,,,,,,,,,,,,,,,,,,,,,,,,,,,,,,,,
MCdcUkqGjy0_000015_000025.mp4,2,juggling soccer ball,25.0,8.92,10.0,223,250,223,237,237,250,,,,,,,,,,,,,,,,,,,,,,,,,,,,,,,,,,,,,,,,,,,,,,,,,,,,,,,,,,,,,,,,,,,,,,,,,,,,,,,,,,,,,,,,,,,,,,,,,,,,,,,,,,,,,,,,,,,,,,,,,,,,,,,,,,,,,,,,,,
MCdcUkqGjy0_000015_000025.mp4,7,juggling soccer ball,25.0,0.0,7.8,0,195,0,28,28,56,56,84,84,111,111,139,139,167,167,195,,,,,,,,,,,,,,,,,,,,,,,,,,,,,,,,,,,,,,,,,,,,,,,,,,,,,,,,,,,,,,,,,,,,,,,,,,,,,,,,,,,,,,,,,,,,,,,,,,,,,,,,,,,,,,,,,,,,,,,,,,,,,,,,
MgXequXumns_000090_000100.mp4,17,juggling soccer ball,30.0,0.0,10.0,0,300,0,18,18,35,35,53,53,71,71,88,88,106,106,124,124,141,141,159,159,176,176,194,194,212,212,229,229,247,247,265,265,282,282,300,,,,,,,,,,,,,,,,,,,,,,,,,,,,,,,,,,,,,,,,,,,,,,,,,,,,,,,,,,,,,,,,,,,,,,,,,,,,,,,,,,,,,,,,,,,,,,,,,,,,,,,,,,,,
MkVRQmJnYgk_000022_000032.mp4,12,juggling soccer ball,30.0,0.0,10.0,0,300,0,25,25,50,50,75,75,100,100,125,125,150,150,175,175,200,200,225,225,250,250,275,275,300,,,,,,,,,,,,,,,,,,,,,,,,,,,,,,,,,,,,,,,,,,,,,,,,,,,,,,,,,,,,,,,,,,,,,,,,,,,,,,,,,,,,,,,,,,,,,,,,,,,,,,,,,,,,,,,,,,,,,,
N7LH8RE2h-0_000002_000012.mp4,10,juggling soccer ball,30.0,1.2,7.48,36,224,36,55,55,74,74,92,92,111,111,130,130,149,149,168,168,186,186,205,205,224,,,,,,,,,,,,,,,,,,,,,,,,,,,,,,,,,,,,,,,,,,,,,,,,,,,,,,,,,,,,,,,,,,,,,,,,,,,,,,,,,,,,,,,,,,,,,,,,,,,,,,,,,,,,,,,,,,,,,,,,,,
ODTKYl_iaew_000003_000013.mp4,14,juggling soccer ball,15.0,0.0,10.0,0,150,0,11,11,21,21,32,32,43,43,54,54,64,64,75,75,86,86,96,96,107,107,118,118,129,129,139,139,150,,,,,,,,,,,,,,,,,,,,,,,,,,,,,,,,,,,,,,,,,,,,,,,,,,,,,,,,,,,,,,,,,,,,,,,,,,,,,,,,,,,,,,,,,,,,,,,,,,,,,,,,,,,,,,,,,,
O7L8dJTKvFc_000101_000111.mp4,13,juggling soccer ball,30.0,0.0,10.0,0,300,0,23,23,46,46,69,69,92,92,115,115,138,138,162,162,185,185,208,208,231,231,254,254,277,277,300,,,,,,,,,,,,,,,,,,,,,,,,,,,,,,,,,,,,,,,,,,,,,,,,,,,,,,,,,,,,,,,,,,,,,,,,,,,,,,,,,,,,,,,,,,,,,,,,,,,,,,,,,,,,,,,,,,,,
PMhTcQZgOvQ_000154_000164.mp4,3,juggling soccer ball,29.97,3.5,4.9,105,147,105,119,119,133,133,147,,,,,,,,,,,,,,,,,,,,,,,,,,,,,,,,,,,,,,,,,,,,,,,,,,,,,,,,,,,,,,,,,,,,,,,,,,,,,,,,,,,,,,,,,,,,,,,,,,,,,,,,,,,,,,,,,,,,,,,,,,,,,,,,,,,,,,,,
PMhTcQZgOvQ_000154_000164.mp4,2,juggling soccer ball,29.97,8.48,9.84,254,295,254,274,274,295,,,,,,,,,,,,,,,,,,,,,,,,,,,,,,,,,,,,,,,,,,,,,,,,,,,,,,,,,,,,,,,,,,,,,,,,,,,,,,,,,,,,,,,,,,,,,,,,,,,,,,,,,,,,,,,,,,,,,,,,,,,,,,,,,,,,,,,,,,
QCtPL6ZQ9KY_000004_000014.mp4,5,juggling soccer ball,30.0,3.17,5.67,95,170,95,110,110,125,125,140,140,155,155,170,,,,,,,,,,,,,,,,,,,,,,,,,,,,,,,,,,,,,,,,,,,,,,,,,,,,,,,,,,,,,,,,,,,,,,,,,,,,,,,,,,,,,,,,,,,,,,,,,,,,,,,,,,,,,,,,,,,,,,,,,,,,,,,,,,,,
Qk14zu1uqiI_000008_000018.mp4,9,juggling soccer ball,15.0,0.0,6.93,0,104,0,12,12,23,23,35,35,46,46,58,58,69,69,81,81,92,92,104,,,,,,,,,,,,,,,,,,,,,,,,,,,,,,,,,,,,,,,,,,,,,,,,,,,,,,,,,,,,,,,,,,,,,,,,,,,,,,,,,,,,,,,,,,,,,,,,,,,,,,,,,,,,,,,,,,,,,,,,,,,,
SJIcljExpK4_000000_000010.mp4,9,juggling soccer ball,30.0,0.65,8.58,20,257,20,46,46,73,73,99,99,125,125,152,152,178,178,204,204,231,231,257,,,,,,,,,,,,,,,,,,,,,,,,,,,,,,,,,,,,,,,,,,,,,,,,,,,,,,,,,,,,,,,,,,,,,,,,,,,,,,,,,,,,,,,,,,,,,,,,,,,,,,,,,,,,,,,,,,,,,,,,,,,,
SfS9njrU-bQ_000029_000039.mp4,3,juggling soccer ball,30.0,1.3,3.03,39,91,39,56,56,74,74,91,,,,,,,,,,,,,,,,,,,,,,,,,,,,,,,,,,,,,,,,,,,,,,,,,,,,,,,,,,,,,,,,,,,,,,,,,,,,,,,,,,,,,,,,,,,,,,,,,,,,,,,,,,,,,,,,,,,,,,,,,,,,,,,,,,,,,,,,
SfS9njrU-bQ_000029_000039.mp4,4,juggling soccer ball,30.0,6.63,10.0,199,300,199,224,224,249,249,275,275,300,,,,,,,,,,,,,,,,,,,,,,,,,,,,,,,,,,,,,,,,,,,,,,,,,,,,,,,,,,,,,,,,,,,,,,,,,,,,,,,,,,,,,,,,,,,,,,,,,,,,,,,,,,,,,,,,,,,,,,,,,,,,,,,,,,,,,,
TnfsFO-CDRg_000024_000034.mp4,5,juggling soccer ball,30.0,7.93,10.0,238,300,238,250,250,263,263,275,275,288,288,300,,,,,,,,,,,,,,,,,,,,,,,,,,,,,,,,,,,,,,,,,,,,,,,,,,,,,,,,,,,,,,,,,,,,,,,,,,,,,,,,,,,,,,,,,,,,,,,,,,,,,,,,,,,,,,,,,,,,,,,,,,,,,,,,,,,,
WFpGoyuXBEg_000029_000039.mp4,7,juggling soccer ball,30.0,0.0,5.22,0,157,0,22,22,45,45,67,67,90,90,112,112,135,135,157,,,,,,,,,,,,,,,,,,,,,,,,,,,,,,,,,,,,,,,,,,,,,,,,,,,,,,,,,,,,,,,,,,,,,,,,,,,,,,,,,,,,,,,,,,,,,,,,,,,,,,,,,,,,,,,,,,,,,,,,,,,,,,,,
Wd_O0WkiMNE_000001_000011.mp4,8,juggling soccer ball,29.97,0.0,4.34,0,130,0,16,16,32,32,49,49,65,65,81,81,98,98,114,114,130,,,,,,,,,,,,,,,,,,,,,,,,,,,,,,,,,,,,,,,,,,,,,,,,,,,,,,,,,,,,,,,,,,,,,,,,,,,,,,,,,,,,,,,,,,,,,,,,,,,,,,,,,,,,,,,,,,,,,,,,,,,,,,
Wd_O0WkiMNE_000001_000011.mp4,3,juggling soccer ball,29.97,6.07,7.69,182,230,182,198,198,214,214,230,,,,,,,,,,,,,,,,,,,,,,,,,,,,,,,,,,,,,,,,,,,,,,,,,,,,,,,,,,,,,,,,,,,,,,,,,,,,,,,,,,,,,,,,,,,,,,,,,,,,,,,,,,,,,,,,,,,,,,,,,,,,,,,,,,,,,,,,
aL6AsKzzZFk_000018_000028.mp4,5,juggling soccer ball,30.0,0.0,7.17,0,215,0,43,43,86,86,129,129,172,172,215,,,,,,,,,,,,,,,,,,,,,,,,,,,,,,,,,,,,,,,,,,,,,,,,,,,,,,,,,,,,,,,,,,,,,,,,,,,,,,,,,,,,,,,,,,,,,,,,,,,,,,,,,,,,,,,,,,,,,,,,,,,,,,,,,,,,
bH9cE46eZJY_000062_000072.mp4,13,juggling soccer ball,29.67,0.0,8.09,0,240,0,18,18,37,37,55,55,74,74,92,92,111,111,129,129,148,148,166,166,185,185,203,203,222,222,240,,,,,,,,,,,,,,,,,,,,,,,,,,,,,,,,,,,,,,,,,,,,,,,,,,,,,,,,,,,,,,,,,,,,,,,,,,,,,,,,,,,,,,,,,,,,,,,,,,,,,,,,,,,,,,,,,,,,
boPDd7EFXOU_000102_000112.mp4,10,juggling soccer ball,25.0,0.0,5.44,0,136,0,14,14,27,27,41,41,54,54,68,68,82,82,95,95,109,109,122,122,136,,,,,,,,,,,,,,,,,,,,,,,,,,,,,,,,,,,,,,,,,,,,,,,,,,,,,,,,,,,,,,,,,,,,,,,,,,,,,,,,,,,,,,,,,,,,,,,,,,,,,,,,,,,,,,,,,,,,,,,,,,
b4R0noPDR90_000100_000110.mp4,2,juggling soccer ball,29.83,0.08,4.69,2,140,2,71,71,140,,,,,,,,,,,,,,,,,,,,,,,,,,,,,,,,,,,,,,,,,,,,,,,,,,,,,,,,,,,,,,,,,,,,,,,,,,,,,,,,,,,,,,,,,,,,,,,,,,,,,,,,,,,,,,,,,,,,,,,,,,,,,,,,,,,,,,,,,,
cVCLApgzN58_000009_000019.mp4,3,juggling soccer ball,7.52,0.93,3.66,7,28,7,14,14,21,21,28,,,,,,,,,,,,,,,,,,,,,,,,,,,,,,,,,,,,,,,,,,,,,,,,,,,,,,,,,,,,,,,,,,,,,,,,,,,,,,,,,,,,,,,,,,,,,,,,,,,,,,,,,,,,,,,,,,,,,,,,,,,,,,,,,,,,,,,,
cjauSAPQSJ8_000016_000026.mp4,10,juggling soccer ball,29.97,4.2,9.98,126,299,126,143,143,161,161,178,178,195,195,212,212,230,230,247,247,264,264,282,282,299,,,,,,,,,,,,,,,,,,,,,,,,,,,,,,,,,,,,,,,,,,,,,,,,,,,,,,,,,,,,,,,,,,,,,,,,,,,,,,,,,,,,,,,,,,,,,,,,,,,,,,,,,,,,,,,,,,,,,,,,,,
c0xiBG-vZeA_000025_000035.mp4,18,juggling soccer ball,29.97,0.0,9.94,0,298,0,17,17,33,33,50,50,66,66,83,83,99,99,116,116,132,132,149,149,166,166,182,182,199,199,215,215,232,232,248,248,265,265,281,281,298,,,,,,,,,,,,,,,,,,,,,,,,,,,,,,,,,,,,,,,,,,,,,,,,,,,,,,,,,,,,,,,,,,,,,,,,,,,,,,,,,,,,,,,,,,,,,,,,,,,,,,,,,,
c68Z9cjgVsk_000284_000294.mp4,19,juggling soccer ball,15.0,0.0,10.0,0,150,0,8,8,16,16,24,24,32,32,39,39,47,47,55,55,63,63,71,71,79,79,87,87,95,95,103,103,111,111,118,118,126,126,134,134,142,142,150,,,,,,,,,,,,,,,,,,,,,,,,,,,,,,,,,,,,,,,,,,,,,,,,,,,,,,,,,,,,,,,,,,,,,,,,,,,,,,,,,,,,,,,,,,,,,,,,,,,,,,,,
dgNOYUKgjrY_000004_000014.mp4,3,juggling soccer ball,29.97,5.61,8.19,168,245,168,194,194,219,219,245,,,,,,,,,,,,,,,,,,,,,,,,,,,,,,,,,,,,,,,,,,,,,,,,,,,,,,,,,,,,,,,,,,,,,,,,,,,,,,,,,,,,,,,,,,,,,,,,,,,,,,,,,,,,,,,,,,,,,,,,,,,,,,,,,,,,,,,,
ejAWxJ1ZTg8_000089_000099.mp4,14,juggling soccer ball,29.97,0.0,9.98,0,299,0,21,21,43,43,64,64,85,85,107,107,128,128,150,150,171,171,192,192,214,214,235,235,256,256,278,278,299,,,,,,,,,,,,,,,,,,,,,,,,,,,,,,,,,,,,,,,,,,,,,,,,,,,,,,,,,,,,,,,,,,,,,,,,,,,,,,,,,,,,,,,,,,,,,,,,,,,,,,,,,,,,,,,,,,
en_HZhvSYk4_000004_000014.mp4,9,juggling soccer ball,30.0,0.0,7.32,0,220,0,24,24,49,49,73,73,98,98,122,122,147,147,171,171,196,196,220,,,,,,,,,,,,,,,,,,,,,,,,,,,,,,,,,,,,,,,,,,,,,,,,,,,,,,,,,,,,,,,,,,,,,,,,,,,,,,,,,,,,,,,,,,,,,,,,,,,,,,,,,,,,,,,,,,,,,,,,,,,,
fF-KmfrXfRw_000014_000024.mp4,16,juggling soccer ball,30.0,0.0,10.0,0,300,0,19,19,38,38,56,56,75,75,94,94,112,112,131,131,150,150,169,169,188,188,206,206,225,225,244,244,262,262,281,281,300,,,,,,,,,,,,,,,,,,,,,,,,,,,,,,,,,,,,,,,,,,,,,,,,,,,,,,,,,,,,,,,,,,,,,,,,,,,,,,,,,,,,,,,,,,,,,,,,,,,,,,,,,,,,,,
fjMUSqdb_5I_000016_000026.mp4,14,juggling soccer ball,30.0,0.0,10.0,0,300,0,21,21,43,43,64,64,86,86,107,107,129,129,150,150,171,171,193,193,214,214,236,236,257,257,279,279,300,,,,,,,,,,,,,,,,,,,,,,,,,,,,,,,,,,,,,,,,,,,,,,,,,,,,,,,,,,,,,,,,,,,,,,,,,,,,,,,,,,,,,,,,,,,,,,,,,,,,,,,,,,,,,,,,,,
glat68DgSso_000255_000265.mp4,20,juggling soccer ball,29.97,0.0,9.98,0,299,0,15,15,30,30,45,45,60,60,75,75,90,90,105,105,120,120,135,135,150,150,164,164,179,179,194,194,209,209,224,224,239,239,254,254,269,269,284,284,299,,,,,,,,,,,,,,,,,,,,,,,,,,,,,,,,,,,,,,,,,,,,,,,,,,,,,,,,,,,,,,,,,,,,,,,,,,,,,,,,,,,,,,,,,,,,,,,,,,,,,,
g89EYJr6NGY_000035_000045.mp4,8,juggling soccer ball,15.0,0.0,4.47,0,67,0,8,8,17,17,25,25,34,34,42,42,50,50,59,59,67,,,,,,,,,,,,,,,,,,,,,,,,,,,,,,,,,,,,,,,,,,,,,,,,,,,,,,,,,,,,,,,,,,,,,,,,,,,,,,,,,,,,,,,,,,,,,,,,,,,,,,,,,,,,,,,,,,,,,,,,,,,,,,
iv9nmHq0RgI_000319_000329.mp4,8,juggling soccer ball,25.0,0.0,3.26,0,82,0,10,10,20,20,31,31,41,41,51,51,62,62,72,72,82,,,,,,,,,,,,,,,,,,,,,,,,,,,,,,,,,,,,,,,,,,,,,,,,,,,,,,,,,,,,,,,,,,,,,,,,,,,,,,,,,,,,,,,,,,,,,,,,,,,,,,,,,,,,,,,,,,,,,,,,,,,,,,
i7oJv_otlH4_000005_000015.mp4,22,juggling soccer ball,15.0,0.0,10.0,0,150,0,7,7,14,14,20,20,27,27,34,34,41,41,48,48,55,55,61,61,68,68,75,75,82,82,89,89,95,95,102,102,109,109,116,116,123,123,130,130,136,136,143,143,150,,,,,,,,,,,,,,,,,,,,,,,,,,,,,,,,,,,,,,,,,,,,,,,,,,,,,,,,,,,,,,,,,,,,,,,,,,,,,,,,,,,,,,,,,,,,,,,,,,
jCiSc4NeWgk_000003_000013.mp4,8,juggling soccer ball,30.0,0.0,3.87,0,116,0,14,14,29,29,44,44,58,58,72,72,87,87,102,102,116,,,,,,,,,,,,,,,,,,,,,,,,,,,,,,,,,,,,,,,,,,,,,,,,,,,,,,,,,,,,,,,,,,,,,,,,,,,,,,,,,,,,,,,,,,,,,,,,,,,,,,,,,,,,,,,,,,,,,,,,,,,,,,
jc81gMxk7Us_000004_000014.mp4,4,juggling soccer ball,29.97,2.74,4.24,82,127,82,93,93,104,104,116,116,127,,,,,,,,,,,,,,,,,,,,,,,,,,,,,,,,,,,,,,,,,,,,,,,,,,,,,,,,,,,,,,,,,,,,,,,,,,,,,,,,,,,,,,,,,,,,,,,,,,,,,,,,,,,,,,,,,,,,,,,,,,,,,,,,,,,,,,
jc81gMxk7Us_000004_000014.mp4,5,juggling soccer ball,29.97,6.27,9.98,188,299,188,210,210,232,232,255,255,277,277,299,,,,,,,,,,,,,,,,,,,,,,,,,,,,,,,,,,,,,,,,,,,,,,,,,,,,,,,,,,,,,,,,,,,,,,,,,,,,,,,,,,,,,,,,,,,,,,,,,,,,,,,,,,,,,,,,,,,,,,,,,,,,,,,,,,,,
jjCWGg_JYp0_000031_000041.mp4,8,juggling soccer ball,30.0,0.0,8.07,0,242,0,30,30,60,60,91,91,121,121,151,151,182,182,212,212,242,,,,,,,,,,,,,,,,,,,,,,,,,,,,,,,,,,,,,,,,,,,,,,,,,,,,,,,,,,,,,,,,,,,,,,,,,,,,,,,,,,,,,,,,,,,,,,,,,,,,,,,,,,,,,,,,,,,,,,,,,,,,,,
kEyAKdsgdQ0_000018_000028.mp4,13,juggling soccer ball,25.0,0.0,8.84,0,221,0,17,17,34,34,51,51,68,68,85,85,102,102,119,119,136,136,153,153,170,170,187,187,204,204,221,,,,,,,,,,,,,,,,,,,,,,,,,,,,,,,,,,,,,,,,,,,,,,,,,,,,,,,,,,,,,,,,,,,,,,,,,,,,,,,,,,,,,,,,,,,,,,,,,,,,,,,,,,,,,,,,,,,,
ko7TLBFSpPk_000008_000018.mp4,3,juggling soccer ball,30.0,2.97,4.53,89,136,89,105,105,120,120,136,,,,,,,,,,,,,,,,,,,,,,,,,,,,,,,,,,,,,,,,,,,,,,,,,,,,,,,,,,,,,,,,,,,,,,,,,,,,,,,,,,,,,,,,,,,,,,,,,,,,,,,,,,,,,,,,,,,,,,,,,,,,,,,,,,,,,,,,
k8na6FbyPIw_000024_000034.mp4,4,juggling soccer ball,23.98,4.59,9.97,110,239,110,142,142,174,174,207,207,239,,,,,,,,,,,,,,,,,,,,,,,,,,,,,,,,,,,,,,,,,,,,,,,,,,,,,,,,,,,,,,,,,,,,,,,,,,,,,,,,,,,,,,,,,,,,,,,,,,,,,,,,,,,,,,,,,,,,,,,,,,,,,,,,,,,,,,
lHQef0d14tw_000003_000013.mp4,4,juggling soccer ball,29.97,2.82,6.74,85,202,85,114,114,143,143,173,173,202,,,,,,,,,,,,,,,,,,,,,,,,,,,,,,,,,,,,,,,,,,,,,,,,,,,,,,,,,,,,,,,,,,,,,,,,,,,,,,,,,,,,,,,,,,,,,,,,,,,,,,,,,,,,,,,,,,,,,,,,,,,,,,,,,,,,,,
lrh5DsDjwyg_000017_000027.mp4,6,juggling soccer ball,29.97,0.0,6.14,0,184,0,31,31,61,61,92,92,123,123,153,153,184,,,,,,,,,,,,,,,,,,,,,,,,,,,,,,,,,,,,,,,,,,,,,,,,,,,,,,,,,,,,,,,,,,,,,,,,,,,,,,,,,,,,,,,,,,,,,,,,,,,,,,,,,,,,,,,,,,,,,,,,,,,,,,,,,,
lrh5DsDjwyg_000017_000027.mp4,2,juggling soccer ball,29.97,8.31,9.98,249,299,249,274,274,299,,,,,,,,,,,,,,,,,,,,,,,,,,,,,,,,,,,,,,,,,,,,,,,,,,,,,,,,,,,,,,,,,,,,,,,,,,,,,,,,,,,,,,,,,,,,,,,,,,,,,,,,,,,,,,,,,,,,,,,,,,,,,,,,,,,,,,,,,,
l6vyb8fkbTE_000058_000068.mp4,6,juggling soccer ball,30.0,5.1,8.97,153,269,153,172,172,192,192,211,211,230,230,250,250,269,,,,,,,,,,,,,,,,,,,,,,,,,,,,,,,,,,,,,,,,,,,,,,,,,,,,,,,,,,,,,,,,,,,,,,,,,,,,,,,,,,,,,,,,,,,,,,,,,,,,,,,,,,,,,,,,,,,,,,,,,,,,,,,,,,
l-xvnuY2cS0_000052_000062.mp4,18,juggling soccer ball,25.0,0.0,10.0,0,250,0,14,14,28,28,42,42,56,56,69,69,83,83,97,97,111,111,125,125,139,139,153,153,167,167,181,181,194,194,208,208,222,222,236,236,250,,,,,,,,,,,,,,,,,,,,,,,,,,,,,,,,,,,,,,,,,,,,,,,,,,,,,,,,,,,,,,,,,,,,,,,,,,,,,,,,,,,,,,,,,,,,,,,,,,,,,,,,,,
mSfUAcOwDu8_000008_000018.mp4,11,juggling soccer ball,30.0,2.4,10.0,72,300,72,93,93,113,113,134,134,155,155,176,176,196,196,217,217,238,238,259,259,279,279,300,,,,,,,,,,,,,,,,,,,,,,,,,,,,,,,,,,,,,,,,,,,,,,,,,,,,,,,,,,,,,,,,,,,,,,,,,,,,,,,,,,,,,,,,,,,,,,,,,,,,,,,,,,,,,,,,,,,,,,,,
mugge3L3wow_000073_000083.mp4,8,juggling soccer ball,29.97,0.0,7.04,0,211,0,26,26,53,53,79,79,106,106,132,132,158,158,185,185,211,,,,,,,,,,,,,,,,,,,,,,,,,,,,,,,,,,,,,,,,,,,,,,,,,,,,,,,,,,,,,,,,,,,,,,,,,,,,,,,,,,,,,,,,,,,,,,,,,,,,,,,,,,,,,,,,,,,,,,,,,,,,,,
m0nuFUfq7Fg_000018_000028.mp4,4,juggling soccer ball,29.95,3.3,5.97,99,179,99,119,119,139,139,159,159,179,,,,,,,,,,,,,,,,,,,,,,,,,,,,,,,,,,,,,,,,,,,,,,,,,,,,,,,,,,,,,,,,,,,,,,,,,,,,,,,,,,,,,,,,,,,,,,,,,,,,,,,,,,,,,,,,,,,,,,,,,,,,,,,,,,,,,,
nIJ4q_zmQIY_000019_000029.mp4,3,juggling soccer ball,30.0,0.0,2.13,0,64,0,21,21,43,43,64,,,,,,,,,,,,,,,,,,,,,,,,,,,,,,,,,,,,,,,,,,,,,,,,,,,,,,,,,,,,,,,,,,,,,,,,,,,,,,,,,,,,,,,,,,,,,,,,,,,,,,,,,,,,,,,,,,,,,,,,,,,,,,,,,,,,,,,,
nk5k_jqwMgE_000010_000020.mp4,4,juggling soccer ball,30.0,5.57,8.17,167,245,167,187,187,206,206,225,225,245,,,,,,,,,,,,,,,,,,,,,,,,,,,,,,,,,,,,,,,,,,,,,,,,,,,,,,,,,,,,,,,,,,,,,,,,,,,,,,,,,,,,,,,,,,,,,,,,,,,,,,,,,,,,,,,,,,,,,,,,,,,,,,,,,,,,,,
oFB1BfnEyWw_000011_000021.mp4,13,juggling soccer ball,30.0,0.0,8.63,0,259,0,20,20,40,40,60,60,80,80,100,100,120,120,139,139,159,159,179,179,199,199,219,219,239,239,259,,,,,,,,,,,,,,,,,,,,,,,,,,,,,,,,,,,,,,,,,,,,,,,,,,,,,,,,,,,,,,,,,,,,,,,,,,,,,,,,,,,,,,,,,,,,,,,,,,,,,,,,,,,,,,,,,,,,
oIDXnbpHF-8_000007_000017.mp4,8,juggling soccer ball,30.0,0.0,5.03,0,151,0,19,19,38,38,57,57,76,76,94,94,113,113,132,132,151,,,,,,,,,,,,,,,,,,,,,,,,,,,,,,,,,,,,,,,,,,,,,,,,,,,,,,,,,,,,,,,,,,,,,,,,,,,,,,,,,,,,,,,,,,,,,,,,,,,,,,,,,,,,,,,,,,,,,,,,,,,,,,
oQd4f1priCk_000011_000021.mp4,7,juggling soccer ball,15.0,0.0,4.57,0,69,0,10,10,20,20,30,30,39,39,49,49,59,59,69,,,,,,,,,,,,,,,,,,,,,,,,,,,,,,,,,,,,,,,,,,,,,,,,,,,,,,,,,,,,,,,,,,,,,,,,,,,,,,,,,,,,,,,,,,,,,,,,,,,,,,,,,,,,,,,,,,,,,,,,,,,,,,,,
oQd4f1priCk_000011_000021.mp4,4,juggling soccer ball,15.0,7.87,10.0,118,150,118,126,126,134,134,142,142,150,,,,,,,,,,,,,,,,,,,,,,,,,,,,,,,,,,,,,,,,,,,,,,,,,,,,,,,,,,,,,,,,,,,,,,,,,,,,,,,,,,,,,,,,,,,,,,,,,,,,,,,,,,,,,,,,,,,,,,,,,,,,,,,,,,,,,,
oqjMc54RB9w_000110_000120.mp4,28,juggling soccer ball,29.97,0.0,9.98,0,299,0,11,11,21,21,32,32,43,43,53,53,64,64,75,75,85,85,96,96,107,107,117,117,128,128,139,139,150,150,160,160,171,171,182,182,192,192,203,203,214,214,224,224,235,235,246,246,256,256,267,267,278,278,288,288,299,,,,,,,,,,,,,,,,,,,,,,,,,,,,,,,,,,,,,,,,,,,,,,,,,,,,,,,,,,,,,,,,,,,,,,,,,,,,,,,,,,,,,,
o6VXqemdLg8_000181_000191.mp4,12,juggling soccer ball,30.0,0.0,8.12,0,244,0,20,20,41,41,61,61,81,81,102,102,122,122,142,142,163,163,183,183,203,203,224,224,244,,,,,,,,,,,,,,,,,,,,,,,,,,,,,,,,,,,,,,,,,,,,,,,,,,,,,,,,,,,,,,,,,,,,,,,,,,,,,,,,,,,,,,,,,,,,,,,,,,,,,,,,,,,,,,,,,,,,,,
o-cqzn47rss_000080_000090.mp4,4,juggling soccer ball,30.0,0.0,1.97,0,59,0,15,15,30,30,44,44,59,,,,,,,,,,,,,,,,,,,,,,,,,,,,,,,,,,,,,,,,,,,,,,,,,,,,,,,,,,,,,,,,,,,,,,,,,,,,,,,,,,,,,,,,,,,,,,,,,,,,,,,,,,,,,,,,,,,,,,,,,,,,,,,,,,,,,,
o-cqzn47rss_000080_000090.mp4,9,juggling soccer ball,30.0,5.83,10.0,175,300,175,189,189,203,203,217,217,231,231,244,244,258,258,272,272,286,286,300,,,,,,,,,,,,,,,,,,,,,,,,,,,,,,,,,,,,,,,,,,,,,,,,,,,,,,,,,,,,,,,,,,,,,,,,,,,,,,,,,,,,,,,,,,,,,,,,,,,,,,,,,,,,,,,,,,,,,,,,,,,,
pDJzsvU2gIs_000000_000010.mp4,9,juggling soccer ball,29.97,0.7,6.64,21,199,21,41,41,61,61,80,80,100,100,120,120,140,140,159,159,179,179,199,,,,,,,,,,,,,,,,,,,,,,,,,,,,,,,,,,,,,,,,,,,,,,,,,,,,,,,,,,,,,,,,,,,,,,,,,,,,,,,,,,,,,,,,,,,,,,,,,,,,,,,,,,,,,,,,,,,,,,,,,,,,
p9RbGJXZhiM_000094_000104.mp4,16,juggling soccer ball,30.0,0.0,9.1,0,273,0,17,17,34,34,51,51,68,68,85,85,102,102,119,119,136,136,154,154,171,171,188,188,205,205,222,222,239,239,256,256,273,,,,,,,,,,,,,,,,,,,,,,,,,,,,,,,,,,,,,,,,,,,,,,,,,,,,,,,,,,,,,,,,,,,,,,,,,,,,,,,,,,,,,,,,,,,,,,,,,,,,,,,,,,,,,,
qtTKtxoS1QE_000036_000046.mp4,8,juggling soccer ball,25.0,0.0,6.28,0,157,0,20,20,39,39,59,59,78,78,98,98,118,118,137,137,157,,,,,,,,,,,,,,,,,,,,,,,,,,,,,,,,,,,,,,,,,,,,,,,,,,,,,,,,,,,,,,,,,,,,,,,,,,,,,,,,,,,,,,,,,,,,,,,,,,,,,,,,,,,,,,,,,,,,,,,,,,,,,,
q5-cCIfKgD4_000075_000085.mp4,7,juggling soccer ball,25.0,0.0,10.0,0,250,0,36,36,71,71,107,107,143,143,179,179,214,214,250,,,,,,,,,,,,,,,,,,,,,,,,,,,,,,,,,,,,,,,,,,,,,,,,,,,,,,,,,,,,,,,,,,,,,,,,,,,,,,,,,,,,,,,,,,,,,,,,,,,,,,,,,,,,,,,,,,,,,,,,,,,,,,,,
rJquXk3DVmU_000006_000016.mp4,21,juggling soccer ball,29.97,0.0,9.58,0,287,0,14,14,27,27,41,41,55,55,68,68,82,82,96,96,109,109,123,123,137,137,150,150,164,164,178,178,191,191,205,205,219,219,232,232,246,246,260,260,273,273,287,,,,,,,,,,,,,,,,,,,,,,,,,,,,,,,,,,,,,,,,,,,,,,,,,,,,,,,,,,,,,,,,,,,,,,,,,,,,,,,,,,,,,,,,,,,,,,,,,,,,
rhupd9tzSVA_000016_000026.mp4,12,juggling soccer ball,25.0,2.38,10.0,60,250,60,76,76,92,92,108,108,123,123,139,139,155,155,171,171,187,187,202,202,218,218,234,234,250,,,,,,,,,,,,,,,,,,,,,,,,,,,,,,,,,,,,,,,,,,,,,,,,,,,,,,,,,,,,,,,,,,,,,,,,,,,,,,,,,,,,,,,,,,,,,,,,,,,,,,,,,,,,,,,,,,,,,,
sAaOphUy0dQ_000329_000339.mp4,3,juggling soccer ball,9.97,2.55,5.0,25,50,25,33,33,42,42,50,,,,,,,,,,,,,,,,,,,,,,,,,,,,,,,,,,,,,,,,,,,,,,,,,,,,,,,,,,,,,,,,,,,,,,,,,,,,,,,,,,,,,,,,,,,,,,,,,,,,,,,,,,,,,,,,,,,,,,,,,,,,,,,,,,,,,,,,
sAaOphUy0dQ_000329_000339.mp4,2,juggling soccer ball,9.97,6.09,7.55,61,75,61,68,68,75,,,,,,,,,,,,,,,,,,,,,,,,,,,,,,,,,,,,,,,,,,,,,,,,,,,,,,,,,,,,,,,,,,,,,,,,,,,,,,,,,,,,,,,,,,,,,,,,,,,,,,,,,,,,,,,,,,,,,,,,,,,,,,,,,,,,,,,,,,
sVTUhon4yf8_000009_000019.mp4,11,juggling soccer ball,30.0,4.0,10.0,120,300,120,136,136,153,153,169,169,185,185,202,202,218,218,235,235,251,251,267,267,284,284,300,,,,,,,,,,,,,,,,,,,,,,,,,,,,,,,,,,,,,,,,,,,,,,,,,,,,,,,,,,,,,,,,,,,,,,,,,,,,,,,,,,,,,,,,,,,,,,,,,,,,,,,,,,,,,,,,,,,,,,,,
sc_NB30IuAs_000000_000010.mp4,17,juggling soccer ball,30.0,0.0,10.0,0,300,0,18,18,35,35,53,53,71,71,88,88,106,106,124,124,141,141,159,159,176,176,194,194,212,212,229,229,247,247,265,265,282,282,300,,,,,,,,,,,,,,,,,,,,,,,,,,,,,,,,,,,,,,,,,,,,,,,,,,,,,,,,,,,,,,,,,,,,,,,,,,,,,,,,,,,,,,,,,,,,,,,,,,,,,,,,,,,,
tfum65sMv5I_000040_000050.mp4,3,juggling soccer ball,25.0,0.0,2.62,0,66,0,22,22,44,44,66,,,,,,,,,,,,,,,,,,,,,,,,,,,,,,,,,,,,,,,,,,,,,,,,,,,,,,,,,,,,,,,,,,,,,,,,,,,,,,,,,,,,,,,,,,,,,,,,,,,,,,,,,,,,,,,,,,,,,,,,,,,,,,,,,,,,,,,,
tfum65sMv5I_000040_000050.mp4,4,juggling soccer ball,25.0,5.72,7.68,143,192,143,155,155,167,167,180,180,192,,,,,,,,,,,,,,,,,,,,,,,,,,,,,,,,,,,,,,,,,,,,,,,,,,,,,,,,,,,,,,,,,,,,,,,,,,,,,,,,,,,,,,,,,,,,,,,,,,,,,,,,,,,,,,,,,,,,,,,,,,,,,,,,,,,,,,
tgYo1OIi6ZQ_000003_000013.mp4,2,juggling soccer ball,30.0,4.67,10.0,140,300,140,220,220,300,,,,,,,,,,,,,,,,,,,,,,,,,,,,,,,,,,,,,,,,,,,,,,,,,,,,,,,,,,,,,,,,,,,,,,,,,,,,,,,,,,,,,,,,,,,,,,,,,,,,,,,,,,,,,,,,,,,,,,,,,,,,,,,,,,,,,,,,,,
t0lK6bvp12s_000117_000127.mp4,10,juggling soccer ball,30.0,0.0,5.62,0,169,0,17,17,34,34,51,51,68,68,84,84,101,101,118,118,135,135,152,152,169,,,,,,,,,,,,,,,,,,,,,,,,,,,,,,,,,,,,,,,,,,,,,,,,,,,,,,,,,,,,,,,,,,,,,,,,,,,,,,,,,,,,,,,,,,,,,,,,,,,,,,,,,,,,,,,,,,,,,,,,,,
t7ACNYMaZIc_000082_000092.mp4,8,juggling soccer ball,30.0,0.0,5.59,0,168,0,21,21,42,42,63,63,84,84,105,105,126,126,147,147,168,,,,,,,,,,,,,,,,,,,,,,,,,,,,,,,,,,,,,,,,,,,,,,,,,,,,,,,,,,,,,,,,,,,,,,,,,,,,,,,,,,,,,,,,,,,,,,,,,,,,,,,,,,,,,,,,,,,,,,,,,,,,,,
uDVd3cx4lws_000014_000024.mp4,7,juggling soccer ball,29.97,0.0,4.8,0,144,0,21,21,41,41,62,62,82,82,103,103,123,123,144,,,,,,,,,,,,,,,,,,,,,,,,,,,,,,,,,,,,,,,,,,,,,,,,,,,,,,,,,,,,,,,,,,,,,,,,,,,,,,,,,,,,,,,,,,,,,,,,,,,,,,,,,,,,,,,,,,,,,,,,,,,,,,,,
wZFYlQXfGC8_000295_000305.mp4,11,juggling soccer ball,29.97,0.0,9.94,0,298,0,27,27,54,54,81,81,108,108,135,135,163,163,190,190,217,217,244,244,271,271,298,,,,,,,,,,,,,,,,,,,,,,,,,,,,,,,,,,,,,,,,,,,,,,,,,,,,,,,,,,,,,,,,,,,,,,,,,,,,,,,,,,,,,,,,,,,,,,,,,,,,,,,,,,,,,,,,,,,,,,,,
yq5AwA7xLwE_000041_000051.mp4,6,juggling soccer ball,29.97,0.0,3.4,0,102,0,17,17,34,34,51,51,68,68,85,85,102,,,,,,,,,,,,,,,,,,,,,,,,,,,,,,,,,,,,,,,,,,,,,,,,,,,,,,,,,,,,,,,,,,,,,,,,,,,,,,,,,,,,,,,,,,,,,,,,,,,,,,,,,,,,,,,,,,,,,,,,,,,,,,,,,,
zBwBvHSHVr8_000010_000020.mp4,15,juggling soccer ball,15.0,0.0,9.13,0,137,0,9,9,18,18,27,27,37,37,46,46,55,55,64,64,73,73,82,82,91,91,100,100,110,110,119,119,128,128,137,,,,,,,,,,,,,,,,,,,,,,,,,,,,,,,,,,,,,,,,,,,,,,,,,,,,,,,,,,,,,,,,,,,,,,,,,,,,,,,,,,,,,,,,,,,,,,,,,,,,,,,,,,,,,,,,
zBwBvHSHVr8_000017_000027.mp4,15,kicking soccer ball,15.0,0.0,9.13,0,137,0,9,9,18,18,27,27,37,37,46,46,55,55,64,64,73,73,82,82,91,91,100,100,110,110,119,119,128,128,137,,,,,,,,,,,,,,,,,,,,,,,,,,,,,,,,,,,,,,,,,,,,,,,,,,,,,,,,,,,,,,,,,,,,,,,,,,,,,,,,,,,,,,,,,,,,,,,,,,,,,,,,,,,,,,,,
zqXV78KdzAo_000013_000023.mp4,2,juggling soccer ball,29.97,2.04,4.1,61,123,61,92,92,123,,,,,,,,,,,,,,,,,,,,,,,,,,,,,,,,,,,,,,,,,,,,,,,,,,,,,,,,,,,,,,,,,,,,,,,,,,,,,,,,,,,,,,,,,,,,,,,,,,,,,,,,,,,,,,,,,,,,,,,,,,,,,,,,,,,,,,,,,,
0Byb4qkFe6w_000081_000091.mp4,13,juggling soccer ball,30.0,0.0,7.8,0,234,0,18,18,36,36,54,54,72,72,90,90,108,108,126,126,144,144,162,162,180,180,198,198,216,216,234,,,,,,,,,,,,,,,,,,,,,,,,,,,,,,,,,,,,,,,,,,,,,,,,,,,,,,,,,,,,,,,,,,,,,,,,,,,,,,,,,,,,,,,,,,,,,,,,,,,,,,,,,,,,,,,,,,,,
0Z1uxgfM-5U_000041_000051.mp4,3,juggling soccer ball,24.0,7.75,9.71,186,233,186,202,202,217,217,233,,,,,,,,,,,,,,,,,,,,,,,,,,,,,,,,,,,,,,,,,,,,,,,,,,,,,,,,,,,,,,,,,,,,,,,,,,,,,,,,,,,,,,,,,,,,,,,,,,,,,,,,,,,,,,,,,,,,,,,,,,,,,,,,,,,,,,,,
0q0j95ANrms_000057_000067.mp4,18,juggling soccer ball,23.92,0.0,9.95,0,238,0,13,13,26,26,40,40,53,53,66,66,79,79,93,93,106,106,119,119,132,132,145,145,159,159,172,172,185,185,198,198,212,212,225,225,238,,,,,,,,,,,,,,,,,,,,,,,,,,,,,,,,,,,,,,,,,,,,,,,,,,,,,,,,,,,,,,,,,,,,,,,,,,,,,,,,,,,,,,,,,,,,,,,,,,,,,,,,,,
0x9C9vMtxD4_000127_000137.mp4,14,juggling soccer ball,25.0,0.0,5.64,0,141,0,10,10,20,20,30,30,40,40,50,50,60,60,70,70,81,81,91,91,101,101,111,111,121,121,131,131,141,,,,,,,,,,,,,,,,,,,,,,,,,,,,,,,,,,,,,,,,,,,,,,,,,,,,,,,,,,,,,,,,,,,,,,,,,,,,,,,,,,,,,,,,,,,,,,,,,,,,,,,,,,,,,,,,,,
1Ssb6RnzL-A_000001_000011.mp4,13,juggling soccer ball,29.97,0.6,9.21,18,276,18,38,38,58,58,78,78,97,97,117,117,137,137,157,157,177,177,197,197,216,216,236,236,256,256,276,,,,,,,,,,,,,,,,,,,,,,,,,,,,,,,,,,,,,,,,,,,,,,,,,,,,,,,,,,,,,,,,,,,,,,,,,,,,,,,,,,,,,,,,,,,,,,,,,,,,,,,,,,,,,,,,,,,,
1bGlqHFmlMM_000031_000041.mp4,26,juggling soccer ball,30.0,0.0,10.0,0,300,0,12,12,23,23,35,35,46,46,58,58,69,69,81,81,92,92,104,104,115,115,127,127,138,138,150,150,162,162,173,173,185,185,196,196,208,208,219,219,231,231,242,242,254,254,265,265,277,277,288,288,300,,,,,,,,,,,,,,,,,,,,,,,,,,,,,,,,,,,,,,,,,,,,,,,,,,,,,,,,,,,,,,,,,,,,,,,,,,,,,,,,,,,,,,,,,,
2OB9Z2SL3BE_000071_000081.mp4,7,juggling soccer ball,25.0,0.0,4.0,0,100,0,14,14,29,29,43,43,57,57,71,71,86,86,100,,,,,,,,,,,,,,,,,,,,,,,,,,,,,,,,,,,,,,,,,,,,,,,,,,,,,,,,,,,,,,,,,,,,,,,,,,,,,,,,,,,,,,,,,,,,,,,,,,,,,,,,,,,,,,,,,,,,,,,,,,,,,,,,
2guqkYeHlCA_000015_000025.mp4,9,juggling soccer ball,10.0,0.0,5.8,0,58,0,6,6,13,13,19,19,26,26,32,32,39,39,45,45,52,52,58,,,,,,,,,,,,,,,,,,,,,,,,,,,,,,,,,,,,,,,,,,,,,,,,,,,,,,,,,,,,,,,,,,,,,,,,,,,,,,,,,,,,,,,,,,,,,,,,,,,,,,,,,,,,,,,,,,,,,,,,,,,,
3YuyLqskcc8_000017_000027.mp4,13,juggling soccer ball,23.98,0.0,8.68,0,208,0,16,16,32,32,48,48,64,64,80,80,96,96,112,112,128,128,144,144,160,160,176,176,192,192,208,,,,,,,,,,,,,,,,,,,,,,,,,,,,,,,,,,,,,,,,,,,,,,,,,,,,,,,,,,,,,,,,,,,,,,,,,,,,,,,,,,,,,,,,,,,,,,,,,,,,,,,,,,,,,,,,,,,,
32K6CeUzJvg_000048_000058.mp4,6,juggling soccer ball,30.0,0.0,4.83,0,145,0,24,24,48,48,72,72,97,97,121,121,145,,,,,,,,,,,,,,,,,,,,,,,,,,,,,,,,,,,,,,,,,,,,,,,,,,,,,,,,,,,,,,,,,,,,,,,,,,,,,,,,,,,,,,,,,,,,,,,,,,,,,,,,,,,,,,,,,,,,,,,,,,,,,,,,,,
4kDmPvYr6Mo_000077_000087.mp4,7,juggling soccer ball,14.54,0.0,4.82,0,70,0,10,10,20,20,30,30,40,40,50,50,60,60,70,,,,,,,,,,,,,,,,,,,,,,,,,,,,,,,,,,,,,,,,,,,,,,,,,,,,,,,,,,,,,,,,,,,,,,,,,,,,,,,,,,,,,,,,,,,,,,,,,,,,,,,,,,,,,,,,,,,,,,,,,,,,,,,,
4qEYlnS0kQA_000457_000467.mp4,18,juggling soccer ball,29.97,0.0,9.98,0,299,0,17,17,33,33,50,50,66,66,83,83,100,100,116,116,133,133,150,150,166,166,183,183,199,199,216,216,233,233,249,249,266,266,282,282,299,,,,,,,,,,,,,,,,,,,,,,,,,,,,,,,,,,,,,,,,,,,,,,,,,,,,,,,,,,,,,,,,,,,,,,,,,,,,,,,,,,,,,,,,,,,,,,,,,,,,,,,,,,
5ogPyRTZ21k_000046_000056.mp4,3,juggling soccer ball,30.0,0.0,1.33,0,40,0,13,13,27,27,40,,,,,,,,,,,,,,,,,,,,,,,,,,,,,,,,,,,,,,,,,,,,,,,,,,,,,,,,,,,,,,,,,,,,,,,,,,,,,,,,,,,,,,,,,,,,,,,,,,,,,,,,,,,,,,,,,,,,,,,,,,,,,,,,,,,,,,,,
5ymVYO4Al98_000121_000131.mp4,19,juggling soccer ball,30.0,0.0,10.0,0,300,0,16,16,32,32,47,47,63,63,79,79,95,95,111,111,126,126,142,142,158,158,174,174,189,189,205,205,221,221,237,237,253,253,268,268,284,284,300,,,,,,,,,,,,,,,,,,,,,,,,,,,,,,,,,,,,,,,,,,,,,,,,,,,,,,,,,,,,,,,,,,,,,,,,,,,,,,,,,,,,,,,,,,,,,,,,,,,,,,,,
6Cz3Fj8su_k_000230_000240.mp4,10,juggling soccer ball,30.0,0.0,6.4,0,192,0,19,19,38,38,58,58,77,77,96,96,115,115,134,134,154,154,173,173,192,,,,,,,,,,,,,,,,,,,,,,,,,,,,,,,,,,,,,,,,,,,,,,,,,,,,,,,,,,,,,,,,,,,,,,,,,,,,,,,,,,,,,,,,,,,,,,,,,,,,,,,,,,,,,,,,,,,,,,,,,,
6Cz3Fj8su_k_000230_000240.mp4,4,juggling soccer ball,30.0,7.87,10.0,236,300,236,252,252,268,268,284,284,300,,,,,,,,,,,,,,,,,,,,,,,,,,,,,,,,,,,,,,,,,,,,,,,,,,,,,,,,,,,,,,,,,,,,,,,,,,,,,,,,,,,,,,,,,,,,,,,,,,,,,,,,,,,,,,,,,,,,,,,,,,,,,,,,,,,,,,
6tIalN4k2Ro_000138_000148.mp4,13,juggling soccer ball,30.0,0.0,8.27,0,248,0,19,19,38,38,57,57,76,76,95,95,114,114,134,134,153,153,172,172,191,191,210,210,229,229,248,,,,,,,,,,,,,,,,,,,,,,,,,,,,,,,,,,,,,,,,,,,,,,,,,,,,,,,,,,,,,,,,,,,,,,,,,,,,,,,,,,,,,,,,,,,,,,,,,,,,,,,,,,,,,,,,,,,,
7Mr4eCaGaN8_000003_000013.mp4,2,juggling soccer ball,30.0,1.97,2.9,59,87,59,73,73,87,,,,,,,,,,,,,,,,,,,,,,,,,,,,,,,,,,,,,,,,,,,,,,,,,,,,,,,,,,,,,,,,,,,,,,,,,,,,,,,,,,,,,,,,,,,,,,,,,,,,,,,,,,,,,,,,,,,,,,,,,,,,,,,,,,,,,,,,,,
7u7bZsPmsgs_000024_000034.mp4,20,juggling soccer ball,29.98,0.0,9.97,0,299,0,15,15,30,30,45,45,60,60,75,75,90,90,105,105,120,120,135,135,150,150,164,164,179,179,194,194,209,209,224,224,239,239,254,254,269,269,284,284,299,,,,,,,,,,,,,,,,,,,,,,,,,,,,,,,,,,,,,,,,,,,,,,,,,,,,,,,,,,,,,,,,,,,,,,,,,,,,,,,,,,,,,,,,,,,,,,,,,,,,,,
8CECtLqmusQ_000012_000022.mp4,11,juggling soccer ball,30.0,0.0,6.72,0,202,0,18,18,37,37,55,55,73,73,92,92,110,110,129,129,147,147,165,165,184,184,202,,,,,,,,,,,,,,,,,,,,,,,,,,,,,,,,,,,,,,,,,,,,,,,,,,,,,,,,,,,,,,,,,,,,,,,,,,,,,,,,,,,,,,,,,,,,,,,,,,,,,,,,,,,,,,,,,,,,,,,,
8Q9pPZdicRo_000075_000085.mp4,7,juggling soccer ball,30.0,2.47,7.07,74,212,74,94,94,113,113,133,133,153,153,173,173,192,192,212,,,,,,,,,,,,,,,,,,,,,,,,,,,,,,,,,,,,,,,,,,,,,,,,,,,,,,,,,,,,,,,,,,,,,,,,,,,,,,,,,,,,,,,,,,,,,,,,,,,,,,,,,,,,,,,,,,,,,,,,,,,,,,,,
9VL8qqiTnOw_000033_000043.mp4,5,juggling soccer ball,30.0,0.0,3.2,0,96,0,19,19,38,38,58,58,77,77,96,,,,,,,,,,,,,,,,,,,,,,,,,,,,,,,,,,,,,,,,,,,,,,,,,,,,,,,,,,,,,,,,,,,,,,,,,,,,,,,,,,,,,,,,,,,,,,,,,,,,,,,,,,,,,,,,,,,,,,,,,,,,,,,,,,,,
9fydbnuFSxU_000191_000201.mp4,6,juggling soccer ball,14.54,0.0,3.67,0,53,0,9,9,18,18,26,26,35,35,44,44,53,,,,,,,,,,,,,,,,,,,,,,,,,,,,,,,,,,,,,,,,,,,,,,,,,,,,,,,,,,,,,,,,,,,,,,,,,,,,,,,,,,,,,,,,,,,,,,,,,,,,,,,,,,,,,,,,,,,,,,,,,,,,,,,,,,
9fydbnuFSxU_000191_000201.mp4,4,juggling soccer ball,14.54,4.2,6.13,61,89,61,68,68,75,75,82,82,89,,,,,,,,,,,,,,,,,,,,,,,,,,,,,,,,,,,,,,,,,,,,,,,,,,,,,,,,,,,,,,,,,,,,,,,,,,,,,,,,,,,,,,,,,,,,,,,,,,,,,,,,,,,,,,,,,,,,,,,,,,,,,,,,,,,,,,
9fydbnuFSxU_000191_000201.mp4,4,juggling soccer ball,14.54,6.67,9.13,97,133,97,106,106,115,115,124,124,133,,,,,,,,,,,,,,,,,,,,,,,,,,,,,,,,,,,,,,,,,,,,,,,,,,,,,,,,,,,,,,,,,,,,,,,,,,,,,,,,,,,,,,,,,,,,,,,,,,,,,,,,,,,,,,,,,,,,,,,,,,,,,,,,,,,,,,
-AvjZ4eRgRM_000052_000062.mp4,4,juggling soccer ball,15.0,5.87,10.0,88,150,88,104,104,119,119,134,134,150,,,,,,,,,,,,,,,,,,,,,,,,,,,,,,,,,,,,,,,,,,,,,,,,,,,,,,,,,,,,,,,,,,,,,,,,,,,,,,,,,,,,,,,,,,,,,,,,,,,,,,,,,,,,,,,,,,,,,,,,,,,,,,,,,,,,,,
-wqO1xq22BM_000001_000011.mp4,2,juggling soccer ball,30.0,1.93,3.0,58,90,58,74,74,90,,,,,,,,,,,,,,,,,,,,,,,,,,,,,,,,,,,,,,,,,,,,,,,,,,,,,,,,,,,,,,,,,,,,,,,,,,,,,,,,,,,,,,,,,,,,,,,,,,,,,,,,,,,,,,,,,,,,,,,,,,,,,,,,,,,,,,,,,,
_itUC68ovn4_000009_000019.mp4,14,juggling soccer ball,29.97,0.0,8.07,0,242,0,17,17,35,35,52,52,69,69,86,86,104,104,121,121,138,138,156,156,173,173,190,190,207,207,225,225,242,,,,,,,,,,,,,,,,,,,,,,,,,,,,,,,,,,,,,,,,,,,,,,,,,,,,,,,,,,,,,,,,,,,,,,,,,,,,,,,,,,,,,,,,,,,,,,,,,,,,,,,,,,,,,,,,,,
Aob-I6gP7Iw_000001_000011.mp4,3,jumping jacks,29.97,0.0,3.77,0,113,0,38,38,75,75,113,,,,,,,,,,,,,,,,,,,,,,,,,,,,,,,,,,,,,,,,,,,,,,,,,,,,,,,,,,,,,,,,,,,,,,,,,,,,,,,,,,,,,,,,,,,,,,,,,,,,,,,,,,,,,,,,,,,,,,,,,,,,,,,,,,,,,,,,
Aob-I6gP7Iw_000001_000011.mp4,7,jumping jacks,29.97,4.49,9.04,135,271,135,154,154,174,174,193,193,213,213,232,232,252,252,271,,,,,,,,,,,,,,,,,,,,,,,,,,,,,,,,,,,,,,,,,,,,,,,,,,,,,,,,,,,,,,,,,,,,,,,,,,,,,,,,,,,,,,,,,,,,,,,,,,,,,,,,,,,,,,,,,,,,,,,,,,,,,,,,
A9ABeh6UxIE_000000_000010.mp4,11,jumping jacks,24.0,0.0,9.97,0,239,0,22,22,43,43,65,65,87,87,109,109,130,130,152,152,174,174,196,196,217,217,239,,,,,,,,,,,,,,,,,,,,,,,,,,,,,,,,,,,,,,,,,,,,,,,,,,,,,,,,,,,,,,,,,,,,,,,,,,,,,,,,,,,,,,,,,,,,,,,,,,,,,,,,,,,,,,,,,,,,,,,,
BAq26zEd6SE_000031_000041.mp4,6,jumping jacks,25.0,0.0,9.98,0,250,0,42,42,83,83,125,125,167,167,208,208,250,,,,,,,,,,,,,,,,,,,,,,,,,,,,,,,,,,,,,,,,,,,,,,,,,,,,,,,,,,,,,,,,,,,,,,,,,,,,,,,,,,,,,,,,,,,,,,,,,,,,,,,,,,,,,,,,,,,,,,,,,,,,,,,,,,
BF5praFFDRE_000426_000436.mp4,6,jumping jacks,29.97,1.1,9.94,33,298,33,77,77,121,121,165,165,210,210,254,254,298,,,,,,,,,,,,,,,,,,,,,,,,,,,,,,,,,,,,,,,,,,,,,,,,,,,,,,,,,,,,,,,,,,,,,,,,,,,,,,,,,,,,,,,,,,,,,,,,,,,,,,,,,,,,,,,,,,,,,,,,,,,,,,,,,,
BHhGGt7hHng_000004_000014.mp4,10,jumping jacks,19.9,0.0,9.94,0,198,0,20,20,40,40,59,59,79,79,99,99,119,119,139,139,158,158,178,178,198,,,,,,,,,,,,,,,,,,,,,,,,,,,,,,,,,,,,,,,,,,,,,,,,,,,,,,,,,,,,,,,,,,,,,,,,,,,,,,,,,,,,,,,,,,,,,,,,,,,,,,,,,,,,,,,,,,,,,,,,,,
CqqZtbnCzTM_000008_000018.mp4,11,jumping jacks,29.97,0.0,9.58,0,287,0,26,26,52,52,78,78,104,104,130,130,157,157,183,183,209,209,235,235,261,261,287,,,,,,,,,,,,,,,,,,,,,,,,,,,,,,,,,,,,,,,,,,,,,,,,,,,,,,,,,,,,,,,,,,,,,,,,,,,,,,,,,,,,,,,,,,,,,,,,,,,,,,,,,,,,,,,,,,,,,,,,
DHbcofP3gkY_000002_000012.mp4,4,jumping jacks,30.0,6.77,10.0,203,300,203,227,227,251,251,276,276,300,,,,,,,,,,,,,,,,,,,,,,,,,,,,,,,,,,,,,,,,,,,,,,,,,,,,,,,,,,,,,,,,,,,,,,,,,,,,,,,,,,,,,,,,,,,,,,,,,,,,,,,,,,,,,,,,,,,,,,,,,,,,,,,,,,,,,,
DI6RmQHYduw_000000_000010.mp4,6,jumping jacks,25.0,0.0,6.08,0,152,0,25,25,51,51,76,76,101,101,127,127,152,,,,,,,,,,,,,,,,,,,,,,,,,,,,,,,,,,,,,,,,,,,,,,,,,,,,,,,,,,,,,,,,,,,,,,,,,,,,,,,,,,,,,,,,,,,,,,,,,,,,,,,,,,,,,,,,,,,,,,,,,,,,,,,,,,
Eamw0TjkYdY_000015_000025.mp4,10,jumping jacks,30.0,0.0,10.0,0,300,0,30,30,60,60,90,90,120,120,150,150,180,180,210,210,240,240,270,270,300,,,,,,,,,,,,,,,,,,,,,,,,,,,,,,,,,,,,,,,,,,,,,,,,,,,,,,,,,,,,,,,,,,,,,,,,,,,,,,,,,,,,,,,,,,,,,,,,,,,,,,,,,,,,,,,,,,,,,,,,,,
F5wAVXgKghc_000005_000015.mp4,10,jumping jacks,30.0,0.0,10.0,0,300,0,30,30,60,60,90,90,120,120,150,150,180,180,210,210,240,240,270,270,300,,,,,,,,,,,,,,,,,,,,,,,,,,,,,,,,,,,,,,,,,,,,,,,,,,,,,,,,,,,,,,,,,,,,,,,,,,,,,,,,,,,,,,,,,,,,,,,,,,,,,,,,,,,,,,,,,,,,,,,,,,
G5Uvda5mdVk_000000_000010.mp4,5,jumping jacks,30.0,0.7,6.13,21,184,21,54,54,86,86,119,119,151,151,184,,,,,,,,,,,,,,,,,,,,,,,,,,,,,,,,,,,,,,,,,,,,,,,,,,,,,,,,,,,,,,,,,,,,,,,,,,,,,,,,,,,,,,,,,,,,,,,,,,,,,,,,,,,,,,,,,,,,,,,,,,,,,,,,,,,,
Iq2V18wd8vM_000031_000041.mp4,5,jumping jacks,30.0,1.5,7.0,45,210,45,78,78,111,111,144,144,177,177,210,,,,,,,,,,,,,,,,,,,,,,,,,,,,,,,,,,,,,,,,,,,,,,,,,,,,,,,,,,,,,,,,,,,,,,,,,,,,,,,,,,,,,,,,,,,,,,,,,,,,,,,,,,,,,,,,,,,,,,,,,,,,,,,,,,,,
JAC2Ee3oZdU_000018_000028.mp4,2,jumping jacks,15.0,0.0,4.33,0,65,0,32,32,65,,,,,,,,,,,,,,,,,,,,,,,,,,,,,,,,,,,,,,,,,,,,,,,,,,,,,,,,,,,,,,,,,,,,,,,,,,,,,,,,,,,,,,,,,,,,,,,,,,,,,,,,,,,,,,,,,,,,,,,,,,,,,,,,,,,,,,,,,,
J3348QQ-V1w_000000_000010.mp4,9,jumping jacks,30.0,1.47,10.0,44,300,44,72,72,101,101,129,129,158,158,186,186,215,215,243,243,272,272,300,,,,,,,,,,,,,,,,,,,,,,,,,,,,,,,,,,,,,,,,,,,,,,,,,,,,,,,,,,,,,,,,,,,,,,,,,,,,,,,,,,,,,,,,,,,,,,,,,,,,,,,,,,,,,,,,,,,,,,,,,,,,
K0rLsoLy1Ak_000000_000010.mp4,6,jumping jacks,29.97,0.37,5.37,11,161,11,36,36,61,61,86,86,111,111,136,136,161,,,,,,,,,,,,,,,,,,,,,,,,,,,,,,,,,,,,,,,,,,,,,,,,,,,,,,,,,,,,,,,,,,,,,,,,,,,,,,,,,,,,,,,,,,,,,,,,,,,,,,,,,,,,,,,,,,,,,,,,,,,,,,,,,,
K9xEfrOwWo8_000019_000029.mp4,11,jumping jacks,30.0,0.0,10.0,0,300,0,27,27,55,55,82,82,109,109,136,136,164,164,191,191,218,218,245,245,273,273,300,,,,,,,,,,,,,,,,,,,,,,,,,,,,,,,,,,,,,,,,,,,,,,,,,,,,,,,,,,,,,,,,,,,,,,,,,,,,,,,,,,,,,,,,,,,,,,,,,,,,,,,,,,,,,,,,,,,,,,,,
LBAujoJIP84_000000_000010.mp4,6,jumping jacks,30.0,0.37,6.23,11,187,11,40,40,70,70,99,99,128,128,158,158,187,,,,,,,,,,,,,,,,,,,,,,,,,,,,,,,,,,,,,,,,,,,,,,,,,,,,,,,,,,,,,,,,,,,,,,,,,,,,,,,,,,,,,,,,,,,,,,,,,,,,,,,,,,,,,,,,,,,,,,,,,,,,,,,,,,
LhNmFoojJg8_000002_000012.mp4,6,jumping jacks,29.97,0.0,9.94,0,298,0,50,50,99,99,149,149,199,199,248,248,298,,,,,,,,,,,,,,,,,,,,,,,,,,,,,,,,,,,,,,,,,,,,,,,,,,,,,,,,,,,,,,,,,,,,,,,,,,,,,,,,,,,,,,,,,,,,,,,,,,,,,,,,,,,,,,,,,,,,,,,,,,,,,,,,,,
LqwloThYE7Y_000035_000045.mp4,10,jumping jacks,23.98,0.0,9.93,0,238,0,24,24,48,48,71,71,95,95,119,119,143,143,167,167,190,190,214,214,238,,,,,,,,,,,,,,,,,,,,,,,,,,,,,,,,,,,,,,,,,,,,,,,,,,,,,,,,,,,,,,,,,,,,,,,,,,,,,,,,,,,,,,,,,,,,,,,,,,,,,,,,,,,,,,,,,,,,,,,,,,
L1NI7gAnLE4_000000_000010.mp4,5,jumping jacks,30.0,0.0,9.1,0,273,0,55,55,109,109,164,164,218,218,273,,,,,,,,,,,,,,,,,,,,,,,,,,,,,,,,,,,,,,,,,,,,,,,,,,,,,,,,,,,,,,,,,,,,,,,,,,,,,,,,,,,,,,,,,,,,,,,,,,,,,,,,,,,,,,,,,,,,,,,,,,,,,,,,,,,,
MADJrHyo1t4_000000_000010.mp4,6,jumping jacks,12.8,0.0,5.47,0,70,0,12,12,23,23,35,35,47,47,58,58,70,,,,,,,,,,,,,,,,,,,,,,,,,,,,,,,,,,,,,,,,,,,,,,,,,,,,,,,,,,,,,,,,,,,,,,,,,,,,,,,,,,,,,,,,,,,,,,,,,,,,,,,,,,,,,,,,,,,,,,,,,,,,,,,,,,
N3W0u17tLXk_000310_000320.mp4,12,jumping jacks,21.44,0.0,10.0,0,214,0,18,18,36,36,54,54,71,71,89,89,107,107,125,125,143,143,160,160,178,178,196,196,214,,,,,,,,,,,,,,,,,,,,,,,,,,,,,,,,,,,,,,,,,,,,,,,,,,,,,,,,,,,,,,,,,,,,,,,,,,,,,,,,,,,,,,,,,,,,,,,,,,,,,,,,,,,,,,,,,,,,,,
OHCjElV7cqM_000029_000039.mp4,6,jumping jacks,30.0,0.93,6.63,28,199,28,56,56,85,85,114,114,142,142,170,170,199,,,,,,,,,,,,,,,,,,,,,,,,,,,,,,,,,,,,,,,,,,,,,,,,,,,,,,,,,,,,,,,,,,,,,,,,,,,,,,,,,,,,,,,,,,,,,,,,,,,,,,,,,,,,,,,,,,,,,,,,,,,,,,,,,,
Q9nrtQsIwOQ_000011_000021.mp4,3,jumping jacks,30.0,1.9,8.27,57,248,57,121,121,184,184,248,,,,,,,,,,,,,,,,,,,,,,,,,,,,,,,,,,,,,,,,,,,,,,,,,,,,,,,,,,,,,,,,,,,,,,,,,,,,,,,,,,,,,,,,,,,,,,,,,,,,,,,,,,,,,,,,,,,,,,,,,,,,,,,,,,,,,,,,
Ry2hr9Ff0Fs_000005_000015.mp4,8,jumping jacks,29.97,0.0,9.97,0,299,0,37,37,75,75,112,112,150,150,187,187,224,224,262,262,299,,,,,,,,,,,,,,,,,,,,,,,,,,,,,,,,,,,,,,,,,,,,,,,,,,,,,,,,,,,,,,,,,,,,,,,,,,,,,,,,,,,,,,,,,,,,,,,,,,,,,,,,,,,,,,,,,,,,,,,,,,,,,,
SW10CFQo2lg_000006_000016.mp4,4,jumping jacks,29.97,0.0,3.87,0,116,0,29,29,58,58,87,87,116,,,,,,,,,,,,,,,,,,,,,,,,,,,,,,,,,,,,,,,,,,,,,,,,,,,,,,,,,,,,,,,,,,,,,,,,,,,,,,,,,,,,,,,,,,,,,,,,,,,,,,,,,,,,,,,,,,,,,,,,,,,,,,,,,,,,,,
SdHws6i9CUk_000005_000015.mp4,11,jumping jacks,29.92,0.0,9.79,0,293,0,27,27,53,53,80,80,107,107,133,133,160,160,186,186,213,213,240,240,266,266,293,,,,,,,,,,,,,,,,,,,,,,,,,,,,,,,,,,,,,,,,,,,,,,,,,,,,,,,,,,,,,,,,,,,,,,,,,,,,,,,,,,,,,,,,,,,,,,,,,,,,,,,,,,,,,,,,,,,,,,,,
TQgGbpuT0yI_000018_000028.mp4,8,jumping jacks,29.97,2.2,9.98,66,299,66,95,95,124,124,153,153,182,182,212,212,241,241,270,270,299,,,,,,,,,,,,,,,,,,,,,,,,,,,,,,,,,,,,,,,,,,,,,,,,,,,,,,,,,,,,,,,,,,,,,,,,,,,,,,,,,,,,,,,,,,,,,,,,,,,,,,,,,,,,,,,,,,,,,,,,,,,,,,
TghHFaaZysg_000012_000022.mp4,11,jumping jacks,25.0,0.0,9.92,0,248,0,23,23,45,45,68,68,90,90,113,113,135,135,158,158,180,180,203,203,225,225,248,,,,,,,,,,,,,,,,,,,,,,,,,,,,,,,,,,,,,,,,,,,,,,,,,,,,,,,,,,,,,,,,,,,,,,,,,,,,,,,,,,,,,,,,,,,,,,,,,,,,,,,,,,,,,,,,,,,,,,,,
T5a2wjNvOaI_000028_000038.mp4,12,jumping jacks,25.0,0.0,10.0,0,250,0,21,21,42,42,62,62,83,83,104,104,125,125,146,146,167,167,188,188,208,208,229,229,250,,,,,,,,,,,,,,,,,,,,,,,,,,,,,,,,,,,,,,,,,,,,,,,,,,,,,,,,,,,,,,,,,,,,,,,,,,,,,,,,,,,,,,,,,,,,,,,,,,,,,,,,,,,,,,,,,,,,,,
U3ZT2OunZbI_000000_000010.mp4,4,jumping jacks,29.97,0.0,4.57,0,137,0,34,34,68,68,103,103,137,,,,,,,,,,,,,,,,,,,,,,,,,,,,,,,,,,,,,,,,,,,,,,,,,,,,,,,,,,,,,,,,,,,,,,,,,,,,,,,,,,,,,,,,,,,,,,,,,,,,,,,,,,,,,,,,,,,,,,,,,,,,,,,,,,,,,,
WBotkxKIzps_000003_000013.mp4,4,jumping jacks,29.97,2.27,5.94,68,178,68,96,96,123,123,150,150,178,,,,,,,,,,,,,,,,,,,,,,,,,,,,,,,,,,,,,,,,,,,,,,,,,,,,,,,,,,,,,,,,,,,,,,,,,,,,,,,,,,,,,,,,,,,,,,,,,,,,,,,,,,,,,,,,,,,,,,,,,,,,,,,,,,,,,,
Xa5S4zyQQDA_000000_000010.mp4,7,jumping jacks,11.99,0.0,7.17,0,86,0,12,12,25,25,37,37,49,49,61,61,74,74,86,,,,,,,,,,,,,,,,,,,,,,,,,,,,,,,,,,,,,,,,,,,,,,,,,,,,,,,,,,,,,,,,,,,,,,,,,,,,,,,,,,,,,,,,,,,,,,,,,,,,,,,,,,,,,,,,,,,,,,,,,,,,,,,,
YhCca7NVWeg_000011_000021.mp4,2,jumping jacks,29.97,0.0,1.77,0,53,0,26,26,53,,,,,,,,,,,,,,,,,,,,,,,,,,,,,,,,,,,,,,,,,,,,,,,,,,,,,,,,,,,,,,,,,,,,,,,,,,,,,,,,,,,,,,,,,,,,,,,,,,,,,,,,,,,,,,,,,,,,,,,,,,,,,,,,,,,,,,,,,,
Zsdwn1oZLU0_000377_000387.mp4,3,jumping jacks,29.92,0.0,4.57,0,137,0,46,46,91,91,137,,,,,,,,,,,,,,,,,,,,,,,,,,,,,,,,,,,,,,,,,,,,,,,,,,,,,,,,,,,,,,,,,,,,,,,,,,,,,,,,,,,,,,,,,,,,,,,,,,,,,,,,,,,,,,,,,,,,,,,,,,,,,,,,,,,,,,,,
a0THvWEuNTQ_000000_000010.mp4,6,jumping jacks,29.97,0.0,6.01,0,180,0,30,30,60,60,90,90,120,120,150,150,180,,,,,,,,,,,,,,,,,,,,,,,,,,,,,,,,,,,,,,,,,,,,,,,,,,,,,,,,,,,,,,,,,,,,,,,,,,,,,,,,,,,,,,,,,,,,,,,,,,,,,,,,,,,,,,,,,,,,,,,,,,,,,,,,,,
eJaEi7R9AR8_000011_000021.mp4,7,jumping jacks,30.0,0.0,6.07,0,182,0,26,26,52,52,78,78,104,104,130,130,156,156,182,,,,,,,,,,,,,,,,,,,,,,,,,,,,,,,,,,,,,,,,,,,,,,,,,,,,,,,,,,,,,,,,,,,,,,,,,,,,,,,,,,,,,,,,,,,,,,,,,,,,,,,,,,,,,,,,,,,,,,,,,,,,,,,,
fGoWWMmutoI_000000_000010.mp4,6,jumping jacks,29.97,0.0,5.87,0,176,0,29,29,59,59,88,88,117,117,147,147,176,,,,,,,,,,,,,,,,,,,,,,,,,,,,,,,,,,,,,,,,,,,,,,,,,,,,,,,,,,,,,,,,,,,,,,,,,,,,,,,,,,,,,,,,,,,,,,,,,,,,,,,,,,,,,,,,,,,,,,,,,,,,,,,,,,
f-lTLahgneY_000080_000090.mp4,13,jumping jacks,29.97,0.0,9.98,0,299,0,23,23,46,46,69,69,92,92,115,115,138,138,161,161,184,184,207,207,230,230,253,253,276,276,299,,,,,,,,,,,,,,,,,,,,,,,,,,,,,,,,,,,,,,,,,,,,,,,,,,,,,,,,,,,,,,,,,,,,,,,,,,,,,,,,,,,,,,,,,,,,,,,,,,,,,,,,,,,,,,,,,,,,
gO3-bEzizrs_000011_000021.mp4,3,jumping jacks,29.97,0.0,3.3,0,99,0,33,33,66,66,99,,,,,,,,,,,,,,,,,,,,,,,,,,,,,,,,,,,,,,,,,,,,,,,,,,,,,,,,,,,,,,,,,,,,,,,,,,,,,,,,,,,,,,,,,,,,,,,,,,,,,,,,,,,,,,,,,,,,,,,,,,,,,,,,,,,,,,,,
gO7VgD-sptY_000017_000027.mp4,4,jumping jacks,29.97,0.0,3.74,0,112,0,28,28,56,56,84,84,112,,,,,,,,,,,,,,,,,,,,,,,,,,,,,,,,,,,,,,,,,,,,,,,,,,,,,,,,,,,,,,,,,,,,,,,,,,,,,,,,,,,,,,,,,,,,,,,,,,,,,,,,,,,,,,,,,,,,,,,,,,,,,,,,,,,,,,
gO7VgD-sptY_000017_000027.mp4,4,jumping jacks,29.97,5.27,9.98,158,299,158,193,193,228,228,264,264,299,,,,,,,,,,,,,,,,,,,,,,,,,,,,,,,,,,,,,,,,,,,,,,,,,,,,,,,,,,,,,,,,,,,,,,,,,,,,,,,,,,,,,,,,,,,,,,,,,,,,,,,,,,,,,,,,,,,,,,,,,,,,,,,,,,,,,,
joJiwtgnt_U_000008_000018.mp4,7,jumping jacks,6.96,3.36,9.57,23,67,23,29,29,36,36,42,42,48,48,54,54,61,61,67,,,,,,,,,,,,,,,,,,,,,,,,,,,,,,,,,,,,,,,,,,,,,,,,,,,,,,,,,,,,,,,,,,,,,,,,,,,,,,,,,,,,,,,,,,,,,,,,,,,,,,,,,,,,,,,,,,,,,,,,,,,,,,,,
j5QeY7ZH5-8_000000_000010.mp4,3,jumping jacks,29.97,0.0,6.47,0,194,0,65,65,129,129,194,,,,,,,,,,,,,,,,,,,,,,,,,,,,,,,,,,,,,,,,,,,,,,,,,,,,,,,,,,,,,,,,,,,,,,,,,,,,,,,,,,,,,,,,,,,,,,,,,,,,,,,,,,,,,,,,,,,,,,,,,,,,,,,,,,,,,,,,
mdYOiPom9uA_000020_000030.mp4,4,jumping jacks,25.0,6.0,9.28,150,232,150,170,170,191,191,212,212,232,,,,,,,,,,,,,,,,,,,,,,,,,,,,,,,,,,,,,,,,,,,,,,,,,,,,,,,,,,,,,,,,,,,,,,,,,,,,,,,,,,,,,,,,,,,,,,,,,,,,,,,,,,,,,,,,,,,,,,,,,,,,,,,,,,,,,,
mmxHocYL1nY_000000_000010.mp4,5,jumping jacks,29.97,0.0,5.87,0,176,0,35,35,70,70,106,106,141,141,176,,,,,,,,,,,,,,,,,,,,,,,,,,,,,,,,,,,,,,,,,,,,,,,,,,,,,,,,,,,,,,,,,,,,,,,,,,,,,,,,,,,,,,,,,,,,,,,,,,,,,,,,,,,,,,,,,,,,,,,,,,,,,,,,,,,,
m7Hwkg-Pm3k_000002_000012.mp4,7,jumping jacks,29.97,0.0,6.37,0,191,0,27,27,55,55,82,82,109,109,136,136,164,164,191,,,,,,,,,,,,,,,,,,,,,,,,,,,,,,,,,,,,,,,,,,,,,,,,,,,,,,,,,,,,,,,,,,,,,,,,,,,,,,,,,,,,,,,,,,,,,,,,,,,,,,,,,,,,,,,,,,,,,,,,,,,,,,,,
nOq7_pG0Ee0_000004_000014.mp4,4,jumping jacks,29.94,0.0,8.87,0,266,0,66,66,133,133,200,200,266,,,,,,,,,,,,,,,,,,,,,,,,,,,,,,,,,,,,,,,,,,,,,,,,,,,,,,,,,,,,,,,,,,,,,,,,,,,,,,,,,,,,,,,,,,,,,,,,,,,,,,,,,,,,,,,,,,,,,,,,,,,,,,,,,,,,,,
niIEtKMytoE_000013_000023.mp4,4,jumping jacks,23.92,0.0,3.6,0,86,0,22,22,43,43,64,64,86,,,,,,,,,,,,,,,,,,,,,,,,,,,,,,,,,,,,,,,,,,,,,,,,,,,,,,,,,,,,,,,,,,,,,,,,,,,,,,,,,,,,,,,,,,,,,,,,,,,,,,,,,,,,,,,,,,,,,,,,,,,,,,,,,,,,,,
n1vV9GFxZYs_000000_000010.mp4,7,jumping jacks,30.0,0.0,10.0,0,300,0,43,43,86,86,129,129,171,171,214,214,257,257,300,,,,,,,,,,,,,,,,,,,,,,,,,,,,,,,,,,,,,,,,,,,,,,,,,,,,,,,,,,,,,,,,,,,,,,,,,,,,,,,,,,,,,,,,,,,,,,,,,,,,,,,,,,,,,,,,,,,,,,,,,,,,,,,,
oLifGBGxjtc_000000_000010.mp4,5,jumping jacks,29.97,0.0,4.7,0,141,0,28,28,56,56,85,85,113,113,141,,,,,,,,,,,,,,,,,,,,,,,,,,,,,,,,,,,,,,,,,,,,,,,,,,,,,,,,,,,,,,,,,,,,,,,,,,,,,,,,,,,,,,,,,,,,,,,,,,,,,,,,,,,,,,,,,,,,,,,,,,,,,,,,,,,,
orQ1fMhzlPs_000010_000020.mp4,4,jumping jacks,15.0,1.67,10.0,25,150,25,56,56,87,87,119,119,150,,,,,,,,,,,,,,,,,,,,,,,,,,,,,,,,,,,,,,,,,,,,,,,,,,,,,,,,,,,,,,,,,,,,,,,,,,,,,,,,,,,,,,,,,,,,,,,,,,,,,,,,,,,,,,,,,,,,,,,,,,,,,,,,,,,,,,
o6rViWIN5tw_000009_000019.mp4,6,jumping jacks,29.97,0.0,9.98,0,299,0,50,50,100,100,150,150,199,199,249,249,299,,,,,,,,,,,,,,,,,,,,,,,,,,,,,,,,,,,,,,,,,,,,,,,,,,,,,,,,,,,,,,,,,,,,,,,,,,,,,,,,,,,,,,,,,,,,,,,,,,,,,,,,,,,,,,,,,,,,,,,,,,,,,,,,,,
pORy8zC5g1M_000032_000042.mp4,8,jumping jacks,15.67,0.0,9.96,0,156,0,20,20,39,39,58,58,78,78,98,98,117,117,136,136,156,,,,,,,,,,,,,,,,,,,,,,,,,,,,,,,,,,,,,,,,,,,,,,,,,,,,,,,,,,,,,,,,,,,,,,,,,,,,,,,,,,,,,,,,,,,,,,,,,,,,,,,,,,,,,,,,,,,,,,,,,,,,,,
pvGYNB7pct0_000058_000068.mp4,11,jumping jacks,29.97,0.0,9.94,0,298,0,27,27,54,54,81,81,108,108,135,135,163,163,190,190,217,217,244,244,271,271,298,,,,,,,,,,,,,,,,,,,,,,,,,,,,,,,,,,,,,,,,,,,,,,,,,,,,,,,,,,,,,,,,,,,,,,,,,,,,,,,,,,,,,,,,,,,,,,,,,,,,,,,,,,,,,,,,,,,,,,,,
qOf1R4dmPbE_000017_000027.mp4,6,jumping jacks,24.98,5.24,10.0,131,250,131,151,151,171,171,191,191,210,210,230,230,250,,,,,,,,,,,,,,,,,,,,,,,,,,,,,,,,,,,,,,,,,,,,,,,,,,,,,,,,,,,,,,,,,,,,,,,,,,,,,,,,,,,,,,,,,,,,,,,,,,,,,,,,,,,,,,,,,,,,,,,,,,,,,,,,,,
qQWZNLuOdLw_000000_000010.mp4,10,jumping jacks,29.97,0.0,9.21,0,276,0,28,28,55,55,83,83,110,110,138,138,166,166,193,193,221,221,248,248,276,,,,,,,,,,,,,,,,,,,,,,,,,,,,,,,,,,,,,,,,,,,,,,,,,,,,,,,,,,,,,,,,,,,,,,,,,,,,,,,,,,,,,,,,,,,,,,,,,,,,,,,,,,,,,,,,,,,,,,,,,,
q27JCiQs6rc_000000_000010.mp4,5,jumping jacks,29.97,0.33,5.67,10,170,10,42,42,74,74,106,106,138,138,170,,,,,,,,,,,,,,,,,,,,,,,,,,,,,,,,,,,,,,,,,,,,,,,,,,,,,,,,,,,,,,,,,,,,,,,,,,,,,,,,,,,,,,,,,,,,,,,,,,,,,,,,,,,,,,,,,,,,,,,,,,,,,,,,,,,,
rDXDNSdTKjo_000010_000020.mp4,2,jumping jacks,30.0,0.0,1.83,0,55,0,28,28,55,,,,,,,,,,,,,,,,,,,,,,,,,,,,,,,,,,,,,,,,,,,,,,,,,,,,,,,,,,,,,,,,,,,,,,,,,,,,,,,,,,,,,,,,,,,,,,,,,,,,,,,,,,,,,,,,,,,,,,,,,,,,,,,,,,,,,,,,,,
r50WyKinMug_000056_000066.mp4,2,jumping jacks,25.0,3.6,5.96,90,149,90,120,120,149,,,,,,,,,,,,,,,,,,,,,,,,,,,,,,,,,,,,,,,,,,,,,,,,,,,,,,,,,,,,,,,,,,,,,,,,,,,,,,,,,,,,,,,,,,,,,,,,,,,,,,,,,,,,,,,,,,,,,,,,,,,,,,,,,,,,,,,,,,
smbqyi6PbMM_000026_000036.mp4,6,jumping jacks,29.97,0.0,5.04,0,151,0,25,25,50,50,76,76,101,101,126,126,151,,,,,,,,,,,,,,,,,,,,,,,,,,,,,,,,,,,,,,,,,,,,,,,,,,,,,,,,,,,,,,,,,,,,,,,,,,,,,,,,,,,,,,,,,,,,,,,,,,,,,,,,,,,,,,,,,,,,,,,,,,,,,,,,,,
sogf7E6HoQ8_000000_000010.mp4,5,jumping jacks,17.26,0.93,5.45,16,94,16,32,32,47,47,63,63,78,78,94,,,,,,,,,,,,,,,,,,,,,,,,,,,,,,,,,,,,,,,,,,,,,,,,,,,,,,,,,,,,,,,,,,,,,,,,,,,,,,,,,,,,,,,,,,,,,,,,,,,,,,,,,,,,,,,,,,,,,,,,,,,,,,,,,,,,
s4RscMfmi6Y_000084_000094.mp4,12,jumping jacks,29.0,0.0,10.0,0,290,0,24,24,48,48,72,72,97,97,121,121,145,145,169,169,193,193,218,218,242,242,266,266,290,,,,,,,,,,,,,,,,,,,,,,,,,,,,,,,,,,,,,,,,,,,,,,,,,,,,,,,,,,,,,,,,,,,,,,,,,,,,,,,,,,,,,,,,,,,,,,,,,,,,,,,,,,,,,,,,,,,,,,
t3qaRuTIaGc_000009_000019.mp4,4,jumping jacks,29.97,2.34,5.16,70,155,70,91,91,112,112,134,134,155,,,,,,,,,,,,,,,,,,,,,,,,,,,,,,,,,,,,,,,,,,,,,,,,,,,,,,,,,,,,,,,,,,,,,,,,,,,,,,,,,,,,,,,,,,,,,,,,,,,,,,,,,,,,,,,,,,,,,,,,,,,,,,,,,,,,,,
ubP9lG6Xv-k_000000_000010.mp4,9,jumping jacks,30.0,0.0,8.3,0,249,0,28,28,55,55,83,83,111,111,138,138,166,166,194,194,221,221,249,,,,,,,,,,,,,,,,,,,,,,,,,,,,,,,,,,,,,,,,,,,,,,,,,,,,,,,,,,,,,,,,,,,,,,,,,,,,,,,,,,,,,,,,,,,,,,,,,,,,,,,,,,,,,,,,,,,,,,,,,,,,
ul4uH-0lIm0_000011_000021.mp4,2,jumping jacks,29.97,0.0,2.24,0,67,0,34,34,67,,,,,,,,,,,,,,,,,,,,,,,,,,,,,,,,,,,,,,,,,,,,,,,,,,,,,,,,,,,,,,,,,,,,,,,,,,,,,,,,,,,,,,,,,,,,,,,,,,,,,,,,,,,,,,,,,,,,,,,,,,,,,,,,,,,,,,,,,,
v-r4QHr9EPQ_000001_000011.mp4,7,jumping jacks,30.0,2.27,8.93,68,268,68,97,97,125,125,154,154,182,182,211,211,239,239,268,,,,,,,,,,,,,,,,,,,,,,,,,,,,,,,,,,,,,,,,,,,,,,,,,,,,,,,,,,,,,,,,,,,,,,,,,,,,,,,,,,,,,,,,,,,,,,,,,,,,,,,,,,,,,,,,,,,,,,,,,,,,,,,,
w-qqx2l30tY_000015_000025.mp4,4,jumping jacks,23.98,4.42,8.63,106,207,106,131,131,156,156,182,182,207,,,,,,,,,,,,,,,,,,,,,,,,,,,,,,,,,,,,,,,,,,,,,,,,,,,,,,,,,,,,,,,,,,,,,,,,,,,,,,,,,,,,,,,,,,,,,,,,,,,,,,,,,,,,,,,,,,,,,,,,,,,,,,,,,,,,,,
xMOUh7lUano_000000_000010.mp4,7,jumping jacks,25.16,0.64,9.58,16,241,16,48,48,80,80,112,112,145,145,177,177,209,209,241,,,,,,,,,,,,,,,,,,,,,,,,,,,,,,,,,,,,,,,,,,,,,,,,,,,,,,,,,,,,,,,,,,,,,,,,,,,,,,,,,,,,,,,,,,,,,,,,,,,,,,,,,,,,,,,,,,,,,,,,,,,,,,,,
x5hsQkmVy6Q_000030_000040.mp4,5,jumping jacks,30.0,0.0,4.9,0,147,0,29,29,59,59,88,88,118,118,147,,,,,,,,,,,,,,,,,,,,,,,,,,,,,,,,,,,,,,,,,,,,,,,,,,,,,,,,,,,,,,,,,,,,,,,,,,,,,,,,,,,,,,,,,,,,,,,,,,,,,,,,,,,,,,,,,,,,,,,,,,,,,,,,,,,,
yMpW4AEvfww_000003_000013.mp4,5,jumping jacks,30.0,4.1,9.47,123,284,123,155,155,187,187,220,220,252,252,284,,,,,,,,,,,,,,,,,,,,,,,,,,,,,,,,,,,,,,,,,,,,,,,,,,,,,,,,,,,,,,,,,,,,,,,,,,,,,,,,,,,,,,,,,,,,,,,,,,,,,,,,,,,,,,,,,,,,,,,,,,,,,,,,,,,,
yMpW4AEvfww_000003_000013.mp4,3,jumping jacks,30.0,0.0,2.97,0,89,0,30,30,59,59,89,,,,,,,,,,,,,,,,,,,,,,,,,,,,,,,,,,,,,,,,,,,,,,,,,,,,,,,,,,,,,,,,,,,,,,,,,,,,,,,,,,,,,,,,,,,,,,,,,,,,,,,,,,,,,,,,,,,,,,,,,,,,,,,,,,,,,,,,
yROniuXQHEY_000045_000055.mp4,11,jumping jacks,29.97,0.0,9.98,0,299,0,27,27,54,54,82,82,109,109,136,136,163,163,190,190,217,217,245,245,272,272,299,,,,,,,,,,,,,,,,,,,,,,,,,,,,,,,,,,,,,,,,,,,,,,,,,,,,,,,,,,,,,,,,,,,,,,,,,,,,,,,,,,,,,,,,,,,,,,,,,,,,,,,,,,,,,,,,,,,,,,,,
y0M6vvhDds8_000025_000035.mp4,7,jumping jacks,23.97,1.25,9.47,30,227,30,58,58,86,86,114,114,143,143,171,171,199,199,227,,,,,,,,,,,,,,,,,,,,,,,,,,,,,,,,,,,,,,,,,,,,,,,,,,,,,,,,,,,,,,,,,,,,,,,,,,,,,,,,,,,,,,,,,,,,,,,,,,,,,,,,,,,,,,,,,,,,,,,,,,,,,,,,
0Dk6phmjQds_000000_000010.mp4,7,jumping jacks,10.0,2.2,10.0,22,100,22,33,33,44,44,55,55,67,67,78,78,89,89,100,,,,,,,,,,,,,,,,,,,,,,,,,,,,,,,,,,,,,,,,,,,,,,,,,,,,,,,,,,,,,,,,,,,,,,,,,,,,,,,,,,,,,,,,,,,,,,,,,,,,,,,,,,,,,,,,,,,,,,,,,,,,,,,,
1KvnF-2atZI_000006_000016.mp4,10,jumping jacks,29.97,0.8,9.98,24,299,24,52,52,79,79,106,106,134,134,162,162,189,189,216,216,244,244,272,272,299,,,,,,,,,,,,,,,,,,,,,,,,,,,,,,,,,,,,,,,,,,,,,,,,,,,,,,,,,,,,,,,,,,,,,,,,,,,,,,,,,,,,,,,,,,,,,,,,,,,,,,,,,,,,,,,,,,,,,,,,,,
18UcBRJKNIg_000028_000038.mp4,8,jumping jacks,23.98,0.0,7.76,0,186,0,23,23,46,46,70,70,93,93,116,116,140,140,163,163,186,,,,,,,,,,,,,,,,,,,,,,,,,,,,,,,,,,,,,,,,,,,,,,,,,,,,,,,,,,,,,,,,,,,,,,,,,,,,,,,,,,,,,,,,,,,,,,,,,,,,,,,,,,,,,,,,,,,,,,,,,,,,,,
2Ja9R7o4fC0_000006_000016.mp4,7,jumping jacks,24.0,0.0,6.46,0,155,0,22,22,44,44,66,66,89,89,111,111,133,133,155,,,,,,,,,,,,,,,,,,,,,,,,,,,,,,,,,,,,,,,,,,,,,,,,,,,,,,,,,,,,,,,,,,,,,,,,,,,,,,,,,,,,,,,,,,,,,,,,,,,,,,,,,,,,,,,,,,,,,,,,,,,,,,,,
2asmmHwvPzA_000007_000017.mp4,6,jumping jacks,29.97,0.0,6.07,0,182,0,30,30,61,61,91,91,121,121,152,152,182,,,,,,,,,,,,,,,,,,,,,,,,,,,,,,,,,,,,,,,,,,,,,,,,,,,,,,,,,,,,,,,,,,,,,,,,,,,,,,,,,,,,,,,,,,,,,,,,,,,,,,,,,,,,,,,,,,,,,,,,,,,,,,,,,,
2qW5XssWwxw_000014_000024.mp4,6,jumping jacks,29.93,0.0,4.35,0,130,0,22,22,43,43,65,65,87,87,108,108,130,,,,,,,,,,,,,,,,,,,,,,,,,,,,,,,,,,,,,,,,,,,,,,,,,,,,,,,,,,,,,,,,,,,,,,,,,,,,,,,,,,,,,,,,,,,,,,,,,,,,,,,,,,,,,,,,,,,,,,,,,,,,,,,,,,
3LhI0O6H6Oo_000000_000010.mp4,4,jumping jacks,29.97,0.53,4.44,16,133,16,45,45,74,74,104,104,133,,,,,,,,,,,,,,,,,,,,,,,,,,,,,,,,,,,,,,,,,,,,,,,,,,,,,,,,,,,,,,,,,,,,,,,,,,,,,,,,,,,,,,,,,,,,,,,,,,,,,,,,,,,,,,,,,,,,,,,,,,,,,,,,,,,,,,
38hmU_SwPnw_000000_000010.mp4,7,jumping jacks,30.0,0.0,4.27,0,128,0,18,18,37,37,55,55,73,73,91,91,110,110,128,,,,,,,,,,,,,,,,,,,,,,,,,,,,,,,,,,,,,,,,,,,,,,,,,,,,,,,,,,,,,,,,,,,,,,,,,,,,,,,,,,,,,,,,,,,,,,,,,,,,,,,,,,,,,,,,,,,,,,,,,,,,,,,,
4NtA-bAtky4_000000_000010.mp4,5,jumping jacks,30.0,4.17,8.87,125,266,125,153,153,181,181,210,210,238,238,266,,,,,,,,,,,,,,,,,,,,,,,,,,,,,,,,,,,,,,,,,,,,,,,,,,,,,,,,,,,,,,,,,,,,,,,,,,,,,,,,,,,,,,,,,,,,,,,,,,,,,,,,,,,,,,,,,,,,,,,,,,,,,,,,,,,,
4WmMcx53Zwo_000051_000061.mp4,11,jumping jacks,29.97,0.0,9.11,0,273,0,25,25,50,50,74,74,99,99,124,124,149,149,174,174,199,199,223,223,248,248,273,,,,,,,,,,,,,,,,,,,,,,,,,,,,,,,,,,,,,,,,,,,,,,,,,,,,,,,,,,,,,,,,,,,,,,,,,,,,,,,,,,,,,,,,,,,,,,,,,,,,,,,,,,,,,,,,,,,,,,,,
5JG7UB-uj2g_000000_000010.mp4,5,jumping jacks,29.97,0.3,6.37,9,191,9,45,45,82,82,118,118,155,155,191,,,,,,,,,,,,,,,,,,,,,,,,,,,,,,,,,,,,,,,,,,,,,,,,,,,,,,,,,,,,,,,,,,,,,,,,,,,,,,,,,,,,,,,,,,,,,,,,,,,,,,,,,,,,,,,,,,,,,,,,,,,,,,,,,,,,
5htwPbyi5GM_000000_000010.mp4,3,jumping jacks,29.97,0.0,3.57,0,107,0,36,36,71,71,107,,,,,,,,,,,,,,,,,,,,,,,,,,,,,,,,,,,,,,,,,,,,,,,,,,,,,,,,,,,,,,,,,,,,,,,,,,,,,,,,,,,,,,,,,,,,,,,,,,,,,,,,,,,,,,,,,,,,,,,,,,,,,,,,,,,,,,,,
5tg3lWCaljc_000027_000037.mp4,5,jumping jacks,29.97,4.7,9.94,141,298,141,172,172,204,204,235,235,267,267,298,,,,,,,,,,,,,,,,,,,,,,,,,,,,,,,,,,,,,,,,,,,,,,,,,,,,,,,,,,,,,,,,,,,,,,,,,,,,,,,,,,,,,,,,,,,,,,,,,,,,,,,,,,,,,,,,,,,,,,,,,,,,,,,,,,,,
51wgNkZ7j5w_000004_000014.mp4,7,jumping jacks,29.97,0.0,7.47,0,224,0,32,32,64,64,96,96,128,128,160,160,192,192,224,,,,,,,,,,,,,,,,,,,,,,,,,,,,,,,,,,,,,,,,,,,,,,,,,,,,,,,,,,,,,,,,,,,,,,,,,,,,,,,,,,,,,,,,,,,,,,,,,,,,,,,,,,,,,,,,,,,,,,,,,,,,,,,,
6kqIbN906ak_000004_000014.mp4,2,jumping jacks,29.97,4.3,6.27,129,188,129,159,159,188,,,,,,,,,,,,,,,,,,,,,,,,,,,,,,,,,,,,,,,,,,,,,,,,,,,,,,,,,,,,,,,,,,,,,,,,,,,,,,,,,,,,,,,,,,,,,,,,,,,,,,,,,,,,,,,,,,,,,,,,,,,,,,,,,,,,,,,,,,
7AIHwkuTzQE_000012_000022.mp4,11,jumping jacks,24.95,0.0,9.32,0,233,0,21,21,42,42,64,64,85,85,106,106,127,127,148,148,169,169,191,191,212,212,233,,,,,,,,,,,,,,,,,,,,,,,,,,,,,,,,,,,,,,,,,,,,,,,,,,,,,,,,,,,,,,,,,,,,,,,,,,,,,,,,,,,,,,,,,,,,,,,,,,,,,,,,,,,,,,,,,,,,,,,,
7M0PFzXmIjw_000000_000010.mp4,6,jumping jacks,24.0,0.0,6.12,0,147,0,24,24,49,49,74,74,98,98,122,122,147,,,,,,,,,,,,,,,,,,,,,,,,,,,,,,,,,,,,,,,,,,,,,,,,,,,,,,,,,,,,,,,,,,,,,,,,,,,,,,,,,,,,,,,,,,,,,,,,,,,,,,,,,,,,,,,,,,,,,,,,,,,,,,,,,,
8FIYBNzTeL0_000000_000010.mp4,7,jumping jacks,23.98,0.29,6.84,7,164,7,29,29,52,52,74,74,97,97,119,119,142,142,164,,,,,,,,,,,,,,,,,,,,,,,,,,,,,,,,,,,,,,,,,,,,,,,,,,,,,,,,,,,,,,,,,,,,,,,,,,,,,,,,,,,,,,,,,,,,,,,,,,,,,,,,,,,,,,,,,,,,,,,,,,,,,,,,
8jK1UudSdNk_000001_000011.mp4,2,jumping jacks,14.67,0.0,1.98,0,29,0,14,14,29,,,,,,,,,,,,,,,,,,,,,,,,,,,,,,,,,,,,,,,,,,,,,,,,,,,,,,,,,,,,,,,,,,,,,,,,,,,,,,,,,,,,,,,,,,,,,,,,,,,,,,,,,,,,,,,,,,,,,,,,,,,,,,,,,,,,,,,,,,
9kW5cluSs9I_000009_000019.mp4,11,jumping jacks,29.97,0.0,9.98,0,299,0,27,27,54,54,82,82,109,109,136,136,163,163,190,190,217,217,245,245,272,272,299,,,,,,,,,,,,,,,,,,,,,,,,,,,,,,,,,,,,,,,,,,,,,,,,,,,,,,,,,,,,,,,,,,,,,,,,,,,,,,,,,,,,,,,,,,,,,,,,,,,,,,,,,,,,,,,,,,,,,,,,
946JoV6fmeE_000000_000010.mp4,3,jumping jacks,10.71,0.0,2.71,0,29,0,10,10,19,19,29,,,,,,,,,,,,,,,,,,,,,,,,,,,,,,,,,,,,,,,,,,,,,,,,,,,,,,,,,,,,,,,,,,,,,,,,,,,,,,,,,,,,,,,,,,,,,,,,,,,,,,,,,,,,,,,,,,,,,,,,,,,,,,,,,,,,,,,,
-TP6LtP3F1E_000103_000113.mp4,8,jumping jacks,28.41,0.0,7.01,0,199,0,25,25,50,50,75,75,100,100,124,124,149,149,174,174,199,,,,,,,,,,,,,,,,,,,,,,,,,,,,,,,,,,,,,,,,,,,,,,,,,,,,,,,,,,,,,,,,,,,,,,,,,,,,,,,,,,,,,,,,,,,,,,,,,,,,,,,,,,,,,,,,,,,,,,,,,,,,,,
-nTQtB_OsJ0_000013_000023.mp4,12,jumping jacks,29.97,0.0,9.98,0,299,0,25,25,50,50,75,75,100,100,125,125,150,150,174,174,199,199,224,224,249,249,274,274,299,,,,,,,,,,,,,,,,,,,,,,,,,,,,,,,,,,,,,,,,,,,,,,,,,,,,,,,,,,,,,,,,,,,,,,,,,,,,,,,,,,,,,,,,,,,,,,,,,,,,,,,,,,,,,,,,,,,,,,
Aj867ecF4L8_000005_000015.mp4,3,lunge,11.99,0.0,9.68,0,116,0,39,39,77,77,116,,,,,,,,,,,,,,,,,,,,,,,,,,,,,,,,,,,,,,,,,,,,,,,,,,,,,,,,,,,,,,,,,,,,,,,,,,,,,,,,,,,,,,,,,,,,,,,,,,,,,,,,,,,,,,,,,,,,,,,,,,,,,,,,,,,,,,,,
A3jRtP47IUE_000014_000024.mp4,5,lunge,29.97,0.0,9.51,0,285,0,57,57,114,114,171,171,228,228,285,,,,,,,,,,,,,,,,,,,,,,,,,,,,,,,,,,,,,,,,,,,,,,,,,,,,,,,,,,,,,,,,,,,,,,,,,,,,,,,,,,,,,,,,,,,,,,,,,,,,,,,,,,,,,,,,,,,,,,,,,,,,,,,,,,,,
Bpz0FmJUgu0_000000_000010.mp4,4,lunge,29.58,0.63,9.63,19,285,19,85,85,152,152,219,219,285,,,,,,,,,,,,,,,,,,,,,,,,,,,,,,,,,,,,,,,,,,,,,,,,,,,,,,,,,,,,,,,,,,,,,,,,,,,,,,,,,,,,,,,,,,,,,,,,,,,,,,,,,,,,,,,,,,,,,,,,,,,,,,,,,,,,,,
B8npqsvqeFc_000019_000029.mp4,4,lunge,30.0,0.0,5.83,0,175,0,44,44,88,88,131,131,175,,,,,,,,,,,,,,,,,,,,,,,,,,,,,,,,,,,,,,,,,,,,,,,,,,,,,,,,,,,,,,,,,,,,,,,,,,,,,,,,,,,,,,,,,,,,,,,,,,,,,,,,,,,,,,,,,,,,,,,,,,,,,,,,,,,,,,
C4WZJ2Hbcqg_000001_000011.mp4,5,lunge,30.0,0.0,10.0,0,300,0,60,60,120,120,180,180,240,240,300,,,,,,,,,,,,,,,,,,,,,,,,,,,,,,,,,,,,,,,,,,,,,,,,,,,,,,,,,,,,,,,,,,,,,,,,,,,,,,,,,,,,,,,,,,,,,,,,,,,,,,,,,,,,,,,,,,,,,,,,,,,,,,,,,,,,
C7U3aPpccns_000000_000010.mp4,2,lunge,30.0,3.07,9.57,92,287,92,190,190,287,,,,,,,,,,,,,,,,,,,,,,,,,,,,,,,,,,,,,,,,,,,,,,,,,,,,,,,,,,,,,,,,,,,,,,,,,,,,,,,,,,,,,,,,,,,,,,,,,,,,,,,,,,,,,,,,,,,,,,,,,,,,,,,,,,,,,,,,,,
DVxJ8ficPcI_000004_000014.mp4,2,lunge,29.97,2.54,9.94,76,298,76,187,187,298,,,,,,,,,,,,,,,,,,,,,,,,,,,,,,,,,,,,,,,,,,,,,,,,,,,,,,,,,,,,,,,,,,,,,,,,,,,,,,,,,,,,,,,,,,,,,,,,,,,,,,,,,,,,,,,,,,,,,,,,,,,,,,,,,,,,,,,,,,
DmqMmFe_q9E_000021_000031.mp4,2,lunge,30.0,0.0,5.57,0,167,0,84,84,167,,,,,,,,,,,,,,,,,,,,,,,,,,,,,,,,,,,,,,,,,,,,,,,,,,,,,,,,,,,,,,,,,,,,,,,,,,,,,,,,,,,,,,,,,,,,,,,,,,,,,,,,,,,,,,,,,,,,,,,,,,,,,,,,,,,,,,,,,,
Fb1rrmg8lkc_000016_000026.mp4,3,lunge,25.0,0.0,7.12,0,178,0,59,59,119,119,178,,,,,,,,,,,,,,,,,,,,,,,,,,,,,,,,,,,,,,,,,,,,,,,,,,,,,,,,,,,,,,,,,,,,,,,,,,,,,,,,,,,,,,,,,,,,,,,,,,,,,,,,,,,,,,,,,,,,,,,,,,,,,,,,,,,,,,,,
F2ZMCdXfqOs_000026_000036.mp4,2,lunge,29.97,0.0,9.71,0,291,0,146,146,291,,,,,,,,,,,,,,,,,,,,,,,,,,,,,,,,,,,,,,,,,,,,,,,,,,,,,,,,,,,,,,,,,,,,,,,,,,,,,,,,,,,,,,,,,,,,,,,,,,,,,,,,,,,,,,,,,,,,,,,,,,,,,,,,,,,,,,,,,,
GTBDPTCg68g_000045_000055.mp4,3,lunge,16.75,0.0,9.97,0,167,0,56,56,111,111,167,,,,,,,,,,,,,,,,,,,,,,,,,,,,,,,,,,,,,,,,,,,,,,,,,,,,,,,,,,,,,,,,,,,,,,,,,,,,,,,,,,,,,,,,,,,,,,,,,,,,,,,,,,,,,,,,,,,,,,,,,,,,,,,,,,,,,,,,
GfjEjn5kPVQ_000007_000017.mp4,4,lunge,29.92,0.0,8.81,0,264,0,66,66,132,132,198,198,264,,,,,,,,,,,,,,,,,,,,,,,,,,,,,,,,,,,,,,,,,,,,,,,,,,,,,,,,,,,,,,,,,,,,,,,,,,,,,,,,,,,,,,,,,,,,,,,,,,,,,,,,,,,,,,,,,,,,,,,,,,,,,,,,,,,,,,
ICCuDALI15w_000001_000011.mp4,3,lunge,29.97,0.0,9.98,0,299,0,100,100,199,199,299,,,,,,,,,,,,,,,,,,,,,,,,,,,,,,,,,,,,,,,,,,,,,,,,,,,,,,,,,,,,,,,,,,,,,,,,,,,,,,,,,,,,,,,,,,,,,,,,,,,,,,,,,,,,,,,,,,,,,,,,,,,,,,,,,,,,,,,,
IDkiffbx_YU_000041_000051.mp4,4,lunge,29.96,0.0,9.98,0,299,0,75,75,150,150,224,224,299,,,,,,,,,,,,,,,,,,,,,,,,,,,,,,,,,,,,,,,,,,,,,,,,,,,,,,,,,,,,,,,,,,,,,,,,,,,,,,,,,,,,,,,,,,,,,,,,,,,,,,,,,,,,,,,,,,,,,,,,,,,,,,,,,,,,,,
IHRcGMp471E_000019_000029.mp4,2,lunge,29.97,0.0,5.67,0,170,0,85,85,170,,,,,,,,,,,,,,,,,,,,,,,,,,,,,,,,,,,,,,,,,,,,,,,,,,,,,,,,,,,,,,,,,,,,,,,,,,,,,,,,,,,,,,,,,,,,,,,,,,,,,,,,,,,,,,,,,,,,,,,,,,,,,,,,,,,,,,,,,,
I1IvDQibYLU_000007_000017.mp4,4,lunge,29.97,0.0,9.98,0,299,0,75,75,150,150,224,224,299,,,,,,,,,,,,,,,,,,,,,,,,,,,,,,,,,,,,,,,,,,,,,,,,,,,,,,,,,,,,,,,,,,,,,,,,,,,,,,,,,,,,,,,,,,,,,,,,,,,,,,,,,,,,,,,,,,,,,,,,,,,,,,,,,,,,,,
I6U3B7JAigI_000011_000021.mp4,8,lunge,29.92,0.0,9.96,0,298,0,37,37,74,74,112,112,149,149,186,186,224,224,261,261,298,,,,,,,,,,,,,,,,,,,,,,,,,,,,,,,,,,,,,,,,,,,,,,,,,,,,,,,,,,,,,,,,,,,,,,,,,,,,,,,,,,,,,,,,,,,,,,,,,,,,,,,,,,,,,,,,,,,,,,,,,,,,,,
JoeLX6v8Ap4_000004_000014.mp4,4,lunge,29.97,0.0,9.98,0,299,0,75,75,150,150,224,224,299,,,,,,,,,,,,,,,,,,,,,,,,,,,,,,,,,,,,,,,,,,,,,,,,,,,,,,,,,,,,,,,,,,,,,,,,,,,,,,,,,,,,,,,,,,,,,,,,,,,,,,,,,,,,,,,,,,,,,,,,,,,,,,,,,,,,,,
JxuCNWHgU8I_000002_000012.mp4,2,lunge,29.97,0.0,4.97,0,149,0,74,74,149,,,,,,,,,,,,,,,,,,,,,,,,,,,,,,,,,,,,,,,,,,,,,,,,,,,,,,,,,,,,,,,,,,,,,,,,,,,,,,,,,,,,,,,,,,,,,,,,,,,,,,,,,,,,,,,,,,,,,,,,,,,,,,,,,,,,,,,,,,
Kg0764xR_Jo_000000_000010.mp4,5,lunge,30.0,0.0,10.0,0,300,0,60,60,120,120,180,180,240,240,300,,,,,,,,,,,,,,,,,,,,,,,,,,,,,,,,,,,,,,,,,,,,,,,,,,,,,,,,,,,,,,,,,,,,,,,,,,,,,,,,,,,,,,,,,,,,,,,,,,,,,,,,,,,,,,,,,,,,,,,,,,,,,,,,,,,,
Klxkpj7hBhM_000001_000011.mp4,3,lunge,29.97,1.8,9.98,54,299,54,136,136,217,217,299,,,,,,,,,,,,,,,,,,,,,,,,,,,,,,,,,,,,,,,,,,,,,,,,,,,,,,,,,,,,,,,,,,,,,,,,,,,,,,,,,,,,,,,,,,,,,,,,,,,,,,,,,,,,,,,,,,,,,,,,,,,,,,,,,,,,,,,,
Ku56XQb3N40_000004_000014.mp4,2,lunge,29.97,0.0,3.07,0,92,0,46,46,92,,,,,,,,,,,,,,,,,,,,,,,,,,,,,,,,,,,,,,,,,,,,,,,,,,,,,,,,,,,,,,,,,,,,,,,,,,,,,,,,,,,,,,,,,,,,,,,,,,,,,,,,,,,,,,,,,,,,,,,,,,,,,,,,,,,,,,,,,,
LD3wmY68Ucw_000022_000032.mp4,2,lunge,29.97,0.0,4.27,0,128,0,64,64,128,,,,,,,,,,,,,,,,,,,,,,,,,,,,,,,,,,,,,,,,,,,,,,,,,,,,,,,,,,,,,,,,,,,,,,,,,,,,,,,,,,,,,,,,,,,,,,,,,,,,,,,,,,,,,,,,,,,,,,,,,,,,,,,,,,,,,,,,,,
Lee5hTmAOsE_000008_000018.mp4,4,lunge,14.99,0.0,9.94,0,149,0,37,37,74,74,112,112,149,,,,,,,,,,,,,,,,,,,,,,,,,,,,,,,,,,,,,,,,,,,,,,,,,,,,,,,,,,,,,,,,,,,,,,,,,,,,,,,,,,,,,,,,,,,,,,,,,,,,,,,,,,,,,,,,,,,,,,,,,,,,,,,,,,,,,,
Msh22THDcUI_000005_000015.mp4,4,lunge,29.97,0.0,9.98,0,299,0,75,75,150,150,224,224,299,,,,,,,,,,,,,,,,,,,,,,,,,,,,,,,,,,,,,,,,,,,,,,,,,,,,,,,,,,,,,,,,,,,,,,,,,,,,,,,,,,,,,,,,,,,,,,,,,,,,,,,,,,,,,,,,,,,,,,,,,,,,,,,,,,,,,,
NFEMXF4Zwvc_000004_000014.mp4,3,lunge,29.97,0.0,9.81,0,294,0,98,98,196,196,294,,,,,,,,,,,,,,,,,,,,,,,,,,,,,,,,,,,,,,,,,,,,,,,,,,,,,,,,,,,,,,,,,,,,,,,,,,,,,,,,,,,,,,,,,,,,,,,,,,,,,,,,,,,,,,,,,,,,,,,,,,,,,,,,,,,,,,,,
OMSzg3g3yHo_000000_000010.mp4,2,lunge,29.97,1.3,6.94,39,208,39,123,123,208,,,,,,,,,,,,,,,,,,,,,,,,,,,,,,,,,,,,,,,,,,,,,,,,,,,,,,,,,,,,,,,,,,,,,,,,,,,,,,,,,,,,,,,,,,,,,,,,,,,,,,,,,,,,,,,,,,,,,,,,,,,,,,,,,,,,,,,,,,
OT-YzsUgtW8_000028_000038.mp4,2,lunge,30.0,0.0,10.0,0,300,0,150,150,300,,,,,,,,,,,,,,,,,,,,,,,,,,,,,,,,,,,,,,,,,,,,,,,,,,,,,,,,,,,,,,,,,,,,,,,,,,,,,,,,,,,,,,,,,,,,,,,,,,,,,,,,,,,,,,,,,,,,,,,,,,,,,,,,,,,,,,,,,,
OdjKiLps2s0_000003_000013.mp4,3,lunge,30.0,0.0,8.3,0,249,0,83,83,166,166,249,,,,,,,,,,,,,,,,,,,,,,,,,,,,,,,,,,,,,,,,,,,,,,,,,,,,,,,,,,,,,,,,,,,,,,,,,,,,,,,,,,,,,,,,,,,,,,,,,,,,,,,,,,,,,,,,,,,,,,,,,,,,,,,,,,,,,,,,
O13-DeCgkag_000000_000010.mp4,2,lunge,30.0,6.6,10.0,198,300,198,249,249,300,,,,,,,,,,,,,,,,,,,,,,,,,,,,,,,,,,,,,,,,,,,,,,,,,,,,,,,,,,,,,,,,,,,,,,,,,,,,,,,,,,,,,,,,,,,,,,,,,,,,,,,,,,,,,,,,,,,,,,,,,,,,,,,,,,,,,,,,,,
QTe-0a-Tr64_000007_000017.mp4,6,lunge,30.0,0.0,10.0,0,300,0,50,50,100,100,150,150,200,200,250,250,300,,,,,,,,,,,,,,,,,,,,,,,,,,,,,,,,,,,,,,,,,,,,,,,,,,,,,,,,,,,,,,,,,,,,,,,,,,,,,,,,,,,,,,,,,,,,,,,,,,,,,,,,,,,,,,,,,,,,,,,,,,,,,,,,,,
S-siXHhrG64_000110_000120.mp4,2,lunge,29.94,0.0,9.98,0,299,0,150,150,299,,,,,,,,,,,,,,,,,,,,,,,,,,,,,,,,,,,,,,,,,,,,,,,,,,,,,,,,,,,,,,,,,,,,,,,,,,,,,,,,,,,,,,,,,,,,,,,,,,,,,,,,,,,,,,,,,,,,,,,,,,,,,,,,,,,,,,,,,,
TokRkQcXHRI_000012_000022.mp4,4,lunge,24.0,0.0,9.96,0,239,0,60,60,120,120,179,179,239,,,,,,,,,,,,,,,,,,,,,,,,,,,,,,,,,,,,,,,,,,,,,,,,,,,,,,,,,,,,,,,,,,,,,,,,,,,,,,,,,,,,,,,,,,,,,,,,,,,,,,,,,,,,,,,,,,,,,,,,,,,,,,,,,,,,,,
VEm0ZiURvtI_000004_000014.mp4,4,lunge,25.0,0.0,10.0,0,250,0,62,62,125,125,188,188,250,,,,,,,,,,,,,,,,,,,,,,,,,,,,,,,,,,,,,,,,,,,,,,,,,,,,,,,,,,,,,,,,,,,,,,,,,,,,,,,,,,,,,,,,,,,,,,,,,,,,,,,,,,,,,,,,,,,,,,,,,,,,,,,,,,,,,,
WA3wPNXvk4Q_000056_000066.mp4,3,lunge,6.25,0.0,7.68,0,48,0,16,16,32,32,48,,,,,,,,,,,,,,,,,,,,,,,,,,,,,,,,,,,,,,,,,,,,,,,,,,,,,,,,,,,,,,,,,,,,,,,,,,,,,,,,,,,,,,,,,,,,,,,,,,,,,,,,,,,,,,,,,,,,,,,,,,,,,,,,,,,,,,,,
X_LBN4tB7sg_000016_000026.mp4,3,lunge,29.97,0.0,9.78,0,293,0,98,98,195,195,293,,,,,,,,,,,,,,,,,,,,,,,,,,,,,,,,,,,,,,,,,,,,,,,,,,,,,,,,,,,,,,,,,,,,,,,,,,,,,,,,,,,,,,,,,,,,,,,,,,,,,,,,,,,,,,,,,,,,,,,,,,,,,,,,,,,,,,,,
bD3w-wytcU8_000012_000022.mp4,2,lunge,29.97,2.04,9.01,61,270,61,165,165,270,,,,,,,,,,,,,,,,,,,,,,,,,,,,,,,,,,,,,,,,,,,,,,,,,,,,,,,,,,,,,,,,,,,,,,,,,,,,,,,,,,,,,,,,,,,,,,,,,,,,,,,,,,,,,,,,,,,,,,,,,,,,,,,,,,,,,,,,,,
cBov07qM-9M_000021_000031.mp4,4,lunge,30.0,0.0,8.97,0,269,0,67,67,134,134,202,202,269,,,,,,,,,,,,,,,,,,,,,,,,,,,,,,,,,,,,,,,,,,,,,,,,,,,,,,,,,,,,,,,,,,,,,,,,,,,,,,,,,,,,,,,,,,,,,,,,,,,,,,,,,,,,,,,,,,,,,,,,,,,,,,,,,,,,,,
ce8HdSJE9No_000003_000013.mp4,3,lunge,30.0,0.0,4.53,0,136,0,45,45,91,91,136,,,,,,,,,,,,,,,,,,,,,,,,,,,,,,,,,,,,,,,,,,,,,,,,,,,,,,,,,,,,,,,,,,,,,,,,,,,,,,,,,,,,,,,,,,,,,,,,,,,,,,,,,,,,,,,,,,,,,,,,,,,,,,,,,,,,,,,,
ce8HdSJE9No_000003_000013.mp4,2,lunge,30.0,6.48,10.0,194,300,194,247,247,300,,,,,,,,,,,,,,,,,,,,,,,,,,,,,,,,,,,,,,,,,,,,,,,,,,,,,,,,,,,,,,,,,,,,,,,,,,,,,,,,,,,,,,,,,,,,,,,,,,,,,,,,,,,,,,,,,,,,,,,,,,,,,,,,,,,,,,,,,,
cpgCcReMS6Q_000001_000011.mp4,2,lunge,29.97,5.31,9.98,159,299,159,229,229,299,,,,,,,,,,,,,,,,,,,,,,,,,,,,,,,,,,,,,,,,,,,,,,,,,,,,,,,,,,,,,,,,,,,,,,,,,,,,,,,,,,,,,,,,,,,,,,,,,,,,,,,,,,,,,,,,,,,,,,,,,,,,,,,,,,,,,,,,,,
c_SD0u98VEs_000016_000026.mp4,2,lunge,30.0,1.23,10.0,37,300,37,169,169,300,,,,,,,,,,,,,,,,,,,,,,,,,,,,,,,,,,,,,,,,,,,,,,,,,,,,,,,,,,,,,,,,,,,,,,,,,,,,,,,,,,,,,,,,,,,,,,,,,,,,,,,,,,,,,,,,,,,,,,,,,,,,,,,,,,,,,,,,,,
dijWgwzBmFA_000004_000014.mp4,2,lunge,29.97,5.54,9.98,166,299,166,232,232,299,,,,,,,,,,,,,,,,,,,,,,,,,,,,,,,,,,,,,,,,,,,,,,,,,,,,,,,,,,,,,,,,,,,,,,,,,,,,,,,,,,,,,,,,,,,,,,,,,,,,,,,,,,,,,,,,,,,,,,,,,,,,,,,,,,,,,,,,,,
d0xd8qpo51k_000008_000018.mp4,3,lunge,29.97,0.0,7.74,0,232,0,77,77,155,155,232,,,,,,,,,,,,,,,,,,,,,,,,,,,,,,,,,,,,,,,,,,,,,,,,,,,,,,,,,,,,,,,,,,,,,,,,,,,,,,,,,,,,,,,,,,,,,,,,,,,,,,,,,,,,,,,,,,,,,,,,,,,,,,,,,,,,,,,,
d1VjFXQKbD4_000017_000027.mp4,2,lunge,30.0,4.47,10.0,134,300,134,217,217,300,,,,,,,,,,,,,,,,,,,,,,,,,,,,,,,,,,,,,,,,,,,,,,,,,,,,,,,,,,,,,,,,,,,,,,,,,,,,,,,,,,,,,,,,,,,,,,,,,,,,,,,,,,,,,,,,,,,,,,,,,,,,,,,,,,,,,,,,,,
eexM1A7sxJU_000003_000013.mp4,2,lunge,30.0,0.0,10.0,0,300,0,150,150,300,,,,,,,,,,,,,,,,,,,,,,,,,,,,,,,,,,,,,,,,,,,,,,,,,,,,,,,,,,,,,,,,,,,,,,,,,,,,,,,,,,,,,,,,,,,,,,,,,,,,,,,,,,,,,,,,,,,,,,,,,,,,,,,,,,,,,,,,,,
e4e-1tVVzM0_000027_000037.mp4,2,lunge,29.97,0.0,4.4,0,132,0,66,66,132,,,,,,,,,,,,,,,,,,,,,,,,,,,,,,,,,,,,,,,,,,,,,,,,,,,,,,,,,,,,,,,,,,,,,,,,,,,,,,,,,,,,,,,,,,,,,,,,,,,,,,,,,,,,,,,,,,,,,,,,,,,,,,,,,,,,,,,,,,
gksKlKlwh9g_000034_000044.mp4,2,lunge,15.0,3.27,9.93,49,149,49,99,99,149,,,,,,,,,,,,,,,,,,,,,,,,,,,,,,,,,,,,,,,,,,,,,,,,,,,,,,,,,,,,,,,,,,,,,,,,,,,,,,,,,,,,,,,,,,,,,,,,,,,,,,,,,,,,,,,,,,,,,,,,,,,,,,,,,,,,,,,,,,
g4ZWVQfCr94_000004_000014.mp4,4,lunge,29.97,2.67,6.54,80,196,80,109,109,138,138,167,167,196,,,,,,,,,,,,,,,,,,,,,,,,,,,,,,,,,,,,,,,,,,,,,,,,,,,,,,,,,,,,,,,,,,,,,,,,,,,,,,,,,,,,,,,,,,,,,,,,,,,,,,,,,,,,,,,,,,,,,,,,,,,,,,,,,,,,,,
hFErXB4jLPY_000033_000043.mp4,4,lunge,29.97,0.0,9.94,0,298,0,74,74,149,149,224,224,298,,,,,,,,,,,,,,,,,,,,,,,,,,,,,,,,,,,,,,,,,,,,,,,,,,,,,,,,,,,,,,,,,,,,,,,,,,,,,,,,,,,,,,,,,,,,,,,,,,,,,,,,,,,,,,,,,,,,,,,,,,,,,,,,,,,,,,
h1tTCxkRRpY_000000_000010.mp4,2,lunge,30.0,0.0,7.97,0,239,0,120,120,239,,,,,,,,,,,,,,,,,,,,,,,,,,,,,,,,,,,,,,,,,,,,,,,,,,,,,,,,,,,,,,,,,,,,,,,,,,,,,,,,,,,,,,,,,,,,,,,,,,,,,,,,,,,,,,,,,,,,,,,,,,,,,,,,,,,,,,,,,,
h6rKkYXdOlg_000000_000010.mp4,4,lunge,29.97,0.0,9.97,0,299,0,75,75,150,150,224,224,299,,,,,,,,,,,,,,,,,,,,,,,,,,,,,,,,,,,,,,,,,,,,,,,,,,,,,,,,,,,,,,,,,,,,,,,,,,,,,,,,,,,,,,,,,,,,,,,,,,,,,,,,,,,,,,,,,,,,,,,,,,,,,,,,,,,,,,
iv-PDkv1Jhc_000033_000043.mp4,3,lunge,30.0,0.9,10.0,27,300,27,118,118,209,209,300,,,,,,,,,,,,,,,,,,,,,,,,,,,,,,,,,,,,,,,,,,,,,,,,,,,,,,,,,,,,,,,,,,,,,,,,,,,,,,,,,,,,,,,,,,,,,,,,,,,,,,,,,,,,,,,,,,,,,,,,,,,,,,,,,,,,,,,,
jykC-IpPvPM_000002_000012.mp4,4,lunge,11.61,0.0,5.43,0,63,0,16,16,32,32,47,47,63,,,,,,,,,,,,,,,,,,,,,,,,,,,,,,,,,,,,,,,,,,,,,,,,,,,,,,,,,,,,,,,,,,,,,,,,,,,,,,,,,,,,,,,,,,,,,,,,,,,,,,,,,,,,,,,,,,,,,,,,,,,,,,,,,,,,,,
j5YrujRncsI_000005_000015.mp4,3,lunge,23.98,0.33,8.97,8,215,8,77,77,146,146,215,,,,,,,,,,,,,,,,,,,,,,,,,,,,,,,,,,,,,,,,,,,,,,,,,,,,,,,,,,,,,,,,,,,,,,,,,,,,,,,,,,,,,,,,,,,,,,,,,,,,,,,,,,,,,,,,,,,,,,,,,,,,,,,,,,,,,,,,
kDa5uFDTXAc_000000_000010.mp4,5,lunge,29.97,1.87,10.0,56,300,56,105,105,154,154,202,202,251,251,300,,,,,,,,,,,,,,,,,,,,,,,,,,,,,,,,,,,,,,,,,,,,,,,,,,,,,,,,,,,,,,,,,,,,,,,,,,,,,,,,,,,,,,,,,,,,,,,,,,,,,,,,,,,,,,,,,,,,,,,,,,,,,,,,,,,,
k0qDfiwd9ug_000001_000011.mp4,4,lunge,29.97,0.0,9.98,0,299,0,75,75,150,150,224,224,299,,,,,,,,,,,,,,,,,,,,,,,,,,,,,,,,,,,,,,,,,,,,,,,,,,,,,,,,,,,,,,,,,,,,,,,,,,,,,,,,,,,,,,,,,,,,,,,,,,,,,,,,,,,,,,,,,,,,,,,,,,,,,,,,,,,,,,
lVKUYaPXD7M_000000_000010.mp4,4,lunge,29.97,0.0,8.81,0,264,0,66,66,132,132,198,198,264,,,,,,,,,,,,,,,,,,,,,,,,,,,,,,,,,,,,,,,,,,,,,,,,,,,,,,,,,,,,,,,,,,,,,,,,,,,,,,,,,,,,,,,,,,,,,,,,,,,,,,,,,,,,,,,,,,,,,,,,,,,,,,,,,,,,,,
lai_FpzJEuI_000000_000010.mp4,3,lunge,29.97,0.4,9.98,12,299,12,108,108,203,203,299,,,,,,,,,,,,,,,,,,,,,,,,,,,,,,,,,,,,,,,,,,,,,,,,,,,,,,,,,,,,,,,,,,,,,,,,,,,,,,,,,,,,,,,,,,,,,,,,,,,,,,,,,,,,,,,,,,,,,,,,,,,,,,,,,,,,,,,,
ligtGGU-y9I_000001_000011.mp4,3,lunge,30.0,1.27,10.0,38,300,38,125,125,213,213,300,,,,,,,,,,,,,,,,,,,,,,,,,,,,,,,,,,,,,,,,,,,,,,,,,,,,,,,,,,,,,,,,,,,,,,,,,,,,,,,,,,,,,,,,,,,,,,,,,,,,,,,,,,,,,,,,,,,,,,,,,,,,,,,,,,,,,,,,
l-IW1Rwbcls_000036_000046.mp4,5,lunge,29.97,0.0,9.14,0,274,0,55,55,110,110,164,164,219,219,274,,,,,,,,,,,,,,,,,,,,,,,,,,,,,,,,,,,,,,,,,,,,,,,,,,,,,,,,,,,,,,,,,,,,,,,,,,,,,,,,,,,,,,,,,,,,,,,,,,,,,,,,,,,,,,,,,,,,,,,,,,,,,,,,,,,,
mEHI7lXMLCg_000000_000010.mp4,4,lunge,29.97,0.0,7.54,0,226,0,56,56,113,113,170,170,226,,,,,,,,,,,,,,,,,,,,,,,,,,,,,,,,,,,,,,,,,,,,,,,,,,,,,,,,,,,,,,,,,,,,,,,,,,,,,,,,,,,,,,,,,,,,,,,,,,,,,,,,,,,,,,,,,,,,,,,,,,,,,,,,,,,,,,
mcykhKD1tQM_000002_000012.mp4,3,lunge,30.0,0.0,6.87,0,206,0,69,69,137,137,206,,,,,,,,,,,,,,,,,,,,,,,,,,,,,,,,,,,,,,,,,,,,,,,,,,,,,,,,,,,,,,,,,,,,,,,,,,,,,,,,,,,,,,,,,,,,,,,,,,,,,,,,,,,,,,,,,,,,,,,,,,,,,,,,,,,,,,,,
mzNPSqI843o_000001_000011.mp4,3,lunge,25.0,2.04,9.96,51,249,51,117,117,183,183,249,,,,,,,,,,,,,,,,,,,,,,,,,,,,,,,,,,,,,,,,,,,,,,,,,,,,,,,,,,,,,,,,,,,,,,,,,,,,,,,,,,,,,,,,,,,,,,,,,,,,,,,,,,,,,,,,,,,,,,,,,,,,,,,,,,,,,,,,
nqJ3mAhfj_M_000026_000036.mp4,6,lunge,29.97,0.0,9.94,0,298,0,50,50,99,99,149,149,199,199,248,248,298,,,,,,,,,,,,,,,,,,,,,,,,,,,,,,,,,,,,,,,,,,,,,,,,,,,,,,,,,,,,,,,,,,,,,,,,,,,,,,,,,,,,,,,,,,,,,,,,,,,,,,,,,,,,,,,,,,,,,,,,,,,,,,,,,,
n1JGL2tQNgw_000006_000016.mp4,3,lunge,23.98,0.0,8.72,0,209,0,70,70,139,139,209,,,,,,,,,,,,,,,,,,,,,,,,,,,,,,,,,,,,,,,,,,,,,,,,,,,,,,,,,,,,,,,,,,,,,,,,,,,,,,,,,,,,,,,,,,,,,,,,,,,,,,,,,,,,,,,,,,,,,,,,,,,,,,,,,,,,,,,,
n8nc30JU9ZM_000000_000010.mp4,4,lunge,25.0,1.68,10.0,42,250,42,94,94,146,146,198,198,250,,,,,,,,,,,,,,,,,,,,,,,,,,,,,,,,,,,,,,,,,,,,,,,,,,,,,,,,,,,,,,,,,,,,,,,,,,,,,,,,,,,,,,,,,,,,,,,,,,,,,,,,,,,,,,,,,,,,,,,,,,,,,,,,,,,,,,
oDR8Cjlvd04_000000_000010.mp4,5,lunge,29.97,0.0,9.98,0,299,0,60,60,120,120,179,179,239,239,299,,,,,,,,,,,,,,,,,,,,,,,,,,,,,,,,,,,,,,,,,,,,,,,,,,,,,,,,,,,,,,,,,,,,,,,,,,,,,,,,,,,,,,,,,,,,,,,,,,,,,,,,,,,,,,,,,,,,,,,,,,,,,,,,,,,,
oGiiFoksZdM_000001_000011.mp4,3,lunge,29.97,3.24,9.98,97,299,97,164,164,232,232,299,,,,,,,,,,,,,,,,,,,,,,,,,,,,,,,,,,,,,,,,,,,,,,,,,,,,,,,,,,,,,,,,,,,,,,,,,,,,,,,,,,,,,,,,,,,,,,,,,,,,,,,,,,,,,,,,,,,,,,,,,,,,,,,,,,,,,,,,
o7TT7ofvOhs_000018_000028.mp4,2,lunge,29.97,0.0,1.67,0,50,0,25,25,50,,,,,,,,,,,,,,,,,,,,,,,,,,,,,,,,,,,,,,,,,,,,,,,,,,,,,,,,,,,,,,,,,,,,,,,,,,,,,,,,,,,,,,,,,,,,,,,,,,,,,,,,,,,,,,,,,,,,,,,,,,,,,,,,,,,,,,,,,,
peMxjo6olPc_000000_000010.mp4,3,lunge,30.0,1.43,7.43,43,223,43,103,103,163,163,223,,,,,,,,,,,,,,,,,,,,,,,,,,,,,,,,,,,,,,,,,,,,,,,,,,,,,,,,,,,,,,,,,,,,,,,,,,,,,,,,,,,,,,,,,,,,,,,,,,,,,,,,,,,,,,,,,,,,,,,,,,,,,,,,,,,,,,,,
qxsN9pLFAIc_000067_000077.mp4,2,lunge,29.97,0.0,4.8,0,144,0,72,72,144,,,,,,,,,,,,,,,,,,,,,,,,,,,,,,,,,,,,,,,,,,,,,,,,,,,,,,,,,,,,,,,,,,,,,,,,,,,,,,,,,,,,,,,,,,,,,,,,,,,,,,,,,,,,,,,,,,,,,,,,,,,,,,,,,,,,,,,,,,
t9IYO5GQQL8_000015_000025.mp4,5,lunge,30.0,0.0,9.97,0,299,0,60,60,120,120,179,179,239,239,299,,,,,,,,,,,,,,,,,,,,,,,,,,,,,,,,,,,,,,,,,,,,,,,,,,,,,,,,,,,,,,,,,,,,,,,,,,,,,,,,,,,,,,,,,,,,,,,,,,,,,,,,,,,,,,,,,,,,,,,,,,,,,,,,,,,,
u1ogYEwVzw0_000000_000010.mp4,2,lunge,30.0,3.1,10.0,93,300,93,197,197,300,,,,,,,,,,,,,,,,,,,,,,,,,,,,,,,,,,,,,,,,,,,,,,,,,,,,,,,,,,,,,,,,,,,,,,,,,,,,,,,,,,,,,,,,,,,,,,,,,,,,,,,,,,,,,,,,,,,,,,,,,,,,,,,,,,,,,,,,,,
ybQQoKbDt5g_000000_000010.mp4,4,lunge,29.97,0.0,9.98,0,299,0,75,75,150,150,224,224,299,,,,,,,,,,,,,,,,,,,,,,,,,,,,,,,,,,,,,,,,,,,,,,,,,,,,,,,,,,,,,,,,,,,,,,,,,,,,,,,,,,,,,,,,,,,,,,,,,,,,,,,,,,,,,,,,,,,,,,,,,,,,,,,,,,,,,,
0PcNfBxvyC4_000000_000010.mp4,4,lunge,29.97,0.3,9.98,9,299,9,81,81,154,154,227,227,299,,,,,,,,,,,,,,,,,,,,,,,,,,,,,,,,,,,,,,,,,,,,,,,,,,,,,,,,,,,,,,,,,,,,,,,,,,,,,,,,,,,,,,,,,,,,,,,,,,,,,,,,,,,,,,,,,,,,,,,,,,,,,,,,,,,,,,
0gjo_vXl-KQ_000029_000039.mp4,2,lunge,29.97,0.0,9.94,0,298,0,149,149,298,,,,,,,,,,,,,,,,,,,,,,,,,,,,,,,,,,,,,,,,,,,,,,,,,,,,,,,,,,,,,,,,,,,,,,,,,,,,,,,,,,,,,,,,,,,,,,,,,,,,,,,,,,,,,,,,,,,,,,,,,,,,,,,,,,,,,,,,,,
04s5S8V2Rx0_000004_000014.mp4,5,lunge,30.0,0.0,9.0,0,270,0,54,54,108,108,162,162,216,216,270,,,,,,,,,,,,,,,,,,,,,,,,,,,,,,,,,,,,,,,,,,,,,,,,,,,,,,,,,,,,,,,,,,,,,,,,,,,,,,,,,,,,,,,,,,,,,,,,,,,,,,,,,,,,,,,,,,,,,,,,,,,,,,,,,,,,
1AfLsqrnOD4_000001_000011.mp4,3,lunge,29.97,0.0,9.21,0,276,0,92,92,184,184,276,,,,,,,,,,,,,,,,,,,,,,,,,,,,,,,,,,,,,,,,,,,,,,,,,,,,,,,,,,,,,,,,,,,,,,,,,,,,,,,,,,,,,,,,,,,,,,,,,,,,,,,,,,,,,,,,,,,,,,,,,,,,,,,,,,,,,,,,
1K9rmdy5ZO4_000000_000010.mp4,5,lunge,29.97,5.04,9.98,151,299,151,181,181,210,210,240,240,269,269,299,,,,,,,,,,,,,,,,,,,,,,,,,,,,,,,,,,,,,,,,,,,,,,,,,,,,,,,,,,,,,,,,,,,,,,,,,,,,,,,,,,,,,,,,,,,,,,,,,,,,,,,,,,,,,,,,,,,,,,,,,,,,,,,,,,,,
1oFfiHdWQCA_000002_000012.mp4,4,lunge,30.0,0.0,10.0,0,300,0,75,75,150,150,225,225,300,,,,,,,,,,,,,,,,,,,,,,,,,,,,,,,,,,,,,,,,,,,,,,,,,,,,,,,,,,,,,,,,,,,,,,,,,,,,,,,,,,,,,,,,,,,,,,,,,,,,,,,,,,,,,,,,,,,,,,,,,,,,,,,,,,,,,,
2QFhwsnYNHY_000000_000010.mp4,4,lunge,24.0,1.58,10.0,38,240,38,88,88,139,139,190,190,240,,,,,,,,,,,,,,,,,,,,,,,,,,,,,,,,,,,,,,,,,,,,,,,,,,,,,,,,,,,,,,,,,,,,,,,,,,,,,,,,,,,,,,,,,,,,,,,,,,,,,,,,,,,,,,,,,,,,,,,,,,,,,,,,,,,,,,
2gxsQ5kpbXY_000004_000014.mp4,2,lunge,29.97,5.97,9.98,179,299,179,239,239,299,,,,,,,,,,,,,,,,,,,,,,,,,,,,,,,,,,,,,,,,,,,,,,,,,,,,,,,,,,,,,,,,,,,,,,,,,,,,,,,,,,,,,,,,,,,,,,,,,,,,,,,,,,,,,,,,,,,,,,,,,,,,,,,,,,,,,,,,,,
2o-XwlT0Nvs_000065_000075.mp4,4,lunge,24.0,0.62,10.0,15,240,15,71,71,127,127,184,184,240,,,,,,,,,,,,,,,,,,,,,,,,,,,,,,,,,,,,,,,,,,,,,,,,,,,,,,,,,,,,,,,,,,,,,,,,,,,,,,,,,,,,,,,,,,,,,,,,,,,,,,,,,,,,,,,,,,,,,,,,,,,,,,,,,,,,,,
20J9Rj6ljus_000003_000013.mp4,3,lunge,29.97,0.0,9.41,0,282,0,94,94,188,188,282,,,,,,,,,,,,,,,,,,,,,,,,,,,,,,,,,,,,,,,,,,,,,,,,,,,,,,,,,,,,,,,,,,,,,,,,,,,,,,,,,,,,,,,,,,,,,,,,,,,,,,,,,,,,,,,,,,,,,,,,,,,,,,,,,,,,,,,,
3QGUImN0cN0_000003_000013.mp4,2,lunge,23.98,0.0,5.38,0,129,0,64,64,129,,,,,,,,,,,,,,,,,,,,,,,,,,,,,,,,,,,,,,,,,,,,,,,,,,,,,,,,,,,,,,,,,,,,,,,,,,,,,,,,,,,,,,,,,,,,,,,,,,,,,,,,,,,,,,,,,,,,,,,,,,,,,,,,,,,,,,,,,,
4MnE08nGtrY_000014_000024.mp4,2,lunge,25.0,0.0,10.0,0,250,0,125,125,250,,,,,,,,,,,,,,,,,,,,,,,,,,,,,,,,,,,,,,,,,,,,,,,,,,,,,,,,,,,,,,,,,,,,,,,,,,,,,,,,,,,,,,,,,,,,,,,,,,,,,,,,,,,,,,,,,,,,,,,,,,,,,,,,,,,,,,,,,,
4qopDYG1c8I_000000_000010.mp4,2,lunge,29.97,0.0,6.41,0,192,0,96,96,192,,,,,,,,,,,,,,,,,,,,,,,,,,,,,,,,,,,,,,,,,,,,,,,,,,,,,,,,,,,,,,,,,,,,,,,,,,,,,,,,,,,,,,,,,,,,,,,,,,,,,,,,,,,,,,,,,,,,,,,,,,,,,,,,,,,,,,,,,,
5PMWFlIy43M_000005_000015.mp4,4,lunge,25.0,3.24,10.0,81,250,81,123,123,165,165,208,208,250,,,,,,,,,,,,,,,,,,,,,,,,,,,,,,,,,,,,,,,,,,,,,,,,,,,,,,,,,,,,,,,,,,,,,,,,,,,,,,,,,,,,,,,,,,,,,,,,,,,,,,,,,,,,,,,,,,,,,,,,,,,,,,,,,,,,,,
5-gug8EXW0E_000050_000060.mp4,3,lunge,29.97,0.0,9.98,0,299,0,100,100,199,199,299,,,,,,,,,,,,,,,,,,,,,,,,,,,,,,,,,,,,,,,,,,,,,,,,,,,,,,,,,,,,,,,,,,,,,,,,,,,,,,,,,,,,,,,,,,,,,,,,,,,,,,,,,,,,,,,,,,,,,,,,,,,,,,,,,,,,,,,,
6IjJZHNzTmM_000010_000020.mp4,4,lunge,29.97,0.0,9.98,0,299,0,75,75,150,150,224,224,299,,,,,,,,,,,,,,,,,,,,,,,,,,,,,,,,,,,,,,,,,,,,,,,,,,,,,,,,,,,,,,,,,,,,,,,,,,,,,,,,,,,,,,,,,,,,,,,,,,,,,,,,,,,,,,,,,,,,,,,,,,,,,,,,,,,,,,
6m1Z53EHR3A_000007_000017.mp4,7,lunge,30.0,0.0,9.3,0,279,0,40,40,80,80,120,120,159,159,199,199,239,239,279,,,,,,,,,,,,,,,,,,,,,,,,,,,,,,,,,,,,,,,,,,,,,,,,,,,,,,,,,,,,,,,,,,,,,,,,,,,,,,,,,,,,,,,,,,,,,,,,,,,,,,,,,,,,,,,,,,,,,,,,,,,,,,,,
7C1ahxpV-mo_000000_000010.mp4,3,lunge,24.0,0.0,8.96,0,215,0,72,72,143,143,215,,,,,,,,,,,,,,,,,,,,,,,,,,,,,,,,,,,,,,,,,,,,,,,,,,,,,,,,,,,,,,,,,,,,,,,,,,,,,,,,,,,,,,,,,,,,,,,,,,,,,,,,,,,,,,,,,,,,,,,,,,,,,,,,,,,,,,,,
7Xpf5jyUHj8_000000_000010.mp4,4,lunge,29.97,0.0,8.91,0,267,0,67,67,134,134,200,200,267,,,,,,,,,,,,,,,,,,,,,,,,,,,,,,,,,,,,,,,,,,,,,,,,,,,,,,,,,,,,,,,,,,,,,,,,,,,,,,,,,,,,,,,,,,,,,,,,,,,,,,,,,,,,,,,,,,,,,,,,,,,,,,,,,,,,,,
7-D4bD4Wc-U_000025_000035.mp4,4,lunge,24.96,0.0,10.0,0,250,0,62,62,125,125,188,188,250,,,,,,,,,,,,,,,,,,,,,,,,,,,,,,,,,,,,,,,,,,,,,,,,,,,,,,,,,,,,,,,,,,,,,,,,,,,,,,,,,,,,,,,,,,,,,,,,,,,,,,,,,,,,,,,,,,,,,,,,,,,,,,,,,,,,,,
8o0iRYpHDJw_000000_000010.mp4,2,lunge,30.0,0.0,4.53,0,136,0,68,68,136,,,,,,,,,,,,,,,,,,,,,,,,,,,,,,,,,,,,,,,,,,,,,,,,,,,,,,,,,,,,,,,,,,,,,,,,,,,,,,,,,,,,,,,,,,,,,,,,,,,,,,,,,,,,,,,,,,,,,,,,,,,,,,,,,,,,,,,,,,
9sF3mPkCi7A_000180_000190.mp4,2,lunge,29.97,0.0,9.98,0,299,0,150,150,299,,,,,,,,,,,,,,,,,,,,,,,,,,,,,,,,,,,,,,,,,,,,,,,,,,,,,,,,,,,,,,,,,,,,,,,,,,,,,,,,,,,,,,,,,,,,,,,,,,,,,,,,,,,,,,,,,,,,,,,,,,,,,,,,,,,,,,,,,,
95FESD2zt6c_000047_000057.mp4,3,lunge,29.97,0.0,9.98,0,299,0,100,100,199,199,299,,,,,,,,,,,,,,,,,,,,,,,,,,,,,,,,,,,,,,,,,,,,,,,,,,,,,,,,,,,,,,,,,,,,,,,,,,,,,,,,,,,,,,,,,,,,,,,,,,,,,,,,,,,,,,,,,,,,,,,,,,,,,,,,,,,,,,,,
-RNK2UiHf4Y_000015_000025.mp4,3,lunge,29.97,0.0,5.74,0,172,0,57,57,115,115,172,,,,,,,,,,,,,,,,,,,,,,,,,,,,,,,,,,,,,,,,,,,,,,,,,,,,,,,,,,,,,,,,,,,,,,,,,,,,,,,,,,,,,,,,,,,,,,,,,,,,,,,,,,,,,,,,,,,,,,,,,,,,,,,,,,,,,,,,
-2zA7B3u1r8_000010_000020.mp4,6,lunge,30.0,2.97,9.97,89,299,89,124,124,159,159,194,194,229,229,264,264,299,,,,,,,,,,,,,,,,,,,,,,,,,,,,,,,,,,,,,,,,,,,,,,,,,,,,,,,,,,,,,,,,,,,,,,,,,,,,,,,,,,,,,,,,,,,,,,,,,,,,,,,,,,,,,,,,,,,,,,,,,,,,,,,,,,
AKdw2FLHP5U_000000_000010.mp4,4,mountain climber (exercise),30.0,5.03,9.63,151,289,151,185,185,220,220,255,255,289,,,,,,,,,,,,,,,,,,,,,,,,,,,,,,,,,,,,,,,,,,,,,,,,,,,,,,,,,,,,,,,,,,,,,,,,,,,,,,,,,,,,,,,,,,,,,,,,,,,,,,,,,,,,,,,,,,,,,,,,,,,,,,,,,,,,,,
A_d2bn243-Y_000032_000042.mp4,5,mountain climber (exercise),29.97,7.94,9.94,238,298,238,250,250,262,262,274,274,286,286,298,,,,,,,,,,,,,,,,,,,,,,,,,,,,,,,,,,,,,,,,,,,,,,,,,,,,,,,,,,,,,,,,,,,,,,,,,,,,,,,,,,,,,,,,,,,,,,,,,,,,,,,,,,,,,,,,,,,,,,,,,,,,,,,,,,,,
BE4gOCcrvgs_000241_000251.mp4,26,mountain climber (exercise),29.97,0.0,9.98,0,299,0,12,12,23,23,34,34,46,46,58,58,69,69,80,80,92,92,104,104,115,115,126,126,138,138,150,150,161,161,172,172,184,184,196,196,207,207,218,218,230,230,242,242,253,253,264,264,276,276,288,288,299,,,,,,,,,,,,,,,,,,,,,,,,,,,,,,,,,,,,,,,,,,,,,,,,,,,,,,,,,,,,,,,,,,,,,,,,,,,,,,,,,,,,,,,,,,
BuKbxHQaMtI_000000_000010.mp4,4,mountain climber (exercise),29.41,2.9,10.0,85,294,85,137,137,189,189,242,242,294,,,,,,,,,,,,,,,,,,,,,,,,,,,,,,,,,,,,,,,,,,,,,,,,,,,,,,,,,,,,,,,,,,,,,,,,,,,,,,,,,,,,,,,,,,,,,,,,,,,,,,,,,,,,,,,,,,,,,,,,,,,,,,,,,,,,,,
C8jXTa4qpzI_000052_000062.mp4,5,mountain climber (exercise),29.97,1.5,7.81,45,234,45,83,83,121,121,158,158,196,196,234,,,,,,,,,,,,,,,,,,,,,,,,,,,,,,,,,,,,,,,,,,,,,,,,,,,,,,,,,,,,,,,,,,,,,,,,,,,,,,,,,,,,,,,,,,,,,,,,,,,,,,,,,,,,,,,,,,,,,,,,,,,,,,,,,,,,
DfkpSV3Z7P4_000012_000022.mp4,13,mountain climber (exercise),25.0,0.0,7.68,0,192,0,15,15,30,30,44,44,59,59,74,74,89,89,103,103,118,118,133,133,148,148,162,162,177,177,192,,,,,,,,,,,,,,,,,,,,,,,,,,,,,,,,,,,,,,,,,,,,,,,,,,,,,,,,,,,,,,,,,,,,,,,,,,,,,,,,,,,,,,,,,,,,,,,,,,,,,,,,,,,,,,,,,,,,
EGJB4L8yZtw_000020_000030.mp4,22,mountain climber (exercise),23.98,0.0,9.97,0,239,0,11,11,22,22,33,33,43,43,54,54,65,65,76,76,87,87,98,98,109,109,120,120,130,130,141,141,152,152,163,163,174,174,185,185,196,196,206,206,217,217,228,228,239,,,,,,,,,,,,,,,,,,,,,,,,,,,,,,,,,,,,,,,,,,,,,,,,,,,,,,,,,,,,,,,,,,,,,,,,,,,,,,,,,,,,,,,,,,,,,,,,,,
EKQOq11TUcY_000000_000010.mp4,10,mountain climber (exercise),30.0,0.0,6.77,0,203,0,20,20,41,41,61,61,81,81,102,102,122,122,142,142,162,162,183,183,203,,,,,,,,,,,,,,,,,,,,,,,,,,,,,,,,,,,,,,,,,,,,,,,,,,,,,,,,,,,,,,,,,,,,,,,,,,,,,,,,,,,,,,,,,,,,,,,,,,,,,,,,,,,,,,,,,,,,,,,,,,
FAEqWuB5jR4_000000_000010.mp4,9,mountain climber (exercise),23.98,0.71,7.01,17,168,17,34,34,51,51,67,67,84,84,101,101,118,118,134,134,151,151,168,,,,,,,,,,,,,,,,,,,,,,,,,,,,,,,,,,,,,,,,,,,,,,,,,,,,,,,,,,,,,,,,,,,,,,,,,,,,,,,,,,,,,,,,,,,,,,,,,,,,,,,,,,,,,,,,,,,,,,,,,,,,
FlYUxQyB-34_000000_000010.mp4,3,mountain climber (exercise),29.97,1.77,8.01,53,240,53,115,115,178,178,240,,,,,,,,,,,,,,,,,,,,,,,,,,,,,,,,,,,,,,,,,,,,,,,,,,,,,,,,,,,,,,,,,,,,,,,,,,,,,,,,,,,,,,,,,,,,,,,,,,,,,,,,,,,,,,,,,,,,,,,,,,,,,,,,,,,,,,,,
Ge4NuDaIsuY_000000_000010.mp4,4,mountain climber (exercise),25.0,1.04,10.0,26,250,26,82,82,138,138,194,194,250,,,,,,,,,,,,,,,,,,,,,,,,,,,,,,,,,,,,,,,,,,,,,,,,,,,,,,,,,,,,,,,,,,,,,,,,,,,,,,,,,,,,,,,,,,,,,,,,,,,,,,,,,,,,,,,,,,,,,,,,,,,,,,,,,,,,,,
HNeMmcAuAMI_000025_000035.mp4,2,mountain climber (exercise),30.0,0.17,1.9,5,57,5,31,31,57,,,,,,,,,,,,,,,,,,,,,,,,,,,,,,,,,,,,,,,,,,,,,,,,,,,,,,,,,,,,,,,,,,,,,,,,,,,,,,,,,,,,,,,,,,,,,,,,,,,,,,,,,,,,,,,,,,,,,,,,,,,,,,,,,,,,,,,,,,
HffrvYr4QhY_000032_000042.mp4,3,mountain climber (exercise),29.97,2.99,6.42,90,192,90,124,124,158,158,192,,,,,,,,,,,,,,,,,,,,,,,,,,,,,,,,,,,,,,,,,,,,,,,,,,,,,,,,,,,,,,,,,,,,,,,,,,,,,,,,,,,,,,,,,,,,,,,,,,,,,,,,,,,,,,,,,,,,,,,,,,,,,,,,,,,,,,,,
H9d_wpMSh7E_000022_000032.mp4,7,mountain climber (exercise),30.0,0.0,6.93,0,208,0,30,30,59,59,89,89,119,119,149,149,178,178,208,,,,,,,,,,,,,,,,,,,,,,,,,,,,,,,,,,,,,,,,,,,,,,,,,,,,,,,,,,,,,,,,,,,,,,,,,,,,,,,,,,,,,,,,,,,,,,,,,,,,,,,,,,,,,,,,,,,,,,,,,,,,,,,,
IMOJhg7jdqk_000020_000030.mp4,20,mountain climber (exercise),30.0,0.0,10.0,0,300,0,15,15,30,30,45,45,60,60,75,75,90,90,105,105,120,120,135,135,150,150,165,165,180,180,195,195,210,210,225,225,240,240,255,255,270,270,285,285,300,,,,,,,,,,,,,,,,,,,,,,,,,,,,,,,,,,,,,,,,,,,,,,,,,,,,,,,,,,,,,,,,,,,,,,,,,,,,,,,,,,,,,,,,,,,,,,,,,,,,,,
I-E5B8iJNLA_000000_000010.mp4,22,mountain climber (exercise),29.97,0.0,9.98,0,299,0,14,14,27,27,41,41,54,54,68,68,82,82,95,95,109,109,122,122,136,136,150,150,163,163,177,177,190,190,204,204,217,217,231,231,245,245,258,258,272,272,285,285,299,,,,,,,,,,,,,,,,,,,,,,,,,,,,,,,,,,,,,,,,,,,,,,,,,,,,,,,,,,,,,,,,,,,,,,,,,,,,,,,,,,,,,,,,,,,,,,,,,,
KiP42lTWGbg_000000_000010.mp4,6,mountain climber (exercise),29.92,0.0,9.99,0,299,0,50,50,100,100,150,150,199,199,249,249,299,,,,,,,,,,,,,,,,,,,,,,,,,,,,,,,,,,,,,,,,,,,,,,,,,,,,,,,,,,,,,,,,,,,,,,,,,,,,,,,,,,,,,,,,,,,,,,,,,,,,,,,,,,,,,,,,,,,,,,,,,,,,,,,,,,
LFPoD3Ndn6w_000000_000010.mp4,14,mountain climber (exercise),23.98,0.13,6.21,3,149,3,13,13,24,24,34,34,45,45,55,55,66,66,76,76,86,86,97,97,107,107,118,118,128,128,139,139,149,,,,,,,,,,,,,,,,,,,,,,,,,,,,,,,,,,,,,,,,,,,,,,,,,,,,,,,,,,,,,,,,,,,,,,,,,,,,,,,,,,,,,,,,,,,,,,,,,,,,,,,,,,,,,,,,,,
L-peBVDMsh8_000000_000010.mp4,9,mountain climber (exercise),29.97,5.84,9.98,175,299,175,189,189,203,203,216,216,230,230,244,244,258,258,271,271,285,285,299,,,,,,,,,,,,,,,,,,,,,,,,,,,,,,,,,,,,,,,,,,,,,,,,,,,,,,,,,,,,,,,,,,,,,,,,,,,,,,,,,,,,,,,,,,,,,,,,,,,,,,,,,,,,,,,,,,,,,,,,,,,,
MavB1nTn2PE_000033_000043.mp4,9,mountain climber (exercise),29.97,0.0,8.74,0,262,0,29,29,58,58,87,87,116,116,146,146,175,175,204,204,233,233,262,,,,,,,,,,,,,,,,,,,,,,,,,,,,,,,,,,,,,,,,,,,,,,,,,,,,,,,,,,,,,,,,,,,,,,,,,,,,,,,,,,,,,,,,,,,,,,,,,,,,,,,,,,,,,,,,,,,,,,,,,,,,
Md_ZV6DgC1Y_000010_000020.mp4,20,mountain climber (exercise),29.97,0.0,8.64,0,259,0,13,13,26,26,39,39,52,52,65,65,78,78,91,91,104,104,117,117,130,130,142,142,155,155,168,168,181,181,194,194,207,207,220,220,233,233,246,246,259,,,,,,,,,,,,,,,,,,,,,,,,,,,,,,,,,,,,,,,,,,,,,,,,,,,,,,,,,,,,,,,,,,,,,,,,,,,,,,,,,,,,,,,,,,,,,,,,,,,,,,
NJ13UMUEGro_000084_000094.mp4,13,mountain climber (exercise),30.0,0.0,10.0,0,300,0,23,23,46,46,69,69,92,92,115,115,138,138,162,162,185,185,208,208,231,231,254,254,277,277,300,,,,,,,,,,,,,,,,,,,,,,,,,,,,,,,,,,,,,,,,,,,,,,,,,,,,,,,,,,,,,,,,,,,,,,,,,,,,,,,,,,,,,,,,,,,,,,,,,,,,,,,,,,,,,,,,,,,,
N1L9P5EovUU_000010_000020.mp4,25,mountain climber (exercise),24.0,0.0,10.0,0,240,0,10,10,19,19,29,29,38,38,48,48,58,58,67,67,77,77,86,86,96,96,106,106,115,115,125,125,134,134,144,144,154,154,163,163,173,173,182,182,192,192,202,202,211,211,221,221,230,230,240,,,,,,,,,,,,,,,,,,,,,,,,,,,,,,,,,,,,,,,,,,,,,,,,,,,,,,,,,,,,,,,,,,,,,,,,,,,,,,,,,,,,,,,,,,,,
N96XYFZh46g_000014_000024.mp4,25,mountain climber (exercise),25.0,0.0,10.0,0,250,0,10,10,20,20,30,30,40,40,50,50,60,60,70,70,80,80,90,90,100,100,110,110,120,120,130,130,140,140,150,150,160,160,170,170,180,180,190,190,200,200,210,210,220,220,230,230,240,240,250,,,,,,,,,,,,,,,,,,,,,,,,,,,,,,,,,,,,,,,,,,,,,,,,,,,,,,,,,,,,,,,,,,,,,,,,,,,,,,,,,,,,,,,,,,,,
PNqcC05NKrM_000025_000035.mp4,24,mountain climber (exercise),29.97,0.0,9.94,0,298,0,12,12,25,25,37,37,50,50,62,62,74,74,87,87,99,99,112,112,124,124,137,137,149,149,161,161,174,174,186,186,199,199,211,211,224,224,236,236,248,248,261,261,273,273,286,286,298,,,,,,,,,,,,,,,,,,,,,,,,,,,,,,,,,,,,,,,,,,,,,,,,,,,,,,,,,,,,,,,,,,,,,,,,,,,,,,,,,,,,,,,,,,,,,,
Pg2Q-r2sS5k_000000_000010.mp4,10,mountain climber (exercise),29.97,0.17,7.24,5,217,5,26,26,47,47,69,69,90,90,111,111,132,132,153,153,175,175,196,196,217,,,,,,,,,,,,,,,,,,,,,,,,,,,,,,,,,,,,,,,,,,,,,,,,,,,,,,,,,,,,,,,,,,,,,,,,,,,,,,,,,,,,,,,,,,,,,,,,,,,,,,,,,,,,,,,,,,,,,,,,,,
P3FlztkV78M_000039_000049.mp4,13,mountain climber (exercise),25.0,0.0,10.0,0,250,0,19,19,38,38,58,58,77,77,96,96,115,115,135,135,154,154,173,173,192,192,212,212,231,231,250,,,,,,,,,,,,,,,,,,,,,,,,,,,,,,,,,,,,,,,,,,,,,,,,,,,,,,,,,,,,,,,,,,,,,,,,,,,,,,,,,,,,,,,,,,,,,,,,,,,,,,,,,,,,,,,,,,,,
Q2L7hXvIfRw_000000_000010.mp4,12,mountain climber (exercise),30.0,0.13,7.2,4,216,4,22,22,39,39,57,57,75,75,92,92,110,110,128,128,145,145,163,163,181,181,198,198,216,,,,,,,,,,,,,,,,,,,,,,,,,,,,,,,,,,,,,,,,,,,,,,,,,,,,,,,,,,,,,,,,,,,,,,,,,,,,,,,,,,,,,,,,,,,,,,,,,,,,,,,,,,,,,,,,,,,,,,
ROpLFuMHnOU_000012_000022.mp4,4,mountain climber (exercise),30.0,0.0,6.37,0,191,0,48,48,96,96,143,143,191,,,,,,,,,,,,,,,,,,,,,,,,,,,,,,,,,,,,,,,,,,,,,,,,,,,,,,,,,,,,,,,,,,,,,,,,,,,,,,,,,,,,,,,,,,,,,,,,,,,,,,,,,,,,,,,,,,,,,,,,,,,,,,,,,,,,,,
RfMhdJv_h2k_000030_000040.mp4,16,mountain climber (exercise),30.0,1.73,10.0,52,300,52,68,68,83,83,98,98,114,114,130,130,145,145,160,160,176,176,192,192,207,207,222,222,238,238,254,254,269,269,284,284,300,,,,,,,,,,,,,,,,,,,,,,,,,,,,,,,,,,,,,,,,,,,,,,,,,,,,,,,,,,,,,,,,,,,,,,,,,,,,,,,,,,,,,,,,,,,,,,,,,,,,,,,,,,,,,,
R1ekMdrm54I_000345_000355.mp4,6,mountain climber (exercise),30.0,0.0,10.0,0,300,0,50,50,100,100,150,150,200,200,250,250,300,,,,,,,,,,,,,,,,,,,,,,,,,,,,,,,,,,,,,,,,,,,,,,,,,,,,,,,,,,,,,,,,,,,,,,,,,,,,,,,,,,,,,,,,,,,,,,,,,,,,,,,,,,,,,,,,,,,,,,,,,,,,,,,,,,
SkEkdZN162k_000000_000010.mp4,10,mountain climber (exercise),29.93,0.0,9.99,0,299,0,30,30,60,60,90,90,120,120,150,150,179,179,209,209,239,239,269,269,299,,,,,,,,,,,,,,,,,,,,,,,,,,,,,,,,,,,,,,,,,,,,,,,,,,,,,,,,,,,,,,,,,,,,,,,,,,,,,,,,,,,,,,,,,,,,,,,,,,,,,,,,,,,,,,,,,,,,,,,,,,
Sk8GiQ6DKkc_000000_000010.mp4,13,mountain climber (exercise),30.0,0.63,8.27,19,248,19,37,37,54,54,72,72,89,89,107,107,125,125,142,142,160,160,178,178,195,195,213,213,230,230,248,,,,,,,,,,,,,,,,,,,,,,,,,,,,,,,,,,,,,,,,,,,,,,,,,,,,,,,,,,,,,,,,,,,,,,,,,,,,,,,,,,,,,,,,,,,,,,,,,,,,,,,,,,,,,,,,,,,,
S3iJkKGY5RE_000019_000029.mp4,4,mountain climber (exercise),29.97,0.0,7.54,0,226,0,56,56,113,113,170,170,226,,,,,,,,,,,,,,,,,,,,,,,,,,,,,,,,,,,,,,,,,,,,,,,,,,,,,,,,,,,,,,,,,,,,,,,,,,,,,,,,,,,,,,,,,,,,,,,,,,,,,,,,,,,,,,,,,,,,,,,,,,,,,,,,,,,,,,
TjNQKuKQ0BA_000000_000010.mp4,4,mountain climber (exercise),25.0,4.56,10.0,114,250,114,148,148,182,182,216,216,250,,,,,,,,,,,,,,,,,,,,,,,,,,,,,,,,,,,,,,,,,,,,,,,,,,,,,,,,,,,,,,,,,,,,,,,,,,,,,,,,,,,,,,,,,,,,,,,,,,,,,,,,,,,,,,,,,,,,,,,,,,,,,,,,,,,,,,
Trs6EVnx5ms_000000_000010.mp4,7,mountain climber (exercise),30.0,2.3,6.07,69,182,69,85,85,101,101,117,117,134,134,150,150,166,166,182,,,,,,,,,,,,,,,,,,,,,,,,,,,,,,,,,,,,,,,,,,,,,,,,,,,,,,,,,,,,,,,,,,,,,,,,,,,,,,,,,,,,,,,,,,,,,,,,,,,,,,,,,,,,,,,,,,,,,,,,,,,,,,,,
T1QoAg9yDmA_000054_000064.mp4,6,mountain climber (exercise),23.98,0.0,7.01,0,168,0,28,28,56,56,84,84,112,112,140,140,168,,,,,,,,,,,,,,,,,,,,,,,,,,,,,,,,,,,,,,,,,,,,,,,,,,,,,,,,,,,,,,,,,,,,,,,,,,,,,,,,,,,,,,,,,,,,,,,,,,,,,,,,,,,,,,,,,,,,,,,,,,,,,,,,,,
UEIzLK2s4_I_000020_000030.mp4,9,mountain climber (exercise),29.97,2.0,9.98,60,299,60,87,87,113,113,140,140,166,166,193,193,219,219,246,246,272,272,299,,,,,,,,,,,,,,,,,,,,,,,,,,,,,,,,,,,,,,,,,,,,,,,,,,,,,,,,,,,,,,,,,,,,,,,,,,,,,,,,,,,,,,,,,,,,,,,,,,,,,,,,,,,,,,,,,,,,,,,,,,,,
UgsTvS3JyTw_000001_000011.mp4,5,mountain climber (exercise),30.0,0.72,9.98,22,299,22,77,77,133,133,188,188,244,244,299,,,,,,,,,,,,,,,,,,,,,,,,,,,,,,,,,,,,,,,,,,,,,,,,,,,,,,,,,,,,,,,,,,,,,,,,,,,,,,,,,,,,,,,,,,,,,,,,,,,,,,,,,,,,,,,,,,,,,,,,,,,,,,,,,,,,
U6U1b61os-c_000017_000027.mp4,17,mountain climber (exercise),29.67,0.0,6.03,0,179,0,11,11,21,21,32,32,42,42,53,53,63,63,74,74,84,84,95,95,105,105,116,116,126,126,137,137,147,147,158,158,168,168,179,,,,,,,,,,,,,,,,,,,,,,,,,,,,,,,,,,,,,,,,,,,,,,,,,,,,,,,,,,,,,,,,,,,,,,,,,,,,,,,,,,,,,,,,,,,,,,,,,,,,,,,,,,,,
U6U1b61os-c_000017_000027.mp4,13,mountain climber (exercise),29.67,6.44,9.94,191,295,191,199,199,207,207,215,215,223,223,231,231,239,239,247,247,255,255,263,263,271,271,279,279,287,287,295,,,,,,,,,,,,,,,,,,,,,,,,,,,,,,,,,,,,,,,,,,,,,,,,,,,,,,,,,,,,,,,,,,,,,,,,,,,,,,,,,,,,,,,,,,,,,,,,,,,,,,,,,,,,,,,,,,,,
VRDYMjJSgIY_000000_000010.mp4,29,mountain climber (exercise),29.97,0.0,9.98,0,299,0,10,10,21,21,31,31,41,41,52,52,62,62,72,72,82,82,93,93,103,103,113,113,124,124,134,134,144,144,155,155,165,165,175,175,186,186,196,196,206,206,217,217,227,227,237,237,247,247,258,258,268,268,278,278,289,289,299,,,,,,,,,,,,,,,,,,,,,,,,,,,,,,,,,,,,,,,,,,,,,,,,,,,,,,,,,,,,,,,,,,,,,,,,,,,,,,,,,,,,
VaQPIk6Nrv0_000000_000010.mp4,5,mountain climber (exercise),29.97,0.0,6.04,0,181,0,36,36,72,72,109,109,145,145,181,,,,,,,,,,,,,,,,,,,,,,,,,,,,,,,,,,,,,,,,,,,,,,,,,,,,,,,,,,,,,,,,,,,,,,,,,,,,,,,,,,,,,,,,,,,,,,,,,,,,,,,,,,,,,,,,,,,,,,,,,,,,,,,,,,,,
V0DCPigTcNI_000001_000011.mp4,24,mountain climber (exercise),29.97,0.0,9.98,0,299,0,12,12,25,25,37,37,50,50,62,62,75,75,87,87,100,100,112,112,125,125,137,137,150,150,162,162,174,174,187,187,199,199,212,212,224,224,237,237,249,249,262,262,274,274,287,287,299,,,,,,,,,,,,,,,,,,,,,,,,,,,,,,,,,,,,,,,,,,,,,,,,,,,,,,,,,,,,,,,,,,,,,,,,,,,,,,,,,,,,,,,,,,,,,,
V58HNVFaHpw_000067_000077.mp4,11,mountain climber (exercise),29.97,0.0,5.27,0,158,0,14,14,29,29,43,43,57,57,72,72,86,86,101,101,115,115,129,129,144,144,158,,,,,,,,,,,,,,,,,,,,,,,,,,,,,,,,,,,,,,,,,,,,,,,,,,,,,,,,,,,,,,,,,,,,,,,,,,,,,,,,,,,,,,,,,,,,,,,,,,,,,,,,,,,,,,,,,,,,,,,,
V58HNVFaHpw_000067_000077.mp4,5,mountain climber (exercise),29.97,5.47,7.74,164,232,164,178,178,191,191,205,205,218,218,232,,,,,,,,,,,,,,,,,,,,,,,,,,,,,,,,,,,,,,,,,,,,,,,,,,,,,,,,,,,,,,,,,,,,,,,,,,,,,,,,,,,,,,,,,,,,,,,,,,,,,,,,,,,,,,,,,,,,,,,,,,,,,,,,,,,,
V58HNVFaHpw_000067_000077.mp4,2,mountain climber (exercise),29.97,9.04,9.98,271,299,271,285,285,299,,,,,,,,,,,,,,,,,,,,,,,,,,,,,,,,,,,,,,,,,,,,,,,,,,,,,,,,,,,,,,,,,,,,,,,,,,,,,,,,,,,,,,,,,,,,,,,,,,,,,,,,,,,,,,,,,,,,,,,,,,,,,,,,,,,,,,,,,,
WKek0emTYMM_000000_000010.mp4,5,mountain climber (exercise),30.0,4.2,10.0,126,300,126,161,161,196,196,230,230,265,265,300,,,,,,,,,,,,,,,,,,,,,,,,,,,,,,,,,,,,,,,,,,,,,,,,,,,,,,,,,,,,,,,,,,,,,,,,,,,,,,,,,,,,,,,,,,,,,,,,,,,,,,,,,,,,,,,,,,,,,,,,,,,,,,,,,,,,
W9cXizCwcKY_000016_000026.mp4,3,mountain climber (exercise),25.0,0.32,4.24,8,106,8,41,41,73,73,106,,,,,,,,,,,,,,,,,,,,,,,,,,,,,,,,,,,,,,,,,,,,,,,,,,,,,,,,,,,,,,,,,,,,,,,,,,,,,,,,,,,,,,,,,,,,,,,,,,,,,,,,,,,,,,,,,,,,,,,,,,,,,,,,,,,,,,,,
W9cXizCwcKY_000016_000026.mp4,2,mountain climber (exercise),25.0,7.92,10.0,198,250,198,224,224,250,,,,,,,,,,,,,,,,,,,,,,,,,,,,,,,,,,,,,,,,,,,,,,,,,,,,,,,,,,,,,,,,,,,,,,,,,,,,,,,,,,,,,,,,,,,,,,,,,,,,,,,,,,,,,,,,,,,,,,,,,,,,,,,,,,,,,,,,,,
XOjJVaij8HM_000004_000014.mp4,22,mountain climber (exercise),29.97,0.0,9.98,0,299,0,14,14,27,27,41,41,54,54,68,68,82,82,95,95,109,109,122,122,136,136,150,150,163,163,177,177,190,190,204,204,217,217,231,231,245,245,258,258,272,272,285,285,299,,,,,,,,,,,,,,,,,,,,,,,,,,,,,,,,,,,,,,,,,,,,,,,,,,,,,,,,,,,,,,,,,,,,,,,,,,,,,,,,,,,,,,,,,,,,,,,,,,
Xf0aQZHgG9o_000000_000010.mp4,4,mountain climber (exercise),29.97,0.3,9.98,9,299,9,81,81,154,154,227,227,299,,,,,,,,,,,,,,,,,,,,,,,,,,,,,,,,,,,,,,,,,,,,,,,,,,,,,,,,,,,,,,,,,,,,,,,,,,,,,,,,,,,,,,,,,,,,,,,,,,,,,,,,,,,,,,,,,,,,,,,,,,,,,,,,,,,,,,
Xm6MsUsftU0_000000_000010.mp4,4,mountain climber (exercise),30.0,0.0,9.27,0,278,0,70,70,139,139,208,208,278,,,,,,,,,,,,,,,,,,,,,,,,,,,,,,,,,,,,,,,,,,,,,,,,,,,,,,,,,,,,,,,,,,,,,,,,,,,,,,,,,,,,,,,,,,,,,,,,,,,,,,,,,,,,,,,,,,,,,,,,,,,,,,,,,,,,,,
X8Vi5qhqLZU_000012_000022.mp4,22,mountain climber (exercise),30.0,0.0,9.7,0,291,0,13,13,26,26,40,40,53,53,66,66,79,79,93,93,106,106,119,119,132,132,146,146,159,159,172,172,185,185,198,198,212,212,225,225,238,238,251,251,265,265,278,278,291,,,,,,,,,,,,,,,,,,,,,,,,,,,,,,,,,,,,,,,,,,,,,,,,,,,,,,,,,,,,,,,,,,,,,,,,,,,,,,,,,,,,,,,,,,,,,,,,,,
Z8Facq1k-v4_000000_000010.mp4,9,mountain climber (exercise),29.97,2.57,9.98,77,299,77,102,102,126,126,151,151,176,176,200,200,225,225,250,250,274,274,299,,,,,,,,,,,,,,,,,,,,,,,,,,,,,,,,,,,,,,,,,,,,,,,,,,,,,,,,,,,,,,,,,,,,,,,,,,,,,,,,,,,,,,,,,,,,,,,,,,,,,,,,,,,,,,,,,,,,,,,,,,,,
aXLjYZ_JsUI_000000_000010.mp4,22,mountain climber (exercise),30.0,0.0,10.0,0,300,0,14,14,27,27,41,41,55,55,68,68,82,82,95,95,109,109,123,123,136,136,150,150,164,164,177,177,191,191,205,205,218,218,232,232,245,245,259,259,273,273,286,286,300,,,,,,,,,,,,,,,,,,,,,,,,,,,,,,,,,,,,,,,,,,,,,,,,,,,,,,,,,,,,,,,,,,,,,,,,,,,,,,,,,,,,,,,,,,,,,,,,,,
aaGH3-nknOE_000036_000046.mp4,5,mountain climber (exercise),29.97,4.27,9.98,128,299,128,162,162,196,196,231,231,265,265,299,,,,,,,,,,,,,,,,,,,,,,,,,,,,,,,,,,,,,,,,,,,,,,,,,,,,,,,,,,,,,,,,,,,,,,,,,,,,,,,,,,,,,,,,,,,,,,,,,,,,,,,,,,,,,,,,,,,,,,,,,,,,,,,,,,,,
aaGH3-nknOE_000036_000046.mp4,3,mountain climber (exercise),29.97,0.0,3.97,0,119,0,40,40,79,79,119,,,,,,,,,,,,,,,,,,,,,,,,,,,,,,,,,,,,,,,,,,,,,,,,,,,,,,,,,,,,,,,,,,,,,,,,,,,,,,,,,,,,,,,,,,,,,,,,,,,,,,,,,,,,,,,,,,,,,,,,,,,,,,,,,,,,,,,,
agGAZDFklaM_000065_000075.mp4,14,mountain climber (exercise),23.58,0.0,8.27,0,195,0,14,14,28,28,42,42,56,56,70,70,84,84,98,98,111,111,125,125,139,139,153,153,167,167,181,181,195,,,,,,,,,,,,,,,,,,,,,,,,,,,,,,,,,,,,,,,,,,,,,,,,,,,,,,,,,,,,,,,,,,,,,,,,,,,,,,,,,,,,,,,,,,,,,,,,,,,,,,,,,,,,,,,,,,
bODQjwqReGg_000058_000068.mp4,5,mountain climber (exercise),14.24,0.0,2.95,0,42,0,8,8,17,17,25,25,34,34,42,,,,,,,,,,,,,,,,,,,,,,,,,,,,,,,,,,,,,,,,,,,,,,,,,,,,,,,,,,,,,,,,,,,,,,,,,,,,,,,,,,,,,,,,,,,,,,,,,,,,,,,,,,,,,,,,,,,,,,,,,,,,,,,,,,,,
bODQjwqReGg_000058_000068.mp4,4,mountain climber (exercise),14.24,4.56,9.97,65,142,65,84,84,103,103,123,123,142,,,,,,,,,,,,,,,,,,,,,,,,,,,,,,,,,,,,,,,,,,,,,,,,,,,,,,,,,,,,,,,,,,,,,,,,,,,,,,,,,,,,,,,,,,,,,,,,,,,,,,,,,,,,,,,,,,,,,,,,,,,,,,,,,,,,,,
bbEXuOiqDpk_000000_000010.mp4,18,mountain climber (exercise),29.97,0.0,9.98,0,299,0,17,17,33,33,50,50,66,66,83,83,100,100,116,116,133,133,150,150,166,166,183,183,199,199,216,216,233,233,249,249,266,266,282,282,299,,,,,,,,,,,,,,,,,,,,,,,,,,,,,,,,,,,,,,,,,,,,,,,,,,,,,,,,,,,,,,,,,,,,,,,,,,,,,,,,,,,,,,,,,,,,,,,,,,,,,,,,,,
cg2kcfOeQXM_000000_000010.mp4,23,mountain climber (exercise),29.97,2.5,9.98,75,299,75,85,85,94,94,104,104,114,114,124,124,133,133,143,143,153,153,163,163,172,172,182,182,192,192,202,202,211,211,221,221,231,231,241,241,250,250,260,260,270,270,280,280,289,289,299,,,,,,,,,,,,,,,,,,,,,,,,,,,,,,,,,,,,,,,,,,,,,,,,,,,,,,,,,,,,,,,,,,,,,,,,,,,,,,,,,,,,,,,,,,,,,,,,
cng0N-mt9Ss_000015_000025.mp4,26,mountain climber (exercise),29.97,0.0,9.98,0,299,0,12,12,23,23,34,34,46,46,58,58,69,69,80,80,92,92,104,104,115,115,126,126,138,138,150,150,161,161,172,172,184,184,196,196,207,207,218,218,230,230,242,242,253,253,264,264,276,276,288,288,299,,,,,,,,,,,,,,,,,,,,,,,,,,,,,,,,,,,,,,,,,,,,,,,,,,,,,,,,,,,,,,,,,,,,,,,,,,,,,,,,,,,,,,,,,,
cntcouDt_XI_000000_000010.mp4,2,mountain climber (exercise),29.97,4.1,7.34,123,220,123,171,171,220,,,,,,,,,,,,,,,,,,,,,,,,,,,,,,,,,,,,,,,,,,,,,,,,,,,,,,,,,,,,,,,,,,,,,,,,,,,,,,,,,,,,,,,,,,,,,,,,,,,,,,,,,,,,,,,,,,,,,,,,,,,,,,,,,,,,,,,,,,
daPupSJNfW8_000000_000010.mp4,7,mountain climber (exercise),30.0,0.0,2.37,0,71,0,10,10,20,20,30,30,41,41,51,51,61,61,71,,,,,,,,,,,,,,,,,,,,,,,,,,,,,,,,,,,,,,,,,,,,,,,,,,,,,,,,,,,,,,,,,,,,,,,,,,,,,,,,,,,,,,,,,,,,,,,,,,,,,,,,,,,,,,,,,,,,,,,,,,,,,,,,
d65YH_rfzDI_000000_000010.mp4,21,mountain climber (exercise),30.0,1.97,10.0,59,300,59,70,70,82,82,93,93,105,105,116,116,128,128,139,139,151,151,162,162,174,174,185,185,197,197,208,208,220,220,231,231,243,243,254,254,266,266,277,277,289,289,300,,,,,,,,,,,,,,,,,,,,,,,,,,,,,,,,,,,,,,,,,,,,,,,,,,,,,,,,,,,,,,,,,,,,,,,,,,,,,,,,,,,,,,,,,,,,,,,,,,,,
eFpRcxfYsjY_000000_000010.mp4,4,mountain climber (exercise),29.92,0.0,4.28,0,128,0,32,32,64,64,96,96,128,,,,,,,,,,,,,,,,,,,,,,,,,,,,,,,,,,,,,,,,,,,,,,,,,,,,,,,,,,,,,,,,,,,,,,,,,,,,,,,,,,,,,,,,,,,,,,,,,,,,,,,,,,,,,,,,,,,,,,,,,,,,,,,,,,,,,,
eP8vLnpvyf8_000002_000012.mp4,5,mountain climber (exercise),29.97,3.84,9.98,115,299,115,152,152,189,189,225,225,262,262,299,,,,,,,,,,,,,,,,,,,,,,,,,,,,,,,,,,,,,,,,,,,,,,,,,,,,,,,,,,,,,,,,,,,,,,,,,,,,,,,,,,,,,,,,,,,,,,,,,,,,,,,,,,,,,,,,,,,,,,,,,,,,,,,,,,,,
gfZyIoEjJf4_000029_000039.mp4,10,mountain climber (exercise),25.0,0.0,6.8,0,170,0,17,17,34,34,51,51,68,68,85,85,102,102,119,119,136,136,153,153,170,,,,,,,,,,,,,,,,,,,,,,,,,,,,,,,,,,,,,,,,,,,,,,,,,,,,,,,,,,,,,,,,,,,,,,,,,,,,,,,,,,,,,,,,,,,,,,,,,,,,,,,,,,,,,,,,,,,,,,,,,,
g1UpisCZBSM_000004_000014.mp4,28,mountain climber (exercise),15.0,0.0,9.53,0,143,0,5,5,10,10,15,15,20,20,26,26,31,31,36,36,41,41,46,46,51,51,56,56,61,61,66,66,72,72,77,77,82,82,87,87,92,92,97,97,102,102,107,107,112,112,117,117,123,123,128,128,133,133,138,138,143,,,,,,,,,,,,,,,,,,,,,,,,,,,,,,,,,,,,,,,,,,,,,,,,,,,,,,,,,,,,,,,,,,,,,,,,,,,,,,,,,,,,,,
hc6EDeuOFms_000000_000010.mp4,8,mountain climber (exercise),30.0,1.33,6.07,40,182,40,58,58,76,76,93,93,111,111,129,129,146,146,164,164,182,,,,,,,,,,,,,,,,,,,,,,,,,,,,,,,,,,,,,,,,,,,,,,,,,,,,,,,,,,,,,,,,,,,,,,,,,,,,,,,,,,,,,,,,,,,,,,,,,,,,,,,,,,,,,,,,,,,,,,,,,,,,,,
iQGDL71bVxY_000010_000020.mp4,5,mountain climber (exercise),30.0,3.67,6.1,110,183,110,125,125,139,139,154,154,168,168,183,,,,,,,,,,,,,,,,,,,,,,,,,,,,,,,,,,,,,,,,,,,,,,,,,,,,,,,,,,,,,,,,,,,,,,,,,,,,,,,,,,,,,,,,,,,,,,,,,,,,,,,,,,,,,,,,,,,,,,,,,,,,,,,,,,,,
j8En6ujQSbM_000000_000010.mp4,10,mountain climber (exercise),29.97,0.0,4.64,0,139,0,14,14,28,28,42,42,56,56,70,70,83,83,97,97,111,111,125,125,139,,,,,,,,,,,,,,,,,,,,,,,,,,,,,,,,,,,,,,,,,,,,,,,,,,,,,,,,,,,,,,,,,,,,,,,,,,,,,,,,,,,,,,,,,,,,,,,,,,,,,,,,,,,,,,,,,,,,,,,,,,
kD_tZ2gg02s_000004_000014.mp4,2,mountain climber (exercise),30.0,5.1,8.07,153,242,153,197,197,242,,,,,,,,,,,,,,,,,,,,,,,,,,,,,,,,,,,,,,,,,,,,,,,,,,,,,,,,,,,,,,,,,,,,,,,,,,,,,,,,,,,,,,,,,,,,,,,,,,,,,,,,,,,,,,,,,,,,,,,,,,,,,,,,,,,,,,,,,,
lPmcbD3sewM_000015_000025.mp4,10,mountain climber (exercise),23.98,0.0,4.25,0,102,0,10,10,20,20,31,31,41,41,51,51,61,61,71,71,82,82,92,92,102,,,,,,,,,,,,,,,,,,,,,,,,,,,,,,,,,,,,,,,,,,,,,,,,,,,,,,,,,,,,,,,,,,,,,,,,,,,,,,,,,,,,,,,,,,,,,,,,,,,,,,,,,,,,,,,,,,,,,,,,,,
lPmcbD3sewM_000015_000025.mp4,8,mountain climber (exercise),23.98,4.55,8.17,109,196,109,120,120,131,131,142,142,153,153,163,163,174,174,185,185,196,,,,,,,,,,,,,,,,,,,,,,,,,,,,,,,,,,,,,,,,,,,,,,,,,,,,,,,,,,,,,,,,,,,,,,,,,,,,,,,,,,,,,,,,,,,,,,,,,,,,,,,,,,,,,,,,,,,,,,,,,,,,,,
n8ReqvWZjKU_000012_000022.mp4,9,mountain climber (exercise),29.97,0.0,10.0,0,300,0,33,33,67,67,100,100,133,133,167,167,200,200,233,233,267,267,300,,,,,,,,,,,,,,,,,,,,,,,,,,,,,,,,,,,,,,,,,,,,,,,,,,,,,,,,,,,,,,,,,,,,,,,,,,,,,,,,,,,,,,,,,,,,,,,,,,,,,,,,,,,,,,,,,,,,,,,,,,,,
oE8Ygc98M9A_000000_000010.mp4,11,mountain climber (exercise),29.97,4.64,9.98,139,299,139,154,154,168,168,183,183,197,197,212,212,226,226,241,241,255,255,270,270,284,284,299,,,,,,,,,,,,,,,,,,,,,,,,,,,,,,,,,,,,,,,,,,,,,,,,,,,,,,,,,,,,,,,,,,,,,,,,,,,,,,,,,,,,,,,,,,,,,,,,,,,,,,,,,,,,,,,,,,,,,,,,
pcU9rOuuzPs_000008_000018.mp4,12,mountain climber (exercise),29.97,0.0,4.7,0,141,0,12,12,24,24,35,35,47,47,59,59,70,70,82,82,94,94,106,106,118,118,129,129,141,,,,,,,,,,,,,,,,,,,,,,,,,,,,,,,,,,,,,,,,,,,,,,,,,,,,,,,,,,,,,,,,,,,,,,,,,,,,,,,,,,,,,,,,,,,,,,,,,,,,,,,,,,,,,,,,,,,,,,
p1SyZbuiCKU_000018_000028.mp4,13,mountain climber (exercise),23.98,2.84,9.97,68,239,68,81,81,94,94,107,107,121,121,134,134,147,147,160,160,173,173,186,186,200,200,213,213,226,226,239,,,,,,,,,,,,,,,,,,,,,,,,,,,,,,,,,,,,,,,,,,,,,,,,,,,,,,,,,,,,,,,,,,,,,,,,,,,,,,,,,,,,,,,,,,,,,,,,,,,,,,,,,,,,,,,,,,,,
p5NBXae4B1g_000005_000015.mp4,5,mountain climber (exercise),30.0,2.5,5.23,75,157,75,91,91,108,108,124,124,141,141,157,,,,,,,,,,,,,,,,,,,,,,,,,,,,,,,,,,,,,,,,,,,,,,,,,,,,,,,,,,,,,,,,,,,,,,,,,,,,,,,,,,,,,,,,,,,,,,,,,,,,,,,,,,,,,,,,,,,,,,,,,,,,,,,,,,,,
p5NBXae4B1g_000005_000015.mp4,3,mountain climber (exercise),30.0,7.33,8.93,220,268,220,236,236,252,252,268,,,,,,,,,,,,,,,,,,,,,,,,,,,,,,,,,,,,,,,,,,,,,,,,,,,,,,,,,,,,,,,,,,,,,,,,,,,,,,,,,,,,,,,,,,,,,,,,,,,,,,,,,,,,,,,,,,,,,,,,,,,,,,,,,,,,,,,,
qbax351MQgo_000040_000050.mp4,15,mountain climber (exercise),29.97,0.0,9.98,0,299,0,20,20,40,40,60,60,80,80,100,100,120,120,140,140,159,159,179,179,199,199,219,219,239,239,259,259,279,279,299,,,,,,,,,,,,,,,,,,,,,,,,,,,,,,,,,,,,,,,,,,,,,,,,,,,,,,,,,,,,,,,,,,,,,,,,,,,,,,,,,,,,,,,,,,,,,,,,,,,,,,,,,,,,,,,,
qgE1Atc8ntM_000000_000010.mp4,9,mountain climber (exercise),28.95,0.0,9.99,0,289,0,32,32,64,64,96,96,128,128,161,161,193,193,225,225,257,257,289,,,,,,,,,,,,,,,,,,,,,,,,,,,,,,,,,,,,,,,,,,,,,,,,,,,,,,,,,,,,,,,,,,,,,,,,,,,,,,,,,,,,,,,,,,,,,,,,,,,,,,,,,,,,,,,,,,,,,,,,,,,,
q6Sf5jjl8uo_000029_000039.mp4,15,mountain climber (exercise),24.0,0.0,6.46,0,155,0,10,10,21,21,31,31,41,41,52,52,62,62,72,72,83,83,93,93,103,103,114,114,124,124,134,134,145,145,155,,,,,,,,,,,,,,,,,,,,,,,,,,,,,,,,,,,,,,,,,,,,,,,,,,,,,,,,,,,,,,,,,,,,,,,,,,,,,,,,,,,,,,,,,,,,,,,,,,,,,,,,,,,,,,,,
q9cmUVCejCQ_000000_000010.mp4,3,mountain climber (exercise),29.97,0.23,1.8,7,54,7,23,23,38,38,54,,,,,,,,,,,,,,,,,,,,,,,,,,,,,,,,,,,,,,,,,,,,,,,,,,,,,,,,,,,,,,,,,,,,,,,,,,,,,,,,,,,,,,,,,,,,,,,,,,,,,,,,,,,,,,,,,,,,,,,,,,,,,,,,,,,,,,,,
rKxDUp0teo8_000000_000010.mp4,7,mountain climber (exercise),30.0,0.0,6.97,0,209,0,30,30,60,60,90,90,119,119,149,149,179,179,209,,,,,,,,,,,,,,,,,,,,,,,,,,,,,,,,,,,,,,,,,,,,,,,,,,,,,,,,,,,,,,,,,,,,,,,,,,,,,,,,,,,,,,,,,,,,,,,,,,,,,,,,,,,,,,,,,,,,,,,,,,,,,,,,
r6dO6ZXWzOw_000059_000069.mp4,5,mountain climber (exercise),29.97,0.0,3.0,0,90,0,18,18,36,36,54,54,72,72,90,,,,,,,,,,,,,,,,,,,,,,,,,,,,,,,,,,,,,,,,,,,,,,,,,,,,,,,,,,,,,,,,,,,,,,,,,,,,,,,,,,,,,,,,,,,,,,,,,,,,,,,,,,,,,,,,,,,,,,,,,,,,,,,,,,,,
r96lRJtfYXY_000006_000016.mp4,6,mountain climber (exercise),29.97,0.0,8.91,0,267,0,44,44,89,89,134,134,178,178,222,222,267,,,,,,,,,,,,,,,,,,,,,,,,,,,,,,,,,,,,,,,,,,,,,,,,,,,,,,,,,,,,,,,,,,,,,,,,,,,,,,,,,,,,,,,,,,,,,,,,,,,,,,,,,,,,,,,,,,,,,,,,,,,,,,,,,,
sCs5o8QqlC4_000046_000056.mp4,10,mountain climber (exercise),29.97,0.37,7.47,11,224,11,32,32,54,54,75,75,96,96,117,117,139,139,160,160,181,181,203,203,224,,,,,,,,,,,,,,,,,,,,,,,,,,,,,,,,,,,,,,,,,,,,,,,,,,,,,,,,,,,,,,,,,,,,,,,,,,,,,,,,,,,,,,,,,,,,,,,,,,,,,,,,,,,,,,,,,,,,,,,,,,
tlbxLDgwEcw_000034_000044.mp4,6,mountain climber (exercise),30.0,0.0,3.3,0,99,0,16,16,33,33,50,50,66,66,82,82,99,,,,,,,,,,,,,,,,,,,,,,,,,,,,,,,,,,,,,,,,,,,,,,,,,,,,,,,,,,,,,,,,,,,,,,,,,,,,,,,,,,,,,,,,,,,,,,,,,,,,,,,,,,,,,,,,,,,,,,,,,,,,,,,,,,
uK7EUBdQYGs_000000_000010.mp4,16,mountain climber (exercise),30.0,1.73,10.0,52,300,52,68,68,83,83,98,98,114,114,130,130,145,145,160,160,176,176,192,192,207,207,222,222,238,238,254,254,269,269,284,284,300,,,,,,,,,,,,,,,,,,,,,,,,,,,,,,,,,,,,,,,,,,,,,,,,,,,,,,,,,,,,,,,,,,,,,,,,,,,,,,,,,,,,,,,,,,,,,,,,,,,,,,,,,,,,,,
vc2C0B-Mmio_000020_000030.mp4,2,mountain climber (exercise),29.97,6.97,9.98,209,299,209,254,254,299,,,,,,,,,,,,,,,,,,,,,,,,,,,,,,,,,,,,,,,,,,,,,,,,,,,,,,,,,,,,,,,,,,,,,,,,,,,,,,,,,,,,,,,,,,,,,,,,,,,,,,,,,,,,,,,,,,,,,,,,,,,,,,,,,,,,,,,,,,
wQdW7LJE8vI_000002_000012.mp4,7,mountain climber (exercise),30.0,0.0,8.83,0,265,0,38,38,76,76,114,114,151,151,189,189,227,227,265,,,,,,,,,,,,,,,,,,,,,,,,,,,,,,,,,,,,,,,,,,,,,,,,,,,,,,,,,,,,,,,,,,,,,,,,,,,,,,,,,,,,,,,,,,,,,,,,,,,,,,,,,,,,,,,,,,,,,,,,,,,,,,,,
wfzbU6JQQJU_000010_000020.mp4,7,mountain climber (exercise),29.97,0.0,9.98,0,299,0,43,43,85,85,128,128,171,171,214,214,256,256,299,,,,,,,,,,,,,,,,,,,,,,,,,,,,,,,,,,,,,,,,,,,,,,,,,,,,,,,,,,,,,,,,,,,,,,,,,,,,,,,,,,,,,,,,,,,,,,,,,,,,,,,,,,,,,,,,,,,,,,,,,,,,,,,,
y3OzOR80dHM_000000_000010.mp4,15,mountain climber (exercise),29.97,0.0,5.97,0,179,0,12,12,24,24,36,36,48,48,60,60,72,72,84,84,95,95,107,107,119,119,131,131,143,143,155,155,167,167,179,,,,,,,,,,,,,,,,,,,,,,,,,,,,,,,,,,,,,,,,,,,,,,,,,,,,,,,,,,,,,,,,,,,,,,,,,,,,,,,,,,,,,,,,,,,,,,,,,,,,,,,,,,,,,,,,
1IVp5oA-aXo_000014_000024.mp4,4,mountain climber (exercise),29.43,0.0,9.99,0,294,0,74,74,147,147,220,220,294,,,,,,,,,,,,,,,,,,,,,,,,,,,,,,,,,,,,,,,,,,,,,,,,,,,,,,,,,,,,,,,,,,,,,,,,,,,,,,,,,,,,,,,,,,,,,,,,,,,,,,,,,,,,,,,,,,,,,,,,,,,,,,,,,,,,,,
2m4OGFq2Eto_000000_000010.mp4,21,mountain climber (exercise),30.0,0.0,7.93,0,238,0,11,11,23,23,34,34,45,45,57,57,68,68,79,79,91,91,102,102,113,113,125,125,136,136,147,147,159,159,170,170,181,181,193,193,204,204,215,215,227,227,238,,,,,,,,,,,,,,,,,,,,,,,,,,,,,,,,,,,,,,,,,,,,,,,,,,,,,,,,,,,,,,,,,,,,,,,,,,,,,,,,,,,,,,,,,,,,,,,,,,,,
2zIHv_kWhOs_000012_000022.mp4,6,mountain climber (exercise),29.97,0.63,9.98,19,299,19,66,66,112,112,159,159,206,206,252,252,299,,,,,,,,,,,,,,,,,,,,,,,,,,,,,,,,,,,,,,,,,,,,,,,,,,,,,,,,,,,,,,,,,,,,,,,,,,,,,,,,,,,,,,,,,,,,,,,,,,,,,,,,,,,,,,,,,,,,,,,,,,,,,,,,,,
24rWwULLYvA_000048_000058.mp4,7,mountain climber (exercise),23.98,0.0,3.17,0,76,0,11,11,22,22,33,33,43,43,54,54,65,65,76,,,,,,,,,,,,,,,,,,,,,,,,,,,,,,,,,,,,,,,,,,,,,,,,,,,,,,,,,,,,,,,,,,,,,,,,,,,,,,,,,,,,,,,,,,,,,,,,,,,,,,,,,,,,,,,,,,,,,,,,,,,,,,,,
3f8BvoFgzhE_000000_000010.mp4,10,mountain climber (exercise),29.97,0.2,4.47,6,134,6,19,19,32,32,44,44,57,57,70,70,83,83,96,96,108,108,121,121,134,,,,,,,,,,,,,,,,,,,,,,,,,,,,,,,,,,,,,,,,,,,,,,,,,,,,,,,,,,,,,,,,,,,,,,,,,,,,,,,,,,,,,,,,,,,,,,,,,,,,,,,,,,,,,,,,,,,,,,,,,,
4CvpIBOgtYE_000000_000010.mp4,17,mountain climber (exercise),30.0,0.37,6.57,11,197,11,22,22,33,33,44,44,55,55,66,66,77,77,88,88,99,99,109,109,120,120,131,131,142,142,153,153,164,164,175,175,186,186,197,,,,,,,,,,,,,,,,,,,,,,,,,,,,,,,,,,,,,,,,,,,,,,,,,,,,,,,,,,,,,,,,,,,,,,,,,,,,,,,,,,,,,,,,,,,,,,,,,,,,,,,,,,,,
4w4X-RS6zac_000013_000023.mp4,14,mountain climber (exercise),23.98,0.0,7.09,0,170,0,12,12,24,24,36,36,49,49,61,61,73,73,85,85,97,97,109,109,121,121,134,134,146,146,158,158,170,,,,,,,,,,,,,,,,,,,,,,,,,,,,,,,,,,,,,,,,,,,,,,,,,,,,,,,,,,,,,,,,,,,,,,,,,,,,,,,,,,,,,,,,,,,,,,,,,,,,,,,,,,,,,,,,,,
45vtzmVNclY_000016_000026.mp4,4,mountain climber (exercise),30.0,0.0,10.0,0,300,0,75,75,150,150,225,225,300,,,,,,,,,,,,,,,,,,,,,,,,,,,,,,,,,,,,,,,,,,,,,,,,,,,,,,,,,,,,,,,,,,,,,,,,,,,,,,,,,,,,,,,,,,,,,,,,,,,,,,,,,,,,,,,,,,,,,,,,,,,,,,,,,,,,,,
5BmtprzYnNk_000009_000019.mp4,22,mountain climber (exercise),25.0,0.0,9.2,0,230,0,10,10,21,21,31,31,42,42,52,52,63,63,73,73,84,84,94,94,105,105,115,115,125,125,136,136,146,146,157,157,167,167,178,178,188,188,199,199,209,209,220,220,230,,,,,,,,,,,,,,,,,,,,,,,,,,,,,,,,,,,,,,,,,,,,,,,,,,,,,,,,,,,,,,,,,,,,,,,,,,,,,,,,,,,,,,,,,,,,,,,,,,
6NxSvJ-sfuk_000000_000010.mp4,10,mountain climber (exercise),23.97,0.21,6.17,5,148,5,19,19,34,34,48,48,62,62,77,77,91,91,105,105,119,119,134,134,148,,,,,,,,,,,,,,,,,,,,,,,,,,,,,,,,,,,,,,,,,,,,,,,,,,,,,,,,,,,,,,,,,,,,,,,,,,,,,,,,,,,,,,,,,,,,,,,,,,,,,,,,,,,,,,,,,,,,,,,,,,
6NxSvJ-sfuk_000000_000010.mp4,5,mountain climber (exercise),23.97,7.38,9.97,177,239,177,189,189,202,202,214,214,227,227,239,,,,,,,,,,,,,,,,,,,,,,,,,,,,,,,,,,,,,,,,,,,,,,,,,,,,,,,,,,,,,,,,,,,,,,,,,,,,,,,,,,,,,,,,,,,,,,,,,,,,,,,,,,,,,,,,,,,,,,,,,,,,,,,,,,,,
6glQQIb5Tc0_000060_000070.mp4,2,mountain climber (exercise),29.97,0.0,3.84,0,115,0,58,58,115,,,,,,,,,,,,,,,,,,,,,,,,,,,,,,,,,,,,,,,,,,,,,,,,,,,,,,,,,,,,,,,,,,,,,,,,,,,,,,,,,,,,,,,,,,,,,,,,,,,,,,,,,,,,,,,,,,,,,,,,,,,,,,,,,,,,,,,,,,
6zBw9IVnqCU_000000_000010.mp4,23,mountain climber (exercise),29.0,0.0,5.83,0,169,0,7,7,15,15,22,22,29,29,37,37,44,44,51,51,59,59,66,66,73,73,81,81,88,88,96,96,103,103,110,110,118,118,125,125,132,132,140,140,147,147,154,154,162,162,169,,,,,,,,,,,,,,,,,,,,,,,,,,,,,,,,,,,,,,,,,,,,,,,,,,,,,,,,,,,,,,,,,,,,,,,,,,,,,,,,,,,,,,,,,,,,,,,,
618m6c3UoVc_000000_000010.mp4,6,mountain climber (exercise),29.97,0.0,5.37,0,161,0,27,27,54,54,80,80,107,107,134,134,161,,,,,,,,,,,,,,,,,,,,,,,,,,,,,,,,,,,,,,,,,,,,,,,,,,,,,,,,,,,,,,,,,,,,,,,,,,,,,,,,,,,,,,,,,,,,,,,,,,,,,,,,,,,,,,,,,,,,,,,,,,,,,,,,,,
68_ETI6A_lA_000000_000010.mp4,7,mountain climber (exercise),29.97,7.01,9.98,210,299,210,223,223,235,235,248,248,261,261,274,274,286,286,299,,,,,,,,,,,,,,,,,,,,,,,,,,,,,,,,,,,,,,,,,,,,,,,,,,,,,,,,,,,,,,,,,,,,,,,,,,,,,,,,,,,,,,,,,,,,,,,,,,,,,,,,,,,,,,,,,,,,,,,,,,,,,,,,
7BP2kpwkvBY_000012_000022.mp4,4,mountain climber (exercise),29.97,0.0,8.64,0,259,0,65,65,130,130,194,194,259,,,,,,,,,,,,,,,,,,,,,,,,,,,,,,,,,,,,,,,,,,,,,,,,,,,,,,,,,,,,,,,,,,,,,,,,,,,,,,,,,,,,,,,,,,,,,,,,,,,,,,,,,,,,,,,,,,,,,,,,,,,,,,,,,,,,,,
7UV-0U1aqnQ_000012_000022.mp4,2,mountain climber (exercise),25.0,0.0,3.64,0,91,0,46,46,91,,,,,,,,,,,,,,,,,,,,,,,,,,,,,,,,,,,,,,,,,,,,,,,,,,,,,,,,,,,,,,,,,,,,,,,,,,,,,,,,,,,,,,,,,,,,,,,,,,,,,,,,,,,,,,,,,,,,,,,,,,,,,,,,,,,,,,,,,,
7ihH8eUEJSA_000003_000013.mp4,7,mountain climber (exercise),29.92,0.37,9.39,11,281,11,50,50,88,88,127,127,165,165,204,204,242,242,281,,,,,,,,,,,,,,,,,,,,,,,,,,,,,,,,,,,,,,,,,,,,,,,,,,,,,,,,,,,,,,,,,,,,,,,,,,,,,,,,,,,,,,,,,,,,,,,,,,,,,,,,,,,,,,,,,,,,,,,,,,,,,,,,
8Vo0XKjvGyU_000014_000024.mp4,19,mountain climber (exercise),29.97,0.0,9.98,0,299,0,16,16,31,31,47,47,63,63,79,79,94,94,110,110,126,126,142,142,157,157,173,173,189,189,205,205,220,220,236,236,252,252,268,268,283,283,299,,,,,,,,,,,,,,,,,,,,,,,,,,,,,,,,,,,,,,,,,,,,,,,,,,,,,,,,,,,,,,,,,,,,,,,,,,,,,,,,,,,,,,,,,,,,,,,,,,,,,,,,
8gtxBbw7Dy8_000027_000037.mp4,3,mountain climber (exercise),29.97,7.01,9.94,210,298,210,239,239,269,269,298,,,,,,,,,,,,,,,,,,,,,,,,,,,,,,,,,,,,,,,,,,,,,,,,,,,,,,,,,,,,,,,,,,,,,,,,,,,,,,,,,,,,,,,,,,,,,,,,,,,,,,,,,,,,,,,,,,,,,,,,,,,,,,,,,,,,,,,,
9BOBcx51Ul4_000000_000010.mp4,40,mountain climber (exercise),29.97,0.63,9.98,19,299,19,26,26,33,33,40,40,47,47,54,54,61,61,68,68,75,75,82,82,89,89,96,96,103,103,110,110,117,117,124,124,131,131,138,138,145,145,152,152,159,159,166,166,173,173,180,180,187,187,194,194,201,201,208,208,215,215,222,222,229,229,236,236,243,243,250,250,257,257,264,264,271,271,278,278,285,285,292,292,299,,,,,,,,,,,,,,,,,,,,,,,,,,,,,,,,,,,,,,,,,,,,,,,,,,,,,,,,,,,,,,
9HMp2bgMR9k_000065_000075.mp4,5,mountain climber (exercise),25.0,0.0,8.28,0,207,0,41,41,83,83,124,124,166,166,207,,,,,,,,,,,,,,,,,,,,,,,,,,,,,,,,,,,,,,,,,,,,,,,,,,,,,,,,,,,,,,,,,,,,,,,,,,,,,,,,,,,,,,,,,,,,,,,,,,,,,,,,,,,,,,,,,,,,,,,,,,,,,,,,,,,,
9Vg1ztUd6OE_000000_000010.mp4,5,mountain climber (exercise),29.97,1.3,9.98,39,299,39,91,91,143,143,195,195,247,247,299,,,,,,,,,,,,,,,,,,,,,,,,,,,,,,,,,,,,,,,,,,,,,,,,,,,,,,,,,,,,,,,,,,,,,,,,,,,,,,,,,,,,,,,,,,,,,,,,,,,,,,,,,,,,,,,,,,,,,,,,,,,,,,,,,,,,
-P7Z6zbTZ_c_000000_000010.mp4,20,mountain climber (exercise),29.97,0.0,7.71,0,231,0,12,12,23,23,35,35,46,46,58,58,69,69,81,81,92,92,104,104,116,116,127,127,139,139,150,150,162,162,173,173,185,185,196,196,208,208,219,219,231,,,,,,,,,,,,,,,,,,,,,,,,,,,,,,,,,,,,,,,,,,,,,,,,,,,,,,,,,,,,,,,,,,,,,,,,,,,,,,,,,,,,,,,,,,,,,,,,,,,,,,
AGeo0IMB-94_000001_000011.mp4,16,pirouetting,15.0,0.4,10.0,6,150,6,15,15,24,24,33,33,42,42,51,51,60,60,69,69,78,78,87,87,96,96,105,105,114,114,123,123,132,132,141,141,150,,,,,,,,,,,,,,,,,,,,,,,,,,,,,,,,,,,,,,,,,,,,,,,,,,,,,,,,,,,,,,,,,,,,,,,,,,,,,,,,,,,,,,,,,,,,,,,,,,,,,,,,,,,,,,
ARnF4RMklE0_000000_000010.mp4,4,pirouetting,29.97,0.23,3.47,7,104,7,31,31,55,55,80,80,104,,,,,,,,,,,,,,,,,,,,,,,,,,,,,,,,,,,,,,,,,,,,,,,,,,,,,,,,,,,,,,,,,,,,,,,,,,,,,,,,,,,,,,,,,,,,,,,,,,,,,,,,,,,,,,,,,,,,,,,,,,,,,,,,,,,,,,
A18i2kJ-ZUE_000003_000013.mp4,10,pirouetting,25.0,0.0,7.52,0,188,0,19,19,38,38,56,56,75,75,94,94,113,113,132,132,150,150,169,169,188,,,,,,,,,,,,,,,,,,,,,,,,,,,,,,,,,,,,,,,,,,,,,,,,,,,,,,,,,,,,,,,,,,,,,,,,,,,,,,,,,,,,,,,,,,,,,,,,,,,,,,,,,,,,,,,,,,,,,,,,,,
B1OdpN0ZI8g_000006_000016.mp4,5,pirouetting,23.98,7.09,9.97,170,239,170,184,184,198,198,211,211,225,225,239,,,,,,,,,,,,,,,,,,,,,,,,,,,,,,,,,,,,,,,,,,,,,,,,,,,,,,,,,,,,,,,,,,,,,,,,,,,,,,,,,,,,,,,,,,,,,,,,,,,,,,,,,,,,,,,,,,,,,,,,,,,,,,,,,,,,
EKrcc3Z9OLs_000000_000010.mp4,2,pirouetting,29.97,6.37,8.48,191,254,191,223,223,254,,,,,,,,,,,,,,,,,,,,,,,,,,,,,,,,,,,,,,,,,,,,,,,,,,,,,,,,,,,,,,,,,,,,,,,,,,,,,,,,,,,,,,,,,,,,,,,,,,,,,,,,,,,,,,,,,,,,,,,,,,,,,,,,,,,,,,,,,,
EsJr7hfUQBw_000000_000010.mp4,6,pirouetting,29.0,4.34,8.17,126,237,126,144,144,163,163,182,182,200,200,218,218,237,,,,,,,,,,,,,,,,,,,,,,,,,,,,,,,,,,,,,,,,,,,,,,,,,,,,,,,,,,,,,,,,,,,,,,,,,,,,,,,,,,,,,,,,,,,,,,,,,,,,,,,,,,,,,,,,,,,,,,,,,,,,,,,,,,
E_eX5t_iFuI_000225_000235.mp4,7,pirouetting,29.97,6.84,9.94,205,298,205,218,218,232,232,245,245,258,258,271,271,285,285,298,,,,,,,,,,,,,,,,,,,,,,,,,,,,,,,,,,,,,,,,,,,,,,,,,,,,,,,,,,,,,,,,,,,,,,,,,,,,,,,,,,,,,,,,,,,,,,,,,,,,,,,,,,,,,,,,,,,,,,,,,,,,,,,,
FabAbRgiwwE_000015_000025.mp4,3,pirouetting,29.97,0.0,2.2,0,66,0,22,22,44,44,66,,,,,,,,,,,,,,,,,,,,,,,,,,,,,,,,,,,,,,,,,,,,,,,,,,,,,,,,,,,,,,,,,,,,,,,,,,,,,,,,,,,,,,,,,,,,,,,,,,,,,,,,,,,,,,,,,,,,,,,,,,,,,,,,,,,,,,,,
FnqwXnYrcQ4_000000_000010.mp4,2,pirouetting,29.97,0.6,2.47,18,74,18,46,46,74,,,,,,,,,,,,,,,,,,,,,,,,,,,,,,,,,,,,,,,,,,,,,,,,,,,,,,,,,,,,,,,,,,,,,,,,,,,,,,,,,,,,,,,,,,,,,,,,,,,,,,,,,,,,,,,,,,,,,,,,,,,,,,,,,,,,,,,,,,
Gm5RgYf50j8_000025_000035.mp4,2,pirouetting,25.0,5.92,8.19,148,205,148,176,176,205,,,,,,,,,,,,,,,,,,,,,,,,,,,,,,,,,,,,,,,,,,,,,,,,,,,,,,,,,,,,,,,,,,,,,,,,,,,,,,,,,,,,,,,,,,,,,,,,,,,,,,,,,,,,,,,,,,,,,,,,,,,,,,,,,,,,,,,,,,
HA4mRgNNr5M_000000_000010.mp4,3,pirouetting,30.0,1.17,3.03,35,91,35,54,54,72,72,91,,,,,,,,,,,,,,,,,,,,,,,,,,,,,,,,,,,,,,,,,,,,,,,,,,,,,,,,,,,,,,,,,,,,,,,,,,,,,,,,,,,,,,,,,,,,,,,,,,,,,,,,,,,,,,,,,,,,,,,,,,,,,,,,,,,,,,,,
HGulu8Pj6xo_000000_000010.mp4,3,pirouetting,30.0,1.57,3.73,47,112,47,69,69,90,90,112,,,,,,,,,,,,,,,,,,,,,,,,,,,,,,,,,,,,,,,,,,,,,,,,,,,,,,,,,,,,,,,,,,,,,,,,,,,,,,,,,,,,,,,,,,,,,,,,,,,,,,,,,,,,,,,,,,,,,,,,,,,,,,,,,,,,,,,,
HSoJU6no1fo_000005_000015.mp4,2,pirouetting,29.97,0.6,2.54,18,76,18,47,47,76,,,,,,,,,,,,,,,,,,,,,,,,,,,,,,,,,,,,,,,,,,,,,,,,,,,,,,,,,,,,,,,,,,,,,,,,,,,,,,,,,,,,,,,,,,,,,,,,,,,,,,,,,,,,,,,,,,,,,,,,,,,,,,,,,,,,,,,,,,
HXj7l2KPGOU_000000_000010.mp4,2,pirouetting,13.01,4.15,5.69,54,74,54,64,64,74,,,,,,,,,,,,,,,,,,,,,,,,,,,,,,,,,,,,,,,,,,,,,,,,,,,,,,,,,,,,,,,,,,,,,,,,,,,,,,,,,,,,,,,,,,,,,,,,,,,,,,,,,,,,,,,,,,,,,,,,,,,,,,,,,,,,,,,,,,
Id59t1WRdOY_000000_000010.mp4,8,pirouetting,30.0,1.1,6.27,33,188,33,52,52,72,72,91,91,111,111,130,130,149,149,169,169,188,,,,,,,,,,,,,,,,,,,,,,,,,,,,,,,,,,,,,,,,,,,,,,,,,,,,,,,,,,,,,,,,,,,,,,,,,,,,,,,,,,,,,,,,,,,,,,,,,,,,,,,,,,,,,,,,,,,,,,,,,,,,,,
IvFJwrhLSHU_000006_000016.mp4,3,pirouetting,29.97,0.0,7.81,0,234,0,78,78,156,156,234,,,,,,,,,,,,,,,,,,,,,,,,,,,,,,,,,,,,,,,,,,,,,,,,,,,,,,,,,,,,,,,,,,,,,,,,,,,,,,,,,,,,,,,,,,,,,,,,,,,,,,,,,,,,,,,,,,,,,,,,,,,,,,,,,,,,,,,,
JnZYu4sFtbk_000000_000010.mp4,3,pirouetting,30.0,0.3,2.7,9,81,9,33,33,57,57,81,,,,,,,,,,,,,,,,,,,,,,,,,,,,,,,,,,,,,,,,,,,,,,,,,,,,,,,,,,,,,,,,,,,,,,,,,,,,,,,,,,,,,,,,,,,,,,,,,,,,,,,,,,,,,,,,,,,,,,,,,,,,,,,,,,,,,,,,
KKzLdJNEjtc_000011_000021.mp4,2,pirouetting,15.0,0.7,3.4,10,51,10,30,30,51,,,,,,,,,,,,,,,,,,,,,,,,,,,,,,,,,,,,,,,,,,,,,,,,,,,,,,,,,,,,,,,,,,,,,,,,,,,,,,,,,,,,,,,,,,,,,,,,,,,,,,,,,,,,,,,,,,,,,,,,,,,,,,,,,,,,,,,,,,
KKzLdJNEjtc_000011_000021.mp4,2,pirouetting,15.0,7.73,10.0,116,150,116,133,133,150,,,,,,,,,,,,,,,,,,,,,,,,,,,,,,,,,,,,,,,,,,,,,,,,,,,,,,,,,,,,,,,,,,,,,,,,,,,,,,,,,,,,,,,,,,,,,,,,,,,,,,,,,,,,,,,,,,,,,,,,,,,,,,,,,,,,,,,,,,
MGdAKz951Ws_000002_000012.mp4,2,pirouetting,29.97,4.17,6.54,125,196,125,161,161,196,,,,,,,,,,,,,,,,,,,,,,,,,,,,,,,,,,,,,,,,,,,,,,,,,,,,,,,,,,,,,,,,,,,,,,,,,,,,,,,,,,,,,,,,,,,,,,,,,,,,,,,,,,,,,,,,,,,,,,,,,,,,,,,,,,,,,,,,,,
M568Jr1YiCk_000008_000018.mp4,7,pirouetting,28.33,0.0,5.51,0,156,0,22,22,45,45,67,67,89,89,111,111,134,134,156,,,,,,,,,,,,,,,,,,,,,,,,,,,,,,,,,,,,,,,,,,,,,,,,,,,,,,,,,,,,,,,,,,,,,,,,,,,,,,,,,,,,,,,,,,,,,,,,,,,,,,,,,,,,,,,,,,,,,,,,,,,,,,,,
NYYdy_rmiRA_000000_000010.mp4,6,pirouetting,23.0,1.3,5.91,30,136,30,48,48,65,65,83,83,101,101,118,118,136,,,,,,,,,,,,,,,,,,,,,,,,,,,,,,,,,,,,,,,,,,,,,,,,,,,,,,,,,,,,,,,,,,,,,,,,,,,,,,,,,,,,,,,,,,,,,,,,,,,,,,,,,,,,,,,,,,,,,,,,,,,,,,,,,,
Ok5UyvG8Cdo_000039_000049.mp4,4,pirouetting,29.97,0.0,2.74,0,82,0,20,20,41,41,62,62,82,,,,,,,,,,,,,,,,,,,,,,,,,,,,,,,,,,,,,,,,,,,,,,,,,,,,,,,,,,,,,,,,,,,,,,,,,,,,,,,,,,,,,,,,,,,,,,,,,,,,,,,,,,,,,,,,,,,,,,,,,,,,,,,,,,,,,,
PDptvU9fQD8_000014_000024.mp4,3,pirouetting,30.0,0.4,8.97,12,269,12,98,98,183,183,269,,,,,,,,,,,,,,,,,,,,,,,,,,,,,,,,,,,,,,,,,,,,,,,,,,,,,,,,,,,,,,,,,,,,,,,,,,,,,,,,,,,,,,,,,,,,,,,,,,,,,,,,,,,,,,,,,,,,,,,,,,,,,,,,,,,,,,,,
PkeHWovFIyc_000000_000010.mp4,3,pirouetting,15.0,1.93,4.8,29,72,29,43,43,58,58,72,,,,,,,,,,,,,,,,,,,,,,,,,,,,,,,,,,,,,,,,,,,,,,,,,,,,,,,,,,,,,,,,,,,,,,,,,,,,,,,,,,,,,,,,,,,,,,,,,,,,,,,,,,,,,,,,,,,,,,,,,,,,,,,,,,,,,,,,
QaDF0z01Ejc_000124_000134.mp4,6,pirouetting,25.0,0.0,5.92,0,148,0,25,25,49,49,74,74,99,99,123,123,148,,,,,,,,,,,,,,,,,,,,,,,,,,,,,,,,,,,,,,,,,,,,,,,,,,,,,,,,,,,,,,,,,,,,,,,,,,,,,,,,,,,,,,,,,,,,,,,,,,,,,,,,,,,,,,,,,,,,,,,,,,,,,,,,,,
Q3zP2NneDxo_000016_000026.mp4,2,pirouetting,29.97,5.82,7.57,174,227,174,200,200,227,,,,,,,,,,,,,,,,,,,,,,,,,,,,,,,,,,,,,,,,,,,,,,,,,,,,,,,,,,,,,,,,,,,,,,,,,,,,,,,,,,,,,,,,,,,,,,,,,,,,,,,,,,,,,,,,,,,,,,,,,,,,,,,,,,,,,,,,,,
RHOZ4ioI-9I_000000_000010.mp4,2,pirouetting,29.0,1.24,3.1,36,90,36,63,63,90,,,,,,,,,,,,,,,,,,,,,,,,,,,,,,,,,,,,,,,,,,,,,,,,,,,,,,,,,,,,,,,,,,,,,,,,,,,,,,,,,,,,,,,,,,,,,,,,,,,,,,,,,,,,,,,,,,,,,,,,,,,,,,,,,,,,,,,,,,
RVEO0BtJGJM_000000_000010.mp4,11,pirouetting,29.97,1.8,8.71,54,261,54,73,73,92,92,110,110,129,129,148,148,167,167,186,186,205,205,223,223,242,242,261,,,,,,,,,,,,,,,,,,,,,,,,,,,,,,,,,,,,,,,,,,,,,,,,,,,,,,,,,,,,,,,,,,,,,,,,,,,,,,,,,,,,,,,,,,,,,,,,,,,,,,,,,,,,,,,,,,,,,,,,
Sl_X-1q3uX8_000000_000010.mp4,10,pirouetting,30.0,2.73,9.97,82,299,82,104,104,125,125,147,147,169,169,190,190,212,212,234,234,256,256,277,277,299,,,,,,,,,,,,,,,,,,,,,,,,,,,,,,,,,,,,,,,,,,,,,,,,,,,,,,,,,,,,,,,,,,,,,,,,,,,,,,,,,,,,,,,,,,,,,,,,,,,,,,,,,,,,,,,,,,,,,,,,,,
TTgP6dNt0pw_000019_000029.mp4,3,pirouetting,27.52,1.94,6.52,53,179,53,95,95,137,137,179,,,,,,,,,,,,,,,,,,,,,,,,,,,,,,,,,,,,,,,,,,,,,,,,,,,,,,,,,,,,,,,,,,,,,,,,,,,,,,,,,,,,,,,,,,,,,,,,,,,,,,,,,,,,,,,,,,,,,,,,,,,,,,,,,,,,,,,,
TxcDyoGv28o_000004_000014.mp4,3,pirouetting,29.97,2.07,4.34,62,130,62,85,85,107,107,130,,,,,,,,,,,,,,,,,,,,,,,,,,,,,,,,,,,,,,,,,,,,,,,,,,,,,,,,,,,,,,,,,,,,,,,,,,,,,,,,,,,,,,,,,,,,,,,,,,,,,,,,,,,,,,,,,,,,,,,,,,,,,,,,,,,,,,,,
TxcDyoGv28o_000004_000014.mp4,2,pirouetting,29.97,6.37,8.11,191,243,191,217,217,243,,,,,,,,,,,,,,,,,,,,,,,,,,,,,,,,,,,,,,,,,,,,,,,,,,,,,,,,,,,,,,,,,,,,,,,,,,,,,,,,,,,,,,,,,,,,,,,,,,,,,,,,,,,,,,,,,,,,,,,,,,,,,,,,,,,,,,,,,,
Vwwj3t7ZGew_000123_000133.mp4,2,pirouetting,29.97,0.53,7.84,16,235,16,126,126,235,,,,,,,,,,,,,,,,,,,,,,,,,,,,,,,,,,,,,,,,,,,,,,,,,,,,,,,,,,,,,,,,,,,,,,,,,,,,,,,,,,,,,,,,,,,,,,,,,,,,,,,,,,,,,,,,,,,,,,,,,,,,,,,,,,,,,,,,,,
V2L3RyTGj08_000002_000012.mp4,2,pirouetting,30.0,4.4,6.27,132,188,132,160,160,188,,,,,,,,,,,,,,,,,,,,,,,,,,,,,,,,,,,,,,,,,,,,,,,,,,,,,,,,,,,,,,,,,,,,,,,,,,,,,,,,,,,,,,,,,,,,,,,,,,,,,,,,,,,,,,,,,,,,,,,,,,,,,,,,,,,,,,,,,,
V2L3RyTGj08_000002_000012.mp4,2,pirouetting,30.0,8.33,10.0,250,300,250,275,275,300,,,,,,,,,,,,,,,,,,,,,,,,,,,,,,,,,,,,,,,,,,,,,,,,,,,,,,,,,,,,,,,,,,,,,,,,,,,,,,,,,,,,,,,,,,,,,,,,,,,,,,,,,,,,,,,,,,,,,,,,,,,,,,,,,,,,,,,,,,
WmU7X_89mEU_000000_000010.mp4,8,pirouetting,29.97,0.0,5.14,0,154,0,19,19,38,38,58,58,77,77,96,96,116,116,135,135,154,,,,,,,,,,,,,,,,,,,,,,,,,,,,,,,,,,,,,,,,,,,,,,,,,,,,,,,,,,,,,,,,,,,,,,,,,,,,,,,,,,,,,,,,,,,,,,,,,,,,,,,,,,,,,,,,,,,,,,,,,,,,,,
YDcLDX29D28_000000_000010.mp4,11,pirouetting,16.58,0.0,7.36,0,122,0,11,11,22,22,33,33,44,44,55,55,67,67,78,78,89,89,100,100,111,111,122,,,,,,,,,,,,,,,,,,,,,,,,,,,,,,,,,,,,,,,,,,,,,,,,,,,,,,,,,,,,,,,,,,,,,,,,,,,,,,,,,,,,,,,,,,,,,,,,,,,,,,,,,,,,,,,,,,,,,,,,
YDmYJ0vUVJ0_000019_000029.mp4,2,pirouetting,30.0,6.87,9.5,206,285,206,246,246,285,,,,,,,,,,,,,,,,,,,,,,,,,,,,,,,,,,,,,,,,,,,,,,,,,,,,,,,,,,,,,,,,,,,,,,,,,,,,,,,,,,,,,,,,,,,,,,,,,,,,,,,,,,,,,,,,,,,,,,,,,,,,,,,,,,,,,,,,,,
ZLMdG1pq83U_000005_000015.mp4,10,pirouetting,7.76,0.0,8.93,0,69,0,7,7,14,14,21,21,28,28,34,34,41,41,48,48,55,55,62,62,69,,,,,,,,,,,,,,,,,,,,,,,,,,,,,,,,,,,,,,,,,,,,,,,,,,,,,,,,,,,,,,,,,,,,,,,,,,,,,,,,,,,,,,,,,,,,,,,,,,,,,,,,,,,,,,,,,,,,,,,,,,
bP2ZrdEMOiY_000010_000020.mp4,15,pirouetting,29.97,0.0,9.64,0,289,0,19,19,39,39,58,58,77,77,96,96,116,116,135,135,154,154,173,173,193,193,212,212,231,231,250,250,270,270,289,,,,,,,,,,,,,,,,,,,,,,,,,,,,,,,,,,,,,,,,,,,,,,,,,,,,,,,,,,,,,,,,,,,,,,,,,,,,,,,,,,,,,,,,,,,,,,,,,,,,,,,,,,,,,,,,
c9ZB1Eeq3j8_000016_000026.mp4,13,pirouetting,29.97,0.0,8.91,0,267,0,21,21,41,41,62,62,82,82,103,103,123,123,144,144,164,164,185,185,205,205,226,226,246,246,267,,,,,,,,,,,,,,,,,,,,,,,,,,,,,,,,,,,,,,,,,,,,,,,,,,,,,,,,,,,,,,,,,,,,,,,,,,,,,,,,,,,,,,,,,,,,,,,,,,,,,,,,,,,,,,,,,,,,
c-Xpuf0sjuc_000000_000010.mp4,2,pirouetting,29.97,3.77,5.09,113,153,113,133,133,153,,,,,,,,,,,,,,,,,,,,,,,,,,,,,,,,,,,,,,,,,,,,,,,,,,,,,,,,,,,,,,,,,,,,,,,,,,,,,,,,,,,,,,,,,,,,,,,,,,,,,,,,,,,,,,,,,,,,,,,,,,,,,,,,,,,,,,,,,,
d6wod50OKSk_000014_000024.mp4,2,pirouetting,30.0,3.3,6.0,99,180,99,139,139,180,,,,,,,,,,,,,,,,,,,,,,,,,,,,,,,,,,,,,,,,,,,,,,,,,,,,,,,,,,,,,,,,,,,,,,,,,,,,,,,,,,,,,,,,,,,,,,,,,,,,,,,,,,,,,,,,,,,,,,,,,,,,,,,,,,,,,,,,,,
g4WuJTL4Nsw_000000_000010.mp4,6,pirouetting,29.0,0.0,5.38,0,156,0,26,26,52,52,78,78,104,104,130,130,156,,,,,,,,,,,,,,,,,,,,,,,,,,,,,,,,,,,,,,,,,,,,,,,,,,,,,,,,,,,,,,,,,,,,,,,,,,,,,,,,,,,,,,,,,,,,,,,,,,,,,,,,,,,,,,,,,,,,,,,,,,,,,,,,,,
g_t2fsf0axE_000000_000010.mp4,5,pirouetting,25.0,1.48,4.0,37,100,37,50,50,62,62,75,75,87,87,100,,,,,,,,,,,,,,,,,,,,,,,,,,,,,,,,,,,,,,,,,,,,,,,,,,,,,,,,,,,,,,,,,,,,,,,,,,,,,,,,,,,,,,,,,,,,,,,,,,,,,,,,,,,,,,,,,,,,,,,,,,,,,,,,,,,,
hMFfrhvR5ro_000002_000012.mp4,10,pirouetting,30.0,0.0,8.5,0,255,0,26,26,51,51,76,76,102,102,128,128,153,153,178,178,204,204,230,230,255,,,,,,,,,,,,,,,,,,,,,,,,,,,,,,,,,,,,,,,,,,,,,,,,,,,,,,,,,,,,,,,,,,,,,,,,,,,,,,,,,,,,,,,,,,,,,,,,,,,,,,,,,,,,,,,,,,,,,,,,,,
ikM6QxnuHPk_000000_000010.mp4,10,pirouetting,30.0,0.0,6.7,0,201,0,20,20,40,40,60,60,80,80,100,100,121,121,141,141,161,161,181,181,201,,,,,,,,,,,,,,,,,,,,,,,,,,,,,,,,,,,,,,,,,,,,,,,,,,,,,,,,,,,,,,,,,,,,,,,,,,,,,,,,,,,,,,,,,,,,,,,,,,,,,,,,,,,,,,,,,,,,,,,,,,
jEngL5uNqDc_000000_000010.mp4,6,pirouetting,30.0,0.87,4.83,26,145,26,46,46,66,66,86,86,105,105,125,125,145,,,,,,,,,,,,,,,,,,,,,,,,,,,,,,,,,,,,,,,,,,,,,,,,,,,,,,,,,,,,,,,,,,,,,,,,,,,,,,,,,,,,,,,,,,,,,,,,,,,,,,,,,,,,,,,,,,,,,,,,,,,,,,,,,,
j75TsKKmvK8_000010_000020.mp4,8,pirouetting,30.0,0.0,5.93,0,178,0,22,22,44,44,67,67,89,89,111,111,134,134,156,156,178,,,,,,,,,,,,,,,,,,,,,,,,,,,,,,,,,,,,,,,,,,,,,,,,,,,,,,,,,,,,,,,,,,,,,,,,,,,,,,,,,,,,,,,,,,,,,,,,,,,,,,,,,,,,,,,,,,,,,,,,,,,,,,
kFw0YnxLSF0_000000_000010.mp4,7,pirouetting,29.97,0.67,5.67,20,170,20,41,41,63,63,84,84,106,106,127,127,149,149,170,,,,,,,,,,,,,,,,,,,,,,,,,,,,,,,,,,,,,,,,,,,,,,,,,,,,,,,,,,,,,,,,,,,,,,,,,,,,,,,,,,,,,,,,,,,,,,,,,,,,,,,,,,,,,,,,,,,,,,,,,,,,,,,,
lD9nbCd3PqM_000000_000010.mp4,10,pirouetting,23.98,0.46,7.05,11,169,11,27,27,43,43,58,58,74,74,90,90,106,106,122,122,137,137,153,153,169,,,,,,,,,,,,,,,,,,,,,,,,,,,,,,,,,,,,,,,,,,,,,,,,,,,,,,,,,,,,,,,,,,,,,,,,,,,,,,,,,,,,,,,,,,,,,,,,,,,,,,,,,,,,,,,,,,,,,,,,,,
lK0NsoeNI78_000009_000019.mp4,2,pirouetting,14.99,3.93,5.8,59,87,59,73,73,87,,,,,,,,,,,,,,,,,,,,,,,,,,,,,,,,,,,,,,,,,,,,,,,,,,,,,,,,,,,,,,,,,,,,,,,,,,,,,,,,,,,,,,,,,,,,,,,,,,,,,,,,,,,,,,,,,,,,,,,,,,,,,,,,,,,,,,,,,,
ns24uplwaPU_000100_000110.mp4,5,pirouetting,29.97,1.87,4.57,56,137,56,72,72,88,88,105,105,121,121,137,,,,,,,,,,,,,,,,,,,,,,,,,,,,,,,,,,,,,,,,,,,,,,,,,,,,,,,,,,,,,,,,,,,,,,,,,,,,,,,,,,,,,,,,,,,,,,,,,,,,,,,,,,,,,,,,,,,,,,,,,,,,,,,,,,,,
n3Y2CbeY7yc_000000_000010.mp4,13,pirouetting,25.0,0.0,7.76,0,194,0,15,15,30,30,45,45,60,60,75,75,90,90,104,104,119,119,134,134,149,149,164,164,179,179,194,,,,,,,,,,,,,,,,,,,,,,,,,,,,,,,,,,,,,,,,,,,,,,,,,,,,,,,,,,,,,,,,,,,,,,,,,,,,,,,,,,,,,,,,,,,,,,,,,,,,,,,,,,,,,,,,,,,,
oW2EaojWcIA_000003_000013.mp4,3,pirouetting,30.0,0.0,1.73,0,52,0,17,17,35,35,52,,,,,,,,,,,,,,,,,,,,,,,,,,,,,,,,,,,,,,,,,,,,,,,,,,,,,,,,,,,,,,,,,,,,,,,,,,,,,,,,,,,,,,,,,,,,,,,,,,,,,,,,,,,,,,,,,,,,,,,,,,,,,,,,,,,,,,,,
oW2EaojWcIA_000003_000013.mp4,3,pirouetting,30.0,4.1,6.77,123,203,123,150,150,176,176,203,,,,,,,,,,,,,,,,,,,,,,,,,,,,,,,,,,,,,,,,,,,,,,,,,,,,,,,,,,,,,,,,,,,,,,,,,,,,,,,,,,,,,,,,,,,,,,,,,,,,,,,,,,,,,,,,,,,,,,,,,,,,,,,,,,,,,,,,
pPGeJliduuY_000000_000010.mp4,2,pirouetting,28.89,3.11,5.85,90,169,90,130,130,169,,,,,,,,,,,,,,,,,,,,,,,,,,,,,,,,,,,,,,,,,,,,,,,,,,,,,,,,,,,,,,,,,,,,,,,,,,,,,,,,,,,,,,,,,,,,,,,,,,,,,,,,,,,,,,,,,,,,,,,,,,,,,,,,,,,,,,,,,,
qxW4bPVTNkc_000018_000028.mp4,2,pirouetting,30.0,1.9,3.87,57,116,57,87,87,116,,,,,,,,,,,,,,,,,,,,,,,,,,,,,,,,,,,,,,,,,,,,,,,,,,,,,,,,,,,,,,,,,,,,,,,,,,,,,,,,,,,,,,,,,,,,,,,,,,,,,,,,,,,,,,,,,,,,,,,,,,,,,,,,,,,,,,,,,,
rB52tXsD-8I_000010_000020.mp4,4,pirouetting,25.0,3.32,9.32,83,233,83,121,121,158,158,195,195,233,,,,,,,,,,,,,,,,,,,,,,,,,,,,,,,,,,,,,,,,,,,,,,,,,,,,,,,,,,,,,,,,,,,,,,,,,,,,,,,,,,,,,,,,,,,,,,,,,,,,,,,,,,,,,,,,,,,,,,,,,,,,,,,,,,,,,,
rCZ6sWvJK0U_000000_000010.mp4,6,pirouetting,29.97,0.0,5.37,0,161,0,27,27,54,54,80,80,107,107,134,134,161,,,,,,,,,,,,,,,,,,,,,,,,,,,,,,,,,,,,,,,,,,,,,,,,,,,,,,,,,,,,,,,,,,,,,,,,,,,,,,,,,,,,,,,,,,,,,,,,,,,,,,,,,,,,,,,,,,,,,,,,,,,,,,,,,,
rQgSFqlAYbU_000019_000029.mp4,2,pirouetting,30.0,0.3,2.5,9,75,9,42,42,75,,,,,,,,,,,,,,,,,,,,,,,,,,,,,,,,,,,,,,,,,,,,,,,,,,,,,,,,,,,,,,,,,,,,,,,,,,,,,,,,,,,,,,,,,,,,,,,,,,,,,,,,,,,,,,,,,,,,,,,,,,,,,,,,,,,,,,,,,,
rQgSFqlAYbU_000019_000029.mp4,2,pirouetting,30.0,7.83,9.83,235,295,235,265,265,295,,,,,,,,,,,,,,,,,,,,,,,,,,,,,,,,,,,,,,,,,,,,,,,,,,,,,,,,,,,,,,,,,,,,,,,,,,,,,,,,,,,,,,,,,,,,,,,,,,,,,,,,,,,,,,,,,,,,,,,,,,,,,,,,,,,,,,,,,,
ro9dSTSnnH4_000000_000010.mp4,5,pirouetting,29.97,1.87,6.34,56,190,56,83,83,110,110,136,136,163,163,190,,,,,,,,,,,,,,,,,,,,,,,,,,,,,,,,,,,,,,,,,,,,,,,,,,,,,,,,,,,,,,,,,,,,,,,,,,,,,,,,,,,,,,,,,,,,,,,,,,,,,,,,,,,,,,,,,,,,,,,,,,,,,,,,,,,,
sZRiDZXHuG0_000012_000022.mp4,12,pirouetting,29.97,0.0,9.98,0,299,0,25,25,50,50,75,75,100,100,125,125,150,150,174,174,199,199,224,224,249,249,274,274,299,,,,,,,,,,,,,,,,,,,,,,,,,,,,,,,,,,,,,,,,,,,,,,,,,,,,,,,,,,,,,,,,,,,,,,,,,,,,,,,,,,,,,,,,,,,,,,,,,,,,,,,,,,,,,,,,,,,,,,
tU6fb3yZBwA_000006_000016.mp4,10,pirouetting,30.0,0.0,7.7,0,231,0,23,23,46,46,69,69,92,92,116,116,139,139,162,162,185,185,208,208,231,,,,,,,,,,,,,,,,,,,,,,,,,,,,,,,,,,,,,,,,,,,,,,,,,,,,,,,,,,,,,,,,,,,,,,,,,,,,,,,,,,,,,,,,,,,,,,,,,,,,,,,,,,,,,,,,,,,,,,,,,,
ufvjtW6WTAA_000017_000027.mp4,2,pirouetting,16.92,0.0,2.19,0,37,0,18,18,37,,,,,,,,,,,,,,,,,,,,,,,,,,,,,,,,,,,,,,,,,,,,,,,,,,,,,,,,,,,,,,,,,,,,,,,,,,,,,,,,,,,,,,,,,,,,,,,,,,,,,,,,,,,,,,,,,,,,,,,,,,,,,,,,,,,,,,,,,,
ulxCp521nTo_000000_000010.mp4,2,pirouetting,15.0,3.73,6.2,56,93,56,74,74,93,,,,,,,,,,,,,,,,,,,,,,,,,,,,,,,,,,,,,,,,,,,,,,,,,,,,,,,,,,,,,,,,,,,,,,,,,,,,,,,,,,,,,,,,,,,,,,,,,,,,,,,,,,,,,,,,,,,,,,,,,,,,,,,,,,,,,,,,,,
wP73tIoe-T0_000008_000018.mp4,4,pirouetting,29.97,1.9,7.44,57,223,57,99,99,140,140,181,181,223,,,,,,,,,,,,,,,,,,,,,,,,,,,,,,,,,,,,,,,,,,,,,,,,,,,,,,,,,,,,,,,,,,,,,,,,,,,,,,,,,,,,,,,,,,,,,,,,,,,,,,,,,,,,,,,,,,,,,,,,,,,,,,,,,,,,,,
wZr_O_JCR2s_000000_000010.mp4,2,pirouetting,15.0,5.93,7.67,89,115,89,102,102,115,,,,,,,,,,,,,,,,,,,,,,,,,,,,,,,,,,,,,,,,,,,,,,,,,,,,,,,,,,,,,,,,,,,,,,,,,,,,,,,,,,,,,,,,,,,,,,,,,,,,,,,,,,,,,,,,,,,,,,,,,,,,,,,,,,,,,,,,,,
wau9aD2035w_000004_000014.mp4,2,pirouetting,24.48,0.16,2.57,4,63,4,34,34,63,,,,,,,,,,,,,,,,,,,,,,,,,,,,,,,,,,,,,,,,,,,,,,,,,,,,,,,,,,,,,,,,,,,,,,,,,,,,,,,,,,,,,,,,,,,,,,,,,,,,,,,,,,,,,,,,,,,,,,,,,,,,,,,,,,,,,,,,,,
w1AUeFqFAL4_000005_000015.mp4,2,pirouetting,29.92,3.68,5.52,110,165,110,138,138,165,,,,,,,,,,,,,,,,,,,,,,,,,,,,,,,,,,,,,,,,,,,,,,,,,,,,,,,,,,,,,,,,,,,,,,,,,,,,,,,,,,,,,,,,,,,,,,,,,,,,,,,,,,,,,,,,,,,,,,,,,,,,,,,,,,,,,,,,,,
w1AUeFqFAL4_000005_000015.mp4,2,pirouetting,29.92,8.62,9.96,258,298,258,278,278,298,,,,,,,,,,,,,,,,,,,,,,,,,,,,,,,,,,,,,,,,,,,,,,,,,,,,,,,,,,,,,,,,,,,,,,,,,,,,,,,,,,,,,,,,,,,,,,,,,,,,,,,,,,,,,,,,,,,,,,,,,,,,,,,,,,,,,,,,,,
0AgI9U3YnvQ_000000_000010.mp4,3,pirouetting,25.0,1.4,4.12,35,103,35,58,58,80,80,103,,,,,,,,,,,,,,,,,,,,,,,,,,,,,,,,,,,,,,,,,,,,,,,,,,,,,,,,,,,,,,,,,,,,,,,,,,,,,,,,,,,,,,,,,,,,,,,,,,,,,,,,,,,,,,,,,,,,,,,,,,,,,,,,,,,,,,,,
1BTEJ5DSYSo_000006_000016.mp4,2,pirouetting,25.0,8.56,10.0,214,250,214,232,232,250,,,,,,,,,,,,,,,,,,,,,,,,,,,,,,,,,,,,,,,,,,,,,,,,,,,,,,,,,,,,,,,,,,,,,,,,,,,,,,,,,,,,,,,,,,,,,,,,,,,,,,,,,,,,,,,,,,,,,,,,,,,,,,,,,,,,,,,,,,
2SiTx_RGdcc_000015_000025.mp4,2,pirouetting,30.0,0.0,9.97,0,299,0,150,150,299,,,,,,,,,,,,,,,,,,,,,,,,,,,,,,,,,,,,,,,,,,,,,,,,,,,,,,,,,,,,,,,,,,,,,,,,,,,,,,,,,,,,,,,,,,,,,,,,,,,,,,,,,,,,,,,,,,,,,,,,,,,,,,,,,,,,,,,,,,
2yYy4QmGL1U_000000_000010.mp4,19,pirouetting,30.0,0.8,10.0,24,300,24,39,39,53,53,68,68,82,82,97,97,111,111,126,126,140,140,155,155,169,169,184,184,198,198,213,213,227,227,242,242,256,256,271,271,285,285,300,,,,,,,,,,,,,,,,,,,,,,,,,,,,,,,,,,,,,,,,,,,,,,,,,,,,,,,,,,,,,,,,,,,,,,,,,,,,,,,,,,,,,,,,,,,,,,,,,,,,,,,,
55kGB3HV5ZU_000012_000022.mp4,4,pirouetting,29.97,0.0,2.94,0,88,0,22,22,44,44,66,66,88,,,,,,,,,,,,,,,,,,,,,,,,,,,,,,,,,,,,,,,,,,,,,,,,,,,,,,,,,,,,,,,,,,,,,,,,,,,,,,,,,,,,,,,,,,,,,,,,,,,,,,,,,,,,,,,,,,,,,,,,,,,,,,,,,,,,,,
6DgrXM1Xn6g_000003_000013.mp4,14,pirouetting,29.97,0.0,8.58,0,257,0,18,18,37,37,55,55,73,73,92,92,110,110,128,128,147,147,165,165,184,184,202,202,220,220,239,239,257,,,,,,,,,,,,,,,,,,,,,,,,,,,,,,,,,,,,,,,,,,,,,,,,,,,,,,,,,,,,,,,,,,,,,,,,,,,,,,,,,,,,,,,,,,,,,,,,,,,,,,,,,,,,,,,,,,
6MLpEy-5IHA_000000_000010.mp4,12,pirouetting,15.0,1.93,10.0,29,150,29,39,39,49,49,59,59,69,69,79,79,89,89,100,100,110,110,120,120,130,130,140,140,150,,,,,,,,,,,,,,,,,,,,,,,,,,,,,,,,,,,,,,,,,,,,,,,,,,,,,,,,,,,,,,,,,,,,,,,,,,,,,,,,,,,,,,,,,,,,,,,,,,,,,,,,,,,,,,,,,,,,,,
7PZuSNEZxNY_000000_000010.mp4,7,pirouetting,13.53,0.8,4.47,11,60,11,18,18,25,25,32,32,39,39,46,46,53,53,60,,,,,,,,,,,,,,,,,,,,,,,,,,,,,,,,,,,,,,,,,,,,,,,,,,,,,,,,,,,,,,,,,,,,,,,,,,,,,,,,,,,,,,,,,,,,,,,,,,,,,,,,,,,,,,,,,,,,,,,,,,,,,,,,
7jUW7TkW5Fk_000001_000011.mp4,3,pirouetting,29.97,2.74,4.57,82,137,82,100,100,119,119,137,,,,,,,,,,,,,,,,,,,,,,,,,,,,,,,,,,,,,,,,,,,,,,,,,,,,,,,,,,,,,,,,,,,,,,,,,,,,,,,,,,,,,,,,,,,,,,,,,,,,,,,,,,,,,,,,,,,,,,,,,,,,,,,,,,,,,,,,
77NkUcO0BlU_000000_000010.mp4,10,pirouetting,30.0,0.3,6.37,9,191,9,27,27,45,45,64,64,82,82,100,100,118,118,136,136,155,155,173,173,191,,,,,,,,,,,,,,,,,,,,,,,,,,,,,,,,,,,,,,,,,,,,,,,,,,,,,,,,,,,,,,,,,,,,,,,,,,,,,,,,,,,,,,,,,,,,,,,,,,,,,,,,,,,,,,,,,,,,,,,,,,
979JlX30-Hc_000020_000030.mp4,3,pirouetting,30.0,1.9,4.4,57,132,57,82,82,107,107,132,,,,,,,,,,,,,,,,,,,,,,,,,,,,,,,,,,,,,,,,,,,,,,,,,,,,,,,,,,,,,,,,,,,,,,,,,,,,,,,,,,,,,,,,,,,,,,,,,,,,,,,,,,,,,,,,,,,,,,,,,,,,,,,,,,,,,,,,
-SGIHKEgfOk_000000_000010.mp4,5,pirouetting,29.97,0.0,3.87,0,116,0,23,23,46,46,70,70,93,93,116,,,,,,,,,,,,,,,,,,,,,,,,,,,,,,,,,,,,,,,,,,,,,,,,,,,,,,,,,,,,,,,,,,,,,,,,,,,,,,,,,,,,,,,,,,,,,,,,,,,,,,,,,,,,,,,,,,,,,,,,,,,,,,,,,,,,
-j1ITpXZj4Q_000000_000010.mp4,2,pirouetting,29.97,1.74,4.27,52,128,52,90,90,128,,,,,,,,,,,,,,,,,,,,,,,,,,,,,,,,,,,,,,,,,,,,,,,,,,,,,,,,,,,,,,,,,,,,,,,,,,,,,,,,,,,,,,,,,,,,,,,,,,,,,,,,,,,,,,,,,,,,,,,,,,,,,,,,,,,,,,,,,,
_vf2SCs6g1w_000000_000010.mp4,6,pirouetting,30.0,1.07,5.43,32,163,32,54,54,76,76,98,98,119,119,141,141,163,,,,,,,,,,,,,,,,,,,,,,,,,,,,,,,,,,,,,,,,,,,,,,,,,,,,,,,,,,,,,,,,,,,,,,,,,,,,,,,,,,,,,,,,,,,,,,,,,,,,,,,,,,,,,,,,,,,,,,,,,,,,,,,,,,
A87mG7GM7n8_000041_000051.mp4,2,planing wood,13.5,0.0,9.93,0,134,0,67,67,134,,,,,,,,,,,,,,,,,,,,,,,,,,,,,,,,,,,,,,,,,,,,,,,,,,,,,,,,,,,,,,,,,,,,,,,,,,,,,,,,,,,,,,,,,,,,,,,,,,,,,,,,,,,,,,,,,,,,,,,,,,,,,,,,,,,,,,,,,,
BdTr0OTAqx4_000293_000303.mp4,2,planing wood,30.0,0.0,10.0,0,300,0,150,150,300,,,,,,,,,,,,,,,,,,,,,,,,,,,,,,,,,,,,,,,,,,,,,,,,,,,,,,,,,,,,,,,,,,,,,,,,,,,,,,,,,,,,,,,,,,,,,,,,,,,,,,,,,,,,,,,,,,,,,,,,,,,,,,,,,,,,,,,,,,
FQn6pVdKmmk_000015_000025.mp4,3,planing wood,29.97,0.0,8.88,0,266,0,89,89,177,177,266,,,,,,,,,,,,,,,,,,,,,,,,,,,,,,,,,,,,,,,,,,,,,,,,,,,,,,,,,,,,,,,,,,,,,,,,,,,,,,,,,,,,,,,,,,,,,,,,,,,,,,,,,,,,,,,,,,,,,,,,,,,,,,,,,,,,,,,,
JyJXlf4mi74_000011_000021.mp4,5,planing wood,29.97,0.0,9.04,0,271,0,54,54,108,108,163,163,217,217,271,,,,,,,,,,,,,,,,,,,,,,,,,,,,,,,,,,,,,,,,,,,,,,,,,,,,,,,,,,,,,,,,,,,,,,,,,,,,,,,,,,,,,,,,,,,,,,,,,,,,,,,,,,,,,,,,,,,,,,,,,,,,,,,,,,,,
L0Ma-QTGmBk_000114_000124.mp4,3,planing wood,29.97,4.5,8.01,135,240,135,170,170,205,205,240,,,,,,,,,,,,,,,,,,,,,,,,,,,,,,,,,,,,,,,,,,,,,,,,,,,,,,,,,,,,,,,,,,,,,,,,,,,,,,,,,,,,,,,,,,,,,,,,,,,,,,,,,,,,,,,,,,,,,,,,,,,,,,,,,,,,,,,,
O35C4gqgg1U_001278_001288.mp4,2,planing wood,29.83,0.0,2.38,0,71,0,36,36,71,,,,,,,,,,,,,,,,,,,,,,,,,,,,,,,,,,,,,,,,,,,,,,,,,,,,,,,,,,,,,,,,,,,,,,,,,,,,,,,,,,,,,,,,,,,,,,,,,,,,,,,,,,,,,,,,,,,,,,,,,,,,,,,,,,,,,,,,,,
O35C4gqgg1U_001278_001288.mp4,6,planing wood,29.83,3.46,9.96,103,297,103,135,135,168,168,200,200,232,232,265,265,297,,,,,,,,,,,,,,,,,,,,,,,,,,,,,,,,,,,,,,,,,,,,,,,,,,,,,,,,,,,,,,,,,,,,,,,,,,,,,,,,,,,,,,,,,,,,,,,,,,,,,,,,,,,,,,,,,,,,,,,,,,,,,,,,,,
PU9yNlkDJb4_000036_000046.mp4,4,planing wood,30.0,0.0,8.67,0,260,0,65,65,130,130,195,195,260,,,,,,,,,,,,,,,,,,,,,,,,,,,,,,,,,,,,,,,,,,,,,,,,,,,,,,,,,,,,,,,,,,,,,,,,,,,,,,,,,,,,,,,,,,,,,,,,,,,,,,,,,,,,,,,,,,,,,,,,,,,,,,,,,,,,,,
QGlnpr-_PAI_000070_000080.mp4,7,planing wood,30.0,0.0,8.23,0,247,0,35,35,71,71,106,106,141,141,176,176,212,212,247,,,,,,,,,,,,,,,,,,,,,,,,,,,,,,,,,,,,,,,,,,,,,,,,,,,,,,,,,,,,,,,,,,,,,,,,,,,,,,,,,,,,,,,,,,,,,,,,,,,,,,,,,,,,,,,,,,,,,,,,,,,,,,,,
QTTcnqAR3Fk_000002_000012.mp4,3,planing wood,29.97,0.0,9.44,0,283,0,94,94,189,189,283,,,,,,,,,,,,,,,,,,,,,,,,,,,,,,,,,,,,,,,,,,,,,,,,,,,,,,,,,,,,,,,,,,,,,,,,,,,,,,,,,,,,,,,,,,,,,,,,,,,,,,,,,,,,,,,,,,,,,,,,,,,,,,,,,,,,,,,,
R6WZvowX_1w_000125_000135.mp4,7,planing wood,29.97,0.0,1.07,0,32,0,5,5,9,9,14,14,18,18,23,23,27,27,32,,,,,,,,,,,,,,,,,,,,,,,,,,,,,,,,,,,,,,,,,,,,,,,,,,,,,,,,,,,,,,,,,,,,,,,,,,,,,,,,,,,,,,,,,,,,,,,,,,,,,,,,,,,,,,,,,,,,,,,,,,,,,,,,
R6WZvowX_1w_000125_000135.mp4,7,planing wood,29.97,1.87,3.57,56,107,56,63,63,71,71,78,78,85,85,92,92,100,100,107,,,,,,,,,,,,,,,,,,,,,,,,,,,,,,,,,,,,,,,,,,,,,,,,,,,,,,,,,,,,,,,,,,,,,,,,,,,,,,,,,,,,,,,,,,,,,,,,,,,,,,,,,,,,,,,,,,,,,,,,,,,,,,,,
T8rPPqC5b34_001010_001020.mp4,2,planing wood,15.0,0.0,0.73,0,11,0,6,6,11,,,,,,,,,,,,,,,,,,,,,,,,,,,,,,,,,,,,,,,,,,,,,,,,,,,,,,,,,,,,,,,,,,,,,,,,,,,,,,,,,,,,,,,,,,,,,,,,,,,,,,,,,,,,,,,,,,,,,,,,,,,,,,,,,,,,,,,,,,
Wy_7F_l6Hr0_000017_000027.mp4,2,planing wood,29.97,0.23,7.21,7,216,7,111,111,216,,,,,,,,,,,,,,,,,,,,,,,,,,,,,,,,,,,,,,,,,,,,,,,,,,,,,,,,,,,,,,,,,,,,,,,,,,,,,,,,,,,,,,,,,,,,,,,,,,,,,,,,,,,,,,,,,,,,,,,,,,,,,,,,,,,,,,,,,,
YcqrLCVQnww_000055_000065.mp4,46,planing wood,30.0,0.0,5.87,0,176,0,4,4,8,8,11,11,15,15,19,19,23,23,27,27,31,31,34,34,38,38,42,42,46,46,50,50,54,54,57,57,61,61,65,65,69,69,73,73,77,77,80,80,84,84,88,88,92,92,96,96,99,99,103,103,107,107,111,111,115,115,119,119,122,122,126,126,130,130,134,134,138,138,142,142,145,145,149,149,153,153,157,157,161,161,165,165,168,168,172,172,176,,,,,,,,,,,,,,,,,,,,,,,,,,,,,,,,,,,,,,,,,,,,,,,,,,
YcqrLCVQnww_000055_000065.mp4,21,planing wood,30.0,7.03,10.0,211,300,211,215,215,219,219,224,224,228,228,232,232,236,236,241,241,245,245,249,249,253,253,258,258,262,262,266,266,270,270,275,275,279,279,283,283,287,287,292,292,296,296,300,,,,,,,,,,,,,,,,,,,,,,,,,,,,,,,,,,,,,,,,,,,,,,,,,,,,,,,,,,,,,,,,,,,,,,,,,,,,,,,,,,,,,,,,,,,,,,,,,,,,
Z3NpaBFyZ0U_000000_000010.mp4,4,planing wood,29.97,0.0,4.24,0,127,0,32,32,64,64,95,95,127,,,,,,,,,,,,,,,,,,,,,,,,,,,,,,,,,,,,,,,,,,,,,,,,,,,,,,,,,,,,,,,,,,,,,,,,,,,,,,,,,,,,,,,,,,,,,,,,,,,,,,,,,,,,,,,,,,,,,,,,,,,,,,,,,,,,,,
Z3NpaBFyZ0U_000000_000010.mp4,2,planing wood,29.97,9.31,9.98,279,299,279,289,289,299,,,,,,,,,,,,,,,,,,,,,,,,,,,,,,,,,,,,,,,,,,,,,,,,,,,,,,,,,,,,,,,,,,,,,,,,,,,,,,,,,,,,,,,,,,,,,,,,,,,,,,,,,,,,,,,,,,,,,,,,,,,,,,,,,,,,,,,,,,
bw0A0gTXrbk_000284_000294.mp4,3,planing wood,29.97,0.0,1.77,0,53,0,18,18,35,35,53,,,,,,,,,,,,,,,,,,,,,,,,,,,,,,,,,,,,,,,,,,,,,,,,,,,,,,,,,,,,,,,,,,,,,,,,,,,,,,,,,,,,,,,,,,,,,,,,,,,,,,,,,,,,,,,,,,,,,,,,,,,,,,,,,,,,,,,,
dCIX9Ocwab0_000000_000010.mp4,6,planing wood,30.0,0.0,10.0,0,300,0,50,50,100,100,150,150,200,200,250,250,300,,,,,,,,,,,,,,,,,,,,,,,,,,,,,,,,,,,,,,,,,,,,,,,,,,,,,,,,,,,,,,,,,,,,,,,,,,,,,,,,,,,,,,,,,,,,,,,,,,,,,,,,,,,,,,,,,,,,,,,,,,,,,,,,,,
dQ6CHtVH5jE_000145_000155.mp4,2,planing wood,23.98,0.0,9.97,0,239,0,120,120,239,,,,,,,,,,,,,,,,,,,,,,,,,,,,,,,,,,,,,,,,,,,,,,,,,,,,,,,,,,,,,,,,,,,,,,,,,,,,,,,,,,,,,,,,,,,,,,,,,,,,,,,,,,,,,,,,,,,,,,,,,,,,,,,,,,,,,,,,,,
dkOA3e28tHU_000079_000089.mp4,9,planing wood,29.97,0.0,9.98,0,299,0,33,33,66,66,100,100,133,133,166,166,199,199,233,233,266,266,299,,,,,,,,,,,,,,,,,,,,,,,,,,,,,,,,,,,,,,,,,,,,,,,,,,,,,,,,,,,,,,,,,,,,,,,,,,,,,,,,,,,,,,,,,,,,,,,,,,,,,,,,,,,,,,,,,,,,,,,,,,,,
hF2seK3hOaM_000474_000484.mp4,2,planing wood,23.98,4.44,9.97,106,239,106,172,172,239,,,,,,,,,,,,,,,,,,,,,,,,,,,,,,,,,,,,,,,,,,,,,,,,,,,,,,,,,,,,,,,,,,,,,,,,,,,,,,,,,,,,,,,,,,,,,,,,,,,,,,,,,,,,,,,,,,,,,,,,,,,,,,,,,,,,,,,,,,
hRO4a07k89o_000019_000029.mp4,4,planing wood,29.97,0.0,9.98,0,299,0,75,75,150,150,224,224,299,,,,,,,,,,,,,,,,,,,,,,,,,,,,,,,,,,,,,,,,,,,,,,,,,,,,,,,,,,,,,,,,,,,,,,,,,,,,,,,,,,,,,,,,,,,,,,,,,,,,,,,,,,,,,,,,,,,,,,,,,,,,,,,,,,,,,,
jXdzEDdZkDs_000169_000179.mp4,3,planing wood,23.24,0.0,7.23,0,168,0,56,56,112,112,168,,,,,,,,,,,,,,,,,,,,,,,,,,,,,,,,,,,,,,,,,,,,,,,,,,,,,,,,,,,,,,,,,,,,,,,,,,,,,,,,,,,,,,,,,,,,,,,,,,,,,,,,,,,,,,,,,,,,,,,,,,,,,,,,,,,,,,,,
jqSA8eD-WkA_000355_000365.mp4,2,planing wood,29.97,0.0,1.5,0,45,0,22,22,45,,,,,,,,,,,,,,,,,,,,,,,,,,,,,,,,,,,,,,,,,,,,,,,,,,,,,,,,,,,,,,,,,,,,,,,,,,,,,,,,,,,,,,,,,,,,,,,,,,,,,,,,,,,,,,,,,,,,,,,,,,,,,,,,,,,,,,,,,,
jqSA8eD-WkA_000355_000365.mp4,4,planing wood,29.97,3.27,7.77,98,233,98,132,132,166,166,199,199,233,,,,,,,,,,,,,,,,,,,,,,,,,,,,,,,,,,,,,,,,,,,,,,,,,,,,,,,,,,,,,,,,,,,,,,,,,,,,,,,,,,,,,,,,,,,,,,,,,,,,,,,,,,,,,,,,,,,,,,,,,,,,,,,,,,,,,,
j4FaYtVCKCU_000000_000010.mp4,7,planing wood,30.0,0.0,10.0,0,300,0,43,43,86,86,129,129,171,171,214,214,257,257,300,,,,,,,,,,,,,,,,,,,,,,,,,,,,,,,,,,,,,,,,,,,,,,,,,,,,,,,,,,,,,,,,,,,,,,,,,,,,,,,,,,,,,,,,,,,,,,,,,,,,,,,,,,,,,,,,,,,,,,,,,,,,,,,,
kEwUJOh3_jw_000068_000078.mp4,8,planing wood,29.97,0.0,9.98,0,299,0,37,37,75,75,112,112,150,150,187,187,224,224,262,262,299,,,,,,,,,,,,,,,,,,,,,,,,,,,,,,,,,,,,,,,,,,,,,,,,,,,,,,,,,,,,,,,,,,,,,,,,,,,,,,,,,,,,,,,,,,,,,,,,,,,,,,,,,,,,,,,,,,,,,,,,,,,,,,
meswetGirZY_000194_000204.mp4,12,planing wood,25.0,0.0,10.0,0,250,0,21,21,42,42,62,62,83,83,104,104,125,125,146,146,167,167,188,188,208,208,229,229,250,,,,,,,,,,,,,,,,,,,,,,,,,,,,,,,,,,,,,,,,,,,,,,,,,,,,,,,,,,,,,,,,,,,,,,,,,,,,,,,,,,,,,,,,,,,,,,,,,,,,,,,,,,,,,,,,,,,,,,
nUliMwNgJTo_000045_000055.mp4,6,planing wood,23.98,0.0,9.84,0,236,0,39,39,79,79,118,118,157,157,197,197,236,,,,,,,,,,,,,,,,,,,,,,,,,,,,,,,,,,,,,,,,,,,,,,,,,,,,,,,,,,,,,,,,,,,,,,,,,,,,,,,,,,,,,,,,,,,,,,,,,,,,,,,,,,,,,,,,,,,,,,,,,,,,,,,,,,
oeAs2FGDpZ0_000110_000120.mp4,2,planing wood,30.0,0.0,10.0,0,300,0,150,150,300,,,,,,,,,,,,,,,,,,,,,,,,,,,,,,,,,,,,,,,,,,,,,,,,,,,,,,,,,,,,,,,,,,,,,,,,,,,,,,,,,,,,,,,,,,,,,,,,,,,,,,,,,,,,,,,,,,,,,,,,,,,,,,,,,,,,,,,,,,
qaVdMzKW-ec_000036_000046.mp4,2,planing wood,29.97,0.0,6.26,0,188,0,94,94,188,,,,,,,,,,,,,,,,,,,,,,,,,,,,,,,,,,,,,,,,,,,,,,,,,,,,,,,,,,,,,,,,,,,,,,,,,,,,,,,,,,,,,,,,,,,,,,,,,,,,,,,,,,,,,,,,,,,,,,,,,,,,,,,,,,,,,,,,,,
q6HF4zpH9xM_000046_000056.mp4,12,planing wood,29.97,0.0,6.97,0,209,0,17,17,35,35,52,52,70,70,87,87,104,104,122,122,139,139,157,157,174,174,192,192,209,,,,,,,,,,,,,,,,,,,,,,,,,,,,,,,,,,,,,,,,,,,,,,,,,,,,,,,,,,,,,,,,,,,,,,,,,,,,,,,,,,,,,,,,,,,,,,,,,,,,,,,,,,,,,,,,,,,,,,
rGoeNj74nDM_000014_000024.mp4,6,planing wood,30.0,1.3,4.5,39,135,39,55,55,71,71,87,87,103,103,119,119,135,,,,,,,,,,,,,,,,,,,,,,,,,,,,,,,,,,,,,,,,,,,,,,,,,,,,,,,,,,,,,,,,,,,,,,,,,,,,,,,,,,,,,,,,,,,,,,,,,,,,,,,,,,,,,,,,,,,,,,,,,,,,,,,,,,
rGoeNj74nDM_000014_000024.mp4,4,planing wood,30.0,5.87,7.63,176,229,176,189,189,202,202,216,216,229,,,,,,,,,,,,,,,,,,,,,,,,,,,,,,,,,,,,,,,,,,,,,,,,,,,,,,,,,,,,,,,,,,,,,,,,,,,,,,,,,,,,,,,,,,,,,,,,,,,,,,,,,,,,,,,,,,,,,,,,,,,,,,,,,,,,,,
rGoeNj74nDM_000014_000024.mp4,5,planing wood,30.0,8.37,10.0,251,300,251,261,261,271,271,280,280,290,290,300,,,,,,,,,,,,,,,,,,,,,,,,,,,,,,,,,,,,,,,,,,,,,,,,,,,,,,,,,,,,,,,,,,,,,,,,,,,,,,,,,,,,,,,,,,,,,,,,,,,,,,,,,,,,,,,,,,,,,,,,,,,,,,,,,,,,
r9e3GP2CAWI_000035_000045.mp4,2,planing wood,20.0,0.0,1.5,0,30,0,15,15,30,,,,,,,,,,,,,,,,,,,,,,,,,,,,,,,,,,,,,,,,,,,,,,,,,,,,,,,,,,,,,,,,,,,,,,,,,,,,,,,,,,,,,,,,,,,,,,,,,,,,,,,,,,,,,,,,,,,,,,,,,,,,,,,,,,,,,,,,,,
t34ROASdQfE_000079_000089.mp4,5,planing wood,30.0,0.0,5.03,0,151,0,30,30,60,60,91,91,121,121,151,,,,,,,,,,,,,,,,,,,,,,,,,,,,,,,,,,,,,,,,,,,,,,,,,,,,,,,,,,,,,,,,,,,,,,,,,,,,,,,,,,,,,,,,,,,,,,,,,,,,,,,,,,,,,,,,,,,,,,,,,,,,,,,,,,,,
v174SjBDXlE_000201_000211.mp4,21,planing wood,30.0,0.0,8.93,0,268,0,13,13,26,26,38,38,51,51,64,64,77,77,89,89,102,102,115,115,128,128,140,140,153,153,166,166,179,179,191,191,204,204,217,217,230,230,242,242,255,255,268,,,,,,,,,,,,,,,,,,,,,,,,,,,,,,,,,,,,,,,,,,,,,,,,,,,,,,,,,,,,,,,,,,,,,,,,,,,,,,,,,,,,,,,,,,,,,,,,,,,,
1ChYrZMCXHg_000075_000085.mp4,3,planing wood,25.0,5.0,10.0,125,250,125,167,167,208,208,250,,,,,,,,,,,,,,,,,,,,,,,,,,,,,,,,,,,,,,,,,,,,,,,,,,,,,,,,,,,,,,,,,,,,,,,,,,,,,,,,,,,,,,,,,,,,,,,,,,,,,,,,,,,,,,,,,,,,,,,,,,,,,,,,,,,,,,,,
21VltCmRySU_000260_000270.mp4,8,planing wood,30.0,0.0,10.0,0,300,0,38,38,75,75,112,112,150,150,188,188,225,225,262,262,300,,,,,,,,,,,,,,,,,,,,,,,,,,,,,,,,,,,,,,,,,,,,,,,,,,,,,,,,,,,,,,,,,,,,,,,,,,,,,,,,,,,,,,,,,,,,,,,,,,,,,,,,,,,,,,,,,,,,,,,,,,,,,,
3YhckkpyzbE_000406_000416.mp4,4,planing wood,29.97,0.8,3.07,24,92,24,41,41,58,58,75,75,92,,,,,,,,,,,,,,,,,,,,,,,,,,,,,,,,,,,,,,,,,,,,,,,,,,,,,,,,,,,,,,,,,,,,,,,,,,,,,,,,,,,,,,,,,,,,,,,,,,,,,,,,,,,,,,,,,,,,,,,,,,,,,,,,,,,,,,
4UIfesmvftc_000788_000798.mp4,2,planing wood,30.0,0.0,1.73,0,52,0,26,26,52,,,,,,,,,,,,,,,,,,,,,,,,,,,,,,,,,,,,,,,,,,,,,,,,,,,,,,,,,,,,,,,,,,,,,,,,,,,,,,,,,,,,,,,,,,,,,,,,,,,,,,,,,,,,,,,,,,,,,,,,,,,,,,,,,,,,,,,,,,
6MiQ_VGEUgA_000089_000099.mp4,2,planing wood,29.97,7.47,9.98,224,299,224,262,262,299,,,,,,,,,,,,,,,,,,,,,,,,,,,,,,,,,,,,,,,,,,,,,,,,,,,,,,,,,,,,,,,,,,,,,,,,,,,,,,,,,,,,,,,,,,,,,,,,,,,,,,,,,,,,,,,,,,,,,,,,,,,,,,,,,,,,,,,,,,
7e0vFJkiQ3M_000164_000174.mp4,3,planing wood,29.97,0.0,8.84,0,265,0,88,88,177,177,265,,,,,,,,,,,,,,,,,,,,,,,,,,,,,,,,,,,,,,,,,,,,,,,,,,,,,,,,,,,,,,,,,,,,,,,,,,,,,,,,,,,,,,,,,,,,,,,,,,,,,,,,,,,,,,,,,,,,,,,,,,,,,,,,,,,,,,,,
7qaTPDNmKbw_000297_000307.mp4,13,planing wood,29.97,0.0,4.77,0,143,0,11,11,22,22,33,33,44,44,55,55,66,66,77,77,88,88,99,99,110,110,121,121,132,132,143,,,,,,,,,,,,,,,,,,,,,,,,,,,,,,,,,,,,,,,,,,,,,,,,,,,,,,,,,,,,,,,,,,,,,,,,,,,,,,,,,,,,,,,,,,,,,,,,,,,,,,,,,,,,,,,,,,,,
9valohwCw4g_000092_000102.mp4,16,planing wood,24.0,0.0,10.0,0,240,0,15,15,30,30,45,45,60,60,75,75,90,90,105,105,120,120,135,135,150,150,165,165,180,180,195,195,210,210,225,225,240,,,,,,,,,,,,,,,,,,,,,,,,,,,,,,,,,,,,,,,,,,,,,,,,,,,,,,,,,,,,,,,,,,,,,,,,,,,,,,,,,,,,,,,,,,,,,,,,,,,,,,,,,,,,,,
-YkNA24s4Ho_000280_000290.mp4,3,planing wood,23.98,5.96,9.97,143,239,143,175,175,207,207,239,,,,,,,,,,,,,,,,,,,,,,,,,,,,,,,,,,,,,,,,,,,,,,,,,,,,,,,,,,,,,,,,,,,,,,,,,,,,,,,,,,,,,,,,,,,,,,,,,,,,,,,,,,,,,,,,,,,,,,,,,,,,,,,,,,,,,,,,
A_T0nQJ981c_000020_000030.mp4,2,playing ping pong,30.0,0.0,2.47,0,74,0,37,37,74,,,,,,,,,,,,,,,,,,,,,,,,,,,,,,,,,,,,,,,,,,,,,,,,,,,,,,,,,,,,,,,,,,,,,,,,,,,,,,,,,,,,,,,,,,,,,,,,,,,,,,,,,,,,,,,,,,,,,,,,,,,,,,,,,,,,,,,,,,
BL3Vs4pVOKc_000022_000032.mp4,2,playing ping pong,29.97,6.14,8.61,184,258,184,221,221,258,,,,,,,,,,,,,,,,,,,,,,,,,,,,,,,,,,,,,,,,,,,,,,,,,,,,,,,,,,,,,,,,,,,,,,,,,,,,,,,,,,,,,,,,,,,,,,,,,,,,,,,,,,,,,,,,,,,,,,,,,,,,,,,,,,,,,,,,,,
DIaerqmqN1E_000006_000016.mp4,3,playing ping pong,15.0,1.6,7.0,24,105,24,51,51,78,78,105,,,,,,,,,,,,,,,,,,,,,,,,,,,,,,,,,,,,,,,,,,,,,,,,,,,,,,,,,,,,,,,,,,,,,,,,,,,,,,,,,,,,,,,,,,,,,,,,,,,,,,,,,,,,,,,,,,,,,,,,,,,,,,,,,,,,,,,,
FeYJGxE6fkY_000310_000320.mp4,2,playing ping pong,30.0,0.0,2.63,0,79,0,40,40,79,,,,,,,,,,,,,,,,,,,,,,,,,,,,,,,,,,,,,,,,,,,,,,,,,,,,,,,,,,,,,,,,,,,,,,,,,,,,,,,,,,,,,,,,,,,,,,,,,,,,,,,,,,,,,,,,,,,,,,,,,,,,,,,,,,,,,,,,,,
GyHVFdfEbyI_000419_000429.mp4,3,playing ping pong,30.0,4.08,7.97,122,239,122,161,161,200,200,239,,,,,,,,,,,,,,,,,,,,,,,,,,,,,,,,,,,,,,,,,,,,,,,,,,,,,,,,,,,,,,,,,,,,,,,,,,,,,,,,,,,,,,,,,,,,,,,,,,,,,,,,,,,,,,,,,,,,,,,,,,,,,,,,,,,,,,,,
HcL0NZUUeWo_000122_000132.mp4,2,playing ping pong,29.97,3.77,7.11,113,213,113,163,163,213,,,,,,,,,,,,,,,,,,,,,,,,,,,,,,,,,,,,,,,,,,,,,,,,,,,,,,,,,,,,,,,,,,,,,,,,,,,,,,,,,,,,,,,,,,,,,,,,,,,,,,,,,,,,,,,,,,,,,,,,,,,,,,,,,,,,,,,,,,
IGC0PQcu9aM_000011_000021.mp4,2,playing ping pong,14.56,6.37,10.0,93,146,93,119,119,146,,,,,,,,,,,,,,,,,,,,,,,,,,,,,,,,,,,,,,,,,,,,,,,,,,,,,,,,,,,,,,,,,,,,,,,,,,,,,,,,,,,,,,,,,,,,,,,,,,,,,,,,,,,,,,,,,,,,,,,,,,,,,,,,,,,,,,,,,,
IIqg12rlSgo_000140_000150.mp4,2,playing ping pong,30.0,5.17,9.9,155,297,155,226,226,297,,,,,,,,,,,,,,,,,,,,,,,,,,,,,,,,,,,,,,,,,,,,,,,,,,,,,,,,,,,,,,,,,,,,,,,,,,,,,,,,,,,,,,,,,,,,,,,,,,,,,,,,,,,,,,,,,,,,,,,,,,,,,,,,,,,,,,,,,,
IIqg12rlSgo_000140_000150.mp4,2,playing ping pong,30.0,0.0,4.15,0,125,0,62,62,125,,,,,,,,,,,,,,,,,,,,,,,,,,,,,,,,,,,,,,,,,,,,,,,,,,,,,,,,,,,,,,,,,,,,,,,,,,,,,,,,,,,,,,,,,,,,,,,,,,,,,,,,,,,,,,,,,,,,,,,,,,,,,,,,,,,,,,,,,,
J2dmwQeNxp8_000021_000031.mp4,2,playing ping pong,29.97,0.47,2.0,14,60,14,37,37,60,,,,,,,,,,,,,,,,,,,,,,,,,,,,,,,,,,,,,,,,,,,,,,,,,,,,,,,,,,,,,,,,,,,,,,,,,,,,,,,,,,,,,,,,,,,,,,,,,,,,,,,,,,,,,,,,,,,,,,,,,,,,,,,,,,,,,,,,,,
LRiGVwNyTEU_000014_000024.mp4,9,playing ping pong,25.0,0.34,9.98,8,250,8,35,35,62,62,89,89,116,116,142,142,169,169,196,196,223,223,250,,,,,,,,,,,,,,,,,,,,,,,,,,,,,,,,,,,,,,,,,,,,,,,,,,,,,,,,,,,,,,,,,,,,,,,,,,,,,,,,,,,,,,,,,,,,,,,,,,,,,,,,,,,,,,,,,,,,,,,,,,,,
Lm1yrhHEPhQ_000010_000020.mp4,6,playing ping pong,30.0,0.0,10.0,0,300,0,50,50,100,100,150,150,200,200,250,250,300,,,,,,,,,,,,,,,,,,,,,,,,,,,,,,,,,,,,,,,,,,,,,,,,,,,,,,,,,,,,,,,,,,,,,,,,,,,,,,,,,,,,,,,,,,,,,,,,,,,,,,,,,,,,,,,,,,,,,,,,,,,,,,,,,,
L0AXgXjT6Zo_000004_000014.mp4,4,playing ping pong,29.97,0.0,6.24,0,187,0,47,47,94,94,140,140,187,,,,,,,,,,,,,,,,,,,,,,,,,,,,,,,,,,,,,,,,,,,,,,,,,,,,,,,,,,,,,,,,,,,,,,,,,,,,,,,,,,,,,,,,,,,,,,,,,,,,,,,,,,,,,,,,,,,,,,,,,,,,,,,,,,,,,,
L7fYjIlMnR8_000041_000051.mp4,7,playing ping pong,29.97,0.0,9.98,0,299,0,43,43,85,85,128,128,171,171,214,214,256,256,299,,,,,,,,,,,,,,,,,,,,,,,,,,,,,,,,,,,,,,,,,,,,,,,,,,,,,,,,,,,,,,,,,,,,,,,,,,,,,,,,,,,,,,,,,,,,,,,,,,,,,,,,,,,,,,,,,,,,,,,,,,,,,,,,
MbTwVj2fsHE_000027_000037.mp4,2,playing ping pong,30.0,0.12,5.12,4,154,4,79,79,154,,,,,,,,,,,,,,,,,,,,,,,,,,,,,,,,,,,,,,,,,,,,,,,,,,,,,,,,,,,,,,,,,,,,,,,,,,,,,,,,,,,,,,,,,,,,,,,,,,,,,,,,,,,,,,,,,,,,,,,,,,,,,,,,,,,,,,,,,,
Nhl46d2bueI_000001_000011.mp4,3,playing ping pong,29.97,3.9,9.91,117,297,117,177,177,237,237,297,,,,,,,,,,,,,,,,,,,,,,,,,,,,,,,,,,,,,,,,,,,,,,,,,,,,,,,,,,,,,,,,,,,,,,,,,,,,,,,,,,,,,,,,,,,,,,,,,,,,,,,,,,,,,,,,,,,,,,,,,,,,,,,,,,,,,,,,
OmIcycXGkG8_000110_000120.mp4,3,playing ping pong,29.97,0.0,3.8,0,114,0,38,38,76,76,114,,,,,,,,,,,,,,,,,,,,,,,,,,,,,,,,,,,,,,,,,,,,,,,,,,,,,,,,,,,,,,,,,,,,,,,,,,,,,,,,,,,,,,,,,,,,,,,,,,,,,,,,,,,,,,,,,,,,,,,,,,,,,,,,,,,,,,,,
O1luitbv8sE_000153_000163.mp4,2,playing ping pong,30.0,0.0,1.03,0,31,0,16,16,31,,,,,,,,,,,,,,,,,,,,,,,,,,,,,,,,,,,,,,,,,,,,,,,,,,,,,,,,,,,,,,,,,,,,,,,,,,,,,,,,,,,,,,,,,,,,,,,,,,,,,,,,,,,,,,,,,,,,,,,,,,,,,,,,,,,,,,,,,,
Pj_2N6HeCXw_000056_000066.mp4,3,playing ping pong,30.0,0.0,3.53,0,106,0,35,35,71,71,106,,,,,,,,,,,,,,,,,,,,,,,,,,,,,,,,,,,,,,,,,,,,,,,,,,,,,,,,,,,,,,,,,,,,,,,,,,,,,,,,,,,,,,,,,,,,,,,,,,,,,,,,,,,,,,,,,,,,,,,,,,,,,,,,,,,,,,,,
Pj_2N6HeCXw_000056_000066.mp4,3,playing ping pong,30.0,5.17,10.0,155,300,155,203,203,252,252,300,,,,,,,,,,,,,,,,,,,,,,,,,,,,,,,,,,,,,,,,,,,,,,,,,,,,,,,,,,,,,,,,,,,,,,,,,,,,,,,,,,,,,,,,,,,,,,,,,,,,,,,,,,,,,,,,,,,,,,,,,,,,,,,,,,,,,,,,
QkzF1myWJsE_000000_000010.mp4,5,playing ping pong,30.0,3.67,10.0,110,300,110,148,148,186,186,224,224,262,262,300,,,,,,,,,,,,,,,,,,,,,,,,,,,,,,,,,,,,,,,,,,,,,,,,,,,,,,,,,,,,,,,,,,,,,,,,,,,,,,,,,,,,,,,,,,,,,,,,,,,,,,,,,,,,,,,,,,,,,,,,,,,,,,,,,,,,
RogvBJR_W2Y_000055_000065.mp4,5,playing ping pong,30.0,0.0,9.37,0,281,0,56,56,112,112,169,169,225,225,281,,,,,,,,,,,,,,,,,,,,,,,,,,,,,,,,,,,,,,,,,,,,,,,,,,,,,,,,,,,,,,,,,,,,,,,,,,,,,,,,,,,,,,,,,,,,,,,,,,,,,,,,,,,,,,,,,,,,,,,,,,,,,,,,,,,,
Tddf5e3rYsk_000000_000010.mp4,4,playing ping pong,30.0,3.8,9.17,114,275,114,154,154,194,194,235,235,275,,,,,,,,,,,,,,,,,,,,,,,,,,,,,,,,,,,,,,,,,,,,,,,,,,,,,,,,,,,,,,,,,,,,,,,,,,,,,,,,,,,,,,,,,,,,,,,,,,,,,,,,,,,,,,,,,,,,,,,,,,,,,,,,,,,,,,
V6cnJ9nG3oc_000008_000018.mp4,4,playing ping pong,15.0,0.0,4.8,0,72,0,18,18,36,36,54,54,72,,,,,,,,,,,,,,,,,,,,,,,,,,,,,,,,,,,,,,,,,,,,,,,,,,,,,,,,,,,,,,,,,,,,,,,,,,,,,,,,,,,,,,,,,,,,,,,,,,,,,,,,,,,,,,,,,,,,,,,,,,,,,,,,,,,,,,
X7RMG1-Srp8_000042_000052.mp4,3,playing ping pong,29.97,0.0,3.64,0,109,0,36,36,73,73,109,,,,,,,,,,,,,,,,,,,,,,,,,,,,,,,,,,,,,,,,,,,,,,,,,,,,,,,,,,,,,,,,,,,,,,,,,,,,,,,,,,,,,,,,,,,,,,,,,,,,,,,,,,,,,,,,,,,,,,,,,,,,,,,,,,,,,,,,
X7RMG1-Srp8_000042_000052.mp4,5,playing ping pong,29.97,5.27,9.98,158,299,158,186,186,214,214,243,243,271,271,299,,,,,,,,,,,,,,,,,,,,,,,,,,,,,,,,,,,,,,,,,,,,,,,,,,,,,,,,,,,,,,,,,,,,,,,,,,,,,,,,,,,,,,,,,,,,,,,,,,,,,,,,,,,,,,,,,,,,,,,,,,,,,,,,,,,,
ZvTjeWDNHV0_000007_000017.mp4,5,playing ping pong,30.0,3.23,10.0,97,300,97,138,138,178,178,219,219,259,259,300,,,,,,,,,,,,,,,,,,,,,,,,,,,,,,,,,,,,,,,,,,,,,,,,,,,,,,,,,,,,,,,,,,,,,,,,,,,,,,,,,,,,,,,,,,,,,,,,,,,,,,,,,,,,,,,,,,,,,,,,,,,,,,,,,,,,
aRwp3NPsGOg_000025_000035.mp4,3,playing ping pong,30.0,3.33,7.43,100,223,100,141,141,182,182,223,,,,,,,,,,,,,,,,,,,,,,,,,,,,,,,,,,,,,,,,,,,,,,,,,,,,,,,,,,,,,,,,,,,,,,,,,,,,,,,,,,,,,,,,,,,,,,,,,,,,,,,,,,,,,,,,,,,,,,,,,,,,,,,,,,,,,,,,
bUhuBlsOack_000028_000038.mp4,3,playing ping pong,30.0,1.77,6.67,53,200,53,102,102,151,151,200,,,,,,,,,,,,,,,,,,,,,,,,,,,,,,,,,,,,,,,,,,,,,,,,,,,,,,,,,,,,,,,,,,,,,,,,,,,,,,,,,,,,,,,,,,,,,,,,,,,,,,,,,,,,,,,,,,,,,,,,,,,,,,,,,,,,,,,,
cKvFVbUaOCA_000215_000225.mp4,2,playing ping pong,30.0,0.0,2.73,0,82,0,41,41,82,,,,,,,,,,,,,,,,,,,,,,,,,,,,,,,,,,,,,,,,,,,,,,,,,,,,,,,,,,,,,,,,,,,,,,,,,,,,,,,,,,,,,,,,,,,,,,,,,,,,,,,,,,,,,,,,,,,,,,,,,,,,,,,,,,,,,,,,,,
cKvFVbUaOCA_000215_000225.mp4,3,playing ping pong,30.0,5.77,9.5,173,285,173,210,210,248,248,285,,,,,,,,,,,,,,,,,,,,,,,,,,,,,,,,,,,,,,,,,,,,,,,,,,,,,,,,,,,,,,,,,,,,,,,,,,,,,,,,,,,,,,,,,,,,,,,,,,,,,,,,,,,,,,,,,,,,,,,,,,,,,,,,,,,,,,,,
dboyYxjGV34_000010_000020.mp4,2,playing ping pong,29.92,0.94,3.09,28,92,28,60,60,92,,,,,,,,,,,,,,,,,,,,,,,,,,,,,,,,,,,,,,,,,,,,,,,,,,,,,,,,,,,,,,,,,,,,,,,,,,,,,,,,,,,,,,,,,,,,,,,,,,,,,,,,,,,,,,,,,,,,,,,,,,,,,,,,,,,,,,,,,,
d2HiIhKUKWE_001204_001214.mp4,2,playing ping pong,29.95,0.0,3.5,0,105,0,52,52,105,,,,,,,,,,,,,,,,,,,,,,,,,,,,,,,,,,,,,,,,,,,,,,,,,,,,,,,,,,,,,,,,,,,,,,,,,,,,,,,,,,,,,,,,,,,,,,,,,,,,,,,,,,,,,,,,,,,,,,,,,,,,,,,,,,,,,,,,,,
ekRz5KwqQFo_000037_000047.mp4,2,playing ping pong,29.97,0.0,3.5,0,105,0,52,52,105,,,,,,,,,,,,,,,,,,,,,,,,,,,,,,,,,,,,,,,,,,,,,,,,,,,,,,,,,,,,,,,,,,,,,,,,,,,,,,,,,,,,,,,,,,,,,,,,,,,,,,,,,,,,,,,,,,,,,,,,,,,,,,,,,,,,,,,,,,
ekRz5KwqQFo_000037_000047.mp4,3,playing ping pong,29.97,4.8,9.98,144,299,144,196,196,247,247,299,,,,,,,,,,,,,,,,,,,,,,,,,,,,,,,,,,,,,,,,,,,,,,,,,,,,,,,,,,,,,,,,,,,,,,,,,,,,,,,,,,,,,,,,,,,,,,,,,,,,,,,,,,,,,,,,,,,,,,,,,,,,,,,,,,,,,,,,
fOt5iVsSa4Q_000000_000010.mp4,4,playing ping pong,29.97,0.53,5.31,16,159,16,52,52,88,88,123,123,159,,,,,,,,,,,,,,,,,,,,,,,,,,,,,,,,,,,,,,,,,,,,,,,,,,,,,,,,,,,,,,,,,,,,,,,,,,,,,,,,,,,,,,,,,,,,,,,,,,,,,,,,,,,,,,,,,,,,,,,,,,,,,,,,,,,,,,
hCvymi8U8ZA_000029_000039.mp4,2,playing ping pong,30.0,7.33,9.87,220,296,220,258,258,296,,,,,,,,,,,,,,,,,,,,,,,,,,,,,,,,,,,,,,,,,,,,,,,,,,,,,,,,,,,,,,,,,,,,,,,,,,,,,,,,,,,,,,,,,,,,,,,,,,,,,,,,,,,,,,,,,,,,,,,,,,,,,,,,,,,,,,,,,,
hP-c5DGf6vo_000024_000034.mp4,9,playing ping pong,29.97,0.0,5.47,0,164,0,18,18,36,36,55,55,73,73,91,91,109,109,128,128,146,146,164,,,,,,,,,,,,,,,,,,,,,,,,,,,,,,,,,,,,,,,,,,,,,,,,,,,,,,,,,,,,,,,,,,,,,,,,,,,,,,,,,,,,,,,,,,,,,,,,,,,,,,,,,,,,,,,,,,,,,,,,,,,,
hP-c5DGf6vo_000024_000034.mp4,3,playing ping pong,29.97,7.14,9.94,214,298,214,242,242,270,270,298,,,,,,,,,,,,,,,,,,,,,,,,,,,,,,,,,,,,,,,,,,,,,,,,,,,,,,,,,,,,,,,,,,,,,,,,,,,,,,,,,,,,,,,,,,,,,,,,,,,,,,,,,,,,,,,,,,,,,,,,,,,,,,,,,,,,,,,,
h0L3IaePcZQ_000018_000028.mp4,8,playing ping pong,23.98,2.54,7.9,61,189,61,77,77,93,93,109,109,125,125,141,141,157,157,173,173,189,,,,,,,,,,,,,,,,,,,,,,,,,,,,,,,,,,,,,,,,,,,,,,,,,,,,,,,,,,,,,,,,,,,,,,,,,,,,,,,,,,,,,,,,,,,,,,,,,,,,,,,,,,,,,,,,,,,,,,,,,,,,,,
jMIzjrV_RBU_000000_000010.mp4,5,playing ping pong,29.97,1.67,8.24,50,247,50,89,89,129,129,168,168,208,208,247,,,,,,,,,,,,,,,,,,,,,,,,,,,,,,,,,,,,,,,,,,,,,,,,,,,,,,,,,,,,,,,,,,,,,,,,,,,,,,,,,,,,,,,,,,,,,,,,,,,,,,,,,,,,,,,,,,,,,,,,,,,,,,,,,,,,
jop1zxGB0-Q_000052_000062.mp4,2,playing ping pong,30.0,0.27,7.0,8,210,8,109,109,210,,,,,,,,,,,,,,,,,,,,,,,,,,,,,,,,,,,,,,,,,,,,,,,,,,,,,,,,,,,,,,,,,,,,,,,,,,,,,,,,,,,,,,,,,,,,,,,,,,,,,,,,,,,,,,,,,,,,,,,,,,,,,,,,,,,,,,,,,,
kdEsdV_jXPc_000006_000016.mp4,2,playing ping pong,24.93,1.84,4.17,46,104,46,75,75,104,,,,,,,,,,,,,,,,,,,,,,,,,,,,,,,,,,,,,,,,,,,,,,,,,,,,,,,,,,,,,,,,,,,,,,,,,,,,,,,,,,,,,,,,,,,,,,,,,,,,,,,,,,,,,,,,,,,,,,,,,,,,,,,,,,,,,,,,,,
keeoSu3FkTc_000091_000101.mp4,3,playing ping pong,30.0,3.9,9.4,117,282,117,172,172,227,227,282,,,,,,,,,,,,,,,,,,,,,,,,,,,,,,,,,,,,,,,,,,,,,,,,,,,,,,,,,,,,,,,,,,,,,,,,,,,,,,,,,,,,,,,,,,,,,,,,,,,,,,,,,,,,,,,,,,,,,,,,,,,,,,,,,,,,,,,,
m3K7GKYS554_000010_000020.mp4,3,playing ping pong,15.0,4.13,10.0,62,150,62,91,91,121,121,150,,,,,,,,,,,,,,,,,,,,,,,,,,,,,,,,,,,,,,,,,,,,,,,,,,,,,,,,,,,,,,,,,,,,,,,,,,,,,,,,,,,,,,,,,,,,,,,,,,,,,,,,,,,,,,,,,,,,,,,,,,,,,,,,,,,,,,,,
n9XWQUKsEKk_000000_000010.mp4,2,playing ping pong,15.0,3.73,9.07,56,136,56,96,96,136,,,,,,,,,,,,,,,,,,,,,,,,,,,,,,,,,,,,,,,,,,,,,,,,,,,,,,,,,,,,,,,,,,,,,,,,,,,,,,,,,,,,,,,,,,,,,,,,,,,,,,,,,,,,,,,,,,,,,,,,,,,,,,,,,,,,,,,,,,
oKAQl7fNkzg_000538_000548.mp4,6,playing ping pong,29.97,0.0,9.04,0,271,0,45,45,90,90,136,136,181,181,226,226,271,,,,,,,,,,,,,,,,,,,,,,,,,,,,,,,,,,,,,,,,,,,,,,,,,,,,,,,,,,,,,,,,,,,,,,,,,,,,,,,,,,,,,,,,,,,,,,,,,,,,,,,,,,,,,,,,,,,,,,,,,,,,,,,,,,
od1VcoamwXM_000000_000010.mp4,2,playing ping pong,29.58,4.02,6.56,119,194,119,157,157,194,,,,,,,,,,,,,,,,,,,,,,,,,,,,,,,,,,,,,,,,,,,,,,,,,,,,,,,,,,,,,,,,,,,,,,,,,,,,,,,,,,,,,,,,,,,,,,,,,,,,,,,,,,,,,,,,,,,,,,,,,,,,,,,,,,,,,,,,,,
qOF0asQlWgc_000000_000010.mp4,2,playing ping pong,30.0,0.17,1.82,5,55,5,30,30,55,,,,,,,,,,,,,,,,,,,,,,,,,,,,,,,,,,,,,,,,,,,,,,,,,,,,,,,,,,,,,,,,,,,,,,,,,,,,,,,,,,,,,,,,,,,,,,,,,,,,,,,,,,,,,,,,,,,,,,,,,,,,,,,,,,,,,,,,,,
rccE6Fwf8jQ_000018_000028.mp4,3,playing ping pong,25.0,1.36,4.56,34,114,34,61,61,87,87,114,,,,,,,,,,,,,,,,,,,,,,,,,,,,,,,,,,,,,,,,,,,,,,,,,,,,,,,,,,,,,,,,,,,,,,,,,,,,,,,,,,,,,,,,,,,,,,,,,,,,,,,,,,,,,,,,,,,,,,,,,,,,,,,,,,,,,,,,
scTaz7zP3yU_000005_000015.mp4,2,playing ping pong,29.97,2.17,9.08,65,272,65,169,169,272,,,,,,,,,,,,,,,,,,,,,,,,,,,,,,,,,,,,,,,,,,,,,,,,,,,,,,,,,,,,,,,,,,,,,,,,,,,,,,,,,,,,,,,,,,,,,,,,,,,,,,,,,,,,,,,,,,,,,,,,,,,,,,,,,,,,,,,,,,
unx6iNSj6p4_000000_000010.mp4,2,playing ping pong,30.0,0.93,5.23,28,157,28,92,92,157,,,,,,,,,,,,,,,,,,,,,,,,,,,,,,,,,,,,,,,,,,,,,,,,,,,,,,,,,,,,,,,,,,,,,,,,,,,,,,,,,,,,,,,,,,,,,,,,,,,,,,,,,,,,,,,,,,,,,,,,,,,,,,,,,,,,,,,,,,
u0AUaQ-Ri6k_000000_000010.mp4,3,playing ping pong,29.97,0.5,4.54,15,136,15,55,55,96,96,136,,,,,,,,,,,,,,,,,,,,,,,,,,,,,,,,,,,,,,,,,,,,,,,,,,,,,,,,,,,,,,,,,,,,,,,,,,,,,,,,,,,,,,,,,,,,,,,,,,,,,,,,,,,,,,,,,,,,,,,,,,,,,,,,,,,,,,,,
vGR9pUDGVbA_000084_000094.mp4,3,playing ping pong,29.97,0.0,3.97,0,119,0,40,40,79,79,119,,,,,,,,,,,,,,,,,,,,,,,,,,,,,,,,,,,,,,,,,,,,,,,,,,,,,,,,,,,,,,,,,,,,,,,,,,,,,,,,,,,,,,,,,,,,,,,,,,,,,,,,,,,,,,,,,,,,,,,,,,,,,,,,,,,,,,,,
vGR9pUDGVbA_000084_000094.mp4,2,playing ping pong,29.97,8.07,9.98,242,299,242,270,270,299,,,,,,,,,,,,,,,,,,,,,,,,,,,,,,,,,,,,,,,,,,,,,,,,,,,,,,,,,,,,,,,,,,,,,,,,,,,,,,,,,,,,,,,,,,,,,,,,,,,,,,,,,,,,,,,,,,,,,,,,,,,,,,,,,,,,,,,,,,
w2ikRqbMxC4_000010_000020.mp4,6,playing ping pong,30.0,0.0,9.5,0,285,0,48,48,95,95,142,142,190,190,238,238,285,,,,,,,,,,,,,,,,,,,,,,,,,,,,,,,,,,,,,,,,,,,,,,,,,,,,,,,,,,,,,,,,,,,,,,,,,,,,,,,,,,,,,,,,,,,,,,,,,,,,,,,,,,,,,,,,,,,,,,,,,,,,,,,,,,
xGwoKxL8Sfs_000023_000033.mp4,2,playing ping pong,12.03,0.92,3.42,11,41,11,26,26,41,,,,,,,,,,,,,,,,,,,,,,,,,,,,,,,,,,,,,,,,,,,,,,,,,,,,,,,,,,,,,,,,,,,,,,,,,,,,,,,,,,,,,,,,,,,,,,,,,,,,,,,,,,,,,,,,,,,,,,,,,,,,,,,,,,,,,,,,,,
xGwoKxL8Sfs_000023_000033.mp4,2,playing ping pong,12.03,6.04,7.46,73,90,73,81,81,90,,,,,,,,,,,,,,,,,,,,,,,,,,,,,,,,,,,,,,,,,,,,,,,,,,,,,,,,,,,,,,,,,,,,,,,,,,,,,,,,,,,,,,,,,,,,,,,,,,,,,,,,,,,,,,,,,,,,,,,,,,,,,,,,,,,,,,,,,,
xMEFlMjEjTs_000005_000015.mp4,3,playing ping pong,29.97,5.87,8.88,176,266,176,206,206,236,236,266,,,,,,,,,,,,,,,,,,,,,,,,,,,,,,,,,,,,,,,,,,,,,,,,,,,,,,,,,,,,,,,,,,,,,,,,,,,,,,,,,,,,,,,,,,,,,,,,,,,,,,,,,,,,,,,,,,,,,,,,,,,,,,,,,,,,,,,,
xmQ0g72b33Q_000082_000092.mp4,2,playing ping pong,29.88,5.14,9.07,154,271,154,212,212,271,,,,,,,,,,,,,,,,,,,,,,,,,,,,,,,,,,,,,,,,,,,,,,,,,,,,,,,,,,,,,,,,,,,,,,,,,,,,,,,,,,,,,,,,,,,,,,,,,,,,,,,,,,,,,,,,,,,,,,,,,,,,,,,,,,,,,,,,,,
yHbqzfLaulE_000039_000049.mp4,2,playing ping pong,29.97,5.07,9.01,152,270,152,211,211,270,,,,,,,,,,,,,,,,,,,,,,,,,,,,,,,,,,,,,,,,,,,,,,,,,,,,,,,,,,,,,,,,,,,,,,,,,,,,,,,,,,,,,,,,,,,,,,,,,,,,,,,,,,,,,,,,,,,,,,,,,,,,,,,,,,,,,,,,,,
zLYLlCWTDMU_000449_000459.mp4,3,playing ping pong,29.97,0.07,5.36,2,161,2,55,55,108,108,161,,,,,,,,,,,,,,,,,,,,,,,,,,,,,,,,,,,,,,,,,,,,,,,,,,,,,,,,,,,,,,,,,,,,,,,,,,,,,,,,,,,,,,,,,,,,,,,,,,,,,,,,,,,,,,,,,,,,,,,,,,,,,,,,,,,,,,,,
0dLWCxdfmPQ_000669_000679.mp4,2,playing ping pong,30.0,3.23,5.08,97,152,97,125,125,152,,,,,,,,,,,,,,,,,,,,,,,,,,,,,,,,,,,,,,,,,,,,,,,,,,,,,,,,,,,,,,,,,,,,,,,,,,,,,,,,,,,,,,,,,,,,,,,,,,,,,,,,,,,,,,,,,,,,,,,,,,,,,,,,,,,,,,,,,,
1QLJSaPSDvM_000171_000181.mp4,2,playing ping pong,30.0,0.0,8.15,0,244,0,122,122,244,,,,,,,,,,,,,,,,,,,,,,,,,,,,,,,,,,,,,,,,,,,,,,,,,,,,,,,,,,,,,,,,,,,,,,,,,,,,,,,,,,,,,,,,,,,,,,,,,,,,,,,,,,,,,,,,,,,,,,,,,,,,,,,,,,,,,,,,,,
1dTE0SO9jZU_000145_000155.mp4,3,playing ping pong,30.0,1.77,7.4,53,222,53,109,109,166,166,222,,,,,,,,,,,,,,,,,,,,,,,,,,,,,,,,,,,,,,,,,,,,,,,,,,,,,,,,,,,,,,,,,,,,,,,,,,,,,,,,,,,,,,,,,,,,,,,,,,,,,,,,,,,,,,,,,,,,,,,,,,,,,,,,,,,,,,,,
1_ydzDt9SAc_000036_000046.mp4,2,playing ping pong,29.97,0.3,1.8,9,54,9,31,31,54,,,,,,,,,,,,,,,,,,,,,,,,,,,,,,,,,,,,,,,,,,,,,,,,,,,,,,,,,,,,,,,,,,,,,,,,,,,,,,,,,,,,,,,,,,,,,,,,,,,,,,,,,,,,,,,,,,,,,,,,,,,,,,,,,,,,,,,,,,
3EqF5Aavx3Y_000015_000025.mp4,2,playing ping pong,29.97,0.3,2.5,9,75,9,42,42,75,,,,,,,,,,,,,,,,,,,,,,,,,,,,,,,,,,,,,,,,,,,,,,,,,,,,,,,,,,,,,,,,,,,,,,,,,,,,,,,,,,,,,,,,,,,,,,,,,,,,,,,,,,,,,,,,,,,,,,,,,,,,,,,,,,,,,,,,,,
3EqF5Aavx3Y_000015_000025.mp4,2,playing ping pong,29.97,7.49,9.98,224,299,224,262,262,299,,,,,,,,,,,,,,,,,,,,,,,,,,,,,,,,,,,,,,,,,,,,,,,,,,,,,,,,,,,,,,,,,,,,,,,,,,,,,,,,,,,,,,,,,,,,,,,,,,,,,,,,,,,,,,,,,,,,,,,,,,,,,,,,,,,,,,,,,,
4C6g5j2PhvI_000000_000010.mp4,3,playing ping pong,14.9,2.95,6.84,44,102,44,63,63,83,83,102,,,,,,,,,,,,,,,,,,,,,,,,,,,,,,,,,,,,,,,,,,,,,,,,,,,,,,,,,,,,,,,,,,,,,,,,,,,,,,,,,,,,,,,,,,,,,,,,,,,,,,,,,,,,,,,,,,,,,,,,,,,,,,,,,,,,,,,,
4oY0nsUwZgk_000026_000036.mp4,3,playing ping pong,29.97,6.37,9.81,191,294,191,225,225,260,260,294,,,,,,,,,,,,,,,,,,,,,,,,,,,,,,,,,,,,,,,,,,,,,,,,,,,,,,,,,,,,,,,,,,,,,,,,,,,,,,,,,,,,,,,,,,,,,,,,,,,,,,,,,,,,,,,,,,,,,,,,,,,,,,,,,,,,,,,,
5NN1RfCxJHs_000030_000040.mp4,3,playing ping pong,29.96,0.6,7.31,18,219,18,85,85,152,152,219,,,,,,,,,,,,,,,,,,,,,,,,,,,,,,,,,,,,,,,,,,,,,,,,,,,,,,,,,,,,,,,,,,,,,,,,,,,,,,,,,,,,,,,,,,,,,,,,,,,,,,,,,,,,,,,,,,,,,,,,,,,,,,,,,,,,,,,,
5tbH0GIz9rM_000010_000020.mp4,10,playing ping pong,29.97,0.0,8.78,0,263,0,26,26,53,53,79,79,105,105,132,132,158,158,184,184,210,210,237,237,263,,,,,,,,,,,,,,,,,,,,,,,,,,,,,,,,,,,,,,,,,,,,,,,,,,,,,,,,,,,,,,,,,,,,,,,,,,,,,,,,,,,,,,,,,,,,,,,,,,,,,,,,,,,,,,,,,,,,,,,,,,
6OCGaAPwCbw_000005_000015.mp4,3,playing ping pong,24.0,0.0,2.62,0,63,0,21,21,42,42,63,,,,,,,,,,,,,,,,,,,,,,,,,,,,,,,,,,,,,,,,,,,,,,,,,,,,,,,,,,,,,,,,,,,,,,,,,,,,,,,,,,,,,,,,,,,,,,,,,,,,,,,,,,,,,,,,,,,,,,,,,,,,,,,,,,,,,,,,
6OCGaAPwCbw_000005_000015.mp4,4,playing ping pong,24.0,4.62,9.42,111,226,111,140,140,169,169,197,197,226,,,,,,,,,,,,,,,,,,,,,,,,,,,,,,,,,,,,,,,,,,,,,,,,,,,,,,,,,,,,,,,,,,,,,,,,,,,,,,,,,,,,,,,,,,,,,,,,,,,,,,,,,,,,,,,,,,,,,,,,,,,,,,,,,,,,,,
6i_uanzEaTY_000045_000055.mp4,2,playing ping pong,29.97,0.0,3.34,0,100,0,50,50,100,,,,,,,,,,,,,,,,,,,,,,,,,,,,,,,,,,,,,,,,,,,,,,,,,,,,,,,,,,,,,,,,,,,,,,,,,,,,,,,,,,,,,,,,,,,,,,,,,,,,,,,,,,,,,,,,,,,,,,,,,,,,,,,,,,,,,,,,,,
6i_uanzEaTY_000045_000055.mp4,3,playing ping pong,29.97,5.97,9.98,179,299,179,219,219,259,259,299,,,,,,,,,,,,,,,,,,,,,,,,,,,,,,,,,,,,,,,,,,,,,,,,,,,,,,,,,,,,,,,,,,,,,,,,,,,,,,,,,,,,,,,,,,,,,,,,,,,,,,,,,,,,,,,,,,,,,,,,,,,,,,,,,,,,,,,,
7PSaRnOlXeY_000039_000049.mp4,3,playing ping pong,29.97,6.97,9.98,209,299,209,239,239,269,269,299,,,,,,,,,,,,,,,,,,,,,,,,,,,,,,,,,,,,,,,,,,,,,,,,,,,,,,,,,,,,,,,,,,,,,,,,,,,,,,,,,,,,,,,,,,,,,,,,,,,,,,,,,,,,,,,,,,,,,,,,,,,,,,,,,,,,,,,,
9OVVwWkTb1Q_000092_000102.mp4,2,playing ping pong,24.87,3.9,5.51,97,137,97,117,117,137,,,,,,,,,,,,,,,,,,,,,,,,,,,,,,,,,,,,,,,,,,,,,,,,,,,,,,,,,,,,,,,,,,,,,,,,,,,,,,,,,,,,,,,,,,,,,,,,,,,,,,,,,,,,,,,,,,,,,,,,,,,,,,,,,,,,,,,,,,
9QFy5GnAO88_000145_000155.mp4,3,playing ping pong,29.97,4.14,7.51,124,225,124,158,158,191,191,225,,,,,,,,,,,,,,,,,,,,,,,,,,,,,,,,,,,,,,,,,,,,,,,,,,,,,,,,,,,,,,,,,,,,,,,,,,,,,,,,,,,,,,,,,,,,,,,,,,,,,,,,,,,,,,,,,,,,,,,,,,,,,,,,,,,,,,,,
-CIJZEAu_Pg_000017_000027.mp4,2,playing ping pong,24.0,7.04,9.42,169,226,169,197,197,226,,,,,,,,,,,,,,,,,,,,,,,,,,,,,,,,,,,,,,,,,,,,,,,,,,,,,,,,,,,,,,,,,,,,,,,,,,,,,,,,,,,,,,,,,,,,,,,,,,,,,,,,,,,,,,,,,,,,,,,,,,,,,,,,,,,,,,,,,,
-k5o6IDibk0_000006_000016.mp4,3,playing ping pong,30.0,0.0,10.0,0,300,0,100,100,200,200,300,,,,,,,,,,,,,,,,,,,,,,,,,,,,,,,,,,,,,,,,,,,,,,,,,,,,,,,,,,,,,,,,,,,,,,,,,,,,,,,,,,,,,,,,,,,,,,,,,,,,,,,,,,,,,,,,,,,,,,,,,,,,,,,,,,,,,,,,
-xff7qk9yqE_000038_000048.mp4,6,playing ping pong,29.97,0.0,7.51,0,225,0,38,38,75,75,112,112,150,150,188,188,225,,,,,,,,,,,,,,,,,,,,,,,,,,,,,,,,,,,,,,,,,,,,,,,,,,,,,,,,,,,,,,,,,,,,,,,,,,,,,,,,,,,,,,,,,,,,,,,,,,,,,,,,,,,,,,,,,,,,,,,,,,,,,,,,,,
ARb0rBemhFE_000025_000035.mp4,2,playing tennis,25.0,3.62,9.38,90,235,90,162,162,235,,,,,,,,,,,,,,,,,,,,,,,,,,,,,,,,,,,,,,,,,,,,,,,,,,,,,,,,,,,,,,,,,,,,,,,,,,,,,,,,,,,,,,,,,,,,,,,,,,,,,,,,,,,,,,,,,,,,,,,,,,,,,,,,,,,,,,,,,,
CBL31JcCt24_000063_000073.mp4,5,playing tennis,29.97,0.0,9.94,0,298,0,60,60,119,119,179,179,238,238,298,,,,,,,,,,,,,,,,,,,,,,,,,,,,,,,,,,,,,,,,,,,,,,,,,,,,,,,,,,,,,,,,,,,,,,,,,,,,,,,,,,,,,,,,,,,,,,,,,,,,,,,,,,,,,,,,,,,,,,,,,,,,,,,,,,,,
EEojoJfWIdg_000008_000018.mp4,3,playing tennis,30.0,3.6,10.0,108,300,108,172,172,236,236,300,,,,,,,,,,,,,,,,,,,,,,,,,,,,,,,,,,,,,,,,,,,,,,,,,,,,,,,,,,,,,,,,,,,,,,,,,,,,,,,,,,,,,,,,,,,,,,,,,,,,,,,,,,,,,,,,,,,,,,,,,,,,,,,,,,,,,,,,
ELwJXp-Xbes_000055_000065.mp4,2,playing tennis,25.0,0.74,5.98,18,150,18,84,84,150,,,,,,,,,,,,,,,,,,,,,,,,,,,,,,,,,,,,,,,,,,,,,,,,,,,,,,,,,,,,,,,,,,,,,,,,,,,,,,,,,,,,,,,,,,,,,,,,,,,,,,,,,,,,,,,,,,,,,,,,,,,,,,,,,,,,,,,,,,
FU-MZHa6k68_000177_000187.mp4,2,playing tennis,29.97,3.37,6.39,101,192,101,147,147,192,,,,,,,,,,,,,,,,,,,,,,,,,,,,,,,,,,,,,,,,,,,,,,,,,,,,,,,,,,,,,,,,,,,,,,,,,,,,,,,,,,,,,,,,,,,,,,,,,,,,,,,,,,,,,,,,,,,,,,,,,,,,,,,,,,,,,,,,,,
FZVIxsv8lh4_000002_000012.mp4,3,playing tennis,25.0,0.84,10.0,21,250,21,97,97,174,174,250,,,,,,,,,,,,,,,,,,,,,,,,,,,,,,,,,,,,,,,,,,,,,,,,,,,,,,,,,,,,,,,,,,,,,,,,,,,,,,,,,,,,,,,,,,,,,,,,,,,,,,,,,,,,,,,,,,,,,,,,,,,,,,,,,,,,,,,,
FdI7-_2s5kk_000043_000053.mp4,4,playing tennis,29.97,0.0,5.9,0,177,0,44,44,88,88,133,133,177,,,,,,,,,,,,,,,,,,,,,,,,,,,,,,,,,,,,,,,,,,,,,,,,,,,,,,,,,,,,,,,,,,,,,,,,,,,,,,,,,,,,,,,,,,,,,,,,,,,,,,,,,,,,,,,,,,,,,,,,,,,,,,,,,,,,,,
FdI7-_2s5kk_000043_000053.mp4,2,playing tennis,29.97,7.13,10.0,214,300,214,257,257,300,,,,,,,,,,,,,,,,,,,,,,,,,,,,,,,,,,,,,,,,,,,,,,,,,,,,,,,,,,,,,,,,,,,,,,,,,,,,,,,,,,,,,,,,,,,,,,,,,,,,,,,,,,,,,,,,,,,,,,,,,,,,,,,,,,,,,,,,,,
F2WQiE9wod8_000026_000036.mp4,4,playing tennis,29.97,2.37,9.94,71,298,71,128,128,185,185,241,241,298,,,,,,,,,,,,,,,,,,,,,,,,,,,,,,,,,,,,,,,,,,,,,,,,,,,,,,,,,,,,,,,,,,,,,,,,,,,,,,,,,,,,,,,,,,,,,,,,,,,,,,,,,,,,,,,,,,,,,,,,,,,,,,,,,,,,,,
IpSChE964fg_000357_000367.mp4,3,playing tennis,29.97,0.23,9.98,7,299,7,104,104,202,202,299,,,,,,,,,,,,,,,,,,,,,,,,,,,,,,,,,,,,,,,,,,,,,,,,,,,,,,,,,,,,,,,,,,,,,,,,,,,,,,,,,,,,,,,,,,,,,,,,,,,,,,,,,,,,,,,,,,,,,,,,,,,,,,,,,,,,,,,,
KQe713QCuw8_000157_000167.mp4,2,playing tennis,29.97,2.9,9.94,87,298,87,193,193,298,,,,,,,,,,,,,,,,,,,,,,,,,,,,,,,,,,,,,,,,,,,,,,,,,,,,,,,,,,,,,,,,,,,,,,,,,,,,,,,,,,,,,,,,,,,,,,,,,,,,,,,,,,,,,,,,,,,,,,,,,,,,,,,,,,,,,,,,,,
LHvb6Gn-riQ_000061_000071.mp4,5,playing tennis,30.0,0.0,10.0,0,300,0,60,60,120,120,180,180,240,240,300,,,,,,,,,,,,,,,,,,,,,,,,,,,,,,,,,,,,,,,,,,,,,,,,,,,,,,,,,,,,,,,,,,,,,,,,,,,,,,,,,,,,,,,,,,,,,,,,,,,,,,,,,,,,,,,,,,,,,,,,,,,,,,,,,,,,
LZY_iF7EjyY_000000_000010.mp4,3,playing tennis,23.98,3.96,9.97,95,239,95,143,143,191,191,239,,,,,,,,,,,,,,,,,,,,,,,,,,,,,,,,,,,,,,,,,,,,,,,,,,,,,,,,,,,,,,,,,,,,,,,,,,,,,,,,,,,,,,,,,,,,,,,,,,,,,,,,,,,,,,,,,,,,,,,,,,,,,,,,,,,,,,,,
L2YQRgPJdQU_000448_000458.mp4,5,playing tennis,25.0,0.0,10.0,0,250,0,50,50,100,100,150,150,200,200,250,,,,,,,,,,,,,,,,,,,,,,,,,,,,,,,,,,,,,,,,,,,,,,,,,,,,,,,,,,,,,,,,,,,,,,,,,,,,,,,,,,,,,,,,,,,,,,,,,,,,,,,,,,,,,,,,,,,,,,,,,,,,,,,,,,,,
MCa2IKVrv7Q_000013_000023.mp4,3,playing tennis,28.0,0.0,9.96,0,279,0,93,93,186,186,279,,,,,,,,,,,,,,,,,,,,,,,,,,,,,,,,,,,,,,,,,,,,,,,,,,,,,,,,,,,,,,,,,,,,,,,,,,,,,,,,,,,,,,,,,,,,,,,,,,,,,,,,,,,,,,,,,,,,,,,,,,,,,,,,,,,,,,,,
NC88SiXJCb0_000008_000018.mp4,2,playing tennis,29.97,0.33,6.51,10,195,10,102,102,195,,,,,,,,,,,,,,,,,,,,,,,,,,,,,,,,,,,,,,,,,,,,,,,,,,,,,,,,,,,,,,,,,,,,,,,,,,,,,,,,,,,,,,,,,,,,,,,,,,,,,,,,,,,,,,,,,,,,,,,,,,,,,,,,,,,,,,,,,,
NPiDwkZRy6w_000003_000013.mp4,3,playing tennis,29.92,0.0,8.21,0,246,0,82,82,164,164,246,,,,,,,,,,,,,,,,,,,,,,,,,,,,,,,,,,,,,,,,,,,,,,,,,,,,,,,,,,,,,,,,,,,,,,,,,,,,,,,,,,,,,,,,,,,,,,,,,,,,,,,,,,,,,,,,,,,,,,,,,,,,,,,,,,,,,,,,
N-vRkmSkkyg_000262_000272.mp4,4,playing tennis,25.0,0.0,10.0,0,250,0,62,62,125,125,188,188,250,,,,,,,,,,,,,,,,,,,,,,,,,,,,,,,,,,,,,,,,,,,,,,,,,,,,,,,,,,,,,,,,,,,,,,,,,,,,,,,,,,,,,,,,,,,,,,,,,,,,,,,,,,,,,,,,,,,,,,,,,,,,,,,,,,,,,,
QfimD-ZkCaE_000021_000031.mp4,2,playing tennis,29.97,1.67,6.54,50,196,50,123,123,196,,,,,,,,,,,,,,,,,,,,,,,,,,,,,,,,,,,,,,,,,,,,,,,,,,,,,,,,,,,,,,,,,,,,,,,,,,,,,,,,,,,,,,,,,,,,,,,,,,,,,,,,,,,,,,,,,,,,,,,,,,,,,,,,,,,,,,,,,,
Q6ETsMJKUbc_000034_000044.mp4,3,playing tennis,30.0,0.62,9.7,19,291,19,110,110,200,200,291,,,,,,,,,,,,,,,,,,,,,,,,,,,,,,,,,,,,,,,,,,,,,,,,,,,,,,,,,,,,,,,,,,,,,,,,,,,,,,,,,,,,,,,,,,,,,,,,,,,,,,,,,,,,,,,,,,,,,,,,,,,,,,,,,,,,,,,,
RnllU76eCDE_000003_000013.mp4,4,playing tennis,29.97,0.0,9.98,0,299,0,75,75,150,150,224,224,299,,,,,,,,,,,,,,,,,,,,,,,,,,,,,,,,,,,,,,,,,,,,,,,,,,,,,,,,,,,,,,,,,,,,,,,,,,,,,,,,,,,,,,,,,,,,,,,,,,,,,,,,,,,,,,,,,,,,,,,,,,,,,,,,,,,,,,
R4HxRBQUDA4_000052_000062.mp4,2,playing tennis,29.97,1.13,9.36,34,281,34,158,158,281,,,,,,,,,,,,,,,,,,,,,,,,,,,,,,,,,,,,,,,,,,,,,,,,,,,,,,,,,,,,,,,,,,,,,,,,,,,,,,,,,,,,,,,,,,,,,,,,,,,,,,,,,,,,,,,,,,,,,,,,,,,,,,,,,,,,,,,,,,
SVtw5PRuo9Y_000466_000476.mp4,3,playing tennis,30.0,0.27,8.73,8,262,8,93,93,177,177,262,,,,,,,,,,,,,,,,,,,,,,,,,,,,,,,,,,,,,,,,,,,,,,,,,,,,,,,,,,,,,,,,,,,,,,,,,,,,,,,,,,,,,,,,,,,,,,,,,,,,,,,,,,,,,,,,,,,,,,,,,,,,,,,,,,,,,,,,
TOovstsXhYc_000001_000011.mp4,2,playing tennis,30.0,0.67,3.83,20,115,20,68,68,115,,,,,,,,,,,,,,,,,,,,,,,,,,,,,,,,,,,,,,,,,,,,,,,,,,,,,,,,,,,,,,,,,,,,,,,,,,,,,,,,,,,,,,,,,,,,,,,,,,,,,,,,,,,,,,,,,,,,,,,,,,,,,,,,,,,,,,,,,,
VPoR2j37ZSs_000000_000010.mp4,2,playing tennis,29.97,4.57,7.92,137,237,137,187,187,237,,,,,,,,,,,,,,,,,,,,,,,,,,,,,,,,,,,,,,,,,,,,,,,,,,,,,,,,,,,,,,,,,,,,,,,,,,,,,,,,,,,,,,,,,,,,,,,,,,,,,,,,,,,,,,,,,,,,,,,,,,,,,,,,,,,,,,,,,,
VYGV060VoMI_000034_000044.mp4,2,playing tennis,30.0,1.03,5.32,31,160,31,95,95,160,,,,,,,,,,,,,,,,,,,,,,,,,,,,,,,,,,,,,,,,,,,,,,,,,,,,,,,,,,,,,,,,,,,,,,,,,,,,,,,,,,,,,,,,,,,,,,,,,,,,,,,,,,,,,,,,,,,,,,,,,,,,,,,,,,,,,,,,,,
VYGV060VoMI_000034_000044.mp4,2,playing tennis,30.0,7.23,10.0,217,300,217,259,259,300,,,,,,,,,,,,,,,,,,,,,,,,,,,,,,,,,,,,,,,,,,,,,,,,,,,,,,,,,,,,,,,,,,,,,,,,,,,,,,,,,,,,,,,,,,,,,,,,,,,,,,,,,,,,,,,,,,,,,,,,,,,,,,,,,,,,,,,,,,
V8q1X-CKpzY_000393_000403.mp4,3,playing tennis,25.0,0.9,9.96,22,249,22,98,98,173,173,249,,,,,,,,,,,,,,,,,,,,,,,,,,,,,,,,,,,,,,,,,,,,,,,,,,,,,,,,,,,,,,,,,,,,,,,,,,,,,,,,,,,,,,,,,,,,,,,,,,,,,,,,,,,,,,,,,,,,,,,,,,,,,,,,,,,,,,,,
W9QrPtfD72Y_000002_000012.mp4,4,playing tennis,30.0,2.9,10.0,87,300,87,140,140,193,193,247,247,300,,,,,,,,,,,,,,,,,,,,,,,,,,,,,,,,,,,,,,,,,,,,,,,,,,,,,,,,,,,,,,,,,,,,,,,,,,,,,,,,,,,,,,,,,,,,,,,,,,,,,,,,,,,,,,,,,,,,,,,,,,,,,,,,,,,,,,
XPkXLpvking_000000_000010.mp4,3,playing tennis,30.0,2.3,9.57,69,287,69,142,142,214,214,287,,,,,,,,,,,,,,,,,,,,,,,,,,,,,,,,,,,,,,,,,,,,,,,,,,,,,,,,,,,,,,,,,,,,,,,,,,,,,,,,,,,,,,,,,,,,,,,,,,,,,,,,,,,,,,,,,,,,,,,,,,,,,,,,,,,,,,,,
ZBTIf18Nmq0_000117_000127.mp4,2,playing tennis,29.97,3.97,9.98,119,299,119,209,209,299,,,,,,,,,,,,,,,,,,,,,,,,,,,,,,,,,,,,,,,,,,,,,,,,,,,,,,,,,,,,,,,,,,,,,,,,,,,,,,,,,,,,,,,,,,,,,,,,,,,,,,,,,,,,,,,,,,,,,,,,,,,,,,,,,,,,,,,,,,
a7cJhjqnpzs_000008_000018.mp4,3,playing tennis,25.0,3.48,9.86,87,246,87,140,140,193,193,246,,,,,,,,,,,,,,,,,,,,,,,,,,,,,,,,,,,,,,,,,,,,,,,,,,,,,,,,,,,,,,,,,,,,,,,,,,,,,,,,,,,,,,,,,,,,,,,,,,,,,,,,,,,,,,,,,,,,,,,,,,,,,,,,,,,,,,,,
bHdrczuS4jI_000003_000013.mp4,2,playing tennis,25.0,0.42,6.86,10,172,10,91,91,172,,,,,,,,,,,,,,,,,,,,,,,,,,,,,,,,,,,,,,,,,,,,,,,,,,,,,,,,,,,,,,,,,,,,,,,,,,,,,,,,,,,,,,,,,,,,,,,,,,,,,,,,,,,,,,,,,,,,,,,,,,,,,,,,,,,,,,,,,,
by0T-MNPoQ8_000001_000011.mp4,2,playing tennis,24.0,1.08,4.67,26,112,26,69,69,112,,,,,,,,,,,,,,,,,,,,,,,,,,,,,,,,,,,,,,,,,,,,,,,,,,,,,,,,,,,,,,,,,,,,,,,,,,,,,,,,,,,,,,,,,,,,,,,,,,,,,,,,,,,,,,,,,,,,,,,,,,,,,,,,,,,,,,,,,,
b0arsxa4cUM_000039_000049.mp4,3,playing tennis,29.97,1.43,9.18,43,275,43,120,120,198,198,275,,,,,,,,,,,,,,,,,,,,,,,,,,,,,,,,,,,,,,,,,,,,,,,,,,,,,,,,,,,,,,,,,,,,,,,,,,,,,,,,,,,,,,,,,,,,,,,,,,,,,,,,,,,,,,,,,,,,,,,,,,,,,,,,,,,,,,,,
cz2cIICnjvc_000022_000032.mp4,6,playing tennis,23.98,0.0,9.97,0,239,0,40,40,80,80,120,120,159,159,199,199,239,,,,,,,,,,,,,,,,,,,,,,,,,,,,,,,,,,,,,,,,,,,,,,,,,,,,,,,,,,,,,,,,,,,,,,,,,,,,,,,,,,,,,,,,,,,,,,,,,,,,,,,,,,,,,,,,,,,,,,,,,,,,,,,,,,
dSHVMyAOMRw_000143_000153.mp4,2,playing tennis,29.97,1.13,7.92,34,237,34,136,136,237,,,,,,,,,,,,,,,,,,,,,,,,,,,,,,,,,,,,,,,,,,,,,,,,,,,,,,,,,,,,,,,,,,,,,,,,,,,,,,,,,,,,,,,,,,,,,,,,,,,,,,,,,,,,,,,,,,,,,,,,,,,,,,,,,,,,,,,,,,
dXyrR-ARNWw_000495_000505.mp4,3,playing tennis,29.97,0.17,8.81,5,264,5,91,91,178,178,264,,,,,,,,,,,,,,,,,,,,,,,,,,,,,,,,,,,,,,,,,,,,,,,,,,,,,,,,,,,,,,,,,,,,,,,,,,,,,,,,,,,,,,,,,,,,,,,,,,,,,,,,,,,,,,,,,,,,,,,,,,,,,,,,,,,,,,,,
e2dwACRESXc_000220_000230.mp4,3,playing tennis,30.0,0.15,10.0,4,300,4,103,103,201,201,300,,,,,,,,,,,,,,,,,,,,,,,,,,,,,,,,,,,,,,,,,,,,,,,,,,,,,,,,,,,,,,,,,,,,,,,,,,,,,,,,,,,,,,,,,,,,,,,,,,,,,,,,,,,,,,,,,,,,,,,,,,,,,,,,,,,,,,,,
grAxYfoKOD4_000064_000074.mp4,2,playing tennis,30.0,3.5,8.43,105,253,105,179,179,253,,,,,,,,,,,,,,,,,,,,,,,,,,,,,,,,,,,,,,,,,,,,,,,,,,,,,,,,,,,,,,,,,,,,,,,,,,,,,,,,,,,,,,,,,,,,,,,,,,,,,,,,,,,,,,,,,,,,,,,,,,,,,,,,,,,,,,,,,,
irWWnEAID5U_000008_000018.mp4,2,playing tennis,30.0,0.87,9.18,26,275,26,150,150,275,,,,,,,,,,,,,,,,,,,,,,,,,,,,,,,,,,,,,,,,,,,,,,,,,,,,,,,,,,,,,,,,,,,,,,,,,,,,,,,,,,,,,,,,,,,,,,,,,,,,,,,,,,,,,,,,,,,,,,,,,,,,,,,,,,,,,,,,,,
ix0RvakZ6Lk_000077_000087.mp4,3,playing tennis,24.99,0.84,8.68,21,217,21,86,86,152,152,217,,,,,,,,,,,,,,,,,,,,,,,,,,,,,,,,,,,,,,,,,,,,,,,,,,,,,,,,,,,,,,,,,,,,,,,,,,,,,,,,,,,,,,,,,,,,,,,,,,,,,,,,,,,,,,,,,,,,,,,,,,,,,,,,,,,,,,,,
i-JTfS97N68_000006_000016.mp4,2,playing tennis,29.97,4.57,9.38,137,281,137,209,209,281,,,,,,,,,,,,,,,,,,,,,,,,,,,,,,,,,,,,,,,,,,,,,,,,,,,,,,,,,,,,,,,,,,,,,,,,,,,,,,,,,,,,,,,,,,,,,,,,,,,,,,,,,,,,,,,,,,,,,,,,,,,,,,,,,,,,,,,,,,
lQ1LzwT_IoI_000030_000040.mp4,3,playing tennis,29.97,0.0,9.94,0,298,0,99,99,199,199,298,,,,,,,,,,,,,,,,,,,,,,,,,,,,,,,,,,,,,,,,,,,,,,,,,,,,,,,,,,,,,,,,,,,,,,,,,,,,,,,,,,,,,,,,,,,,,,,,,,,,,,,,,,,,,,,,,,,,,,,,,,,,,,,,,,,,,,,,
oWK-Lj8Ls18_000024_000034.mp4,3,playing tennis,30.0,0.23,9.37,7,281,7,98,98,190,190,281,,,,,,,,,,,,,,,,,,,,,,,,,,,,,,,,,,,,,,,,,,,,,,,,,,,,,,,,,,,,,,,,,,,,,,,,,,,,,,,,,,,,,,,,,,,,,,,,,,,,,,,,,,,,,,,,,,,,,,,,,,,,,,,,,,,,,,,,
qLC17kp_fpo_000055_000065.mp4,2,playing tennis,29.96,4.21,9.98,126,299,126,212,212,299,,,,,,,,,,,,,,,,,,,,,,,,,,,,,,,,,,,,,,,,,,,,,,,,,,,,,,,,,,,,,,,,,,,,,,,,,,,,,,,,,,,,,,,,,,,,,,,,,,,,,,,,,,,,,,,,,,,,,,,,,,,,,,,,,,,,,,,,,,
qw3JiXhP-4s_000013_000023.mp4,2,playing tennis,30.0,0.65,5.28,20,158,20,89,89,158,,,,,,,,,,,,,,,,,,,,,,,,,,,,,,,,,,,,,,,,,,,,,,,,,,,,,,,,,,,,,,,,,,,,,,,,,,,,,,,,,,,,,,,,,,,,,,,,,,,,,,,,,,,,,,,,,,,,,,,,,,,,,,,,,,,,,,,,,,
rZl881ilvr0_000003_000013.mp4,2,playing tennis,29.83,1.14,4.78,34,143,34,88,88,143,,,,,,,,,,,,,,,,,,,,,,,,,,,,,,,,,,,,,,,,,,,,,,,,,,,,,,,,,,,,,,,,,,,,,,,,,,,,,,,,,,,,,,,,,,,,,,,,,,,,,,,,,,,,,,,,,,,,,,,,,,,,,,,,,,,,,,,,,,
reU0jHZgP00_000002_000012.mp4,2,playing tennis,25.0,4.6,9.32,115,233,115,174,174,233,,,,,,,,,,,,,,,,,,,,,,,,,,,,,,,,,,,,,,,,,,,,,,,,,,,,,,,,,,,,,,,,,,,,,,,,,,,,,,,,,,,,,,,,,,,,,,,,,,,,,,,,,,,,,,,,,,,,,,,,,,,,,,,,,,,,,,,,,,
sk6TF18LRvs_000009_000019.mp4,3,playing tennis,25.0,6.72,10.0,168,250,168,195,195,223,223,250,,,,,,,,,,,,,,,,,,,,,,,,,,,,,,,,,,,,,,,,,,,,,,,,,,,,,,,,,,,,,,,,,,,,,,,,,,,,,,,,,,,,,,,,,,,,,,,,,,,,,,,,,,,,,,,,,,,,,,,,,,,,,,,,,,,,,,,,
vKKTlOW95SE_000020_000030.mp4,3,playing tennis,13.01,1.23,8.62,16,112,16,48,48,80,80,112,,,,,,,,,,,,,,,,,,,,,,,,,,,,,,,,,,,,,,,,,,,,,,,,,,,,,,,,,,,,,,,,,,,,,,,,,,,,,,,,,,,,,,,,,,,,,,,,,,,,,,,,,,,,,,,,,,,,,,,,,,,,,,,,,,,,,,,,
wHVw6YYqwVE_000505_000515.mp4,2,playing tennis,29.97,2.65,6.07,79,182,79,131,131,182,,,,,,,,,,,,,,,,,,,,,,,,,,,,,,,,,,,,,,,,,,,,,,,,,,,,,,,,,,,,,,,,,,,,,,,,,,,,,,,,,,,,,,,,,,,,,,,,,,,,,,,,,,,,,,,,,,,,,,,,,,,,,,,,,,,,,,,,,,
yfShxiRD3N0_000048_000058.mp4,2,playing tennis,29.97,0.0,9.98,0,299,0,150,150,299,,,,,,,,,,,,,,,,,,,,,,,,,,,,,,,,,,,,,,,,,,,,,,,,,,,,,,,,,,,,,,,,,,,,,,,,,,,,,,,,,,,,,,,,,,,,,,,,,,,,,,,,,,,,,,,,,,,,,,,,,,,,,,,,,,,,,,,,,,
y_LxC6EZZF4_000009_000019.mp4,3,playing tennis,25.0,0.0,9.2,0,230,0,77,77,153,153,230,,,,,,,,,,,,,,,,,,,,,,,,,,,,,,,,,,,,,,,,,,,,,,,,,,,,,,,,,,,,,,,,,,,,,,,,,,,,,,,,,,,,,,,,,,,,,,,,,,,,,,,,,,,,,,,,,,,,,,,,,,,,,,,,,,,,,,,,
1pOvtcje8fs_000007_000017.mp4,3,playing tennis,25.0,0.92,6.64,23,166,23,71,71,118,118,166,,,,,,,,,,,,,,,,,,,,,,,,,,,,,,,,,,,,,,,,,,,,,,,,,,,,,,,,,,,,,,,,,,,,,,,,,,,,,,,,,,,,,,,,,,,,,,,,,,,,,,,,,,,,,,,,,,,,,,,,,,,,,,,,,,,,,,,,
2RTltupmW0w_000223_000233.mp4,2,playing tennis,29.97,0.0,3.74,0,112,0,56,56,112,,,,,,,,,,,,,,,,,,,,,,,,,,,,,,,,,,,,,,,,,,,,,,,,,,,,,,,,,,,,,,,,,,,,,,,,,,,,,,,,,,,,,,,,,,,,,,,,,,,,,,,,,,,,,,,,,,,,,,,,,,,,,,,,,,,,,,,,,,
2fZMzGEY0gA_000161_000171.mp4,3,playing tennis,29.97,0.0,7.84,0,235,0,78,78,157,157,235,,,,,,,,,,,,,,,,,,,,,,,,,,,,,,,,,,,,,,,,,,,,,,,,,,,,,,,,,,,,,,,,,,,,,,,,,,,,,,,,,,,,,,,,,,,,,,,,,,,,,,,,,,,,,,,,,,,,,,,,,,,,,,,,,,,,,,,,
4ts_ojvQheM_000280_000290.mp4,2,playing tennis,29.97,0.0,3.34,0,100,0,50,50,100,,,,,,,,,,,,,,,,,,,,,,,,,,,,,,,,,,,,,,,,,,,,,,,,,,,,,,,,,,,,,,,,,,,,,,,,,,,,,,,,,,,,,,,,,,,,,,,,,,,,,,,,,,,,,,,,,,,,,,,,,,,,,,,,,,,,,,,,,,
4ts_ojvQheM_000280_000290.mp4,2,playing tennis,29.97,6.67,9.98,200,299,200,250,250,299,,,,,,,,,,,,,,,,,,,,,,,,,,,,,,,,,,,,,,,,,,,,,,,,,,,,,,,,,,,,,,,,,,,,,,,,,,,,,,,,,,,,,,,,,,,,,,,,,,,,,,,,,,,,,,,,,,,,,,,,,,,,,,,,,,,,,,,,,,
5UY4_ty1lek_000431_000441.mp4,4,playing tennis,29.66,0.0,9.98,0,296,0,74,74,148,148,222,222,296,,,,,,,,,,,,,,,,,,,,,,,,,,,,,,,,,,,,,,,,,,,,,,,,,,,,,,,,,,,,,,,,,,,,,,,,,,,,,,,,,,,,,,,,,,,,,,,,,,,,,,,,,,,,,,,,,,,,,,,,,,,,,,,,,,,,,,
8exXIpJRAqA_000073_000083.mp4,4,playing tennis,29.97,0.0,9.98,0,299,0,75,75,150,150,224,224,299,,,,,,,,,,,,,,,,,,,,,,,,,,,,,,,,,,,,,,,,,,,,,,,,,,,,,,,,,,,,,,,,,,,,,,,,,,,,,,,,,,,,,,,,,,,,,,,,,,,,,,,,,,,,,,,,,,,,,,,,,,,,,,,,,,,,,,
95tgYOENQsg_000585_000595.mp4,4,playing tennis,30.0,0.83,10.0,25,300,25,94,94,163,163,231,231,300,,,,,,,,,,,,,,,,,,,,,,,,,,,,,,,,,,,,,,,,,,,,,,,,,,,,,,,,,,,,,,,,,,,,,,,,,,,,,,,,,,,,,,,,,,,,,,,,,,,,,,,,,,,,,,,,,,,,,,,,,,,,,,,,,,,,,,
Ak9WTXOvgl0_000012_000022.mp4,27,playing ukulele,23.98,0.0,9.97,0,239,0,9,9,18,18,27,27,35,35,44,44,53,53,62,62,71,71,80,80,89,89,97,97,106,106,115,115,124,124,133,133,142,142,150,150,159,159,168,168,177,177,186,186,195,195,204,204,212,212,221,221,230,230,239,,,,,,,,,,,,,,,,,,,,,,,,,,,,,,,,,,,,,,,,,,,,,,,,,,,,,,,,,,,,,,,,,,,,,,,,,,,,,,,,,,,,,,,,
AvPntYoARLY_000034_000044.mp4,27,playing ukulele,29.97,0.0,9.98,0,299,0,11,11,22,22,33,33,44,44,55,55,66,66,78,78,89,89,100,100,111,111,122,122,133,133,144,144,155,155,166,166,177,177,188,188,199,199,210,210,221,221,233,233,244,244,255,255,266,266,277,277,288,288,299,,,,,,,,,,,,,,,,,,,,,,,,,,,,,,,,,,,,,,,,,,,,,,,,,,,,,,,,,,,,,,,,,,,,,,,,,,,,,,,,,,,,,,,,
A4Y0XM0_hF4_000090_000100.mp4,40,playing ukulele,29.97,0.0,9.98,0,299,0,7,7,15,15,22,22,30,30,37,37,45,45,52,52,60,60,67,67,75,75,82,82,90,90,97,97,105,105,112,112,120,120,127,127,135,135,142,142,150,150,157,157,164,164,172,172,179,179,187,187,194,194,202,202,209,209,217,217,224,224,232,232,239,239,247,247,254,254,262,262,269,269,277,277,284,284,292,292,299,,,,,,,,,,,,,,,,,,,,,,,,,,,,,,,,,,,,,,,,,,,,,,,,,,,,,,,,,,,,,,
A-ACnOg9DwU_000067_000077.mp4,23,playing ukulele,25.0,0.0,10.0,0,250,0,11,11,22,22,33,33,43,43,54,54,65,65,76,76,87,87,98,98,109,109,120,120,130,130,141,141,152,152,163,163,174,174,185,185,196,196,207,207,217,217,228,228,239,239,250,,,,,,,,,,,,,,,,,,,,,,,,,,,,,,,,,,,,,,,,,,,,,,,,,,,,,,,,,,,,,,,,,,,,,,,,,,,,,,,,,,,,,,,,,,,,,,,,
BHenaiVZzYo_000014_000024.mp4,6,playing ukulele,30.0,0.0,7.2,0,216,0,36,36,72,72,108,108,144,144,180,180,216,,,,,,,,,,,,,,,,,,,,,,,,,,,,,,,,,,,,,,,,,,,,,,,,,,,,,,,,,,,,,,,,,,,,,,,,,,,,,,,,,,,,,,,,,,,,,,,,,,,,,,,,,,,,,,,,,,,,,,,,,,,,,,,,,,
B_jVh9DNazw_000098_000108.mp4,17,playing ukulele,30.0,0.0,10.0,0,300,0,18,18,35,35,53,53,71,71,88,88,106,106,124,124,141,141,159,159,176,176,194,194,212,212,229,229,247,247,265,265,282,282,300,,,,,,,,,,,,,,,,,,,,,,,,,,,,,,,,,,,,,,,,,,,,,,,,,,,,,,,,,,,,,,,,,,,,,,,,,,,,,,,,,,,,,,,,,,,,,,,,,,,,,,,,,,,,
CaXCFXVDKDM_000050_000060.mp4,9,playing ukulele,29.97,0.0,9.98,0,299,0,33,33,66,66,100,100,133,133,166,166,199,199,233,233,266,266,299,,,,,,,,,,,,,,,,,,,,,,,,,,,,,,,,,,,,,,,,,,,,,,,,,,,,,,,,,,,,,,,,,,,,,,,,,,,,,,,,,,,,,,,,,,,,,,,,,,,,,,,,,,,,,,,,,,,,,,,,,,,,
DVa6i10k9lQ_000013_000023.mp4,6,playing ukulele,30.0,4.83,7.83,145,235,145,160,160,175,175,190,190,205,205,220,220,235,,,,,,,,,,,,,,,,,,,,,,,,,,,,,,,,,,,,,,,,,,,,,,,,,,,,,,,,,,,,,,,,,,,,,,,,,,,,,,,,,,,,,,,,,,,,,,,,,,,,,,,,,,,,,,,,,,,,,,,,,,,,,,,,,,
DgDRvDyoHVw_000169_000179.mp4,22,playing ukulele,29.97,0.0,9.98,0,299,0,14,14,27,27,41,41,54,54,68,68,82,82,95,95,109,109,122,122,136,136,150,150,163,163,177,177,190,190,204,204,217,217,231,231,245,245,258,258,272,272,285,285,299,,,,,,,,,,,,,,,,,,,,,,,,,,,,,,,,,,,,,,,,,,,,,,,,,,,,,,,,,,,,,,,,,,,,,,,,,,,,,,,,,,,,,,,,,,,,,,,,,,
Dm_JTBfYfT0_000050_000060.mp4,5,playing ukulele,29.97,0.0,2.3,0,69,0,14,14,28,28,41,41,55,55,69,,,,,,,,,,,,,,,,,,,,,,,,,,,,,,,,,,,,,,,,,,,,,,,,,,,,,,,,,,,,,,,,,,,,,,,,,,,,,,,,,,,,,,,,,,,,,,,,,,,,,,,,,,,,,,,,,,,,,,,,,,,,,,,,,,,,
Dm_JTBfYfT0_000050_000060.mp4,5,playing ukulele,29.97,5.54,7.71,166,231,166,179,179,192,192,205,205,218,218,231,,,,,,,,,,,,,,,,,,,,,,,,,,,,,,,,,,,,,,,,,,,,,,,,,,,,,,,,,,,,,,,,,,,,,,,,,,,,,,,,,,,,,,,,,,,,,,,,,,,,,,,,,,,,,,,,,,,,,,,,,,,,,,,,,,,,
EEBCnea18tg_000025_000035.mp4,37,playing ukulele,30.0,0.0,10.0,0,300,0,8,8,16,16,24,24,32,32,41,41,49,49,57,57,65,65,73,73,81,81,89,89,97,97,105,105,114,114,122,122,130,130,138,138,146,146,154,154,162,162,170,170,178,178,186,186,195,195,203,203,211,211,219,219,227,227,235,235,243,243,251,251,259,259,268,268,276,276,284,284,292,292,300,,,,,,,,,,,,,,,,,,,,,,,,,,,,,,,,,,,,,,,,,,,,,,,,,,,,,,,,,,,,,,,,,,,,
E0QVF3Qjtm8_000004_000014.mp4,22,playing ukulele,30.0,0.0,6.9,0,207,0,9,9,19,19,28,28,38,38,47,47,56,56,66,66,75,75,85,85,94,94,104,104,113,113,122,122,132,132,141,141,151,151,160,160,169,169,179,179,188,188,198,198,207,,,,,,,,,,,,,,,,,,,,,,,,,,,,,,,,,,,,,,,,,,,,,,,,,,,,,,,,,,,,,,,,,,,,,,,,,,,,,,,,,,,,,,,,,,,,,,,,,,
Fg0pLlhKS0s_000102_000112.mp4,12,playing ukulele,29.97,0.0,4.2,0,126,0,10,10,21,21,32,32,42,42,52,52,63,63,74,74,84,84,94,94,105,105,116,116,126,,,,,,,,,,,,,,,,,,,,,,,,,,,,,,,,,,,,,,,,,,,,,,,,,,,,,,,,,,,,,,,,,,,,,,,,,,,,,,,,,,,,,,,,,,,,,,,,,,,,,,,,,,,,,,,,,,,,,,
Fm4ylTS6vxQ_000018_000028.mp4,42,playing ukulele,28.44,0.0,9.99,0,284,0,7,7,14,14,20,20,27,27,34,34,41,41,47,47,54,54,61,61,68,68,74,74,81,81,88,88,95,95,101,101,108,108,115,115,122,122,128,128,135,135,142,142,149,149,156,156,162,162,169,169,176,176,183,183,189,189,196,196,203,203,210,210,216,216,223,223,230,230,237,237,243,243,250,250,257,257,264,264,270,270,277,277,284,,,,,,,,,,,,,,,,,,,,,,,,,,,,,,,,,,,,,,,,,,,,,,,,,,,,,,,,,,
Fuc-gCjsy_o_000047_000057.mp4,9,playing ukulele,29.97,0.0,3.9,0,117,0,13,13,26,26,39,39,52,52,65,65,78,78,91,91,104,104,117,,,,,,,,,,,,,,,,,,,,,,,,,,,,,,,,,,,,,,,,,,,,,,,,,,,,,,,,,,,,,,,,,,,,,,,,,,,,,,,,,,,,,,,,,,,,,,,,,,,,,,,,,,,,,,,,,,,,,,,,,,,,
Fuc-gCjsy_o_000047_000057.mp4,4,playing ukulele,29.97,6.61,9.74,198,292,198,222,222,245,245,268,268,292,,,,,,,,,,,,,,,,,,,,,,,,,,,,,,,,,,,,,,,,,,,,,,,,,,,,,,,,,,,,,,,,,,,,,,,,,,,,,,,,,,,,,,,,,,,,,,,,,,,,,,,,,,,,,,,,,,,,,,,,,,,,,,,,,,,,,,
GAmVBcJ1-i8_000319_000329.mp4,26,playing ukulele,30.0,0.0,10.0,0,300,0,12,12,23,23,35,35,46,46,58,58,69,69,81,81,92,92,104,104,115,115,127,127,138,138,150,150,162,162,173,173,185,185,196,196,208,208,219,219,231,231,242,242,254,254,265,265,277,277,288,288,300,,,,,,,,,,,,,,,,,,,,,,,,,,,,,,,,,,,,,,,,,,,,,,,,,,,,,,,,,,,,,,,,,,,,,,,,,,,,,,,,,,,,,,,,,,
HIMrZvuaqBI_000021_000031.mp4,35,playing ukulele,29.97,0.0,9.98,0,299,0,9,9,17,17,26,26,34,34,43,43,51,51,60,60,68,68,77,77,85,85,94,94,103,103,111,111,120,120,128,128,137,137,145,145,154,154,162,162,171,171,179,179,188,188,196,196,205,205,214,214,222,222,231,231,239,239,248,248,256,256,265,265,273,273,282,282,290,290,299,,,,,,,,,,,,,,,,,,,,,,,,,,,,,,,,,,,,,,,,,,,,,,,,,,,,,,,,,,,,,,,,,,,,,,,,
ITvoPJCpPLE_000065_000075.mp4,13,playing ukulele,29.97,0.0,9.94,0,298,0,23,23,46,46,69,69,92,92,115,115,138,138,160,160,183,183,206,206,229,229,252,252,275,275,298,,,,,,,,,,,,,,,,,,,,,,,,,,,,,,,,,,,,,,,,,,,,,,,,,,,,,,,,,,,,,,,,,,,,,,,,,,,,,,,,,,,,,,,,,,,,,,,,,,,,,,,,,,,,,,,,,,,,
IgbvblJVjLw_000020_000030.mp4,36,playing ukulele,30.0,0.0,10.0,0,300,0,8,8,17,17,25,25,33,33,42,42,50,50,58,58,67,67,75,75,83,83,92,92,100,100,108,108,117,117,125,125,133,133,142,142,150,150,158,158,167,167,175,175,183,183,192,192,200,200,208,208,217,217,225,225,233,233,242,242,250,250,258,258,267,267,275,275,283,283,292,292,300,,,,,,,,,,,,,,,,,,,,,,,,,,,,,,,,,,,,,,,,,,,,,,,,,,,,,,,,,,,,,,,,,,,,,,
I65HlDKBHaI_000143_000153.mp4,35,playing ukulele,29.97,0.0,9.98,0,299,0,9,9,17,17,26,26,34,34,43,43,51,51,60,60,68,68,77,77,85,85,94,94,103,103,111,111,120,120,128,128,137,137,145,145,154,154,162,162,171,171,179,179,188,188,196,196,205,205,214,214,222,222,231,231,239,239,248,248,256,256,265,265,273,273,282,282,290,290,299,,,,,,,,,,,,,,,,,,,,,,,,,,,,,,,,,,,,,,,,,,,,,,,,,,,,,,,,,,,,,,,,,,,,,,,,
JA-0AceZ7IA_000177_000187.mp4,21,playing ukulele,15.0,0.0,4.13,0,62,0,3,3,6,6,9,9,12,12,15,15,18,18,21,21,24,24,27,27,30,30,32,32,35,35,38,38,41,41,44,44,47,47,50,50,53,53,56,56,59,59,62,,,,,,,,,,,,,,,,,,,,,,,,,,,,,,,,,,,,,,,,,,,,,,,,,,,,,,,,,,,,,,,,,,,,,,,,,,,,,,,,,,,,,,,,,,,,,,,,,,,,
JA-0AceZ7IA_000177_000187.mp4,18,playing ukulele,15.0,5.53,10.0,83,150,83,87,87,90,90,94,94,98,98,102,102,105,105,109,109,113,113,117,117,120,120,124,124,128,128,131,131,135,135,139,139,143,143,146,146,150,,,,,,,,,,,,,,,,,,,,,,,,,,,,,,,,,,,,,,,,,,,,,,,,,,,,,,,,,,,,,,,,,,,,,,,,,,,,,,,,,,,,,,,,,,,,,,,,,,,,,,,,,,
JqS43-Frbdc_000035_000045.mp4,19,playing ukulele,15.85,3.72,9.97,59,158,59,64,64,69,69,75,75,80,80,85,85,90,90,95,95,101,101,106,106,111,111,116,116,122,122,127,127,132,132,137,137,142,142,148,148,153,153,158,,,,,,,,,,,,,,,,,,,,,,,,,,,,,,,,,,,,,,,,,,,,,,,,,,,,,,,,,,,,,,,,,,,,,,,,,,,,,,,,,,,,,,,,,,,,,,,,,,,,,,,,
LskXakCM2Hs_000003_000013.mp4,20,playing ukulele,15.0,0.0,10.0,0,150,0,8,8,15,15,22,22,30,30,38,38,45,45,52,52,60,60,68,68,75,75,82,82,90,90,98,98,105,105,112,112,120,120,128,128,135,135,142,142,150,,,,,,,,,,,,,,,,,,,,,,,,,,,,,,,,,,,,,,,,,,,,,,,,,,,,,,,,,,,,,,,,,,,,,,,,,,,,,,,,,,,,,,,,,,,,,,,,,,,,,,
MQAsamVWEr0_000042_000052.mp4,18,playing ukulele,29.97,0.0,9.98,0,299,0,17,17,33,33,50,50,66,66,83,83,100,100,116,116,133,133,150,150,166,166,183,183,199,199,216,216,233,233,249,249,266,266,282,282,299,,,,,,,,,,,,,,,,,,,,,,,,,,,,,,,,,,,,,,,,,,,,,,,,,,,,,,,,,,,,,,,,,,,,,,,,,,,,,,,,,,,,,,,,,,,,,,,,,,,,,,,,,,
Mvlmg8ZZEdE_000051_000061.mp4,2,playing ukulele,30.0,0.0,3.37,0,101,0,50,50,101,,,,,,,,,,,,,,,,,,,,,,,,,,,,,,,,,,,,,,,,,,,,,,,,,,,,,,,,,,,,,,,,,,,,,,,,,,,,,,,,,,,,,,,,,,,,,,,,,,,,,,,,,,,,,,,,,,,,,,,,,,,,,,,,,,,,,,,,,,
M4DeUT2cOso_000003_000013.mp4,3,playing ukulele,30.0,6.63,9.97,199,299,199,232,232,266,266,299,,,,,,,,,,,,,,,,,,,,,,,,,,,,,,,,,,,,,,,,,,,,,,,,,,,,,,,,,,,,,,,,,,,,,,,,,,,,,,,,,,,,,,,,,,,,,,,,,,,,,,,,,,,,,,,,,,,,,,,,,,,,,,,,,,,,,,,,
NAuFTfumAVU_000000_000010.mp4,2,playing ukulele,7.49,7.61,9.88,57,74,57,65,65,74,,,,,,,,,,,,,,,,,,,,,,,,,,,,,,,,,,,,,,,,,,,,,,,,,,,,,,,,,,,,,,,,,,,,,,,,,,,,,,,,,,,,,,,,,,,,,,,,,,,,,,,,,,,,,,,,,,,,,,,,,,,,,,,,,,,,,,,,,,
NHstOot2-lU_000009_000019.mp4,4,playing ukulele,30.0,4.23,6.3,127,189,127,143,143,158,158,173,173,189,,,,,,,,,,,,,,,,,,,,,,,,,,,,,,,,,,,,,,,,,,,,,,,,,,,,,,,,,,,,,,,,,,,,,,,,,,,,,,,,,,,,,,,,,,,,,,,,,,,,,,,,,,,,,,,,,,,,,,,,,,,,,,,,,,,,,,
NHstOot2-lU_000009_000019.mp4,3,playing ukulele,30.0,0.0,1.93,0,58,0,19,19,39,39,58,,,,,,,,,,,,,,,,,,,,,,,,,,,,,,,,,,,,,,,,,,,,,,,,,,,,,,,,,,,,,,,,,,,,,,,,,,,,,,,,,,,,,,,,,,,,,,,,,,,,,,,,,,,,,,,,,,,,,,,,,,,,,,,,,,,,,,,,
NN097iicoAY_000259_000269.mp4,35,playing ukulele,6.0,0.0,10.0,0,60,0,2,2,3,3,5,5,7,7,9,9,10,10,12,12,14,14,15,15,17,17,19,19,21,21,22,22,24,24,26,26,27,27,29,29,31,31,33,33,34,34,36,36,38,38,39,39,41,41,43,43,45,45,46,46,48,48,50,50,51,51,53,53,55,55,57,57,58,58,60,,,,,,,,,,,,,,,,,,,,,,,,,,,,,,,,,,,,,,,,,,,,,,,,,,,,,,,,,,,,,,,,,,,,,,,,
N3vIoBKZU8A_000006_000016.mp4,7,playing ukulele,30.0,0.0,10.0,0,300,0,43,43,86,86,129,129,171,171,214,214,257,257,300,,,,,,,,,,,,,,,,,,,,,,,,,,,,,,,,,,,,,,,,,,,,,,,,,,,,,,,,,,,,,,,,,,,,,,,,,,,,,,,,,,,,,,,,,,,,,,,,,,,,,,,,,,,,,,,,,,,,,,,,,,,,,,,,
OFerfmxPa9o_000051_000061.mp4,23,playing ukulele,9.93,0.0,9.91,0,98,0,4,4,9,9,13,13,17,17,21,21,26,26,30,30,34,34,38,38,43,43,47,47,51,51,55,55,60,60,64,64,68,68,72,72,77,77,81,81,85,85,89,89,94,94,98,,,,,,,,,,,,,,,,,,,,,,,,,,,,,,,,,,,,,,,,,,,,,,,,,,,,,,,,,,,,,,,,,,,,,,,,,,,,,,,,,,,,,,,,,,,,,,,,
OV9xX43UUkU_000279_000289.mp4,30,playing ukulele,30.0,0.0,10.0,0,300,0,10,10,20,20,30,30,40,40,50,50,60,60,70,70,80,80,90,90,100,100,110,110,120,120,130,130,140,140,150,150,160,160,170,170,180,180,190,190,200,200,210,210,220,220,230,230,240,240,250,250,260,260,270,270,280,280,290,290,300,,,,,,,,,,,,,,,,,,,,,,,,,,,,,,,,,,,,,,,,,,,,,,,,,,,,,,,,,,,,,,,,,,,,,,,,,,,,,,,,,,
OqGx3NgR9kg_000054_000064.mp4,2,playing ukulele,30.0,0.07,1.2,2,36,2,19,19,36,,,,,,,,,,,,,,,,,,,,,,,,,,,,,,,,,,,,,,,,,,,,,,,,,,,,,,,,,,,,,,,,,,,,,,,,,,,,,,,,,,,,,,,,,,,,,,,,,,,,,,,,,,,,,,,,,,,,,,,,,,,,,,,,,,,,,,,,,,
OqGx3NgR9kg_000054_000064.mp4,3,playing ukulele,30.0,4.03,5.6,121,168,121,137,137,152,152,168,,,,,,,,,,,,,,,,,,,,,,,,,,,,,,,,,,,,,,,,,,,,,,,,,,,,,,,,,,,,,,,,,,,,,,,,,,,,,,,,,,,,,,,,,,,,,,,,,,,,,,,,,,,,,,,,,,,,,,,,,,,,,,,,,,,,,,,,
O7OZgeRfiiI_000025_000035.mp4,18,playing ukulele,29.97,0.0,9.94,0,298,0,17,17,33,33,50,50,66,66,83,83,99,99,116,116,132,132,149,149,166,166,182,182,199,199,215,215,232,232,248,248,265,265,281,281,298,,,,,,,,,,,,,,,,,,,,,,,,,,,,,,,,,,,,,,,,,,,,,,,,,,,,,,,,,,,,,,,,,,,,,,,,,,,,,,,,,,,,,,,,,,,,,,,,,,,,,,,,,,
QPrSIQPpIO0_000017_000027.mp4,19,playing ukulele,29.97,0.0,9.98,0,299,0,16,16,31,31,47,47,63,63,79,79,94,94,110,110,126,126,142,142,157,157,173,173,189,189,205,205,220,220,236,236,252,252,268,268,283,283,299,,,,,,,,,,,,,,,,,,,,,,,,,,,,,,,,,,,,,,,,,,,,,,,,,,,,,,,,,,,,,,,,,,,,,,,,,,,,,,,,,,,,,,,,,,,,,,,,,,,,,,,,
RO388vDhW00_000076_000086.mp4,48,playing ukulele,29.97,0.0,9.98,0,299,0,6,6,12,12,19,19,25,25,31,31,37,37,44,44,50,50,56,56,62,62,69,69,75,75,81,81,87,87,93,93,100,100,106,106,112,112,118,118,125,125,131,131,137,137,143,143,150,150,156,156,162,162,168,168,174,174,181,181,187,187,193,193,199,199,206,206,212,212,218,218,224,224,230,230,237,237,243,243,249,249,255,255,262,262,268,268,274,274,280,280,287,287,293,293,299,,,,,,,,,,,,,,,,,,,,,,,,,,,,,,,,,,,,,,,,,,,,,,
TWT_mBIzpPM_000177_000187.mp4,34,playing ukulele,24.86,0.0,9.94,0,247,0,7,7,15,15,22,22,29,29,36,36,44,44,51,51,58,58,65,65,73,73,80,80,87,87,94,94,102,102,109,109,116,116,124,124,131,131,138,138,145,145,153,153,160,160,167,167,174,174,182,182,189,189,196,196,203,203,211,211,218,218,225,225,232,232,240,240,247,,,,,,,,,,,,,,,,,,,,,,,,,,,,,,,,,,,,,,,,,,,,,,,,,,,,,,,,,,,,,,,,,,,,,,,,,,
UQJjPUbIxgI_000054_000064.mp4,25,playing ukulele,29.97,0.0,9.98,0,299,0,12,12,24,24,36,36,48,48,60,60,72,72,84,84,96,96,108,108,120,120,132,132,144,144,155,155,167,167,179,179,191,191,203,203,215,215,227,227,239,239,251,251,263,263,275,275,287,287,299,,,,,,,,,,,,,,,,,,,,,,,,,,,,,,,,,,,,,,,,,,,,,,,,,,,,,,,,,,,,,,,,,,,,,,,,,,,,,,,,,,,,,,,,,,,,
WDh1Oa-mZc0_000016_000026.mp4,12,playing ukulele,29.0,0.0,3.66,0,106,0,9,9,18,18,26,26,35,35,44,44,53,53,62,62,71,71,80,80,88,88,97,97,106,,,,,,,,,,,,,,,,,,,,,,,,,,,,,,,,,,,,,,,,,,,,,,,,,,,,,,,,,,,,,,,,,,,,,,,,,,,,,,,,,,,,,,,,,,,,,,,,,,,,,,,,,,,,,,,,,,,,,,
WTBSI76oQkY_000004_000014.mp4,13,playing ukulele,30.0,0.0,10.0,0,300,0,23,23,46,46,69,69,92,92,115,115,138,138,162,162,185,185,208,208,231,231,254,254,277,277,300,,,,,,,,,,,,,,,,,,,,,,,,,,,,,,,,,,,,,,,,,,,,,,,,,,,,,,,,,,,,,,,,,,,,,,,,,,,,,,,,,,,,,,,,,,,,,,,,,,,,,,,,,,,,,,,,,,,,
WnRTUcOFc2U_000160_000170.mp4,13,playing ukulele,29.97,0.0,4.6,0,138,0,11,11,21,21,32,32,42,42,53,53,64,64,74,74,85,85,96,96,106,106,117,117,127,127,138,,,,,,,,,,,,,,,,,,,,,,,,,,,,,,,,,,,,,,,,,,,,,,,,,,,,,,,,,,,,,,,,,,,,,,,,,,,,,,,,,,,,,,,,,,,,,,,,,,,,,,,,,,,,,,,,,,,,
WnRTUcOFc2U_000160_000170.mp4,11,playing ukulele,29.97,5.87,9.94,176,298,176,187,187,198,198,209,209,220,220,231,231,243,243,254,254,265,265,276,276,287,287,298,,,,,,,,,,,,,,,,,,,,,,,,,,,,,,,,,,,,,,,,,,,,,,,,,,,,,,,,,,,,,,,,,,,,,,,,,,,,,,,,,,,,,,,,,,,,,,,,,,,,,,,,,,,,,,,,,,,,,,,,
W5hJGPns9sw_000068_000078.mp4,2,playing ukulele,25.0,2.0,9.36,50,234,50,142,142,234,,,,,,,,,,,,,,,,,,,,,,,,,,,,,,,,,,,,,,,,,,,,,,,,,,,,,,,,,,,,,,,,,,,,,,,,,,,,,,,,,,,,,,,,,,,,,,,,,,,,,,,,,,,,,,,,,,,,,,,,,,,,,,,,,,,,,,,,,,
X-nC7RQ8E44_000129_000139.mp4,13,playing ukulele,29.97,0.0,9.94,0,298,0,23,23,46,46,69,69,92,92,115,115,138,138,160,160,183,183,206,206,229,229,252,252,275,275,298,,,,,,,,,,,,,,,,,,,,,,,,,,,,,,,,,,,,,,,,,,,,,,,,,,,,,,,,,,,,,,,,,,,,,,,,,,,,,,,,,,,,,,,,,,,,,,,,,,,,,,,,,,,,,,,,,,,,
Y5pI5uS8Ie0_000068_000078.mp4,9,playing ukulele,29.97,1.97,4.54,59,136,59,68,68,76,76,85,85,93,93,102,102,110,110,119,119,127,127,136,,,,,,,,,,,,,,,,,,,,,,,,,,,,,,,,,,,,,,,,,,,,,,,,,,,,,,,,,,,,,,,,,,,,,,,,,,,,,,,,,,,,,,,,,,,,,,,,,,,,,,,,,,,,,,,,,,,,,,,,,,,,
Y5pI5uS8Ie0_000068_000078.mp4,5,playing ukulele,29.97,7.51,8.81,225,264,225,233,233,241,241,248,248,256,256,264,,,,,,,,,,,,,,,,,,,,,,,,,,,,,,,,,,,,,,,,,,,,,,,,,,,,,,,,,,,,,,,,,,,,,,,,,,,,,,,,,,,,,,,,,,,,,,,,,,,,,,,,,,,,,,,,,,,,,,,,,,,,,,,,,,,,
cNhmja89DdE_000001_000011.mp4,15,playing ukulele,29.97,2.49,9.98,75,299,75,90,90,105,105,120,120,135,135,150,150,165,165,180,180,194,194,209,209,224,224,239,239,254,254,269,269,284,284,299,,,,,,,,,,,,,,,,,,,,,,,,,,,,,,,,,,,,,,,,,,,,,,,,,,,,,,,,,,,,,,,,,,,,,,,,,,,,,,,,,,,,,,,,,,,,,,,,,,,,,,,,,,,,,,,,
c_ceA8agOPY_000000_000010.mp4,26,playing ukulele,30.0,0.0,9.97,0,299,0,12,12,23,23,34,34,46,46,58,58,69,69,80,80,92,92,104,104,115,115,126,126,138,138,150,150,161,161,172,172,184,184,196,196,207,207,218,218,230,230,242,242,253,253,264,264,276,276,288,288,299,,,,,,,,,,,,,,,,,,,,,,,,,,,,,,,,,,,,,,,,,,,,,,,,,,,,,,,,,,,,,,,,,,,,,,,,,,,,,,,,,,,,,,,,,,
dbl3cgIbsRQ_000432_000442.mp4,25,playing ukulele,30.0,0.0,10.0,0,300,0,12,12,24,24,36,36,48,48,60,60,72,72,84,84,96,96,108,108,120,120,132,132,144,144,156,156,168,168,180,180,192,192,204,204,216,216,228,228,240,240,252,252,264,264,276,276,288,288,300,,,,,,,,,,,,,,,,,,,,,,,,,,,,,,,,,,,,,,,,,,,,,,,,,,,,,,,,,,,,,,,,,,,,,,,,,,,,,,,,,,,,,,,,,,,,
ekMhQ-4W-M8_000029_000039.mp4,2,playing ukulele,15.0,5.53,8.2,83,123,83,103,103,123,,,,,,,,,,,,,,,,,,,,,,,,,,,,,,,,,,,,,,,,,,,,,,,,,,,,,,,,,,,,,,,,,,,,,,,,,,,,,,,,,,,,,,,,,,,,,,,,,,,,,,,,,,,,,,,,,,,,,,,,,,,,,,,,,,,,,,,,,,
fzgVtI1OZRw_000038_000048.mp4,2,playing ukulele,14.98,0.0,1.13,0,17,0,8,8,17,,,,,,,,,,,,,,,,,,,,,,,,,,,,,,,,,,,,,,,,,,,,,,,,,,,,,,,,,,,,,,,,,,,,,,,,,,,,,,,,,,,,,,,,,,,,,,,,,,,,,,,,,,,,,,,,,,,,,,,,,,,,,,,,,,,,,,,,,,
fzgVtI1OZRw_000038_000048.mp4,15,playing ukulele,14.98,4.34,9.95,65,149,65,71,71,76,76,82,82,87,87,93,93,99,99,104,104,110,110,115,115,121,121,127,127,132,132,138,138,143,143,149,,,,,,,,,,,,,,,,,,,,,,,,,,,,,,,,,,,,,,,,,,,,,,,,,,,,,,,,,,,,,,,,,,,,,,,,,,,,,,,,,,,,,,,,,,,,,,,,,,,,,,,,,,,,,,,,
gpCURo8_zwk_000025_000035.mp4,6,playing ukulele,30.0,0.0,3.2,0,96,0,16,16,32,32,48,48,64,64,80,80,96,,,,,,,,,,,,,,,,,,,,,,,,,,,,,,,,,,,,,,,,,,,,,,,,,,,,,,,,,,,,,,,,,,,,,,,,,,,,,,,,,,,,,,,,,,,,,,,,,,,,,,,,,,,,,,,,,,,,,,,,,,,,,,,,,,
jMjWjU_qmZo_000021_000031.mp4,6,playing ukulele,29.97,0.0,1.77,0,53,0,9,9,18,18,26,26,35,35,44,44,53,,,,,,,,,,,,,,,,,,,,,,,,,,,,,,,,,,,,,,,,,,,,,,,,,,,,,,,,,,,,,,,,,,,,,,,,,,,,,,,,,,,,,,,,,,,,,,,,,,,,,,,,,,,,,,,,,,,,,,,,,,,,,,,,,,
jYtQ-DUilAo_000021_000031.mp4,4,playing ukulele,30.0,0.0,2.53,0,76,0,19,19,38,38,57,57,76,,,,,,,,,,,,,,,,,,,,,,,,,,,,,,,,,,,,,,,,,,,,,,,,,,,,,,,,,,,,,,,,,,,,,,,,,,,,,,,,,,,,,,,,,,,,,,,,,,,,,,,,,,,,,,,,,,,,,,,,,,,,,,,,,,,,,,
kWKKdesyL3c_000003_000013.mp4,32,playing ukulele,25.0,0.0,10.0,0,250,0,8,8,16,16,23,23,31,31,39,39,47,47,55,55,62,62,70,70,78,78,86,86,94,94,102,102,109,109,117,117,125,125,133,133,141,141,148,148,156,156,164,164,172,172,180,180,188,188,195,195,203,203,211,211,219,219,227,227,234,234,242,242,250,,,,,,,,,,,,,,,,,,,,,,,,,,,,,,,,,,,,,,,,,,,,,,,,,,,,,,,,,,,,,,,,,,,,,,,,,,,,,,
lDTiKYPRo0A_000001_000011.mp4,14,playing ukulele,29.97,0.0,9.98,0,299,0,21,21,43,43,64,64,85,85,107,107,128,128,150,150,171,171,192,192,214,214,235,235,256,256,278,278,299,,,,,,,,,,,,,,,,,,,,,,,,,,,,,,,,,,,,,,,,,,,,,,,,,,,,,,,,,,,,,,,,,,,,,,,,,,,,,,,,,,,,,,,,,,,,,,,,,,,,,,,,,,,,,,,,,,
laEFWNS-K0k_000043_000053.mp4,25,playing ukulele,24.0,0.0,10.0,0,240,0,10,10,19,19,29,29,38,38,48,48,58,58,67,67,77,77,86,86,96,96,106,106,115,115,125,125,134,134,144,144,154,154,163,163,173,173,182,182,192,192,202,202,211,211,221,221,230,230,240,,,,,,,,,,,,,,,,,,,,,,,,,,,,,,,,,,,,,,,,,,,,,,,,,,,,,,,,,,,,,,,,,,,,,,,,,,,,,,,,,,,,,,,,,,,,
lw2Oy1QQfU8_000002_000012.mp4,13,playing ukulele,29.97,0.0,7.87,0,236,0,18,18,36,36,54,54,73,73,91,91,109,109,127,127,145,145,163,163,182,182,200,200,218,218,236,,,,,,,,,,,,,,,,,,,,,,,,,,,,,,,,,,,,,,,,,,,,,,,,,,,,,,,,,,,,,,,,,,,,,,,,,,,,,,,,,,,,,,,,,,,,,,,,,,,,,,,,,,,,,,,,,,,,
mIncqTZ5qmc_000043_000053.mp4,4,playing ukulele,30.0,2.93,4.87,88,146,88,102,102,117,117,132,132,146,,,,,,,,,,,,,,,,,,,,,,,,,,,,,,,,,,,,,,,,,,,,,,,,,,,,,,,,,,,,,,,,,,,,,,,,,,,,,,,,,,,,,,,,,,,,,,,,,,,,,,,,,,,,,,,,,,,,,,,,,,,,,,,,,,,,,,
nW93MPFhrSo_000030_000040.mp4,11,playing ukulele,30.0,0.0,3.97,0,119,0,11,11,22,22,32,32,43,43,54,54,65,65,76,76,87,87,97,97,108,108,119,,,,,,,,,,,,,,,,,,,,,,,,,,,,,,,,,,,,,,,,,,,,,,,,,,,,,,,,,,,,,,,,,,,,,,,,,,,,,,,,,,,,,,,,,,,,,,,,,,,,,,,,,,,,,,,,,,,,,,,,
nW93MPFhrSo_000030_000040.mp4,3,playing ukulele,30.0,7.37,10.0,221,300,221,247,247,274,274,300,,,,,,,,,,,,,,,,,,,,,,,,,,,,,,,,,,,,,,,,,,,,,,,,,,,,,,,,,,,,,,,,,,,,,,,,,,,,,,,,,,,,,,,,,,,,,,,,,,,,,,,,,,,,,,,,,,,,,,,,,,,,,,,,,,,,,,,,
oLYT0vA28wQ_000152_000162.mp4,4,playing ukulele,29.97,0.0,2.14,0,64,0,16,16,32,32,48,48,64,,,,,,,,,,,,,,,,,,,,,,,,,,,,,,,,,,,,,,,,,,,,,,,,,,,,,,,,,,,,,,,,,,,,,,,,,,,,,,,,,,,,,,,,,,,,,,,,,,,,,,,,,,,,,,,,,,,,,,,,,,,,,,,,,,,,,,
oLYT0vA28wQ_000152_000162.mp4,10,playing ukulele,29.97,4.9,9.98,147,299,147,162,162,177,177,193,193,208,208,223,223,238,238,253,253,269,269,284,284,299,,,,,,,,,,,,,,,,,,,,,,,,,,,,,,,,,,,,,,,,,,,,,,,,,,,,,,,,,,,,,,,,,,,,,,,,,,,,,,,,,,,,,,,,,,,,,,,,,,,,,,,,,,,,,,,,,,,,,,,,,,
oXOsnoJU4e4_000006_000016.mp4,18,playing ukulele,29.57,0.0,10.0,0,296,0,16,16,33,33,49,49,66,66,82,82,99,99,115,115,132,132,148,148,164,164,181,181,197,197,214,214,230,230,247,247,263,263,280,280,296,,,,,,,,,,,,,,,,,,,,,,,,,,,,,,,,,,,,,,,,,,,,,,,,,,,,,,,,,,,,,,,,,,,,,,,,,,,,,,,,,,,,,,,,,,,,,,,,,,,,,,,,,,
pLAXC_ZrCOY_000006_000016.mp4,5,playing ukulele,30.0,0.0,2.53,0,76,0,15,15,30,30,46,46,61,61,76,,,,,,,,,,,,,,,,,,,,,,,,,,,,,,,,,,,,,,,,,,,,,,,,,,,,,,,,,,,,,,,,,,,,,,,,,,,,,,,,,,,,,,,,,,,,,,,,,,,,,,,,,,,,,,,,,,,,,,,,,,,,,,,,,,,,
pXbB4cK3CJ4_000128_000138.mp4,71,playing ukulele,30.0,0.0,10.0,0,300,0,4,4,8,8,13,13,17,17,21,21,25,25,30,30,34,34,38,38,42,42,46,46,51,51,55,55,59,59,63,63,68,68,72,72,76,76,80,80,85,85,89,89,93,93,97,97,101,101,106,106,110,110,114,114,118,118,123,123,127,127,131,131,135,135,139,139,144,144,148,148,152,152,156,156,161,161,165,165,169,169,173,173,177,177,182,182,186,186,190,190,194,194,199,199,203,203,207,207,211,211,215,215,220,220,224,224,228,228,232,232,237,237,241,241,245,245,249,249,254,254,258,258,262,262,266,266,270,270,275,275,279,279,283,283,287,287,292,292,296,296,300
pcpDuVKOUSc_000102_000112.mp4,24,playing ukulele,29.97,0.0,9.98,0,299,0,12,12,25,25,37,37,50,50,62,62,75,75,87,87,100,100,112,112,125,125,137,137,150,150,162,162,174,174,187,187,199,199,212,212,224,224,237,237,249,249,262,262,274,274,287,287,299,,,,,,,,,,,,,,,,,,,,,,,,,,,,,,,,,,,,,,,,,,,,,,,,,,,,,,,,,,,,,,,,,,,,,,,,,,,,,,,,,,,,,,,,,,,,,,
qdNWCYXLg1Q_000008_000018.mp4,35,playing ukulele,30.0,0.0,10.0,0,300,0,9,9,17,17,26,26,34,34,43,43,51,51,60,60,69,69,77,77,86,86,94,94,103,103,111,111,120,120,129,129,137,137,146,146,154,154,163,163,171,171,180,180,189,189,197,197,206,206,214,214,223,223,231,231,240,240,249,249,257,257,266,266,274,274,283,283,291,291,300,,,,,,,,,,,,,,,,,,,,,,,,,,,,,,,,,,,,,,,,,,,,,,,,,,,,,,,,,,,,,,,,,,,,,,,,
r1jqySH-G10_000239_000249.mp4,16,playing ukulele,25.0,0.0,9.28,0,232,0,14,14,29,29,44,44,58,58,72,72,87,87,102,102,116,116,130,130,145,145,160,160,174,174,188,188,203,203,218,218,232,,,,,,,,,,,,,,,,,,,,,,,,,,,,,,,,,,,,,,,,,,,,,,,,,,,,,,,,,,,,,,,,,,,,,,,,,,,,,,,,,,,,,,,,,,,,,,,,,,,,,,,,,,,,,,
sYEU9ZoB4is_000031_000041.mp4,36,playing ukulele,29.63,0.0,9.96,0,295,0,8,8,16,16,25,25,33,33,41,41,49,49,57,57,66,66,74,74,82,82,90,90,98,98,107,107,115,115,123,123,131,131,139,139,148,148,156,156,164,164,172,172,180,180,188,188,197,197,205,205,213,213,221,221,229,229,238,238,246,246,254,254,262,262,270,270,279,279,287,287,295,,,,,,,,,,,,,,,,,,,,,,,,,,,,,,,,,,,,,,,,,,,,,,,,,,,,,,,,,,,,,,,,,,,,,,
sqoHNt9vm-Y_000047_000057.mp4,27,playing ukulele,29.97,0.0,9.98,0,299,0,11,11,22,22,33,33,44,44,55,55,66,66,78,78,89,89,100,100,111,111,122,122,133,133,144,144,155,155,166,166,177,177,188,188,199,199,210,210,221,221,233,233,244,244,255,255,266,266,277,277,288,288,299,,,,,,,,,,,,,,,,,,,,,,,,,,,,,,,,,,,,,,,,,,,,,,,,,,,,,,,,,,,,,,,,,,,,,,,,,,,,,,,,,,,,,,,,
uWq8Q_cIEwE_000086_000096.mp4,15,playing ukulele,20.0,0.0,10.0,0,200,0,13,13,27,27,40,40,53,53,67,67,80,80,93,93,107,107,120,120,133,133,147,147,160,160,173,173,187,187,200,,,,,,,,,,,,,,,,,,,,,,,,,,,,,,,,,,,,,,,,,,,,,,,,,,,,,,,,,,,,,,,,,,,,,,,,,,,,,,,,,,,,,,,,,,,,,,,,,,,,,,,,,,,,,,,,
uhdECKnJ278_000008_000018.mp4,12,playing ukulele,15.0,0.0,10.0,0,150,0,12,12,25,25,38,38,50,50,62,62,75,75,88,88,100,100,112,112,125,125,138,138,150,,,,,,,,,,,,,,,,,,,,,,,,,,,,,,,,,,,,,,,,,,,,,,,,,,,,,,,,,,,,,,,,,,,,,,,,,,,,,,,,,,,,,,,,,,,,,,,,,,,,,,,,,,,,,,,,,,,,,,
vYy27P6K-k4_000174_000184.mp4,21,playing ukulele,30.0,0.0,10.0,0,300,0,14,14,29,29,43,43,57,57,71,71,86,86,100,100,114,114,129,129,143,143,157,157,171,171,186,186,200,200,214,214,229,229,243,243,257,257,271,271,286,286,300,,,,,,,,,,,,,,,,,,,,,,,,,,,,,,,,,,,,,,,,,,,,,,,,,,,,,,,,,,,,,,,,,,,,,,,,,,,,,,,,,,,,,,,,,,,,,,,,,,,,
vkhdP3zJSmA_000002_000012.mp4,49,playing ukulele,29.97,0.0,9.28,0,278,0,6,6,11,11,17,17,23,23,28,28,34,34,40,40,45,45,51,51,57,57,62,62,68,68,74,74,79,79,85,85,91,91,96,96,102,102,108,108,113,113,119,119,125,125,130,130,136,136,142,142,148,148,153,153,159,159,165,165,170,170,176,176,182,182,187,187,193,193,199,199,204,204,210,210,216,216,221,221,227,227,233,233,238,238,244,244,250,250,255,255,261,261,267,267,272,272,278,,,,,,,,,,,,,,,,,,,,,,,,,,,,,,,,,,,,,,,,,,,,
xdbh1FBoNPQ_000029_000039.mp4,32,playing ukulele,29.97,0.0,9.94,0,298,0,9,9,19,19,28,28,37,37,47,47,56,56,65,65,74,74,84,84,93,93,102,102,112,112,121,121,130,130,140,140,149,149,158,158,168,168,177,177,186,186,196,196,205,205,214,214,224,224,233,233,242,242,251,251,261,261,270,270,279,279,289,289,298,,,,,,,,,,,,,,,,,,,,,,,,,,,,,,,,,,,,,,,,,,,,,,,,,,,,,,,,,,,,,,,,,,,,,,,,,,,,,,
yCSH4jrF0pI_000264_000274.mp4,25,playing ukulele,29.97,0.0,9.94,0,298,0,12,12,24,24,36,36,48,48,60,60,72,72,83,83,95,95,107,107,119,119,131,131,143,143,155,155,167,167,179,179,191,191,203,203,215,215,226,226,238,238,250,250,262,262,274,274,286,286,298,,,,,,,,,,,,,,,,,,,,,,,,,,,,,,,,,,,,,,,,,,,,,,,,,,,,,,,,,,,,,,,,,,,,,,,,,,,,,,,,,,,,,,,,,,,,
yyAyp6CtPe4_000009_000019.mp4,11,playing ukulele,29.97,1.3,9.98,39,299,39,63,63,86,86,110,110,134,134,157,157,181,181,204,204,228,228,252,252,275,275,299,,,,,,,,,,,,,,,,,,,,,,,,,,,,,,,,,,,,,,,,,,,,,,,,,,,,,,,,,,,,,,,,,,,,,,,,,,,,,,,,,,,,,,,,,,,,,,,,,,,,,,,,,,,,,,,,,,,,,,,,
03FKtpwxQ9c_000172_000182.mp4,27,playing ukulele,29.91,0.0,9.96,0,298,0,11,11,22,22,33,33,44,44,55,55,66,66,77,77,88,88,99,99,110,110,121,121,132,132,143,143,155,155,166,166,177,177,188,188,199,199,210,210,221,221,232,232,243,243,254,254,265,265,276,276,287,287,298,,,,,,,,,,,,,,,,,,,,,,,,,,,,,,,,,,,,,,,,,,,,,,,,,,,,,,,,,,,,,,,,,,,,,,,,,,,,,,,,,,,,,,,,
1q-bM3Zw1_g_000025_000035.mp4,28,playing ukulele,24.99,0.0,9.96,0,249,0,9,9,18,18,27,27,36,36,44,44,53,53,62,62,71,71,80,80,89,89,98,98,107,107,116,116,124,124,133,133,142,142,151,151,160,160,169,169,178,178,187,187,196,196,205,205,213,213,222,222,231,231,240,240,249,,,,,,,,,,,,,,,,,,,,,,,,,,,,,,,,,,,,,,,,,,,,,,,,,,,,,,,,,,,,,,,,,,,,,,,,,,,,,,,,,,,,,,
2F2FQ3R4vak_000102_000112.mp4,18,playing ukulele,29.92,0.0,9.99,0,299,0,17,17,33,33,50,50,66,66,83,83,100,100,116,116,133,133,150,150,166,166,183,183,199,199,216,216,233,233,249,249,266,266,282,282,299,,,,,,,,,,,,,,,,,,,,,,,,,,,,,,,,,,,,,,,,,,,,,,,,,,,,,,,,,,,,,,,,,,,,,,,,,,,,,,,,,,,,,,,,,,,,,,,,,,,,,,,,,,
2bndU58VHhk_000007_000017.mp4,24,playing ukulele,29.97,0.0,9.98,0,299,0,12,12,25,25,37,37,50,50,62,62,75,75,87,87,100,100,112,112,125,125,137,137,150,150,162,162,174,174,187,187,199,199,212,212,224,224,237,237,249,249,262,262,274,274,287,287,299,,,,,,,,,,,,,,,,,,,,,,,,,,,,,,,,,,,,,,,,,,,,,,,,,,,,,,,,,,,,,,,,,,,,,,,,,,,,,,,,,,,,,,,,,,,,,,
3kdfuEo4Nv0_000520_000530.mp4,20,playing ukulele,30.0,5.0,10.0,150,300,150,158,158,165,165,172,172,180,180,188,188,195,195,202,202,210,210,218,218,225,225,232,232,240,240,248,248,255,255,262,262,270,270,278,278,285,285,292,292,300,,,,,,,,,,,,,,,,,,,,,,,,,,,,,,,,,,,,,,,,,,,,,,,,,,,,,,,,,,,,,,,,,,,,,,,,,,,,,,,,,,,,,,,,,,,,,,,,,,,,,,
4zGG_8O8pBo_000023_000033.mp4,34,playing ukulele,15.0,0.0,10.0,0,150,0,4,4,9,9,13,13,18,18,22,22,26,26,31,31,35,35,40,40,44,44,49,49,53,53,57,57,62,62,66,66,71,71,75,75,79,79,84,84,88,88,93,93,97,97,101,101,106,106,110,110,115,115,119,119,124,124,128,128,132,132,137,137,141,141,146,146,150,,,,,,,,,,,,,,,,,,,,,,,,,,,,,,,,,,,,,,,,,,,,,,,,,,,,,,,,,,,,,,,,,,,,,,,,,,
42LXdLktJQE_000009_000019.mp4,19,playing ukulele,30.0,0.0,10.0,0,300,0,16,16,32,32,47,47,63,63,79,79,95,95,111,111,126,126,142,142,158,158,174,174,189,189,205,205,221,221,237,237,253,253,268,268,284,284,300,,,,,,,,,,,,,,,,,,,,,,,,,,,,,,,,,,,,,,,,,,,,,,,,,,,,,,,,,,,,,,,,,,,,,,,,,,,,,,,,,,,,,,,,,,,,,,,,,,,,,,,,
5OtkG83V7Sg_000001_000011.mp4,3,playing ukulele,29.97,0.0,3.74,0,112,0,37,37,75,75,112,,,,,,,,,,,,,,,,,,,,,,,,,,,,,,,,,,,,,,,,,,,,,,,,,,,,,,,,,,,,,,,,,,,,,,,,,,,,,,,,,,,,,,,,,,,,,,,,,,,,,,,,,,,,,,,,,,,,,,,,,,,,,,,,,,,,,,,,
5OtkG83V7Sg_000001_000011.mp4,2,playing ukulele,29.97,5.26,6.96,158,209,158,184,184,209,,,,,,,,,,,,,,,,,,,,,,,,,,,,,,,,,,,,,,,,,,,,,,,,,,,,,,,,,,,,,,,,,,,,,,,,,,,,,,,,,,,,,,,,,,,,,,,,,,,,,,,,,,,,,,,,,,,,,,,,,,,,,,,,,,,,,,,,,,
5OtkG83V7Sg_000001_000011.mp4,2,playing ukulele,29.97,8.78,9.98,263,299,263,281,281,299,,,,,,,,,,,,,,,,,,,,,,,,,,,,,,,,,,,,,,,,,,,,,,,,,,,,,,,,,,,,,,,,,,,,,,,,,,,,,,,,,,,,,,,,,,,,,,,,,,,,,,,,,,,,,,,,,,,,,,,,,,,,,,,,,,,,,,,,,,
5hnXihw0wF4_000013_000023.mp4,17,playing ukulele,29.97,0.0,9.98,0,299,0,18,18,35,35,53,53,70,70,88,88,106,106,123,123,141,141,158,158,176,176,193,193,211,211,229,229,246,246,264,264,281,281,299,,,,,,,,,,,,,,,,,,,,,,,,,,,,,,,,,,,,,,,,,,,,,,,,,,,,,,,,,,,,,,,,,,,,,,,,,,,,,,,,,,,,,,,,,,,,,,,,,,,,,,,,,,,,
5zxWwGNlHhQ_000235_000245.mp4,2,playing ukulele,15.0,3.07,4.13,46,62,46,54,54,62,,,,,,,,,,,,,,,,,,,,,,,,,,,,,,,,,,,,,,,,,,,,,,,,,,,,,,,,,,,,,,,,,,,,,,,,,,,,,,,,,,,,,,,,,,,,,,,,,,,,,,,,,,,,,,,,,,,,,,,,,,,,,,,,,,,,,,,,,,
6dfjggoKngM_000051_000061.mp4,29,playing ukulele,29.97,0.0,9.98,0,299,0,10,10,21,21,31,31,41,41,52,52,62,62,72,72,82,82,93,93,103,103,113,113,124,124,134,134,144,144,155,155,165,165,175,175,186,186,196,196,206,206,217,217,227,227,237,237,247,247,258,258,268,268,278,278,289,289,299,,,,,,,,,,,,,,,,,,,,,,,,,,,,,,,,,,,,,,,,,,,,,,,,,,,,,,,,,,,,,,,,,,,,,,,,,,,,,,,,,,,,
6oJpF1l4TtI_000063_000073.mp4,5,playing ukulele,24.0,0.0,5.04,0,121,0,24,24,48,48,73,73,97,97,121,,,,,,,,,,,,,,,,,,,,,,,,,,,,,,,,,,,,,,,,,,,,,,,,,,,,,,,,,,,,,,,,,,,,,,,,,,,,,,,,,,,,,,,,,,,,,,,,,,,,,,,,,,,,,,,,,,,,,,,,,,,,,,,,,,,,
78nQ5HBNq_I_000148_000158.mp4,2,playing ukulele,25.0,4.4,5.76,110,144,110,127,127,144,,,,,,,,,,,,,,,,,,,,,,,,,,,,,,,,,,,,,,,,,,,,,,,,,,,,,,,,,,,,,,,,,,,,,,,,,,,,,,,,,,,,,,,,,,,,,,,,,,,,,,,,,,,,,,,,,,,,,,,,,,,,,,,,,,,,,,,,,,
7_VUb0v-dmA_000062_000072.mp4,23,playing ukulele,29.97,0.0,9.94,0,298,0,13,13,26,26,39,39,52,52,65,65,78,78,91,91,104,104,117,117,130,130,143,143,155,155,168,168,181,181,194,194,207,207,220,220,233,233,246,246,259,259,272,272,285,285,298,,,,,,,,,,,,,,,,,,,,,,,,,,,,,,,,,,,,,,,,,,,,,,,,,,,,,,,,,,,,,,,,,,,,,,,,,,,,,,,,,,,,,,,,,,,,,,,,
8extOE7nwOw_000005_000015.mp4,6,playing ukulele,29.97,6.07,8.86,182,266,182,196,196,210,210,224,224,238,238,252,252,266,,,,,,,,,,,,,,,,,,,,,,,,,,,,,,,,,,,,,,,,,,,,,,,,,,,,,,,,,,,,,,,,,,,,,,,,,,,,,,,,,,,,,,,,,,,,,,,,,,,,,,,,,,,,,,,,,,,,,,,,,,,,,,,,,,
9Eqo1jHska4_000001_000011.mp4,9,playing ukulele,30.0,0.0,10.0,0,300,0,33,33,67,67,100,100,133,133,167,167,200,200,233,233,267,267,300,,,,,,,,,,,,,,,,,,,,,,,,,,,,,,,,,,,,,,,,,,,,,,,,,,,,,,,,,,,,,,,,,,,,,,,,,,,,,,,,,,,,,,,,,,,,,,,,,,,,,,,,,,,,,,,,,,,,,,,,,,,,
9qgQZGPVxnA_000021_000031.mp4,40,playing ukulele,29.97,0.0,10.0,0,300,0,8,8,15,15,22,22,30,30,38,38,45,45,52,52,60,60,68,68,75,75,82,82,90,90,98,98,105,105,112,112,120,120,128,128,135,135,142,142,150,150,158,158,165,165,172,172,180,180,188,188,195,195,202,202,210,210,218,218,225,225,232,232,240,240,248,248,255,255,262,262,270,270,278,278,285,285,292,292,300,,,,,,,,,,,,,,,,,,,,,,,,,,,,,,,,,,,,,,,,,,,,,,,,,,,,,,,,,,,,,,
98zradZ0oWU_000063_000073.mp4,22,playing ukulele,25.0,0.0,10.0,0,250,0,11,11,23,23,34,34,45,45,57,57,68,68,80,80,91,91,102,102,114,114,125,125,136,136,148,148,159,159,170,170,182,182,193,193,205,205,216,216,227,227,239,239,250,,,,,,,,,,,,,,,,,,,,,,,,,,,,,,,,,,,,,,,,,,,,,,,,,,,,,,,,,,,,,,,,,,,,,,,,,,,,,,,,,,,,,,,,,,,,,,,,,,
9-5wGKfIz7k_000110_000120.mp4,6,playing ukulele,29.97,0.0,3.57,0,107,0,18,18,36,36,54,54,71,71,89,89,107,,,,,,,,,,,,,,,,,,,,,,,,,,,,,,,,,,,,,,,,,,,,,,,,,,,,,,,,,,,,,,,,,,,,,,,,,,,,,,,,,,,,,,,,,,,,,,,,,,,,,,,,,,,,,,,,,,,,,,,,,,,,,,,,,,
-aQSJ0W8wow_000026_000036.mp4,2,playing ukulele,29.95,0.0,1.8,0,54,0,27,27,54,,,,,,,,,,,,,,,,,,,,,,,,,,,,,,,,,,,,,,,,,,,,,,,,,,,,,,,,,,,,,,,,,,,,,,,,,,,,,,,,,,,,,,,,,,,,,,,,,,,,,,,,,,,,,,,,,,,,,,,,,,,,,,,,,,,,,,,,,,
-jfMbYDGLZc_000013_000023.mp4,3,playing ukulele,29.97,7.87,9.98,236,299,236,257,257,278,278,299,,,,,,,,,,,,,,,,,,,,,,,,,,,,,,,,,,,,,,,,,,,,,,,,,,,,,,,,,,,,,,,,,,,,,,,,,,,,,,,,,,,,,,,,,,,,,,,,,,,,,,,,,,,,,,,,,,,,,,,,,,,,,,,,,,,,,,,,
_BUzjHz_Kqg_000070_000080.mp4,15,playing ukulele,30.0,0.0,7.93,0,238,0,16,16,32,32,48,48,63,63,79,79,95,95,111,111,127,127,143,143,159,159,175,175,190,190,206,206,222,222,238,,,,,,,,,,,,,,,,,,,,,,,,,,,,,,,,,,,,,,,,,,,,,,,,,,,,,,,,,,,,,,,,,,,,,,,,,,,,,,,,,,,,,,,,,,,,,,,,,,,,,,,,,,,,,,,,
BYHQ4KptOM4_000015_000025.mp4,2,pull ups,30.0,0.0,6.0,0,180,0,90,90,180,,,,,,,,,,,,,,,,,,,,,,,,,,,,,,,,,,,,,,,,,,,,,,,,,,,,,,,,,,,,,,,,,,,,,,,,,,,,,,,,,,,,,,,,,,,,,,,,,,,,,,,,,,,,,,,,,,,,,,,,,,,,,,,,,,,,,,,,,,
Bg2uQMSKXew_000019_000029.mp4,2,pull ups,30.0,0.0,8.9,0,267,0,134,134,267,,,,,,,,,,,,,,,,,,,,,,,,,,,,,,,,,,,,,,,,,,,,,,,,,,,,,,,,,,,,,,,,,,,,,,,,,,,,,,,,,,,,,,,,,,,,,,,,,,,,,,,,,,,,,,,,,,,,,,,,,,,,,,,,,,,,,,,,,,
ENr1x2kcNcU_000160_000170.mp4,3,pull ups,29.97,0.0,9.94,0,298,0,99,99,199,199,298,,,,,,,,,,,,,,,,,,,,,,,,,,,,,,,,,,,,,,,,,,,,,,,,,,,,,,,,,,,,,,,,,,,,,,,,,,,,,,,,,,,,,,,,,,,,,,,,,,,,,,,,,,,,,,,,,,,,,,,,,,,,,,,,,,,,,,,,
GZz-Ra1nElE_000004_000014.mp4,4,pull ups,30.0,0.0,9.7,0,291,0,73,73,146,146,218,218,291,,,,,,,,,,,,,,,,,,,,,,,,,,,,,,,,,,,,,,,,,,,,,,,,,,,,,,,,,,,,,,,,,,,,,,,,,,,,,,,,,,,,,,,,,,,,,,,,,,,,,,,,,,,,,,,,,,,,,,,,,,,,,,,,,,,,,,
GjVPcCoTz5U_000009_000019.mp4,15,pull ups,29.97,0.0,9.98,0,299,0,20,20,40,40,60,60,80,80,100,100,120,120,140,140,159,159,179,179,199,199,219,219,239,239,259,259,279,279,299,,,,,,,,,,,,,,,,,,,,,,,,,,,,,,,,,,,,,,,,,,,,,,,,,,,,,,,,,,,,,,,,,,,,,,,,,,,,,,,,,,,,,,,,,,,,,,,,,,,,,,,,,,,,,,,,
HSrGAlk5ouQ_000006_000016.mp4,2,pull ups,30.0,8.0,10.0,240,300,240,270,270,300,,,,,,,,,,,,,,,,,,,,,,,,,,,,,,,,,,,,,,,,,,,,,,,,,,,,,,,,,,,,,,,,,,,,,,,,,,,,,,,,,,,,,,,,,,,,,,,,,,,,,,,,,,,,,,,,,,,,,,,,,,,,,,,,,,,,,,,,,,
HmB1_QAHP0w_000002_000012.mp4,2,pull ups,30.0,0.0,5.23,0,157,0,78,78,157,,,,,,,,,,,,,,,,,,,,,,,,,,,,,,,,,,,,,,,,,,,,,,,,,,,,,,,,,,,,,,,,,,,,,,,,,,,,,,,,,,,,,,,,,,,,,,,,,,,,,,,,,,,,,,,,,,,,,,,,,,,,,,,,,,,,,,,,,,
Iw3X6M-uzbg_000001_000011.mp4,4,pull ups,25.0,3.32,10.0,83,250,83,125,125,167,167,208,208,250,,,,,,,,,,,,,,,,,,,,,,,,,,,,,,,,,,,,,,,,,,,,,,,,,,,,,,,,,,,,,,,,,,,,,,,,,,,,,,,,,,,,,,,,,,,,,,,,,,,,,,,,,,,,,,,,,,,,,,,,,,,,,,,,,,,,,,
KUnNPTXpYE4_000010_000020.mp4,2,pull ups,30.0,5.9,10.0,177,300,177,239,239,300,,,,,,,,,,,,,,,,,,,,,,,,,,,,,,,,,,,,,,,,,,,,,,,,,,,,,,,,,,,,,,,,,,,,,,,,,,,,,,,,,,,,,,,,,,,,,,,,,,,,,,,,,,,,,,,,,,,,,,,,,,,,,,,,,,,,,,,,,,
LPQSm5megAo_000000_000010.mp4,3,pull ups,29.6,1.2,7.11,36,210,36,94,94,152,152,210,,,,,,,,,,,,,,,,,,,,,,,,,,,,,,,,,,,,,,,,,,,,,,,,,,,,,,,,,,,,,,,,,,,,,,,,,,,,,,,,,,,,,,,,,,,,,,,,,,,,,,,,,,,,,,,,,,,,,,,,,,,,,,,,,,,,,,,,
LUlt4tPj5SQ_000004_000014.mp4,3,pull ups,29.97,0.0,4.34,0,130,0,43,43,87,87,130,,,,,,,,,,,,,,,,,,,,,,,,,,,,,,,,,,,,,,,,,,,,,,,,,,,,,,,,,,,,,,,,,,,,,,,,,,,,,,,,,,,,,,,,,,,,,,,,,,,,,,,,,,,,,,,,,,,,,,,,,,,,,,,,,,,,,,,,
LxkdL0tGGxE_000000_000010.mp4,3,pull ups,29.97,0.0,4.27,0,128,0,43,43,85,85,128,,,,,,,,,,,,,,,,,,,,,,,,,,,,,,,,,,,,,,,,,,,,,,,,,,,,,,,,,,,,,,,,,,,,,,,,,,,,,,,,,,,,,,,,,,,,,,,,,,,,,,,,,,,,,,,,,,,,,,,,,,,,,,,,,,,,,,,,
L2_sNxxvmuw_000000_000010.mp4,10,pull ups,29.97,0.0,9.98,0,299,0,30,30,60,60,90,90,120,120,150,150,179,179,209,209,239,239,269,269,299,,,,,,,,,,,,,,,,,,,,,,,,,,,,,,,,,,,,,,,,,,,,,,,,,,,,,,,,,,,,,,,,,,,,,,,,,,,,,,,,,,,,,,,,,,,,,,,,,,,,,,,,,,,,,,,,,,,,,,,,,,
MxDffDOCT-Q_000022_000032.mp4,3,pull ups,25.0,0.04,10.0,1,250,1,84,84,167,167,250,,,,,,,,,,,,,,,,,,,,,,,,,,,,,,,,,,,,,,,,,,,,,,,,,,,,,,,,,,,,,,,,,,,,,,,,,,,,,,,,,,,,,,,,,,,,,,,,,,,,,,,,,,,,,,,,,,,,,,,,,,,,,,,,,,,,,,,,
M1YMl8AU94I_000002_000012.mp4,2,pull ups,7.29,0.0,2.95,0,21,0,10,10,21,,,,,,,,,,,,,,,,,,,,,,,,,,,,,,,,,,,,,,,,,,,,,,,,,,,,,,,,,,,,,,,,,,,,,,,,,,,,,,,,,,,,,,,,,,,,,,,,,,,,,,,,,,,,,,,,,,,,,,,,,,,,,,,,,,,,,,,,,,
M1YMl8AU94I_000002_000012.mp4,2,pull ups,7.29,3.7,9.88,27,72,27,49,49,72,,,,,,,,,,,,,,,,,,,,,,,,,,,,,,,,,,,,,,,,,,,,,,,,,,,,,,,,,,,,,,,,,,,,,,,,,,,,,,,,,,,,,,,,,,,,,,,,,,,,,,,,,,,,,,,,,,,,,,,,,,,,,,,,,,,,,,,,,,
NFcwjLi-rJI_000012_000022.mp4,3,pull ups,30.0,0.0,10.0,0,300,0,100,100,200,200,300,,,,,,,,,,,,,,,,,,,,,,,,,,,,,,,,,,,,,,,,,,,,,,,,,,,,,,,,,,,,,,,,,,,,,,,,,,,,,,,,,,,,,,,,,,,,,,,,,,,,,,,,,,,,,,,,,,,,,,,,,,,,,,,,,,,,,,,,
NvqLMRadijE_000028_000038.mp4,3,pull ups,25.0,1.64,5.0,41,125,41,69,69,97,97,125,,,,,,,,,,,,,,,,,,,,,,,,,,,,,,,,,,,,,,,,,,,,,,,,,,,,,,,,,,,,,,,,,,,,,,,,,,,,,,,,,,,,,,,,,,,,,,,,,,,,,,,,,,,,,,,,,,,,,,,,,,,,,,,,,,,,,,,,
NvqLMRadijE_000028_000038.mp4,2,pull ups,25.0,6.64,8.0,166,200,166,183,183,200,,,,,,,,,,,,,,,,,,,,,,,,,,,,,,,,,,,,,,,,,,,,,,,,,,,,,,,,,,,,,,,,,,,,,,,,,,,,,,,,,,,,,,,,,,,,,,,,,,,,,,,,,,,,,,,,,,,,,,,,,,,,,,,,,,,,,,,,,,
N4HNxuOIVEs_000029_000039.mp4,7,pull ups,29.97,0.0,9.98,0,299,0,43,43,85,85,128,128,171,171,214,214,256,256,299,,,,,,,,,,,,,,,,,,,,,,,,,,,,,,,,,,,,,,,,,,,,,,,,,,,,,,,,,,,,,,,,,,,,,,,,,,,,,,,,,,,,,,,,,,,,,,,,,,,,,,,,,,,,,,,,,,,,,,,,,,,,,,,,
OhQcWwqQDR4_000042_000052.mp4,3,pull ups,29.97,0.1,9.98,3,299,3,102,102,200,200,299,,,,,,,,,,,,,,,,,,,,,,,,,,,,,,,,,,,,,,,,,,,,,,,,,,,,,,,,,,,,,,,,,,,,,,,,,,,,,,,,,,,,,,,,,,,,,,,,,,,,,,,,,,,,,,,,,,,,,,,,,,,,,,,,,,,,,,,,
O8YcnJT4ofs_000000_000010.mp4,2,pull ups,30.0,0.5,7.47,15,224,15,119,119,224,,,,,,,,,,,,,,,,,,,,,,,,,,,,,,,,,,,,,,,,,,,,,,,,,,,,,,,,,,,,,,,,,,,,,,,,,,,,,,,,,,,,,,,,,,,,,,,,,,,,,,,,,,,,,,,,,,,,,,,,,,,,,,,,,,,,,,,,,,
O-q0UK1CV-M_000001_000011.mp4,3,pull ups,25.0,0.0,5.36,0,134,0,45,45,89,89,134,,,,,,,,,,,,,,,,,,,,,,,,,,,,,,,,,,,,,,,,,,,,,,,,,,,,,,,,,,,,,,,,,,,,,,,,,,,,,,,,,,,,,,,,,,,,,,,,,,,,,,,,,,,,,,,,,,,,,,,,,,,,,,,,,,,,,,,,
O-q0UK1CV-M_000001_000011.mp4,2,pull ups,25.0,7.2,10.0,180,250,180,215,215,250,,,,,,,,,,,,,,,,,,,,,,,,,,,,,,,,,,,,,,,,,,,,,,,,,,,,,,,,,,,,,,,,,,,,,,,,,,,,,,,,,,,,,,,,,,,,,,,,,,,,,,,,,,,,,,,,,,,,,,,,,,,,,,,,,,,,,,,,,,
PTT6LnLSAnY_000011_000021.mp4,3,pull ups,14.33,0.0,7.26,0,104,0,35,35,69,69,104,,,,,,,,,,,,,,,,,,,,,,,,,,,,,,,,,,,,,,,,,,,,,,,,,,,,,,,,,,,,,,,,,,,,,,,,,,,,,,,,,,,,,,,,,,,,,,,,,,,,,,,,,,,,,,,,,,,,,,,,,,,,,,,,,,,,,,,,
QMlSvIJtR0M_000004_000014.mp4,8,pull ups,22.17,1.04,9.97,23,221,23,48,48,73,73,97,97,122,122,147,147,171,171,196,196,221,,,,,,,,,,,,,,,,,,,,,,,,,,,,,,,,,,,,,,,,,,,,,,,,,,,,,,,,,,,,,,,,,,,,,,,,,,,,,,,,,,,,,,,,,,,,,,,,,,,,,,,,,,,,,,,,,,,,,,,,,,,,,,
SxNHZthT2ZY_000007_000017.mp4,9,pull ups,29.97,0.0,9.98,0,299,0,33,33,66,66,100,100,133,133,166,166,199,199,233,233,266,266,299,,,,,,,,,,,,,,,,,,,,,,,,,,,,,,,,,,,,,,,,,,,,,,,,,,,,,,,,,,,,,,,,,,,,,,,,,,,,,,,,,,,,,,,,,,,,,,,,,,,,,,,,,,,,,,,,,,,,,,,,,,,,
TindOf7zyXM_000036_000046.mp4,2,pull ups,30.0,0.0,6.13,0,184,0,92,92,184,,,,,,,,,,,,,,,,,,,,,,,,,,,,,,,,,,,,,,,,,,,,,,,,,,,,,,,,,,,,,,,,,,,,,,,,,,,,,,,,,,,,,,,,,,,,,,,,,,,,,,,,,,,,,,,,,,,,,,,,,,,,,,,,,,,,,,,,,,
TmiLrzwQL9k_000000_000010.mp4,2,pull ups,30.0,0.5,8.77,15,263,15,139,139,263,,,,,,,,,,,,,,,,,,,,,,,,,,,,,,,,,,,,,,,,,,,,,,,,,,,,,,,,,,,,,,,,,,,,,,,,,,,,,,,,,,,,,,,,,,,,,,,,,,,,,,,,,,,,,,,,,,,,,,,,,,,,,,,,,,,,,,,,,,
T42G2fwjorc_000263_000273.mp4,4,pull ups,29.97,1.87,9.94,56,298,56,116,116,177,177,238,238,298,,,,,,,,,,,,,,,,,,,,,,,,,,,,,,,,,,,,,,,,,,,,,,,,,,,,,,,,,,,,,,,,,,,,,,,,,,,,,,,,,,,,,,,,,,,,,,,,,,,,,,,,,,,,,,,,,,,,,,,,,,,,,,,,,,,,,,
Uh9dsi8DgeU_000062_000072.mp4,5,pull ups,24.98,0.0,8.53,0,213,0,43,43,85,85,128,128,170,170,213,,,,,,,,,,,,,,,,,,,,,,,,,,,,,,,,,,,,,,,,,,,,,,,,,,,,,,,,,,,,,,,,,,,,,,,,,,,,,,,,,,,,,,,,,,,,,,,,,,,,,,,,,,,,,,,,,,,,,,,,,,,,,,,,,,,,
Uj7VQlHIltM_000101_000111.mp4,5,pull ups,29.97,0.0,6.24,0,187,0,37,37,75,75,112,112,150,150,187,,,,,,,,,,,,,,,,,,,,,,,,,,,,,,,,,,,,,,,,,,,,,,,,,,,,,,,,,,,,,,,,,,,,,,,,,,,,,,,,,,,,,,,,,,,,,,,,,,,,,,,,,,,,,,,,,,,,,,,,,,,,,,,,,,,,
U7fP08R37EA_000013_000023.mp4,5,pull ups,23.98,5.09,9.97,122,239,122,145,145,169,169,192,192,216,216,239,,,,,,,,,,,,,,,,,,,,,,,,,,,,,,,,,,,,,,,,,,,,,,,,,,,,,,,,,,,,,,,,,,,,,,,,,,,,,,,,,,,,,,,,,,,,,,,,,,,,,,,,,,,,,,,,,,,,,,,,,,,,,,,,,,,,
VUoItcXFPZ4_000214_000224.mp4,2,pull ups,29.97,0.0,7.47,0,224,0,112,112,224,,,,,,,,,,,,,,,,,,,,,,,,,,,,,,,,,,,,,,,,,,,,,,,,,,,,,,,,,,,,,,,,,,,,,,,,,,,,,,,,,,,,,,,,,,,,,,,,,,,,,,,,,,,,,,,,,,,,,,,,,,,,,,,,,,,,,,,,,,
VXvnQ6vnSTQ_000004_000014.mp4,3,pull ups,30.0,0.0,10.0,0,300,0,100,100,200,200,300,,,,,,,,,,,,,,,,,,,,,,,,,,,,,,,,,,,,,,,,,,,,,,,,,,,,,,,,,,,,,,,,,,,,,,,,,,,,,,,,,,,,,,,,,,,,,,,,,,,,,,,,,,,,,,,,,,,,,,,,,,,,,,,,,,,,,,,,
ViYnvdBMR6g_000019_000029.mp4,8,pull ups,30.0,0.0,10.0,0,300,0,38,38,75,75,112,112,150,150,188,188,225,225,262,262,300,,,,,,,,,,,,,,,,,,,,,,,,,,,,,,,,,,,,,,,,,,,,,,,,,,,,,,,,,,,,,,,,,,,,,,,,,,,,,,,,,,,,,,,,,,,,,,,,,,,,,,,,,,,,,,,,,,,,,,,,,,,,,,
WGadHIMsrdU_000002_000012.mp4,3,pull ups,25.0,0.68,10.0,17,250,17,95,95,172,172,250,,,,,,,,,,,,,,,,,,,,,,,,,,,,,,,,,,,,,,,,,,,,,,,,,,,,,,,,,,,,,,,,,,,,,,,,,,,,,,,,,,,,,,,,,,,,,,,,,,,,,,,,,,,,,,,,,,,,,,,,,,,,,,,,,,,,,,,,
Wkp3jAkX8O4_000003_000013.mp4,6,pull ups,30.0,0.97,10.0,29,300,29,74,74,119,119,165,165,210,210,255,255,300,,,,,,,,,,,,,,,,,,,,,,,,,,,,,,,,,,,,,,,,,,,,,,,,,,,,,,,,,,,,,,,,,,,,,,,,,,,,,,,,,,,,,,,,,,,,,,,,,,,,,,,,,,,,,,,,,,,,,,,,,,,,,,,,,,
W_vw0P8EVwQ_000220_000230.mp4,2,pull ups,29.97,0.0,7.21,0,216,0,108,108,216,,,,,,,,,,,,,,,,,,,,,,,,,,,,,,,,,,,,,,,,,,,,,,,,,,,,,,,,,,,,,,,,,,,,,,,,,,,,,,,,,,,,,,,,,,,,,,,,,,,,,,,,,,,,,,,,,,,,,,,,,,,,,,,,,,,,,,,,,,
Xbg8VJgNQPE_000005_000015.mp4,2,pull ups,30.0,1.3,4.13,39,124,39,81,81,124,,,,,,,,,,,,,,,,,,,,,,,,,,,,,,,,,,,,,,,,,,,,,,,,,,,,,,,,,,,,,,,,,,,,,,,,,,,,,,,,,,,,,,,,,,,,,,,,,,,,,,,,,,,,,,,,,,,,,,,,,,,,,,,,,,,,,,,,,,
XusWRe8zQ5o_000000_000010.mp4,5,pull ups,29.97,3.2,9.98,96,299,96,137,137,177,177,218,218,258,258,299,,,,,,,,,,,,,,,,,,,,,,,,,,,,,,,,,,,,,,,,,,,,,,,,,,,,,,,,,,,,,,,,,,,,,,,,,,,,,,,,,,,,,,,,,,,,,,,,,,,,,,,,,,,,,,,,,,,,,,,,,,,,,,,,,,,,
YaHfRx04h4o_000171_000181.mp4,3,pull ups,25.0,0.0,4.08,0,102,0,34,34,68,68,102,,,,,,,,,,,,,,,,,,,,,,,,,,,,,,,,,,,,,,,,,,,,,,,,,,,,,,,,,,,,,,,,,,,,,,,,,,,,,,,,,,,,,,,,,,,,,,,,,,,,,,,,,,,,,,,,,,,,,,,,,,,,,,,,,,,,,,,,
YoY4176oESc_000028_000038.mp4,2,pull ups,24.0,2.83,9.96,68,239,68,154,154,239,,,,,,,,,,,,,,,,,,,,,,,,,,,,,,,,,,,,,,,,,,,,,,,,,,,,,,,,,,,,,,,,,,,,,,,,,,,,,,,,,,,,,,,,,,,,,,,,,,,,,,,,,,,,,,,,,,,,,,,,,,,,,,,,,,,,,,,,,,
ayzMLAVi7yk_000009_000019.mp4,3,pull ups,29.97,0.0,5.57,0,167,0,56,56,111,111,167,,,,,,,,,,,,,,,,,,,,,,,,,,,,,,,,,,,,,,,,,,,,,,,,,,,,,,,,,,,,,,,,,,,,,,,,,,,,,,,,,,,,,,,,,,,,,,,,,,,,,,,,,,,,,,,,,,,,,,,,,,,,,,,,,,,,,,,,
b6hO0rMRYjs_000098_000108.mp4,3,pull ups,30.0,2.17,7.83,65,235,65,122,122,178,178,235,,,,,,,,,,,,,,,,,,,,,,,,,,,,,,,,,,,,,,,,,,,,,,,,,,,,,,,,,,,,,,,,,,,,,,,,,,,,,,,,,,,,,,,,,,,,,,,,,,,,,,,,,,,,,,,,,,,,,,,,,,,,,,,,,,,,,,,,
cAzCteOHbs8_000042_000052.mp4,2,pull ups,29.97,0.9,6.14,27,184,27,105,105,184,,,,,,,,,,,,,,,,,,,,,,,,,,,,,,,,,,,,,,,,,,,,,,,,,,,,,,,,,,,,,,,,,,,,,,,,,,,,,,,,,,,,,,,,,,,,,,,,,,,,,,,,,,,,,,,,,,,,,,,,,,,,,,,,,,,,,,,,,,
cMIycT3cpFg_000023_000033.mp4,2,pull ups,30.0,4.03,8.17,121,245,121,183,183,245,,,,,,,,,,,,,,,,,,,,,,,,,,,,,,,,,,,,,,,,,,,,,,,,,,,,,,,,,,,,,,,,,,,,,,,,,,,,,,,,,,,,,,,,,,,,,,,,,,,,,,,,,,,,,,,,,,,,,,,,,,,,,,,,,,,,,,,,,,
dP4U9YJrn0M_000290_000300.mp4,2,pull ups,29.97,2.74,3.37,82,101,82,92,92,101,,,,,,,,,,,,,,,,,,,,,,,,,,,,,,,,,,,,,,,,,,,,,,,,,,,,,,,,,,,,,,,,,,,,,,,,,,,,,,,,,,,,,,,,,,,,,,,,,,,,,,,,,,,,,,,,,,,,,,,,,,,,,,,,,,,,,,,,,,
dcwAzUBtqEw_000013_000023.mp4,2,pull ups,30.0,0.0,4.6,0,138,0,69,69,138,,,,,,,,,,,,,,,,,,,,,,,,,,,,,,,,,,,,,,,,,,,,,,,,,,,,,,,,,,,,,,,,,,,,,,,,,,,,,,,,,,,,,,,,,,,,,,,,,,,,,,,,,,,,,,,,,,,,,,,,,,,,,,,,,,,,,,,,,,
eU7N2ythUn8_000031_000041.mp4,2,pull ups,29.97,6.83,9.97,205,299,205,252,252,299,,,,,,,,,,,,,,,,,,,,,,,,,,,,,,,,,,,,,,,,,,,,,,,,,,,,,,,,,,,,,,,,,,,,,,,,,,,,,,,,,,,,,,,,,,,,,,,,,,,,,,,,,,,,,,,,,,,,,,,,,,,,,,,,,,,,,,,,,,
efQJ44Mk6BM_000002_000012.mp4,5,pull ups,29.97,1.57,9.98,47,299,47,97,97,148,148,198,198,249,249,299,,,,,,,,,,,,,,,,,,,,,,,,,,,,,,,,,,,,,,,,,,,,,,,,,,,,,,,,,,,,,,,,,,,,,,,,,,,,,,,,,,,,,,,,,,,,,,,,,,,,,,,,,,,,,,,,,,,,,,,,,,,,,,,,,,,,
f7doRCZCwIc_000078_000088.mp4,2,pull ups,24.0,0.0,3.5,0,84,0,42,42,84,,,,,,,,,,,,,,,,,,,,,,,,,,,,,,,,,,,,,,,,,,,,,,,,,,,,,,,,,,,,,,,,,,,,,,,,,,,,,,,,,,,,,,,,,,,,,,,,,,,,,,,,,,,,,,,,,,,,,,,,,,,,,,,,,,,,,,,,,,
gTqhkWubSTc_000142_000152.mp4,2,pull ups,29.97,4.57,9.94,137,298,137,217,217,298,,,,,,,,,,,,,,,,,,,,,,,,,,,,,,,,,,,,,,,,,,,,,,,,,,,,,,,,,,,,,,,,,,,,,,,,,,,,,,,,,,,,,,,,,,,,,,,,,,,,,,,,,,,,,,,,,,,,,,,,,,,,,,,,,,,,,,,,,,
gh77V08SQ34_000046_000056.mp4,2,pull ups,25.0,0.0,8.48,0,212,0,106,106,212,,,,,,,,,,,,,,,,,,,,,,,,,,,,,,,,,,,,,,,,,,,,,,,,,,,,,,,,,,,,,,,,,,,,,,,,,,,,,,,,,,,,,,,,,,,,,,,,,,,,,,,,,,,,,,,,,,,,,,,,,,,,,,,,,,,,,,,,,,
ip9QSaU7bxw_000020_000030.mp4,3,pull ups,29.97,0.0,7.27,0,218,0,73,73,145,145,218,,,,,,,,,,,,,,,,,,,,,,,,,,,,,,,,,,,,,,,,,,,,,,,,,,,,,,,,,,,,,,,,,,,,,,,,,,,,,,,,,,,,,,,,,,,,,,,,,,,,,,,,,,,,,,,,,,,,,,,,,,,,,,,,,,,,,,,,
jC4O7gWJjPk_000006_000016.mp4,3,pull ups,29.97,0.0,4.54,0,136,0,45,45,91,91,136,,,,,,,,,,,,,,,,,,,,,,,,,,,,,,,,,,,,,,,,,,,,,,,,,,,,,,,,,,,,,,,,,,,,,,,,,,,,,,,,,,,,,,,,,,,,,,,,,,,,,,,,,,,,,,,,,,,,,,,,,,,,,,,,,,,,,,,,
jhXmytynunU_000001_000011.mp4,5,pull ups,29.0,0.0,10.0,0,290,0,58,58,116,116,174,174,232,232,290,,,,,,,,,,,,,,,,,,,,,,,,,,,,,,,,,,,,,,,,,,,,,,,,,,,,,,,,,,,,,,,,,,,,,,,,,,,,,,,,,,,,,,,,,,,,,,,,,,,,,,,,,,,,,,,,,,,,,,,,,,,,,,,,,,,,
kBuEWVA9vL8_000387_000397.mp4,2,pull ups,29.97,1.9,6.64,57,199,57,128,128,199,,,,,,,,,,,,,,,,,,,,,,,,,,,,,,,,,,,,,,,,,,,,,,,,,,,,,,,,,,,,,,,,,,,,,,,,,,,,,,,,,,,,,,,,,,,,,,,,,,,,,,,,,,,,,,,,,,,,,,,,,,,,,,,,,,,,,,,,,,
kGDIhlrBW0M_000000_000010.mp4,2,pull ups,30.0,0.0,7.33,0,220,0,110,110,220,,,,,,,,,,,,,,,,,,,,,,,,,,,,,,,,,,,,,,,,,,,,,,,,,,,,,,,,,,,,,,,,,,,,,,,,,,,,,,,,,,,,,,,,,,,,,,,,,,,,,,,,,,,,,,,,,,,,,,,,,,,,,,,,,,,,,,,,,,
lgdXb6xpFns_000004_000014.mp4,3,pull ups,29.97,0.0,7.17,0,215,0,72,72,143,143,215,,,,,,,,,,,,,,,,,,,,,,,,,,,,,,,,,,,,,,,,,,,,,,,,,,,,,,,,,,,,,,,,,,,,,,,,,,,,,,,,,,,,,,,,,,,,,,,,,,,,,,,,,,,,,,,,,,,,,,,,,,,,,,,,,,,,,,,,
loJ5MlMt6EU_000018_000028.mp4,2,pull ups,30.0,0.0,2.57,0,77,0,38,38,77,,,,,,,,,,,,,,,,,,,,,,,,,,,,,,,,,,,,,,,,,,,,,,,,,,,,,,,,,,,,,,,,,,,,,,,,,,,,,,,,,,,,,,,,,,,,,,,,,,,,,,,,,,,,,,,,,,,,,,,,,,,,,,,,,,,,,,,,,,
mddh-9tTmRs_000002_000012.mp4,3,pull ups,15.0,0.0,5.2,0,78,0,26,26,52,52,78,,,,,,,,,,,,,,,,,,,,,,,,,,,,,,,,,,,,,,,,,,,,,,,,,,,,,,,,,,,,,,,,,,,,,,,,,,,,,,,,,,,,,,,,,,,,,,,,,,,,,,,,,,,,,,,,,,,,,,,,,,,,,,,,,,,,,,,,
mq1g4JeDNUE_000002_000012.mp4,2,pull ups,29.97,0.0,3.33,0,100,0,50,50,100,,,,,,,,,,,,,,,,,,,,,,,,,,,,,,,,,,,,,,,,,,,,,,,,,,,,,,,,,,,,,,,,,,,,,,,,,,,,,,,,,,,,,,,,,,,,,,,,,,,,,,,,,,,,,,,,,,,,,,,,,,,,,,,,,,,,,,,,,,
mq1g4JeDNUE_000002_000012.mp4,2,pull ups,29.97,7.57,9.97,227,299,227,263,263,299,,,,,,,,,,,,,,,,,,,,,,,,,,,,,,,,,,,,,,,,,,,,,,,,,,,,,,,,,,,,,,,,,,,,,,,,,,,,,,,,,,,,,,,,,,,,,,,,,,,,,,,,,,,,,,,,,,,,,,,,,,,,,,,,,,,,,,,,,,
opoIUl4eXTU_000000_000010.mp4,6,pull ups,30.0,4.17,10.0,125,300,125,154,154,183,183,213,213,242,242,271,271,300,,,,,,,,,,,,,,,,,,,,,,,,,,,,,,,,,,,,,,,,,,,,,,,,,,,,,,,,,,,,,,,,,,,,,,,,,,,,,,,,,,,,,,,,,,,,,,,,,,,,,,,,,,,,,,,,,,,,,,,,,,,,,,,,,,
pPYiKNX9ixE_000005_000015.mp4,2,pull ups,30.0,5.5,10.0,165,300,165,233,233,300,,,,,,,,,,,,,,,,,,,,,,,,,,,,,,,,,,,,,,,,,,,,,,,,,,,,,,,,,,,,,,,,,,,,,,,,,,,,,,,,,,,,,,,,,,,,,,,,,,,,,,,,,,,,,,,,,,,,,,,,,,,,,,,,,,,,,,,,,,
p_uEhbOO_zM_000000_000010.mp4,3,pull ups,30.0,5.7,10.0,171,300,171,214,214,257,257,300,,,,,,,,,,,,,,,,,,,,,,,,,,,,,,,,,,,,,,,,,,,,,,,,,,,,,,,,,,,,,,,,,,,,,,,,,,,,,,,,,,,,,,,,,,,,,,,,,,,,,,,,,,,,,,,,,,,,,,,,,,,,,,,,,,,,,,,,
q9QerhiDQEE_000001_000011.mp4,3,pull ups,29.97,2.2,9.98,66,299,66,144,144,221,221,299,,,,,,,,,,,,,,,,,,,,,,,,,,,,,,,,,,,,,,,,,,,,,,,,,,,,,,,,,,,,,,,,,,,,,,,,,,,,,,,,,,,,,,,,,,,,,,,,,,,,,,,,,,,,,,,,,,,,,,,,,,,,,,,,,,,,,,,,
rFRinf9b-Vw_000001_000011.mp4,2,pull ups,28.0,0.0,10.0,0,280,0,140,140,280,,,,,,,,,,,,,,,,,,,,,,,,,,,,,,,,,,,,,,,,,,,,,,,,,,,,,,,,,,,,,,,,,,,,,,,,,,,,,,,,,,,,,,,,,,,,,,,,,,,,,,,,,,,,,,,,,,,,,,,,,,,,,,,,,,,,,,,,,,
rXKhJeF0HlU_000003_000013.mp4,2,pull ups,25.0,1.0,6.04,25,151,25,88,88,151,,,,,,,,,,,,,,,,,,,,,,,,,,,,,,,,,,,,,,,,,,,,,,,,,,,,,,,,,,,,,,,,,,,,,,,,,,,,,,,,,,,,,,,,,,,,,,,,,,,,,,,,,,,,,,,,,,,,,,,,,,,,,,,,,,,,,,,,,,
reAv60s7fqY_000000_000010.mp4,3,pull ups,29.97,0.13,8.34,4,250,4,86,86,168,168,250,,,,,,,,,,,,,,,,,,,,,,,,,,,,,,,,,,,,,,,,,,,,,,,,,,,,,,,,,,,,,,,,,,,,,,,,,,,,,,,,,,,,,,,,,,,,,,,,,,,,,,,,,,,,,,,,,,,,,,,,,,,,,,,,,,,,,,,,
rlgoBYYovXo_000000_000010.mp4,2,pull ups,29.97,0.0,9.98,0,299,0,150,150,299,,,,,,,,,,,,,,,,,,,,,,,,,,,,,,,,,,,,,,,,,,,,,,,,,,,,,,,,,,,,,,,,,,,,,,,,,,,,,,,,,,,,,,,,,,,,,,,,,,,,,,,,,,,,,,,,,,,,,,,,,,,,,,,,,,,,,,,,,,
s59PqZ9TTq0_000007_000017.mp4,2,pull ups,29.58,0.0,5.39,0,159,0,80,80,159,,,,,,,,,,,,,,,,,,,,,,,,,,,,,,,,,,,,,,,,,,,,,,,,,,,,,,,,,,,,,,,,,,,,,,,,,,,,,,,,,,,,,,,,,,,,,,,,,,,,,,,,,,,,,,,,,,,,,,,,,,,,,,,,,,,,,,,,,,
t-CZwdY1UiQ_000015_000025.mp4,2,pull ups,30.0,7.73,10.0,232,300,232,266,266,300,,,,,,,,,,,,,,,,,,,,,,,,,,,,,,,,,,,,,,,,,,,,,,,,,,,,,,,,,,,,,,,,,,,,,,,,,,,,,,,,,,,,,,,,,,,,,,,,,,,,,,,,,,,,,,,,,,,,,,,,,,,,,,,,,,,,,,,,,,
uwWZ8y17R9o_000002_000012.mp4,4,pull ups,30.0,0.0,8.15,0,244,0,61,61,122,122,183,183,244,,,,,,,,,,,,,,,,,,,,,,,,,,,,,,,,,,,,,,,,,,,,,,,,,,,,,,,,,,,,,,,,,,,,,,,,,,,,,,,,,,,,,,,,,,,,,,,,,,,,,,,,,,,,,,,,,,,,,,,,,,,,,,,,,,,,,,
u90afcIihIE_000008_000018.mp4,2,pull ups,29.97,1.3,9.98,39,299,39,169,169,299,,,,,,,,,,,,,,,,,,,,,,,,,,,,,,,,,,,,,,,,,,,,,,,,,,,,,,,,,,,,,,,,,,,,,,,,,,,,,,,,,,,,,,,,,,,,,,,,,,,,,,,,,,,,,,,,,,,,,,,,,,,,,,,,,,,,,,,,,,
v0KanSlWnPE_000010_000020.mp4,3,pull ups,30.0,0.0,6.37,0,191,0,64,64,127,127,191,,,,,,,,,,,,,,,,,,,,,,,,,,,,,,,,,,,,,,,,,,,,,,,,,,,,,,,,,,,,,,,,,,,,,,,,,,,,,,,,,,,,,,,,,,,,,,,,,,,,,,,,,,,,,,,,,,,,,,,,,,,,,,,,,,,,,,,,
v4f5T8cPbHA_000010_000020.mp4,2,pull ups,29.97,0.0,7.21,0,216,0,108,108,216,,,,,,,,,,,,,,,,,,,,,,,,,,,,,,,,,,,,,,,,,,,,,,,,,,,,,,,,,,,,,,,,,,,,,,,,,,,,,,,,,,,,,,,,,,,,,,,,,,,,,,,,,,,,,,,,,,,,,,,,,,,,,,,,,,,,,,,,,,
wbgBlaE_wEA_000089_000099.mp4,2,pull ups,25.0,0.0,9.28,0,232,0,116,116,232,,,,,,,,,,,,,,,,,,,,,,,,,,,,,,,,,,,,,,,,,,,,,,,,,,,,,,,,,,,,,,,,,,,,,,,,,,,,,,,,,,,,,,,,,,,,,,,,,,,,,,,,,,,,,,,,,,,,,,,,,,,,,,,,,,,,,,,,,,
y2OiEe3K-8c_000003_000013.mp4,7,pull ups,30.0,0.0,9.97,0,299,0,43,43,85,85,128,128,171,171,214,214,256,256,299,,,,,,,,,,,,,,,,,,,,,,,,,,,,,,,,,,,,,,,,,,,,,,,,,,,,,,,,,,,,,,,,,,,,,,,,,,,,,,,,,,,,,,,,,,,,,,,,,,,,,,,,,,,,,,,,,,,,,,,,,,,,,,,,
0Mfq1D151S0_000018_000028.mp4,3,pull ups,29.97,4.8,9.94,144,298,144,195,195,247,247,298,,,,,,,,,,,,,,,,,,,,,,,,,,,,,,,,,,,,,,,,,,,,,,,,,,,,,,,,,,,,,,,,,,,,,,,,,,,,,,,,,,,,,,,,,,,,,,,,,,,,,,,,,,,,,,,,,,,,,,,,,,,,,,,,,,,,,,,,
0zJGjSfj7e8_000028_000038.mp4,4,pull ups,29.92,0.0,9.96,0,298,0,74,74,149,149,224,224,298,,,,,,,,,,,,,,,,,,,,,,,,,,,,,,,,,,,,,,,,,,,,,,,,,,,,,,,,,,,,,,,,,,,,,,,,,,,,,,,,,,,,,,,,,,,,,,,,,,,,,,,,,,,,,,,,,,,,,,,,,,,,,,,,,,,,,,
1KKjEWgqx5M_000004_000014.mp4,3,pull ups,30.0,0.0,4.27,0,128,0,43,43,85,85,128,,,,,,,,,,,,,,,,,,,,,,,,,,,,,,,,,,,,,,,,,,,,,,,,,,,,,,,,,,,,,,,,,,,,,,,,,,,,,,,,,,,,,,,,,,,,,,,,,,,,,,,,,,,,,,,,,,,,,,,,,,,,,,,,,,,,,,,,
1cZ2I-8DR-Q_000004_000014.mp4,5,pull ups,23.98,0.0,9.97,0,239,0,48,48,96,96,143,143,191,191,239,,,,,,,,,,,,,,,,,,,,,,,,,,,,,,,,,,,,,,,,,,,,,,,,,,,,,,,,,,,,,,,,,,,,,,,,,,,,,,,,,,,,,,,,,,,,,,,,,,,,,,,,,,,,,,,,,,,,,,,,,,,,,,,,,,,,
2BC4P5QWDSk_000008_000018.mp4,4,pull ups,30.0,0.2,6.1,6,183,6,50,50,94,94,139,139,183,,,,,,,,,,,,,,,,,,,,,,,,,,,,,,,,,,,,,,,,,,,,,,,,,,,,,,,,,,,,,,,,,,,,,,,,,,,,,,,,,,,,,,,,,,,,,,,,,,,,,,,,,,,,,,,,,,,,,,,,,,,,,,,,,,,,,,
2p19BDth7Zc_000003_000013.mp4,3,pull ups,30.0,5.13,9.13,154,274,154,194,194,234,234,274,,,,,,,,,,,,,,,,,,,,,,,,,,,,,,,,,,,,,,,,,,,,,,,,,,,,,,,,,,,,,,,,,,,,,,,,,,,,,,,,,,,,,,,,,,,,,,,,,,,,,,,,,,,,,,,,,,,,,,,,,,,,,,,,,,,,,,,,
4oz23cNENRo_000005_000015.mp4,2,pull ups,29.89,0.0,5.09,0,152,0,76,76,152,,,,,,,,,,,,,,,,,,,,,,,,,,,,,,,,,,,,,,,,,,,,,,,,,,,,,,,,,,,,,,,,,,,,,,,,,,,,,,,,,,,,,,,,,,,,,,,,,,,,,,,,,,,,,,,,,,,,,,,,,,,,,,,,,,,,,,,,,,
5fot95w8NGM_000000_000010.mp4,3,pull ups,30.0,0.0,9.77,0,293,0,98,98,195,195,293,,,,,,,,,,,,,,,,,,,,,,,,,,,,,,,,,,,,,,,,,,,,,,,,,,,,,,,,,,,,,,,,,,,,,,,,,,,,,,,,,,,,,,,,,,,,,,,,,,,,,,,,,,,,,,,,,,,,,,,,,,,,,,,,,,,,,,,,
6JXEO-ms9eM_000005_000015.mp4,5,pull ups,30.0,0.97,10.0,29,300,29,83,83,137,137,192,192,246,246,300,,,,,,,,,,,,,,,,,,,,,,,,,,,,,,,,,,,,,,,,,,,,,,,,,,,,,,,,,,,,,,,,,,,,,,,,,,,,,,,,,,,,,,,,,,,,,,,,,,,,,,,,,,,,,,,,,,,,,,,,,,,,,,,,,,,,
6wpbwI5sbUo_000000_000010.mp4,4,pull ups,30.0,1.53,9.9,46,297,46,109,109,172,172,234,234,297,,,,,,,,,,,,,,,,,,,,,,,,,,,,,,,,,,,,,,,,,,,,,,,,,,,,,,,,,,,,,,,,,,,,,,,,,,,,,,,,,,,,,,,,,,,,,,,,,,,,,,,,,,,,,,,,,,,,,,,,,,,,,,,,,,,,,,
61GrOGdE31E_000010_000020.mp4,4,pull ups,29.97,0.0,7.54,0,226,0,56,56,113,113,170,170,226,,,,,,,,,,,,,,,,,,,,,,,,,,,,,,,,,,,,,,,,,,,,,,,,,,,,,,,,,,,,,,,,,,,,,,,,,,,,,,,,,,,,,,,,,,,,,,,,,,,,,,,,,,,,,,,,,,,,,,,,,,,,,,,,,,,,,,
7QmGi3r4RPE_000004_000014.mp4,3,pull ups,30.0,0.03,10.0,1,300,1,101,101,200,200,300,,,,,,,,,,,,,,,,,,,,,,,,,,,,,,,,,,,,,,,,,,,,,,,,,,,,,,,,,,,,,,,,,,,,,,,,,,,,,,,,,,,,,,,,,,,,,,,,,,,,,,,,,,,,,,,,,,,,,,,,,,,,,,,,,,,,,,,,
79Nhi4_lrOM_000009_000019.mp4,5,pull ups,25.0,0.0,10.0,0,250,0,50,50,100,100,150,150,200,200,250,,,,,,,,,,,,,,,,,,,,,,,,,,,,,,,,,,,,,,,,,,,,,,,,,,,,,,,,,,,,,,,,,,,,,,,,,,,,,,,,,,,,,,,,,,,,,,,,,,,,,,,,,,,,,,,,,,,,,,,,,,,,,,,,,,,,
8nNRVvJwl8Y_000011_000021.mp4,2,pull ups,25.0,3.76,6.12,94,153,94,124,124,153,,,,,,,,,,,,,,,,,,,,,,,,,,,,,,,,,,,,,,,,,,,,,,,,,,,,,,,,,,,,,,,,,,,,,,,,,,,,,,,,,,,,,,,,,,,,,,,,,,,,,,,,,,,,,,,,,,,,,,,,,,,,,,,,,,,,,,,,,,
9VHz73p7Gfo_000026_000036.mp4,6,pull ups,25.0,0.0,10.0,0,250,0,42,42,83,83,125,125,167,167,208,208,250,,,,,,,,,,,,,,,,,,,,,,,,,,,,,,,,,,,,,,,,,,,,,,,,,,,,,,,,,,,,,,,,,,,,,,,,,,,,,,,,,,,,,,,,,,,,,,,,,,,,,,,,,,,,,,,,,,,,,,,,,,,,,,,,,,
-KSqZByq0GM_000001_000011.mp4,4,pull ups,29.97,0.0,9.98,0,299,0,75,75,150,150,224,224,299,,,,,,,,,,,,,,,,,,,,,,,,,,,,,,,,,,,,,,,,,,,,,,,,,,,,,,,,,,,,,,,,,,,,,,,,,,,,,,,,,,,,,,,,,,,,,,,,,,,,,,,,,,,,,,,,,,,,,,,,,,,,,,,,,,,,,,
-YGCyGLovbw_000001_000011.mp4,2,pull ups,30.0,3.18,9.9,95,297,95,196,196,297,,,,,,,,,,,,,,,,,,,,,,,,,,,,,,,,,,,,,,,,,,,,,,,,,,,,,,,,,,,,,,,,,,,,,,,,,,,,,,,,,,,,,,,,,,,,,,,,,,,,,,,,,,,,,,,,,,,,,,,,,,,,,,,,,,,,,,,,,,
BS1bTUu9BZI_000005_000015.mp4,9,pumping fist,30.0,0.0,4.0,0,120,0,13,13,27,27,40,40,53,53,67,67,80,80,93,93,107,107,120,,,,,,,,,,,,,,,,,,,,,,,,,,,,,,,,,,,,,,,,,,,,,,,,,,,,,,,,,,,,,,,,,,,,,,,,,,,,,,,,,,,,,,,,,,,,,,,,,,,,,,,,,,,,,,,,,,,,,,,,,,,,
CBhIbu3YPvA_000003_000013.mp4,2,pumping fist,29.97,8.94,9.98,268,299,268,284,284,299,,,,,,,,,,,,,,,,,,,,,,,,,,,,,,,,,,,,,,,,,,,,,,,,,,,,,,,,,,,,,,,,,,,,,,,,,,,,,,,,,,,,,,,,,,,,,,,,,,,,,,,,,,,,,,,,,,,,,,,,,,,,,,,,,,,,,,,,,,
Cw_DUXdQf0Y_000006_000016.mp4,22,pumping fist,25.0,0.0,10.0,0,250,0,11,11,23,23,34,34,45,45,57,57,68,68,80,80,91,91,102,102,114,114,125,125,136,136,148,148,159,159,170,170,182,182,193,193,205,205,216,216,227,227,239,239,250,,,,,,,,,,,,,,,,,,,,,,,,,,,,,,,,,,,,,,,,,,,,,,,,,,,,,,,,,,,,,,,,,,,,,,,,,,,,,,,,,,,,,,,,,,,,,,,,,,
EHLJiKiwJd0_000047_000057.mp4,21,pumping fist,29.97,0.0,9.98,0,299,0,14,14,28,28,43,43,57,57,71,71,85,85,100,100,114,114,128,128,142,142,157,157,171,171,185,185,199,199,214,214,228,228,242,242,256,256,271,271,285,285,299,,,,,,,,,,,,,,,,,,,,,,,,,,,,,,,,,,,,,,,,,,,,,,,,,,,,,,,,,,,,,,,,,,,,,,,,,,,,,,,,,,,,,,,,,,,,,,,,,,,,
EkqNc2rzBb8_000037_000047.mp4,2,pumping fist,14.83,2.2,4.07,33,60,33,47,47,60,,,,,,,,,,,,,,,,,,,,,,,,,,,,,,,,,,,,,,,,,,,,,,,,,,,,,,,,,,,,,,,,,,,,,,,,,,,,,,,,,,,,,,,,,,,,,,,,,,,,,,,,,,,,,,,,,,,,,,,,,,,,,,,,,,,,,,,,,,
HVtCSB8r6Bo_000003_000013.mp4,4,pumping fist,29.97,0.0,2.14,0,64,0,16,16,32,32,48,48,64,,,,,,,,,,,,,,,,,,,,,,,,,,,,,,,,,,,,,,,,,,,,,,,,,,,,,,,,,,,,,,,,,,,,,,,,,,,,,,,,,,,,,,,,,,,,,,,,,,,,,,,,,,,,,,,,,,,,,,,,,,,,,,,,,,,,,,
Hae_xDLuIdw_000001_000011.mp4,8,pumping fist,13.33,0.0,10.0,0,133,0,17,17,33,33,50,50,66,66,83,83,100,100,116,116,133,,,,,,,,,,,,,,,,,,,,,,,,,,,,,,,,,,,,,,,,,,,,,,,,,,,,,,,,,,,,,,,,,,,,,,,,,,,,,,,,,,,,,,,,,,,,,,,,,,,,,,,,,,,,,,,,,,,,,,,,,,,,,,
HfrG-Bt1bko_000012_000022.mp4,9,pumping fist,16.0,0.0,5.25,0,84,0,9,9,19,19,28,28,37,37,47,47,56,56,65,65,75,75,84,,,,,,,,,,,,,,,,,,,,,,,,,,,,,,,,,,,,,,,,,,,,,,,,,,,,,,,,,,,,,,,,,,,,,,,,,,,,,,,,,,,,,,,,,,,,,,,,,,,,,,,,,,,,,,,,,,,,,,,,,,,,
ItzskUIi63Q_000001_000011.mp4,9,pumping fist,29.97,6.61,9.98,198,299,198,209,209,220,220,232,232,243,243,254,254,265,265,277,277,288,288,299,,,,,,,,,,,,,,,,,,,,,,,,,,,,,,,,,,,,,,,,,,,,,,,,,,,,,,,,,,,,,,,,,,,,,,,,,,,,,,,,,,,,,,,,,,,,,,,,,,,,,,,,,,,,,,,,,,,,,,,,,,,,
KpKA_99Ra08_000001_000011.mp4,7,pumping fist,18.87,4.3,7.5,81,142,81,90,90,98,98,107,107,116,116,125,125,133,133,142,,,,,,,,,,,,,,,,,,,,,,,,,,,,,,,,,,,,,,,,,,,,,,,,,,,,,,,,,,,,,,,,,,,,,,,,,,,,,,,,,,,,,,,,,,,,,,,,,,,,,,,,,,,,,,,,,,,,,,,,,,,,,,,,
K7fuSkCawjY_000001_000011.mp4,2,pumping fist,30.0,0.23,1.6,7,48,7,27,27,48,,,,,,,,,,,,,,,,,,,,,,,,,,,,,,,,,,,,,,,,,,,,,,,,,,,,,,,,,,,,,,,,,,,,,,,,,,,,,,,,,,,,,,,,,,,,,,,,,,,,,,,,,,,,,,,,,,,,,,,,,,,,,,,,,,,,,,,,,,
PyIpiUDpVSg_000003_000013.mp4,4,pumping fist,29.97,2.7,6.07,81,182,81,106,106,131,131,157,157,182,,,,,,,,,,,,,,,,,,,,,,,,,,,,,,,,,,,,,,,,,,,,,,,,,,,,,,,,,,,,,,,,,,,,,,,,,,,,,,,,,,,,,,,,,,,,,,,,,,,,,,,,,,,,,,,,,,,,,,,,,,,,,,,,,,,,,,
Q7zDVy5W1hE_000001_000011.mp4,8,pumping fist,29.64,5.63,9.99,167,296,167,183,183,199,199,215,215,231,231,248,248,264,264,280,280,296,,,,,,,,,,,,,,,,,,,,,,,,,,,,,,,,,,,,,,,,,,,,,,,,,,,,,,,,,,,,,,,,,,,,,,,,,,,,,,,,,,,,,,,,,,,,,,,,,,,,,,,,,,,,,,,,,,,,,,,,,,,,,,
R9_wAq8sHBQ_000026_000036.mp4,3,pumping fist,24.0,0.0,1.58,0,38,0,13,13,25,25,38,,,,,,,,,,,,,,,,,,,,,,,,,,,,,,,,,,,,,,,,,,,,,,,,,,,,,,,,,,,,,,,,,,,,,,,,,,,,,,,,,,,,,,,,,,,,,,,,,,,,,,,,,,,,,,,,,,,,,,,,,,,,,,,,,,,,,,,,
Wnt4JqlZoto_000000_000010.mp4,22,pumping fist,14.99,0.0,9.94,0,149,0,7,7,14,14,20,20,27,27,34,34,41,41,47,47,54,54,61,61,68,68,74,74,81,81,88,88,95,95,102,102,108,108,115,115,122,122,129,129,135,135,142,142,149,,,,,,,,,,,,,,,,,,,,,,,,,,,,,,,,,,,,,,,,,,,,,,,,,,,,,,,,,,,,,,,,,,,,,,,,,,,,,,,,,,,,,,,,,,,,,,,,,,
X3vEFGPOuHg_000053_000063.mp4,2,pumping fist,20.0,9.05,10.0,181,200,181,191,191,200,,,,,,,,,,,,,,,,,,,,,,,,,,,,,,,,,,,,,,,,,,,,,,,,,,,,,,,,,,,,,,,,,,,,,,,,,,,,,,,,,,,,,,,,,,,,,,,,,,,,,,,,,,,,,,,,,,,,,,,,,,,,,,,,,,,,,,,,,,
aUAxYoyPZ6Q_000001_000011.mp4,18,pumping fist,30.0,0.0,10.0,0,300,0,17,17,33,33,50,50,67,67,83,83,100,100,117,117,133,133,150,150,167,167,183,183,200,200,217,217,233,233,250,250,267,267,283,283,300,,,,,,,,,,,,,,,,,,,,,,,,,,,,,,,,,,,,,,,,,,,,,,,,,,,,,,,,,,,,,,,,,,,,,,,,,,,,,,,,,,,,,,,,,,,,,,,,,,,,,,,,,,
b904sCMuZjc_000001_000011.mp4,11,pumping fist,10.17,0.0,7.67,0,78,0,7,7,14,14,21,21,28,28,35,35,43,43,50,50,57,57,64,64,71,71,78,,,,,,,,,,,,,,,,,,,,,,,,,,,,,,,,,,,,,,,,,,,,,,,,,,,,,,,,,,,,,,,,,,,,,,,,,,,,,,,,,,,,,,,,,,,,,,,,,,,,,,,,,,,,,,,,,,,,,,,,
c_n6PUFQQX0_000011_000021.mp4,3,pumping fist,20.78,4.9,6.71,102,139,102,114,114,127,127,139,,,,,,,,,,,,,,,,,,,,,,,,,,,,,,,,,,,,,,,,,,,,,,,,,,,,,,,,,,,,,,,,,,,,,,,,,,,,,,,,,,,,,,,,,,,,,,,,,,,,,,,,,,,,,,,,,,,,,,,,,,,,,,,,,,,,,,,,
ffdmZfwyQ8I_000004_000014.mp4,3,pumping fist,23.98,0.0,1.04,0,25,0,8,8,17,17,25,,,,,,,,,,,,,,,,,,,,,,,,,,,,,,,,,,,,,,,,,,,,,,,,,,,,,,,,,,,,,,,,,,,,,,,,,,,,,,,,,,,,,,,,,,,,,,,,,,,,,,,,,,,,,,,,,,,,,,,,,,,,,,,,,,,,,,,,
fvXQm_IoAHA_000001_000011.mp4,12,pumping fist,16.91,2.36,7.18,40,121,40,47,47,54,54,60,60,67,67,74,74,80,80,87,87,94,94,101,101,108,108,114,114,121,,,,,,,,,,,,,,,,,,,,,,,,,,,,,,,,,,,,,,,,,,,,,,,,,,,,,,,,,,,,,,,,,,,,,,,,,,,,,,,,,,,,,,,,,,,,,,,,,,,,,,,,,,,,,,,,,,,,,,
gQ5zbcV-pF8_000016_000026.mp4,16,pumping fist,30.0,0.0,8.63,0,259,0,16,16,32,32,49,49,65,65,81,81,97,97,113,113,130,130,146,146,162,162,178,178,194,194,210,210,227,227,243,243,259,,,,,,,,,,,,,,,,,,,,,,,,,,,,,,,,,,,,,,,,,,,,,,,,,,,,,,,,,,,,,,,,,,,,,,,,,,,,,,,,,,,,,,,,,,,,,,,,,,,,,,,,,,,,,,
g3crA0_SYmE_000022_000032.mp4,14,pumping fist,30.0,0.0,7.07,0,212,0,15,15,30,30,45,45,61,61,76,76,91,91,106,106,121,121,136,136,151,151,167,167,182,182,197,197,212,,,,,,,,,,,,,,,,,,,,,,,,,,,,,,,,,,,,,,,,,,,,,,,,,,,,,,,,,,,,,,,,,,,,,,,,,,,,,,,,,,,,,,,,,,,,,,,,,,,,,,,,,,,,,,,,,,
g3crA0_SYmE_000022_000032.mp4,4,pumping fist,30.0,8.55,10.0,256,300,256,267,267,278,278,289,289,300,,,,,,,,,,,,,,,,,,,,,,,,,,,,,,,,,,,,,,,,,,,,,,,,,,,,,,,,,,,,,,,,,,,,,,,,,,,,,,,,,,,,,,,,,,,,,,,,,,,,,,,,,,,,,,,,,,,,,,,,,,,,,,,,,,,,,,
hj1qOLBAlb4_000042_000052.mp4,4,pumping fist,13.7,0.0,3.94,0,54,0,14,14,27,27,40,40,54,,,,,,,,,,,,,,,,,,,,,,,,,,,,,,,,,,,,,,,,,,,,,,,,,,,,,,,,,,,,,,,,,,,,,,,,,,,,,,,,,,,,,,,,,,,,,,,,,,,,,,,,,,,,,,,,,,,,,,,,,,,,,,,,,,,,,,
hj1qOLBAlb4_000042_000052.mp4,4,pumping fist,13.7,7.23,9.93,99,136,99,108,108,117,117,127,127,136,,,,,,,,,,,,,,,,,,,,,,,,,,,,,,,,,,,,,,,,,,,,,,,,,,,,,,,,,,,,,,,,,,,,,,,,,,,,,,,,,,,,,,,,,,,,,,,,,,,,,,,,,,,,,,,,,,,,,,,,,,,,,,,,,,,,,,
ijsDZfDIHXI_000001_000011.mp4,5,pumping fist,14.99,2.6,7.33,39,110,39,53,53,67,67,82,82,96,96,110,,,,,,,,,,,,,,,,,,,,,,,,,,,,,,,,,,,,,,,,,,,,,,,,,,,,,,,,,,,,,,,,,,,,,,,,,,,,,,,,,,,,,,,,,,,,,,,,,,,,,,,,,,,,,,,,,,,,,,,,,,,,,,,,,,,,
j-3NV9T23W0_000001_000011.mp4,13,pumping fist,29.97,0.0,5.83,0,175,0,13,13,27,27,40,40,54,54,67,67,81,81,94,94,108,108,121,121,135,135,148,148,162,162,175,,,,,,,,,,,,,,,,,,,,,,,,,,,,,,,,,,,,,,,,,,,,,,,,,,,,,,,,,,,,,,,,,,,,,,,,,,,,,,,,,,,,,,,,,,,,,,,,,,,,,,,,,,,,,,,,,,,,
kmmx-iSZn48_000008_000018.mp4,14,pumping fist,11.17,0.0,5.64,0,63,0,4,4,9,9,14,14,18,18,22,22,27,27,32,32,36,36,40,40,45,45,50,50,54,54,58,58,63,,,,,,,,,,,,,,,,,,,,,,,,,,,,,,,,,,,,,,,,,,,,,,,,,,,,,,,,,,,,,,,,,,,,,,,,,,,,,,,,,,,,,,,,,,,,,,,,,,,,,,,,,,,,,,,,,,
nuPp66HzRtM_000004_000014.mp4,4,pumping fist,30.0,0.0,2.77,0,83,0,21,21,42,42,62,62,83,,,,,,,,,,,,,,,,,,,,,,,,,,,,,,,,,,,,,,,,,,,,,,,,,,,,,,,,,,,,,,,,,,,,,,,,,,,,,,,,,,,,,,,,,,,,,,,,,,,,,,,,,,,,,,,,,,,,,,,,,,,,,,,,,,,,,,
oNpt-yBKseM_000012_000022.mp4,2,pumping fist,29.97,3.3,5.22,99,156,99,127,127,156,,,,,,,,,,,,,,,,,,,,,,,,,,,,,,,,,,,,,,,,,,,,,,,,,,,,,,,,,,,,,,,,,,,,,,,,,,,,,,,,,,,,,,,,,,,,,,,,,,,,,,,,,,,,,,,,,,,,,,,,,,,,,,,,,,,,,,,,,,
pER-DgfmIf8_000004_000014.mp4,16,pumping fist,9.21,0.0,3.48,0,32,0,2,2,4,4,6,6,8,8,10,10,12,12,14,14,16,16,18,18,20,20,22,22,24,24,26,26,28,28,30,30,32,,,,,,,,,,,,,,,,,,,,,,,,,,,,,,,,,,,,,,,,,,,,,,,,,,,,,,,,,,,,,,,,,,,,,,,,,,,,,,,,,,,,,,,,,,,,,,,,,,,,,,,,,,,,,,
pPBWFYdvFX8_000007_000017.mp4,9,pumping fist,10.33,0.0,5.23,0,54,0,6,6,12,12,18,18,24,24,30,30,36,36,42,42,48,48,54,,,,,,,,,,,,,,,,,,,,,,,,,,,,,,,,,,,,,,,,,,,,,,,,,,,,,,,,,,,,,,,,,,,,,,,,,,,,,,,,,,,,,,,,,,,,,,,,,,,,,,,,,,,,,,,,,,,,,,,,,,,,
sz997BtwGnQ_000001_000011.mp4,3,pumping fist,29.97,1.43,3.54,43,106,43,64,64,85,85,106,,,,,,,,,,,,,,,,,,,,,,,,,,,,,,,,,,,,,,,,,,,,,,,,,,,,,,,,,,,,,,,,,,,,,,,,,,,,,,,,,,,,,,,,,,,,,,,,,,,,,,,,,,,,,,,,,,,,,,,,,,,,,,,,,,,,,,,,
tdUhHeTNC3Q_000013_000023.mp4,4,pumping fist,29.97,4.0,5.67,120,170,120,132,132,145,145,158,158,170,,,,,,,,,,,,,,,,,,,,,,,,,,,,,,,,,,,,,,,,,,,,,,,,,,,,,,,,,,,,,,,,,,,,,,,,,,,,,,,,,,,,,,,,,,,,,,,,,,,,,,,,,,,,,,,,,,,,,,,,,,,,,,,,,,,,,,
uvJ2Cn1hs70_000013_000023.mp4,18,pumping fist,30.0,0.0,6.1,0,183,0,10,10,20,20,30,30,41,41,51,51,61,61,71,71,81,81,92,92,102,102,112,112,122,122,132,132,142,142,152,152,163,163,173,173,183,,,,,,,,,,,,,,,,,,,,,,,,,,,,,,,,,,,,,,,,,,,,,,,,,,,,,,,,,,,,,,,,,,,,,,,,,,,,,,,,,,,,,,,,,,,,,,,,,,,,,,,,,,
vgLDwN3Z_xE_000004_000014.mp4,13,pumping fist,30.0,2.77,9.97,83,299,83,100,100,116,116,133,133,149,149,166,166,183,183,199,199,216,216,233,233,249,249,266,266,282,282,299,,,,,,,,,,,,,,,,,,,,,,,,,,,,,,,,,,,,,,,,,,,,,,,,,,,,,,,,,,,,,,,,,,,,,,,,,,,,,,,,,,,,,,,,,,,,,,,,,,,,,,,,,,,,,,,,,,,,
vtRaw974fEQ_000000_000010.mp4,10,pumping fist,25.0,2.52,7.16,63,179,63,75,75,86,86,98,98,109,109,121,121,133,133,144,144,156,156,167,167,179,,,,,,,,,,,,,,,,,,,,,,,,,,,,,,,,,,,,,,,,,,,,,,,,,,,,,,,,,,,,,,,,,,,,,,,,,,,,,,,,,,,,,,,,,,,,,,,,,,,,,,,,,,,,,,,,,,,,,,,,,,
v-Xg2eYttIU_000049_000059.mp4,2,pumping fist,15.0,5.2,10.0,78,150,78,114,114,150,,,,,,,,,,,,,,,,,,,,,,,,,,,,,,,,,,,,,,,,,,,,,,,,,,,,,,,,,,,,,,,,,,,,,,,,,,,,,,,,,,,,,,,,,,,,,,,,,,,,,,,,,,,,,,,,,,,,,,,,,,,,,,,,,,,,,,,,,,
w5b-vXeRPrY_000027_000037.mp4,2,pumping fist,25.0,0.0,1.32,0,33,0,16,16,33,,,,,,,,,,,,,,,,,,,,,,,,,,,,,,,,,,,,,,,,,,,,,,,,,,,,,,,,,,,,,,,,,,,,,,,,,,,,,,,,,,,,,,,,,,,,,,,,,,,,,,,,,,,,,,,,,,,,,,,,,,,,,,,,,,,,,,,,,,
2-rwZCXq1tk_000002_000012.mp4,4,pumping fist,29.97,3.9,9.73,117,292,117,161,161,205,205,248,248,292,,,,,,,,,,,,,,,,,,,,,,,,,,,,,,,,,,,,,,,,,,,,,,,,,,,,,,,,,,,,,,,,,,,,,,,,,,,,,,,,,,,,,,,,,,,,,,,,,,,,,,,,,,,,,,,,,,,,,,,,,,,,,,,,,,,,,,
3W9iTNcztZU_000000_000010.mp4,2,pumping fist,15.0,2.43,5.3,36,80,36,58,58,80,,,,,,,,,,,,,,,,,,,,,,,,,,,,,,,,,,,,,,,,,,,,,,,,,,,,,,,,,,,,,,,,,,,,,,,,,,,,,,,,,,,,,,,,,,,,,,,,,,,,,,,,,,,,,,,,,,,,,,,,,,,,,,,,,,,,,,,,,,
4oKpogi_MM8_000002_000012.mp4,7,pumping fist,29.97,0.0,3.64,0,109,0,16,16,31,31,47,47,62,62,78,78,93,93,109,,,,,,,,,,,,,,,,,,,,,,,,,,,,,,,,,,,,,,,,,,,,,,,,,,,,,,,,,,,,,,,,,,,,,,,,,,,,,,,,,,,,,,,,,,,,,,,,,,,,,,,,,,,,,,,,,,,,,,,,,,,,,,,,
7egSg_SmvmU_000069_000079.mp4,9,pumping fist,24.0,3.71,10.0,89,240,89,106,106,123,123,139,139,156,156,173,173,190,190,206,206,223,223,240,,,,,,,,,,,,,,,,,,,,,,,,,,,,,,,,,,,,,,,,,,,,,,,,,,,,,,,,,,,,,,,,,,,,,,,,,,,,,,,,,,,,,,,,,,,,,,,,,,,,,,,,,,,,,,,,,,,,,,,,,,,,
9V8A1e8U8Dw_000006_000016.mp4,21,pumping fist,30.0,1.87,10.0,56,300,56,68,68,79,79,91,91,102,102,114,114,126,126,137,137,149,149,161,161,172,172,184,184,195,195,207,207,219,219,230,230,242,242,254,254,265,265,277,277,288,288,300,,,,,,,,,,,,,,,,,,,,,,,,,,,,,,,,,,,,,,,,,,,,,,,,,,,,,,,,,,,,,,,,,,,,,,,,,,,,,,,,,,,,,,,,,,,,,,,,,,,,
9iI3GWiSD-E_000003_000013.mp4,21,pumping fist,29.92,0.0,9.96,0,298,0,14,14,28,28,43,43,57,57,71,71,85,85,99,99,114,114,128,128,142,142,156,156,170,170,184,184,199,199,213,213,227,227,241,241,255,255,270,270,284,284,298,,,,,,,,,,,,,,,,,,,,,,,,,,,,,,,,,,,,,,,,,,,,,,,,,,,,,,,,,,,,,,,,,,,,,,,,,,,,,,,,,,,,,,,,,,,,,,,,,,,,
Ao7exaIcpaY_000451_000461.mp4,3,push up,29.97,0.0,5.24,0,157,0,52,52,105,105,157,,,,,,,,,,,,,,,,,,,,,,,,,,,,,,,,,,,,,,,,,,,,,,,,,,,,,,,,,,,,,,,,,,,,,,,,,,,,,,,,,,,,,,,,,,,,,,,,,,,,,,,,,,,,,,,,,,,,,,,,,,,,,,,,,,,,,,,,
CnXUdZq7bBc_000002_000012.mp4,5,push up,30.0,0.93,10.0,28,300,28,82,82,137,137,191,191,246,246,300,,,,,,,,,,,,,,,,,,,,,,,,,,,,,,,,,,,,,,,,,,,,,,,,,,,,,,,,,,,,,,,,,,,,,,,,,,,,,,,,,,,,,,,,,,,,,,,,,,,,,,,,,,,,,,,,,,,,,,,,,,,,,,,,,,,,
DP5RiHOjxdE_000004_000014.mp4,2,push up,30.0,0.0,3.18,0,95,0,48,48,95,,,,,,,,,,,,,,,,,,,,,,,,,,,,,,,,,,,,,,,,,,,,,,,,,,,,,,,,,,,,,,,,,,,,,,,,,,,,,,,,,,,,,,,,,,,,,,,,,,,,,,,,,,,,,,,,,,,,,,,,,,,,,,,,,,,,,,,,,,
ErGscxt3t_Q_000061_000071.mp4,6,push up,19.92,0.0,5.12,0,102,0,17,17,34,34,51,51,68,68,85,85,102,,,,,,,,,,,,,,,,,,,,,,,,,,,,,,,,,,,,,,,,,,,,,,,,,,,,,,,,,,,,,,,,,,,,,,,,,,,,,,,,,,,,,,,,,,,,,,,,,,,,,,,,,,,,,,,,,,,,,,,,,,,,,,,,,,
ErGscxt3t_Q_000061_000071.mp4,4,push up,19.92,6.2,9.99,123,199,123,142,142,161,161,180,180,199,,,,,,,,,,,,,,,,,,,,,,,,,,,,,,,,,,,,,,,,,,,,,,,,,,,,,,,,,,,,,,,,,,,,,,,,,,,,,,,,,,,,,,,,,,,,,,,,,,,,,,,,,,,,,,,,,,,,,,,,,,,,,,,,,,,,,,
FIY9yDhVSRk_000002_000012.mp4,6,push up,29.97,0.0,9.98,0,299,0,50,50,100,100,150,150,199,199,249,249,299,,,,,,,,,,,,,,,,,,,,,,,,,,,,,,,,,,,,,,,,,,,,,,,,,,,,,,,,,,,,,,,,,,,,,,,,,,,,,,,,,,,,,,,,,,,,,,,,,,,,,,,,,,,,,,,,,,,,,,,,,,,,,,,,,,
GDDNo4blYwg_000001_000011.mp4,2,push up,24.92,1.61,6.86,40,171,40,106,106,171,,,,,,,,,,,,,,,,,,,,,,,,,,,,,,,,,,,,,,,,,,,,,,,,,,,,,,,,,,,,,,,,,,,,,,,,,,,,,,,,,,,,,,,,,,,,,,,,,,,,,,,,,,,,,,,,,,,,,,,,,,,,,,,,,,,,,,,,,,
G1E_vGTK4PI_000011_000021.mp4,5,push up,30.0,0.73,10.0,22,300,22,78,78,133,133,189,189,244,244,300,,,,,,,,,,,,,,,,,,,,,,,,,,,,,,,,,,,,,,,,,,,,,,,,,,,,,,,,,,,,,,,,,,,,,,,,,,,,,,,,,,,,,,,,,,,,,,,,,,,,,,,,,,,,,,,,,,,,,,,,,,,,,,,,,,,,
G-_DB4PFkdw_000013_000023.mp4,2,push up,23.97,4.25,9.97,102,239,102,170,170,239,,,,,,,,,,,,,,,,,,,,,,,,,,,,,,,,,,,,,,,,,,,,,,,,,,,,,,,,,,,,,,,,,,,,,,,,,,,,,,,,,,,,,,,,,,,,,,,,,,,,,,,,,,,,,,,,,,,,,,,,,,,,,,,,,,,,,,,,,,
HC0Zfmb0BaA_000018_000028.mp4,3,push up,29.81,0.0,6.17,0,184,0,61,61,123,123,184,,,,,,,,,,,,,,,,,,,,,,,,,,,,,,,,,,,,,,,,,,,,,,,,,,,,,,,,,,,,,,,,,,,,,,,,,,,,,,,,,,,,,,,,,,,,,,,,,,,,,,,,,,,,,,,,,,,,,,,,,,,,,,,,,,,,,,,,
Her-N-H0XuA_000000_000010.mp4,3,push up,29.97,0.0,5.81,0,174,0,58,58,116,116,174,,,,,,,,,,,,,,,,,,,,,,,,,,,,,,,,,,,,,,,,,,,,,,,,,,,,,,,,,,,,,,,,,,,,,,,,,,,,,,,,,,,,,,,,,,,,,,,,,,,,,,,,,,,,,,,,,,,,,,,,,,,,,,,,,,,,,,,,
HuPElYmJkSM_000000_000010.mp4,2,push up,29.97,4.64,9.98,139,299,139,219,219,299,,,,,,,,,,,,,,,,,,,,,,,,,,,,,,,,,,,,,,,,,,,,,,,,,,,,,,,,,,,,,,,,,,,,,,,,,,,,,,,,,,,,,,,,,,,,,,,,,,,,,,,,,,,,,,,,,,,,,,,,,,,,,,,,,,,,,,,,,,
H3jFGyezU40_000004_000014.mp4,3,push up,29.97,1.03,9.01,31,270,31,111,111,190,190,270,,,,,,,,,,,,,,,,,,,,,,,,,,,,,,,,,,,,,,,,,,,,,,,,,,,,,,,,,,,,,,,,,,,,,,,,,,,,,,,,,,,,,,,,,,,,,,,,,,,,,,,,,,,,,,,,,,,,,,,,,,,,,,,,,,,,,,,,
IGa1LkBsHr0_000000_000010.mp4,3,push up,23.98,3.15,9.97,76,239,76,130,130,185,185,239,,,,,,,,,,,,,,,,,,,,,,,,,,,,,,,,,,,,,,,,,,,,,,,,,,,,,,,,,,,,,,,,,,,,,,,,,,,,,,,,,,,,,,,,,,,,,,,,,,,,,,,,,,,,,,,,,,,,,,,,,,,,,,,,,,,,,,,,
Id6sSnT2Ug4_000042_000052.mp4,3,push up,30.0,3.77,10.0,113,300,113,175,175,238,238,300,,,,,,,,,,,,,,,,,,,,,,,,,,,,,,,,,,,,,,,,,,,,,,,,,,,,,,,,,,,,,,,,,,,,,,,,,,,,,,,,,,,,,,,,,,,,,,,,,,,,,,,,,,,,,,,,,,,,,,,,,,,,,,,,,,,,,,,,
I5x_x9JJM-I_000002_000012.mp4,2,push up,24.0,0.5,10.0,12,240,12,126,126,240,,,,,,,,,,,,,,,,,,,,,,,,,,,,,,,,,,,,,,,,,,,,,,,,,,,,,,,,,,,,,,,,,,,,,,,,,,,,,,,,,,,,,,,,,,,,,,,,,,,,,,,,,,,,,,,,,,,,,,,,,,,,,,,,,,,,,,,,,,
JxSRn4zMND8_000022_000032.mp4,4,push up,15.0,0.0,4.0,0,60,0,15,15,30,30,45,45,60,,,,,,,,,,,,,,,,,,,,,,,,,,,,,,,,,,,,,,,,,,,,,,,,,,,,,,,,,,,,,,,,,,,,,,,,,,,,,,,,,,,,,,,,,,,,,,,,,,,,,,,,,,,,,,,,,,,,,,,,,,,,,,,,,,,,,,
J5UH-E8zclg_000000_000010.mp4,9,push up,30.0,0.0,10.0,0,300,0,33,33,67,67,100,100,133,133,167,167,200,200,233,233,267,267,300,,,,,,,,,,,,,,,,,,,,,,,,,,,,,,,,,,,,,,,,,,,,,,,,,,,,,,,,,,,,,,,,,,,,,,,,,,,,,,,,,,,,,,,,,,,,,,,,,,,,,,,,,,,,,,,,,,,,,,,,,,,,
KbfkqJrgRKY_000013_000023.mp4,5,push up,30.0,0.0,10.0,0,300,0,60,60,120,120,180,180,240,240,300,,,,,,,,,,,,,,,,,,,,,,,,,,,,,,,,,,,,,,,,,,,,,,,,,,,,,,,,,,,,,,,,,,,,,,,,,,,,,,,,,,,,,,,,,,,,,,,,,,,,,,,,,,,,,,,,,,,,,,,,,,,,,,,,,,,,
K0UwjwmKsXs_000001_000011.mp4,2,push up,30.0,1.3,7.8,39,234,39,137,137,234,,,,,,,,,,,,,,,,,,,,,,,,,,,,,,,,,,,,,,,,,,,,,,,,,,,,,,,,,,,,,,,,,,,,,,,,,,,,,,,,,,,,,,,,,,,,,,,,,,,,,,,,,,,,,,,,,,,,,,,,,,,,,,,,,,,,,,,,,,
LiRRgqFRdss_000000_000010.mp4,5,push up,29.97,0.0,9.71,0,291,0,58,58,116,116,175,175,233,233,291,,,,,,,,,,,,,,,,,,,,,,,,,,,,,,,,,,,,,,,,,,,,,,,,,,,,,,,,,,,,,,,,,,,,,,,,,,,,,,,,,,,,,,,,,,,,,,,,,,,,,,,,,,,,,,,,,,,,,,,,,,,,,,,,,,,,
MXtr11J0iDQ_000000_000010.mp4,2,push up,29.97,3.37,9.98,101,299,101,200,200,299,,,,,,,,,,,,,,,,,,,,,,,,,,,,,,,,,,,,,,,,,,,,,,,,,,,,,,,,,,,,,,,,,,,,,,,,,,,,,,,,,,,,,,,,,,,,,,,,,,,,,,,,,,,,,,,,,,,,,,,,,,,,,,,,,,,,,,,,,,
M065ZpAKuyY_000030_000040.mp4,6,push up,30.0,0.0,10.0,0,300,0,50,50,100,100,150,150,200,200,250,250,300,,,,,,,,,,,,,,,,,,,,,,,,,,,,,,,,,,,,,,,,,,,,,,,,,,,,,,,,,,,,,,,,,,,,,,,,,,,,,,,,,,,,,,,,,,,,,,,,,,,,,,,,,,,,,,,,,,,,,,,,,,,,,,,,,,
NC0-2f9j_JA_000010_000020.mp4,2,push up,29.97,1.1,9.98,33,299,33,166,166,299,,,,,,,,,,,,,,,,,,,,,,,,,,,,,,,,,,,,,,,,,,,,,,,,,,,,,,,,,,,,,,,,,,,,,,,,,,,,,,,,,,,,,,,,,,,,,,,,,,,,,,,,,,,,,,,,,,,,,,,,,,,,,,,,,,,,,,,,,,
NdO9CtNi5O4_000113_000123.mp4,6,push up,29.97,0.0,5.51,0,165,0,28,28,55,55,82,82,110,110,138,138,165,,,,,,,,,,,,,,,,,,,,,,,,,,,,,,,,,,,,,,,,,,,,,,,,,,,,,,,,,,,,,,,,,,,,,,,,,,,,,,,,,,,,,,,,,,,,,,,,,,,,,,,,,,,,,,,,,,,,,,,,,,,,,,,,,,
OaXW4R2pnSo_000020_000030.mp4,2,push up,24.0,0.0,5.08,0,122,0,61,61,122,,,,,,,,,,,,,,,,,,,,,,,,,,,,,,,,,,,,,,,,,,,,,,,,,,,,,,,,,,,,,,,,,,,,,,,,,,,,,,,,,,,,,,,,,,,,,,,,,,,,,,,,,,,,,,,,,,,,,,,,,,,,,,,,,,,,,,,,,,
Py0A9wWkWao_000198_000208.mp4,5,push up,25.0,0.0,4.12,0,103,0,21,21,41,41,62,62,82,82,103,,,,,,,,,,,,,,,,,,,,,,,,,,,,,,,,,,,,,,,,,,,,,,,,,,,,,,,,,,,,,,,,,,,,,,,,,,,,,,,,,,,,,,,,,,,,,,,,,,,,,,,,,,,,,,,,,,,,,,,,,,,,,,,,,,,,
Q1tc0M0ot8Q_000000_000010.mp4,3,push up,30.0,6.47,10.0,194,300,194,229,229,265,265,300,,,,,,,,,,,,,,,,,,,,,,,,,,,,,,,,,,,,,,,,,,,,,,,,,,,,,,,,,,,,,,,,,,,,,,,,,,,,,,,,,,,,,,,,,,,,,,,,,,,,,,,,,,,,,,,,,,,,,,,,,,,,,,,,,,,,,,,,
RRzj1ZjFrnw_000050_000060.mp4,2,push up,29.97,1.57,7.37,47,221,47,134,134,221,,,,,,,,,,,,,,,,,,,,,,,,,,,,,,,,,,,,,,,,,,,,,,,,,,,,,,,,,,,,,,,,,,,,,,,,,,,,,,,,,,,,,,,,,,,,,,,,,,,,,,,,,,,,,,,,,,,,,,,,,,,,,,,,,,,,,,,,,,
SB5cHBrvR_k_000024_000034.mp4,3,push up,29.5,0.0,4.2,0,124,0,41,41,83,83,124,,,,,,,,,,,,,,,,,,,,,,,,,,,,,,,,,,,,,,,,,,,,,,,,,,,,,,,,,,,,,,,,,,,,,,,,,,,,,,,,,,,,,,,,,,,,,,,,,,,,,,,,,,,,,,,,,,,,,,,,,,,,,,,,,,,,,,,,
SV2TfzJ7Qv4_000005_000015.mp4,5,push up,30.0,0.0,4.27,0,128,0,26,26,51,51,77,77,102,102,128,,,,,,,,,,,,,,,,,,,,,,,,,,,,,,,,,,,,,,,,,,,,,,,,,,,,,,,,,,,,,,,,,,,,,,,,,,,,,,,,,,,,,,,,,,,,,,,,,,,,,,,,,,,,,,,,,,,,,,,,,,,,,,,,,,,,
TpVucPxEEjY_000011_000021.mp4,5,push up,30.0,0.0,10.0,0,300,0,60,60,120,120,180,180,240,240,300,,,,,,,,,,,,,,,,,,,,,,,,,,,,,,,,,,,,,,,,,,,,,,,,,,,,,,,,,,,,,,,,,,,,,,,,,,,,,,,,,,,,,,,,,,,,,,,,,,,,,,,,,,,,,,,,,,,,,,,,,,,,,,,,,,,,
T9odnWLsJNo_000037_000047.mp4,2,push up,30.0,0.0,1.9,0,57,0,28,28,57,,,,,,,,,,,,,,,,,,,,,,,,,,,,,,,,,,,,,,,,,,,,,,,,,,,,,,,,,,,,,,,,,,,,,,,,,,,,,,,,,,,,,,,,,,,,,,,,,,,,,,,,,,,,,,,,,,,,,,,,,,,,,,,,,,,,,,,,,,
V5b4W8-VsuE_000001_000011.mp4,2,push up,29.97,5.82,8.48,174,254,174,214,214,254,,,,,,,,,,,,,,,,,,,,,,,,,,,,,,,,,,,,,,,,,,,,,,,,,,,,,,,,,,,,,,,,,,,,,,,,,,,,,,,,,,,,,,,,,,,,,,,,,,,,,,,,,,,,,,,,,,,,,,,,,,,,,,,,,,,,,,,,,,
WHtxC3mCGIQ_000000_000010.mp4,4,push up,30.0,1.37,10.0,41,300,41,106,106,171,171,235,235,300,,,,,,,,,,,,,,,,,,,,,,,,,,,,,,,,,,,,,,,,,,,,,,,,,,,,,,,,,,,,,,,,,,,,,,,,,,,,,,,,,,,,,,,,,,,,,,,,,,,,,,,,,,,,,,,,,,,,,,,,,,,,,,,,,,,,,,
Wba1CfX_V-g_000005_000015.mp4,3,push up,29.97,0.0,6.41,0,192,0,64,64,128,128,192,,,,,,,,,,,,,,,,,,,,,,,,,,,,,,,,,,,,,,,,,,,,,,,,,,,,,,,,,,,,,,,,,,,,,,,,,,,,,,,,,,,,,,,,,,,,,,,,,,,,,,,,,,,,,,,,,,,,,,,,,,,,,,,,,,,,,,,,
Wyojc0Clzsk_000074_000084.mp4,7,push up,25.0,0.0,6.56,0,164,0,23,23,47,47,70,70,94,94,117,117,141,141,164,,,,,,,,,,,,,,,,,,,,,,,,,,,,,,,,,,,,,,,,,,,,,,,,,,,,,,,,,,,,,,,,,,,,,,,,,,,,,,,,,,,,,,,,,,,,,,,,,,,,,,,,,,,,,,,,,,,,,,,,,,,,,,,,
XBbhsHyE7lQ_000041_000051.mp4,3,push up,23.98,0.0,8.97,0,215,0,72,72,143,143,215,,,,,,,,,,,,,,,,,,,,,,,,,,,,,,,,,,,,,,,,,,,,,,,,,,,,,,,,,,,,,,,,,,,,,,,,,,,,,,,,,,,,,,,,,,,,,,,,,,,,,,,,,,,,,,,,,,,,,,,,,,,,,,,,,,,,,,,,
Y4KxhBCgypY_000004_000014.mp4,3,push up,30.0,0.0,9.83,0,295,0,98,98,197,197,295,,,,,,,,,,,,,,,,,,,,,,,,,,,,,,,,,,,,,,,,,,,,,,,,,,,,,,,,,,,,,,,,,,,,,,,,,,,,,,,,,,,,,,,,,,,,,,,,,,,,,,,,,,,,,,,,,,,,,,,,,,,,,,,,,,,,,,,,
ZuCAObqE5FA_000071_000081.mp4,5,push up,8.0,0.0,4.38,0,35,0,7,7,14,14,21,21,28,28,35,,,,,,,,,,,,,,,,,,,,,,,,,,,,,,,,,,,,,,,,,,,,,,,,,,,,,,,,,,,,,,,,,,,,,,,,,,,,,,,,,,,,,,,,,,,,,,,,,,,,,,,,,,,,,,,,,,,,,,,,,,,,,,,,,,,,
ZuCAObqE5FA_000071_000081.mp4,3,push up,8.0,5.19,7.5,42,60,42,48,48,54,54,60,,,,,,,,,,,,,,,,,,,,,,,,,,,,,,,,,,,,,,,,,,,,,,,,,,,,,,,,,,,,,,,,,,,,,,,,,,,,,,,,,,,,,,,,,,,,,,,,,,,,,,,,,,,,,,,,,,,,,,,,,,,,,,,,,,,,,,,,
abgmV0xuCrk_000000_000010.mp4,5,push up,30.0,0.0,8.33,0,250,0,50,50,100,100,150,150,200,200,250,,,,,,,,,,,,,,,,,,,,,,,,,,,,,,,,,,,,,,,,,,,,,,,,,,,,,,,,,,,,,,,,,,,,,,,,,,,,,,,,,,,,,,,,,,,,,,,,,,,,,,,,,,,,,,,,,,,,,,,,,,,,,,,,,,,,
a2LBOKwdPcQ_000012_000022.mp4,3,push up,29.97,0.0,6.01,0,180,0,60,60,120,120,180,,,,,,,,,,,,,,,,,,,,,,,,,,,,,,,,,,,,,,,,,,,,,,,,,,,,,,,,,,,,,,,,,,,,,,,,,,,,,,,,,,,,,,,,,,,,,,,,,,,,,,,,,,,,,,,,,,,,,,,,,,,,,,,,,,,,,,,,
bX15GI0K2tI_000017_000027.mp4,6,push up,20.03,0.0,5.39,0,108,0,18,18,36,36,54,54,72,72,90,90,108,,,,,,,,,,,,,,,,,,,,,,,,,,,,,,,,,,,,,,,,,,,,,,,,,,,,,,,,,,,,,,,,,,,,,,,,,,,,,,,,,,,,,,,,,,,,,,,,,,,,,,,,,,,,,,,,,,,,,,,,,,,,,,,,,,
cRzgxM3TXBQ_000199_000209.mp4,4,push up,29.68,4.72,9.97,140,296,140,179,179,218,218,257,257,296,,,,,,,,,,,,,,,,,,,,,,,,,,,,,,,,,,,,,,,,,,,,,,,,,,,,,,,,,,,,,,,,,,,,,,,,,,,,,,,,,,,,,,,,,,,,,,,,,,,,,,,,,,,,,,,,,,,,,,,,,,,,,,,,,,,,,,
dDJ0XSTFR-8_000089_000099.mp4,2,push up,25.0,0.0,10.0,0,250,0,125,125,250,,,,,,,,,,,,,,,,,,,,,,,,,,,,,,,,,,,,,,,,,,,,,,,,,,,,,,,,,,,,,,,,,,,,,,,,,,,,,,,,,,,,,,,,,,,,,,,,,,,,,,,,,,,,,,,,,,,,,,,,,,,,,,,,,,,,,,,,,,
dh7h-JxMpvE_000014_000024.mp4,3,push up,30.0,0.0,8.73,0,262,0,87,87,175,175,262,,,,,,,,,,,,,,,,,,,,,,,,,,,,,,,,,,,,,,,,,,,,,,,,,,,,,,,,,,,,,,,,,,,,,,,,,,,,,,,,,,,,,,,,,,,,,,,,,,,,,,,,,,,,,,,,,,,,,,,,,,,,,,,,,,,,,,,,
eADfklkBhuc_000170_000180.mp4,2,push up,29.81,0.0,4.19,0,125,0,62,62,125,,,,,,,,,,,,,,,,,,,,,,,,,,,,,,,,,,,,,,,,,,,,,,,,,,,,,,,,,,,,,,,,,,,,,,,,,,,,,,,,,,,,,,,,,,,,,,,,,,,,,,,,,,,,,,,,,,,,,,,,,,,,,,,,,,,,,,,,,,
eCJQXspc-wc_000007_000017.mp4,2,push up,25.0,0.0,5.36,0,134,0,67,67,134,,,,,,,,,,,,,,,,,,,,,,,,,,,,,,,,,,,,,,,,,,,,,,,,,,,,,,,,,,,,,,,,,,,,,,,,,,,,,,,,,,,,,,,,,,,,,,,,,,,,,,,,,,,,,,,,,,,,,,,,,,,,,,,,,,,,,,,,,,
ekhHO6lmWVM_000133_000143.mp4,3,push up,30.0,7.7,10.0,231,300,231,254,254,277,277,300,,,,,,,,,,,,,,,,,,,,,,,,,,,,,,,,,,,,,,,,,,,,,,,,,,,,,,,,,,,,,,,,,,,,,,,,,,,,,,,,,,,,,,,,,,,,,,,,,,,,,,,,,,,,,,,,,,,,,,,,,,,,,,,,,,,,,,,,
f2AfRV7qCnE_000006_000016.mp4,5,push up,29.97,0.0,9.98,0,299,0,60,60,120,120,179,179,239,239,299,,,,,,,,,,,,,,,,,,,,,,,,,,,,,,,,,,,,,,,,,,,,,,,,,,,,,,,,,,,,,,,,,,,,,,,,,,,,,,,,,,,,,,,,,,,,,,,,,,,,,,,,,,,,,,,,,,,,,,,,,,,,,,,,,,,,
gunrbtpgbdg_000002_000012.mp4,4,push up,29.97,0.0,9.44,0,283,0,71,71,142,142,212,212,283,,,,,,,,,,,,,,,,,,,,,,,,,,,,,,,,,,,,,,,,,,,,,,,,,,,,,,,,,,,,,,,,,,,,,,,,,,,,,,,,,,,,,,,,,,,,,,,,,,,,,,,,,,,,,,,,,,,,,,,,,,,,,,,,,,,,,,
hdgTCJym5RQ_000006_000016.mp4,3,push up,30.0,0.0,10.0,0,300,0,100,100,200,200,300,,,,,,,,,,,,,,,,,,,,,,,,,,,,,,,,,,,,,,,,,,,,,,,,,,,,,,,,,,,,,,,,,,,,,,,,,,,,,,,,,,,,,,,,,,,,,,,,,,,,,,,,,,,,,,,,,,,,,,,,,,,,,,,,,,,,,,,,
hmmHo5cNFLI_000010_000020.mp4,3,push up,30.0,0.0,6.1,0,183,0,61,61,122,122,183,,,,,,,,,,,,,,,,,,,,,,,,,,,,,,,,,,,,,,,,,,,,,,,,,,,,,,,,,,,,,,,,,,,,,,,,,,,,,,,,,,,,,,,,,,,,,,,,,,,,,,,,,,,,,,,,,,,,,,,,,,,,,,,,,,,,,,,,
jCxVv9RSgZ8_000025_000035.mp4,3,push up,30.0,6.43,10.0,193,300,193,229,229,264,264,300,,,,,,,,,,,,,,,,,,,,,,,,,,,,,,,,,,,,,,,,,,,,,,,,,,,,,,,,,,,,,,,,,,,,,,,,,,,,,,,,,,,,,,,,,,,,,,,,,,,,,,,,,,,,,,,,,,,,,,,,,,,,,,,,,,,,,,,,
jGbDC5Bvkqw_000010_000020.mp4,3,push up,30.0,0.0,5.53,0,166,0,55,55,111,111,166,,,,,,,,,,,,,,,,,,,,,,,,,,,,,,,,,,,,,,,,,,,,,,,,,,,,,,,,,,,,,,,,,,,,,,,,,,,,,,,,,,,,,,,,,,,,,,,,,,,,,,,,,,,,,,,,,,,,,,,,,,,,,,,,,,,,,,,,
jkNsir4WeqU_000021_000031.mp4,2,push up,11.61,0.0,3.62,0,42,0,21,21,42,,,,,,,,,,,,,,,,,,,,,,,,,,,,,,,,,,,,,,,,,,,,,,,,,,,,,,,,,,,,,,,,,,,,,,,,,,,,,,,,,,,,,,,,,,,,,,,,,,,,,,,,,,,,,,,,,,,,,,,,,,,,,,,,,,,,,,,,,,
kxv73he4kDU_000031_000041.mp4,11,push up,29.97,0.0,9.94,0,298,0,27,27,54,54,81,81,108,108,135,135,163,163,190,190,217,217,244,244,271,271,298,,,,,,,,,,,,,,,,,,,,,,,,,,,,,,,,,,,,,,,,,,,,,,,,,,,,,,,,,,,,,,,,,,,,,,,,,,,,,,,,,,,,,,,,,,,,,,,,,,,,,,,,,,,,,,,,,,,,,,,,
k53ogCacHIQ_000058_000068.mp4,4,push up,29.97,0.0,4.3,0,129,0,32,32,64,64,97,97,129,,,,,,,,,,,,,,,,,,,,,,,,,,,,,,,,,,,,,,,,,,,,,,,,,,,,,,,,,,,,,,,,,,,,,,,,,,,,,,,,,,,,,,,,,,,,,,,,,,,,,,,,,,,,,,,,,,,,,,,,,,,,,,,,,,,,,,
l5S2XPBkw4k_000001_000011.mp4,3,push up,30.0,0.0,10.0,0,300,0,100,100,200,200,300,,,,,,,,,,,,,,,,,,,,,,,,,,,,,,,,,,,,,,,,,,,,,,,,,,,,,,,,,,,,,,,,,,,,,,,,,,,,,,,,,,,,,,,,,,,,,,,,,,,,,,,,,,,,,,,,,,,,,,,,,,,,,,,,,,,,,,,,
miNX6dg_arc_000160_000170.mp4,6,push up,29.97,0.0,8.49,0,254,0,42,42,85,85,127,127,169,169,212,212,254,,,,,,,,,,,,,,,,,,,,,,,,,,,,,,,,,,,,,,,,,,,,,,,,,,,,,,,,,,,,,,,,,,,,,,,,,,,,,,,,,,,,,,,,,,,,,,,,,,,,,,,,,,,,,,,,,,,,,,,,,,,,,,,,,,
m408i9NFQIY_000002_000012.mp4,3,push up,29.97,1.87,9.13,56,274,56,129,129,201,201,274,,,,,,,,,,,,,,,,,,,,,,,,,,,,,,,,,,,,,,,,,,,,,,,,,,,,,,,,,,,,,,,,,,,,,,,,,,,,,,,,,,,,,,,,,,,,,,,,,,,,,,,,,,,,,,,,,,,,,,,,,,,,,,,,,,,,,,,,
m-PPEGH6NnU_000005_000015.mp4,5,push up,29.97,0.0,9.21,0,276,0,55,55,110,110,166,166,221,221,276,,,,,,,,,,,,,,,,,,,,,,,,,,,,,,,,,,,,,,,,,,,,,,,,,,,,,,,,,,,,,,,,,,,,,,,,,,,,,,,,,,,,,,,,,,,,,,,,,,,,,,,,,,,,,,,,,,,,,,,,,,,,,,,,,,,,
nHal5q656nM_000013_000023.mp4,3,push up,29.97,0.0,7.27,0,218,0,73,73,145,145,218,,,,,,,,,,,,,,,,,,,,,,,,,,,,,,,,,,,,,,,,,,,,,,,,,,,,,,,,,,,,,,,,,,,,,,,,,,,,,,,,,,,,,,,,,,,,,,,,,,,,,,,,,,,,,,,,,,,,,,,,,,,,,,,,,,,,,,,,
nkLICaRvBcc_000022_000032.mp4,2,push up,29.97,5.01,9.31,150,279,150,214,214,279,,,,,,,,,,,,,,,,,,,,,,,,,,,,,,,,,,,,,,,,,,,,,,,,,,,,,,,,,,,,,,,,,,,,,,,,,,,,,,,,,,,,,,,,,,,,,,,,,,,,,,,,,,,,,,,,,,,,,,,,,,,,,,,,,,,,,,,,,,
nownoHeS1o0_000048_000058.mp4,5,push up,29.97,0.0,4.6,0,138,0,28,28,55,55,83,83,110,110,138,,,,,,,,,,,,,,,,,,,,,,,,,,,,,,,,,,,,,,,,,,,,,,,,,,,,,,,,,,,,,,,,,,,,,,,,,,,,,,,,,,,,,,,,,,,,,,,,,,,,,,,,,,,,,,,,,,,,,,,,,,,,,,,,,,,,
n4M5qV8mJx8_000154_000164.mp4,2,push up,25.0,0.0,2.64,0,66,0,33,33,66,,,,,,,,,,,,,,,,,,,,,,,,,,,,,,,,,,,,,,,,,,,,,,,,,,,,,,,,,,,,,,,,,,,,,,,,,,,,,,,,,,,,,,,,,,,,,,,,,,,,,,,,,,,,,,,,,,,,,,,,,,,,,,,,,,,,,,,,,,
obz3O4z-3ek_000020_000030.mp4,7,push up,15.0,0.0,8.67,0,130,0,19,19,37,37,56,56,74,74,93,93,111,111,130,,,,,,,,,,,,,,,,,,,,,,,,,,,,,,,,,,,,,,,,,,,,,,,,,,,,,,,,,,,,,,,,,,,,,,,,,,,,,,,,,,,,,,,,,,,,,,,,,,,,,,,,,,,,,,,,,,,,,,,,,,,,,,,,
ogWXu54IOn0_000000_000010.mp4,4,push up,29.97,2.57,6.71,77,201,77,108,108,139,139,170,170,201,,,,,,,,,,,,,,,,,,,,,,,,,,,,,,,,,,,,,,,,,,,,,,,,,,,,,,,,,,,,,,,,,,,,,,,,,,,,,,,,,,,,,,,,,,,,,,,,,,,,,,,,,,,,,,,,,,,,,,,,,,,,,,,,,,,,,,
o-MFiXz3hYA_000012_000022.mp4,8,push up,16.42,0.0,9.99,0,164,0,20,20,41,41,62,62,82,82,102,102,123,123,144,144,164,,,,,,,,,,,,,,,,,,,,,,,,,,,,,,,,,,,,,,,,,,,,,,,,,,,,,,,,,,,,,,,,,,,,,,,,,,,,,,,,,,,,,,,,,,,,,,,,,,,,,,,,,,,,,,,,,,,,,,,,,,,,,,
pCWdCVKE2qo_000000_000010.mp4,4,push up,29.97,0.0,6.21,0,186,0,46,46,93,93,140,140,186,,,,,,,,,,,,,,,,,,,,,,,,,,,,,,,,,,,,,,,,,,,,,,,,,,,,,,,,,,,,,,,,,,,,,,,,,,,,,,,,,,,,,,,,,,,,,,,,,,,,,,,,,,,,,,,,,,,,,,,,,,,,,,,,,,,,,,
peKDv8NQfiA_000007_000017.mp4,3,push up,30.0,0.0,9.23,0,277,0,92,92,185,185,277,,,,,,,,,,,,,,,,,,,,,,,,,,,,,,,,,,,,,,,,,,,,,,,,,,,,,,,,,,,,,,,,,,,,,,,,,,,,,,,,,,,,,,,,,,,,,,,,,,,,,,,,,,,,,,,,,,,,,,,,,,,,,,,,,,,,,,,,
pgYR9m-3QyQ_000023_000033.mp4,7,push up,29.67,0.24,9.98,7,296,7,48,48,90,90,131,131,172,172,213,213,255,255,296,,,,,,,,,,,,,,,,,,,,,,,,,,,,,,,,,,,,,,,,,,,,,,,,,,,,,,,,,,,,,,,,,,,,,,,,,,,,,,,,,,,,,,,,,,,,,,,,,,,,,,,,,,,,,,,,,,,,,,,,,,,,,,,,
s-HmfE-SEH8_000186_000196.mp4,2,push up,29.95,0.0,4.5,0,135,0,68,68,135,,,,,,,,,,,,,,,,,,,,,,,,,,,,,,,,,,,,,,,,,,,,,,,,,,,,,,,,,,,,,,,,,,,,,,,,,,,,,,,,,,,,,,,,,,,,,,,,,,,,,,,,,,,,,,,,,,,,,,,,,,,,,,,,,,,,,,,,,,
s-HmfE-SEH8_000186_000196.mp4,2,push up,29.95,6.37,9.97,191,299,191,245,245,299,,,,,,,,,,,,,,,,,,,,,,,,,,,,,,,,,,,,,,,,,,,,,,,,,,,,,,,,,,,,,,,,,,,,,,,,,,,,,,,,,,,,,,,,,,,,,,,,,,,,,,,,,,,,,,,,,,,,,,,,,,,,,,,,,,,,,,,,,,
u9XyJmAGV0c_000013_000023.mp4,6,push up,30.0,0.0,10.0,0,300,0,50,50,100,100,150,150,200,200,250,250,300,,,,,,,,,,,,,,,,,,,,,,,,,,,,,,,,,,,,,,,,,,,,,,,,,,,,,,,,,,,,,,,,,,,,,,,,,,,,,,,,,,,,,,,,,,,,,,,,,,,,,,,,,,,,,,,,,,,,,,,,,,,,,,,,,,
vABY-LpZupQ_000003_000013.mp4,7,push up,30.0,0.0,10.0,0,300,0,43,43,86,86,129,129,171,171,214,214,257,257,300,,,,,,,,,,,,,,,,,,,,,,,,,,,,,,,,,,,,,,,,,,,,,,,,,,,,,,,,,,,,,,,,,,,,,,,,,,,,,,,,,,,,,,,,,,,,,,,,,,,,,,,,,,,,,,,,,,,,,,,,,,,,,,,,
zgigSgrb3qU_000012_000022.mp4,2,push up,30.0,0.0,9.63,0,289,0,144,144,289,,,,,,,,,,,,,,,,,,,,,,,,,,,,,,,,,,,,,,,,,,,,,,,,,,,,,,,,,,,,,,,,,,,,,,,,,,,,,,,,,,,,,,,,,,,,,,,,,,,,,,,,,,,,,,,,,,,,,,,,,,,,,,,,,,,,,,,,,,
0Tx0CZMDs4c_000064_000074.mp4,2,push up,29.97,7.57,9.94,227,298,227,263,263,298,,,,,,,,,,,,,,,,,,,,,,,,,,,,,,,,,,,,,,,,,,,,,,,,,,,,,,,,,,,,,,,,,,,,,,,,,,,,,,,,,,,,,,,,,,,,,,,,,,,,,,,,,,,,,,,,,,,,,,,,,,,,,,,,,,,,,,,,,,
0hcQA5YDZKQ_000010_000020.mp4,3,push up,29.97,0.0,4.84,0,145,0,48,48,97,97,145,,,,,,,,,,,,,,,,,,,,,,,,,,,,,,,,,,,,,,,,,,,,,,,,,,,,,,,,,,,,,,,,,,,,,,,,,,,,,,,,,,,,,,,,,,,,,,,,,,,,,,,,,,,,,,,,,,,,,,,,,,,,,,,,,,,,,,,,
07eq1ZyNg_U_000018_000028.mp4,11,push up,29.97,0.0,9.98,0,299,0,27,27,54,54,82,82,109,109,136,136,163,163,190,190,217,217,245,245,272,272,299,,,,,,,,,,,,,,,,,,,,,,,,,,,,,,,,,,,,,,,,,,,,,,,,,,,,,,,,,,,,,,,,,,,,,,,,,,,,,,,,,,,,,,,,,,,,,,,,,,,,,,,,,,,,,,,,,,,,,,,,
1TaZpm1NH9w_000002_000012.mp4,3,push up,30.0,5.53,9.07,166,272,166,201,201,237,237,272,,,,,,,,,,,,,,,,,,,,,,,,,,,,,,,,,,,,,,,,,,,,,,,,,,,,,,,,,,,,,,,,,,,,,,,,,,,,,,,,,,,,,,,,,,,,,,,,,,,,,,,,,,,,,,,,,,,,,,,,,,,,,,,,,,,,,,,,
2RLoQCFdz4Y_000016_000026.mp4,4,push up,30.0,0.0,10.0,0,300,0,75,75,150,150,225,225,300,,,,,,,,,,,,,,,,,,,,,,,,,,,,,,,,,,,,,,,,,,,,,,,,,,,,,,,,,,,,,,,,,,,,,,,,,,,,,,,,,,,,,,,,,,,,,,,,,,,,,,,,,,,,,,,,,,,,,,,,,,,,,,,,,,,,,,
2gpYQfN3Wo0_000305_000315.mp4,10,push up,29.97,0.0,10.0,0,300,0,30,30,60,60,90,90,120,120,150,150,180,180,210,210,240,240,270,270,300,,,,,,,,,,,,,,,,,,,,,,,,,,,,,,,,,,,,,,,,,,,,,,,,,,,,,,,,,,,,,,,,,,,,,,,,,,,,,,,,,,,,,,,,,,,,,,,,,,,,,,,,,,,,,,,,,,,,,,,,,,
2wMk-qSPpLk_000149_000159.mp4,3,push up,25.0,2.72,8.6,68,215,68,117,117,166,166,215,,,,,,,,,,,,,,,,,,,,,,,,,,,,,,,,,,,,,,,,,,,,,,,,,,,,,,,,,,,,,,,,,,,,,,,,,,,,,,,,,,,,,,,,,,,,,,,,,,,,,,,,,,,,,,,,,,,,,,,,,,,,,,,,,,,,,,,,
3QnXCGe6xZA_000013_000023.mp4,3,push up,30.0,1.08,8.12,32,244,32,103,103,173,173,244,,,,,,,,,,,,,,,,,,,,,,,,,,,,,,,,,,,,,,,,,,,,,,,,,,,,,,,,,,,,,,,,,,,,,,,,,,,,,,,,,,,,,,,,,,,,,,,,,,,,,,,,,,,,,,,,,,,,,,,,,,,,,,,,,,,,,,,,
38qMM1XuRIg_000001_000011.mp4,4,push up,15.0,0.0,9.6,0,144,0,36,36,72,72,108,108,144,,,,,,,,,,,,,,,,,,,,,,,,,,,,,,,,,,,,,,,,,,,,,,,,,,,,,,,,,,,,,,,,,,,,,,,,,,,,,,,,,,,,,,,,,,,,,,,,,,,,,,,,,,,,,,,,,,,,,,,,,,,,,,,,,,,,,,
4F5Rk5BkqQg_000000_000010.mp4,4,push up,24.0,0.6,10.0,14,240,14,70,70,127,127,184,184,240,,,,,,,,,,,,,,,,,,,,,,,,,,,,,,,,,,,,,,,,,,,,,,,,,,,,,,,,,,,,,,,,,,,,,,,,,,,,,,,,,,,,,,,,,,,,,,,,,,,,,,,,,,,,,,,,,,,,,,,,,,,,,,,,,,,,,,
4rVzE8sDKf8_000019_000029.mp4,3,push up,29.97,0.0,4.97,0,149,0,50,50,99,99,149,,,,,,,,,,,,,,,,,,,,,,,,,,,,,,,,,,,,,,,,,,,,,,,,,,,,,,,,,,,,,,,,,,,,,,,,,,,,,,,,,,,,,,,,,,,,,,,,,,,,,,,,,,,,,,,,,,,,,,,,,,,,,,,,,,,,,,,,
45_0XZPzQzg_000040_000050.mp4,3,push up,24.92,0.0,2.25,0,56,0,19,19,37,37,56,,,,,,,,,,,,,,,,,,,,,,,,,,,,,,,,,,,,,,,,,,,,,,,,,,,,,,,,,,,,,,,,,,,,,,,,,,,,,,,,,,,,,,,,,,,,,,,,,,,,,,,,,,,,,,,,,,,,,,,,,,,,,,,,,,,,,,,,
5E3-5buOI6c_000050_000060.mp4,3,push up,29.97,0.0,2.24,0,67,0,22,22,45,45,67,,,,,,,,,,,,,,,,,,,,,,,,,,,,,,,,,,,,,,,,,,,,,,,,,,,,,,,,,,,,,,,,,,,,,,,,,,,,,,,,,,,,,,,,,,,,,,,,,,,,,,,,,,,,,,,,,,,,,,,,,,,,,,,,,,,,,,,,
5ttD_SCeNB0_000027_000037.mp4,5,push up,23.98,0.0,3.38,0,81,0,16,16,32,32,49,49,65,65,81,,,,,,,,,,,,,,,,,,,,,,,,,,,,,,,,,,,,,,,,,,,,,,,,,,,,,,,,,,,,,,,,,,,,,,,,,,,,,,,,,,,,,,,,,,,,,,,,,,,,,,,,,,,,,,,,,,,,,,,,,,,,,,,,,,,,
59jzy3eVo30_000003_000013.mp4,6,push up,30.0,0.53,9.57,16,287,16,61,61,106,106,152,152,197,197,242,242,287,,,,,,,,,,,,,,,,,,,,,,,,,,,,,,,,,,,,,,,,,,,,,,,,,,,,,,,,,,,,,,,,,,,,,,,,,,,,,,,,,,,,,,,,,,,,,,,,,,,,,,,,,,,,,,,,,,,,,,,,,,,,,,,,,,
6DaSiT8LNYg_000003_000013.mp4,2,push up,30.0,0.0,10.0,0,300,0,150,150,300,,,,,,,,,,,,,,,,,,,,,,,,,,,,,,,,,,,,,,,,,,,,,,,,,,,,,,,,,,,,,,,,,,,,,,,,,,,,,,,,,,,,,,,,,,,,,,,,,,,,,,,,,,,,,,,,,,,,,,,,,,,,,,,,,,,,,,,,,,
7zAlYPCPLPo_000016_000026.mp4,3,push up,23.98,0.0,9.97,0,239,0,80,80,159,159,239,,,,,,,,,,,,,,,,,,,,,,,,,,,,,,,,,,,,,,,,,,,,,,,,,,,,,,,,,,,,,,,,,,,,,,,,,,,,,,,,,,,,,,,,,,,,,,,,,,,,,,,,,,,,,,,,,,,,,,,,,,,,,,,,,,,,,,,,
7-oMB0k0sSM_000317_000327.mp4,3,push up,29.97,0.0,9.98,0,299,0,100,100,199,199,299,,,,,,,,,,,,,,,,,,,,,,,,,,,,,,,,,,,,,,,,,,,,,,,,,,,,,,,,,,,,,,,,,,,,,,,,,,,,,,,,,,,,,,,,,,,,,,,,,,,,,,,,,,,,,,,,,,,,,,,,,,,,,,,,,,,,,,,,
8MNF_2cWwp0_000000_000010.mp4,2,push up,23.98,0.0,9.88,0,237,0,118,118,237,,,,,,,,,,,,,,,,,,,,,,,,,,,,,,,,,,,,,,,,,,,,,,,,,,,,,,,,,,,,,,,,,,,,,,,,,,,,,,,,,,,,,,,,,,,,,,,,,,,,,,,,,,,,,,,,,,,,,,,,,,,,,,,,,,,,,,,,,,
8fT_bwJtgBA_000038_000048.mp4,13,push up,30.0,0.0,10.0,0,300,0,23,23,46,46,69,69,92,92,115,115,138,138,162,162,185,185,208,208,231,231,254,254,277,277,300,,,,,,,,,,,,,,,,,,,,,,,,,,,,,,,,,,,,,,,,,,,,,,,,,,,,,,,,,,,,,,,,,,,,,,,,,,,,,,,,,,,,,,,,,,,,,,,,,,,,,,,,,,,,,,,,,,,,
9D0XkGNKVMw_000014_000024.mp4,2,push up,30.0,0.0,5.63,0,169,0,84,84,169,,,,,,,,,,,,,,,,,,,,,,,,,,,,,,,,,,,,,,,,,,,,,,,,,,,,,,,,,,,,,,,,,,,,,,,,,,,,,,,,,,,,,,,,,,,,,,,,,,,,,,,,,,,,,,,,,,,,,,,,,,,,,,,,,,,,,,,,,,
9U6RcrJd5TM_000026_000036.mp4,6,push up,25.0,0.0,6.56,0,164,0,27,27,55,55,82,82,109,109,137,137,164,,,,,,,,,,,,,,,,,,,,,,,,,,,,,,,,,,,,,,,,,,,,,,,,,,,,,,,,,,,,,,,,,,,,,,,,,,,,,,,,,,,,,,,,,,,,,,,,,,,,,,,,,,,,,,,,,,,,,,,,,,,,,,,,,,
9gUnrgesMWU_000006_000016.mp4,6,push up,29.97,0.0,7.84,0,235,0,39,39,78,78,118,118,157,157,196,196,235,,,,,,,,,,,,,,,,,,,,,,,,,,,,,,,,,,,,,,,,,,,,,,,,,,,,,,,,,,,,,,,,,,,,,,,,,,,,,,,,,,,,,,,,,,,,,,,,,,,,,,,,,,,,,,,,,,,,,,,,,,,,,,,,,,
9p2g3Cqo-8w_000134_000144.mp4,2,push up,14.99,0.0,1.49,0,22,0,11,11,22,,,,,,,,,,,,,,,,,,,,,,,,,,,,,,,,,,,,,,,,,,,,,,,,,,,,,,,,,,,,,,,,,,,,,,,,,,,,,,,,,,,,,,,,,,,,,,,,,,,,,,,,,,,,,,,,,,,,,,,,,,,,,,,,,,,,,,,,,,
_bt8UWqCZB4_000017_000027.mp4,2,push up,25.0,0.0,6.52,0,163,0,82,82,163,,,,,,,,,,,,,,,,,,,,,,,,,,,,,,,,,,,,,,,,,,,,,,,,,,,,,,,,,,,,,,,,,,,,,,,,,,,,,,,,,,,,,,,,,,,,,,,,,,,,,,,,,,,,,,,,,,,,,,,,,,,,,,,,,,,,,,,,,,
_uRAdM3_VtU_000000_000010.mp4,3,push up,24.0,2.58,10.0,62,240,62,121,121,181,181,240,,,,,,,,,,,,,,,,,,,,,,,,,,,,,,,,,,,,,,,,,,,,,,,,,,,,,,,,,,,,,,,,,,,,,,,,,,,,,,,,,,,,,,,,,,,,,,,,,,,,,,,,,,,,,,,,,,,,,,,,,,,,,,,,,,,,,,,,
_yG3rt8mN2c_000000_000010.mp4,6,push up,30.0,0.0,10.0,0,300,0,50,50,100,100,150,150,200,200,250,250,300,,,,,,,,,,,,,,,,,,,,,,,,,,,,,,,,,,,,,,,,,,,,,,,,,,,,,,,,,,,,,,,,,,,,,,,,,,,,,,,,,,,,,,,,,,,,,,,,,,,,,,,,,,,,,,,,,,,,,,,,,,,,,,,,,,
Aa_wv2UEkrQ_000001_000011.mp4,3,rope pushdown,25.0,0.0,9.04,0,226,0,75,75,151,151,226,,,,,,,,,,,,,,,,,,,,,,,,,,,,,,,,,,,,,,,,,,,,,,,,,,,,,,,,,,,,,,,,,,,,,,,,,,,,,,,,,,,,,,,,,,,,,,,,,,,,,,,,,,,,,,,,,,,,,,,,,,,,,,,,,,,,,,,,
Beji0hbXCIs_000027_000037.mp4,2,rope pushdown,29.97,3.27,6.77,98,203,98,150,150,203,,,,,,,,,,,,,,,,,,,,,,,,,,,,,,,,,,,,,,,,,,,,,,,,,,,,,,,,,,,,,,,,,,,,,,,,,,,,,,,,,,,,,,,,,,,,,,,,,,,,,,,,,,,,,,,,,,,,,,,,,,,,,,,,,,,,,,,,,,
BkGtZ0k5lPg_000000_000010.mp4,5,rope pushdown,25.0,2.84,10.0,71,250,71,107,107,143,143,178,178,214,214,250,,,,,,,,,,,,,,,,,,,,,,,,,,,,,,,,,,,,,,,,,,,,,,,,,,,,,,,,,,,,,,,,,,,,,,,,,,,,,,,,,,,,,,,,,,,,,,,,,,,,,,,,,,,,,,,,,,,,,,,,,,,,,,,,,,,,
B2JRvQf2BoM_000001_000011.mp4,4,rope pushdown,29.97,0.0,9.51,0,285,0,71,71,142,142,214,214,285,,,,,,,,,,,,,,,,,,,,,,,,,,,,,,,,,,,,,,,,,,,,,,,,,,,,,,,,,,,,,,,,,,,,,,,,,,,,,,,,,,,,,,,,,,,,,,,,,,,,,,,,,,,,,,,,,,,,,,,,,,,,,,,,,,,,,,
C7Z0BjKVnWk_000000_000010.mp4,2,rope pushdown,23.98,4.46,9.97,107,239,107,173,173,239,,,,,,,,,,,,,,,,,,,,,,,,,,,,,,,,,,,,,,,,,,,,,,,,,,,,,,,,,,,,,,,,,,,,,,,,,,,,,,,,,,,,,,,,,,,,,,,,,,,,,,,,,,,,,,,,,,,,,,,,,,,,,,,,,,,,,,,,,,
DE3-tqqVXXs_000010_000020.mp4,5,rope pushdown,29.97,0.0,9.04,0,271,0,54,54,108,108,163,163,217,217,271,,,,,,,,,,,,,,,,,,,,,,,,,,,,,,,,,,,,,,,,,,,,,,,,,,,,,,,,,,,,,,,,,,,,,,,,,,,,,,,,,,,,,,,,,,,,,,,,,,,,,,,,,,,,,,,,,,,,,,,,,,,,,,,,,,,,
Dg_LFkUgdAg_000000_000010.mp4,6,rope pushdown,30.0,0.0,10.0,0,300,0,50,50,100,100,150,150,200,200,250,250,300,,,,,,,,,,,,,,,,,,,,,,,,,,,,,,,,,,,,,,,,,,,,,,,,,,,,,,,,,,,,,,,,,,,,,,,,,,,,,,,,,,,,,,,,,,,,,,,,,,,,,,,,,,,,,,,,,,,,,,,,,,,,,,,,,,
EHVpp5Gkt9s_000018_000028.mp4,5,rope pushdown,29.97,0.0,9.98,0,299,0,60,60,120,120,179,179,239,239,299,,,,,,,,,,,,,,,,,,,,,,,,,,,,,,,,,,,,,,,,,,,,,,,,,,,,,,,,,,,,,,,,,,,,,,,,,,,,,,,,,,,,,,,,,,,,,,,,,,,,,,,,,,,,,,,,,,,,,,,,,,,,,,,,,,,,
FHYxgCT6n8o_000001_000011.mp4,2,rope pushdown,30.0,0.0,10.0,0,300,0,150,150,300,,,,,,,,,,,,,,,,,,,,,,,,,,,,,,,,,,,,,,,,,,,,,,,,,,,,,,,,,,,,,,,,,,,,,,,,,,,,,,,,,,,,,,,,,,,,,,,,,,,,,,,,,,,,,,,,,,,,,,,,,,,,,,,,,,,,,,,,,,
Fk12hVYZh88_000009_000019.mp4,4,rope pushdown,30.0,0.0,10.0,0,300,0,75,75,150,150,225,225,300,,,,,,,,,,,,,,,,,,,,,,,,,,,,,,,,,,,,,,,,,,,,,,,,,,,,,,,,,,,,,,,,,,,,,,,,,,,,,,,,,,,,,,,,,,,,,,,,,,,,,,,,,,,,,,,,,,,,,,,,,,,,,,,,,,,,,,
GNYIxSqTHAg_000013_000023.mp4,3,rope pushdown,17.25,0.0,3.48,0,60,0,20,20,40,40,60,,,,,,,,,,,,,,,,,,,,,,,,,,,,,,,,,,,,,,,,,,,,,,,,,,,,,,,,,,,,,,,,,,,,,,,,,,,,,,,,,,,,,,,,,,,,,,,,,,,,,,,,,,,,,,,,,,,,,,,,,,,,,,,,,,,,,,,,
HAMAZ4bJ1bY_000000_000010.mp4,5,rope pushdown,30.0,1.4,10.0,42,300,42,94,94,145,145,197,197,248,248,300,,,,,,,,,,,,,,,,,,,,,,,,,,,,,,,,,,,,,,,,,,,,,,,,,,,,,,,,,,,,,,,,,,,,,,,,,,,,,,,,,,,,,,,,,,,,,,,,,,,,,,,,,,,,,,,,,,,,,,,,,,,,,,,,,,,,
HoPjJj5jzQY_000010_000020.mp4,2,rope pushdown,24.32,0.0,5.4,0,131,0,66,66,131,,,,,,,,,,,,,,,,,,,,,,,,,,,,,,,,,,,,,,,,,,,,,,,,,,,,,,,,,,,,,,,,,,,,,,,,,,,,,,,,,,,,,,,,,,,,,,,,,,,,,,,,,,,,,,,,,,,,,,,,,,,,,,,,,,,,,,,,,,
I3wsREWUg3w_000001_000011.mp4,2,rope pushdown,30.0,0.0,9.58,0,287,0,144,144,287,,,,,,,,,,,,,,,,,,,,,,,,,,,,,,,,,,,,,,,,,,,,,,,,,,,,,,,,,,,,,,,,,,,,,,,,,,,,,,,,,,,,,,,,,,,,,,,,,,,,,,,,,,,,,,,,,,,,,,,,,,,,,,,,,,,,,,,,,,
JeseDM8fD7k_000016_000026.mp4,3,rope pushdown,29.97,0.0,7.64,0,229,0,76,76,153,153,229,,,,,,,,,,,,,,,,,,,,,,,,,,,,,,,,,,,,,,,,,,,,,,,,,,,,,,,,,,,,,,,,,,,,,,,,,,,,,,,,,,,,,,,,,,,,,,,,,,,,,,,,,,,,,,,,,,,,,,,,,,,,,,,,,,,,,,,,
KX5nixbbMhg_000009_000019.mp4,5,rope pushdown,25.0,0.0,10.0,0,250,0,50,50,100,100,150,150,200,200,250,,,,,,,,,,,,,,,,,,,,,,,,,,,,,,,,,,,,,,,,,,,,,,,,,,,,,,,,,,,,,,,,,,,,,,,,,,,,,,,,,,,,,,,,,,,,,,,,,,,,,,,,,,,,,,,,,,,,,,,,,,,,,,,,,,,,
K0I8aAPf-Tk_000077_000087.mp4,4,rope pushdown,30.0,0.0,7.13,0,214,0,54,54,107,107,160,160,214,,,,,,,,,,,,,,,,,,,,,,,,,,,,,,,,,,,,,,,,,,,,,,,,,,,,,,,,,,,,,,,,,,,,,,,,,,,,,,,,,,,,,,,,,,,,,,,,,,,,,,,,,,,,,,,,,,,,,,,,,,,,,,,,,,,,,,
K2yPECMIm6k_000008_000018.mp4,4,rope pushdown,29.97,0.0,9.98,0,299,0,75,75,150,150,224,224,299,,,,,,,,,,,,,,,,,,,,,,,,,,,,,,,,,,,,,,,,,,,,,,,,,,,,,,,,,,,,,,,,,,,,,,,,,,,,,,,,,,,,,,,,,,,,,,,,,,,,,,,,,,,,,,,,,,,,,,,,,,,,,,,,,,,,,,
MG8V2O5qFxA_000017_000027.mp4,6,rope pushdown,25.0,0.0,8.76,0,219,0,36,36,73,73,110,110,146,146,182,182,219,,,,,,,,,,,,,,,,,,,,,,,,,,,,,,,,,,,,,,,,,,,,,,,,,,,,,,,,,,,,,,,,,,,,,,,,,,,,,,,,,,,,,,,,,,,,,,,,,,,,,,,,,,,,,,,,,,,,,,,,,,,,,,,,,,
MiBLDpRgiVU_000001_000011.mp4,3,rope pushdown,23.98,0.0,9.55,0,229,0,76,76,153,153,229,,,,,,,,,,,,,,,,,,,,,,,,,,,,,,,,,,,,,,,,,,,,,,,,,,,,,,,,,,,,,,,,,,,,,,,,,,,,,,,,,,,,,,,,,,,,,,,,,,,,,,,,,,,,,,,,,,,,,,,,,,,,,,,,,,,,,,,,
Mu7dO7Y9h5I_000006_000016.mp4,4,rope pushdown,29.97,0.0,8.48,0,254,0,64,64,127,127,190,190,254,,,,,,,,,,,,,,,,,,,,,,,,,,,,,,,,,,,,,,,,,,,,,,,,,,,,,,,,,,,,,,,,,,,,,,,,,,,,,,,,,,,,,,,,,,,,,,,,,,,,,,,,,,,,,,,,,,,,,,,,,,,,,,,,,,,,,,
NaDFvLfRUzA_000000_000010.mp4,4,rope pushdown,29.97,0.03,7.37,1,221,1,56,56,111,111,166,166,221,,,,,,,,,,,,,,,,,,,,,,,,,,,,,,,,,,,,,,,,,,,,,,,,,,,,,,,,,,,,,,,,,,,,,,,,,,,,,,,,,,,,,,,,,,,,,,,,,,,,,,,,,,,,,,,,,,,,,,,,,,,,,,,,,,,,,,
OPsbIOcnoKo_000011_000021.mp4,9,rope pushdown,30.0,0.0,10.0,0,300,0,33,33,67,67,100,100,133,133,167,167,200,200,233,233,267,267,300,,,,,,,,,,,,,,,,,,,,,,,,,,,,,,,,,,,,,,,,,,,,,,,,,,,,,,,,,,,,,,,,,,,,,,,,,,,,,,,,,,,,,,,,,,,,,,,,,,,,,,,,,,,,,,,,,,,,,,,,,,,,
OXaswZupXOQ_000001_000011.mp4,4,rope pushdown,30.0,0.1,10.0,3,300,3,77,77,151,151,226,226,300,,,,,,,,,,,,,,,,,,,,,,,,,,,,,,,,,,,,,,,,,,,,,,,,,,,,,,,,,,,,,,,,,,,,,,,,,,,,,,,,,,,,,,,,,,,,,,,,,,,,,,,,,,,,,,,,,,,,,,,,,,,,,,,,,,,,,,
O6tTgYv3tjM_000004_000014.mp4,5,rope pushdown,29.97,0.0,9.98,0,299,0,60,60,120,120,179,179,239,239,299,,,,,,,,,,,,,,,,,,,,,,,,,,,,,,,,,,,,,,,,,,,,,,,,,,,,,,,,,,,,,,,,,,,,,,,,,,,,,,,,,,,,,,,,,,,,,,,,,,,,,,,,,,,,,,,,,,,,,,,,,,,,,,,,,,,,
O9EjWL1eLeQ_000024_000034.mp4,3,rope pushdown,30.0,6.53,10.0,196,300,196,231,231,265,265,300,,,,,,,,,,,,,,,,,,,,,,,,,,,,,,,,,,,,,,,,,,,,,,,,,,,,,,,,,,,,,,,,,,,,,,,,,,,,,,,,,,,,,,,,,,,,,,,,,,,,,,,,,,,,,,,,,,,,,,,,,,,,,,,,,,,,,,,,
PAU_MxhdcZ0_000012_000022.mp4,3,rope pushdown,30.0,0.0,10.0,0,300,0,100,100,200,200,300,,,,,,,,,,,,,,,,,,,,,,,,,,,,,,,,,,,,,,,,,,,,,,,,,,,,,,,,,,,,,,,,,,,,,,,,,,,,,,,,,,,,,,,,,,,,,,,,,,,,,,,,,,,,,,,,,,,,,,,,,,,,,,,,,,,,,,,,
PBOERY_KbEM_000007_000017.mp4,6,rope pushdown,30.0,0.0,10.0,0,300,0,50,50,100,100,150,150,200,200,250,250,300,,,,,,,,,,,,,,,,,,,,,,,,,,,,,,,,,,,,,,,,,,,,,,,,,,,,,,,,,,,,,,,,,,,,,,,,,,,,,,,,,,,,,,,,,,,,,,,,,,,,,,,,,,,,,,,,,,,,,,,,,,,,,,,,,,
QBdrlDgi7l8_000029_000039.mp4,3,rope pushdown,29.95,0.0,9.94,0,298,0,99,99,199,199,298,,,,,,,,,,,,,,,,,,,,,,,,,,,,,,,,,,,,,,,,,,,,,,,,,,,,,,,,,,,,,,,,,,,,,,,,,,,,,,,,,,,,,,,,,,,,,,,,,,,,,,,,,,,,,,,,,,,,,,,,,,,,,,,,,,,,,,,,
QhtxMSpSW3U_000001_000011.mp4,4,rope pushdown,29.97,0.0,9.64,0,289,0,72,72,144,144,217,217,289,,,,,,,,,,,,,,,,,,,,,,,,,,,,,,,,,,,,,,,,,,,,,,,,,,,,,,,,,,,,,,,,,,,,,,,,,,,,,,,,,,,,,,,,,,,,,,,,,,,,,,,,,,,,,,,,,,,,,,,,,,,,,,,,,,,,,,
QiNhR9GixT8_000011_000021.mp4,5,rope pushdown,30.0,0.0,10.0,0,300,0,60,60,120,120,180,180,240,240,300,,,,,,,,,,,,,,,,,,,,,,,,,,,,,,,,,,,,,,,,,,,,,,,,,,,,,,,,,,,,,,,,,,,,,,,,,,,,,,,,,,,,,,,,,,,,,,,,,,,,,,,,,,,,,,,,,,,,,,,,,,,,,,,,,,,,
Q1VxnpJLt-Y_000001_000011.mp4,6,rope pushdown,29.0,0.0,9.0,0,261,0,44,44,87,87,130,130,174,174,218,218,261,,,,,,,,,,,,,,,,,,,,,,,,,,,,,,,,,,,,,,,,,,,,,,,,,,,,,,,,,,,,,,,,,,,,,,,,,,,,,,,,,,,,,,,,,,,,,,,,,,,,,,,,,,,,,,,,,,,,,,,,,,,,,,,,,,
Q3mHeWzniQg_000006_000016.mp4,4,rope pushdown,30.0,0.47,10.0,14,300,14,86,86,157,157,228,228,300,,,,,,,,,,,,,,,,,,,,,,,,,,,,,,,,,,,,,,,,,,,,,,,,,,,,,,,,,,,,,,,,,,,,,,,,,,,,,,,,,,,,,,,,,,,,,,,,,,,,,,,,,,,,,,,,,,,,,,,,,,,,,,,,,,,,,,
SbKPnZGj_2M_000035_000045.mp4,3,rope pushdown,29.86,0.0,10.0,0,299,0,100,100,199,199,299,,,,,,,,,,,,,,,,,,,,,,,,,,,,,,,,,,,,,,,,,,,,,,,,,,,,,,,,,,,,,,,,,,,,,,,,,,,,,,,,,,,,,,,,,,,,,,,,,,,,,,,,,,,,,,,,,,,,,,,,,,,,,,,,,,,,,,,,
Si9szzJPSrE_000022_000032.mp4,2,rope pushdown,29.97,0.0,4.9,0,147,0,74,74,147,,,,,,,,,,,,,,,,,,,,,,,,,,,,,,,,,,,,,,,,,,,,,,,,,,,,,,,,,,,,,,,,,,,,,,,,,,,,,,,,,,,,,,,,,,,,,,,,,,,,,,,,,,,,,,,,,,,,,,,,,,,,,,,,,,,,,,,,,,
SjqdmZmac3U_000000_000010.mp4,4,rope pushdown,29.0,0.0,8.48,0,246,0,62,62,123,123,184,184,246,,,,,,,,,,,,,,,,,,,,,,,,,,,,,,,,,,,,,,,,,,,,,,,,,,,,,,,,,,,,,,,,,,,,,,,,,,,,,,,,,,,,,,,,,,,,,,,,,,,,,,,,,,,,,,,,,,,,,,,,,,,,,,,,,,,,,,
S1VCwo_iOEo_000009_000019.mp4,8,rope pushdown,9.99,0.0,10.0,0,100,0,12,12,25,25,38,38,50,50,62,62,75,75,88,88,100,,,,,,,,,,,,,,,,,,,,,,,,,,,,,,,,,,,,,,,,,,,,,,,,,,,,,,,,,,,,,,,,,,,,,,,,,,,,,,,,,,,,,,,,,,,,,,,,,,,,,,,,,,,,,,,,,,,,,,,,,,,,,,
TgFU_Q8M3cE_000066_000076.mp4,2,rope pushdown,29.97,0.0,4.92,0,147,0,74,74,147,,,,,,,,,,,,,,,,,,,,,,,,,,,,,,,,,,,,,,,,,,,,,,,,,,,,,,,,,,,,,,,,,,,,,,,,,,,,,,,,,,,,,,,,,,,,,,,,,,,,,,,,,,,,,,,,,,,,,,,,,,,,,,,,,,,,,,,,,,
T5D6C9egSko_000000_000010.mp4,6,rope pushdown,29.65,0.0,8.36,0,248,0,41,41,83,83,124,124,165,165,207,207,248,,,,,,,,,,,,,,,,,,,,,,,,,,,,,,,,,,,,,,,,,,,,,,,,,,,,,,,,,,,,,,,,,,,,,,,,,,,,,,,,,,,,,,,,,,,,,,,,,,,,,,,,,,,,,,,,,,,,,,,,,,,,,,,,,,
VFBXF2msV0A_000026_000036.mp4,3,rope pushdown,29.97,0.0,5.87,0,176,0,59,59,117,117,176,,,,,,,,,,,,,,,,,,,,,,,,,,,,,,,,,,,,,,,,,,,,,,,,,,,,,,,,,,,,,,,,,,,,,,,,,,,,,,,,,,,,,,,,,,,,,,,,,,,,,,,,,,,,,,,,,,,,,,,,,,,,,,,,,,,,,,,,
WFvD4M2T2qg_000011_000021.mp4,5,rope pushdown,30.0,0.0,8.9,0,267,0,53,53,107,107,160,160,214,214,267,,,,,,,,,,,,,,,,,,,,,,,,,,,,,,,,,,,,,,,,,,,,,,,,,,,,,,,,,,,,,,,,,,,,,,,,,,,,,,,,,,,,,,,,,,,,,,,,,,,,,,,,,,,,,,,,,,,,,,,,,,,,,,,,,,,,
YY0t5YEBWZw_000014_000024.mp4,2,rope pushdown,30.0,0.9,8.9,27,267,27,147,147,267,,,,,,,,,,,,,,,,,,,,,,,,,,,,,,,,,,,,,,,,,,,,,,,,,,,,,,,,,,,,,,,,,,,,,,,,,,,,,,,,,,,,,,,,,,,,,,,,,,,,,,,,,,,,,,,,,,,,,,,,,,,,,,,,,,,,,,,,,,
YlpM3uNAP2M_000190_000200.mp4,6,rope pushdown,30.0,0.0,10.0,0,300,0,50,50,100,100,150,150,200,200,250,250,300,,,,,,,,,,,,,,,,,,,,,,,,,,,,,,,,,,,,,,,,,,,,,,,,,,,,,,,,,,,,,,,,,,,,,,,,,,,,,,,,,,,,,,,,,,,,,,,,,,,,,,,,,,,,,,,,,,,,,,,,,,,,,,,,,,
ZRXoCZdaAM0_000004_000014.mp4,8,rope pushdown,30.0,0.0,9.93,0,298,0,37,37,74,74,112,112,149,149,186,186,224,224,261,261,298,,,,,,,,,,,,,,,,,,,,,,,,,,,,,,,,,,,,,,,,,,,,,,,,,,,,,,,,,,,,,,,,,,,,,,,,,,,,,,,,,,,,,,,,,,,,,,,,,,,,,,,,,,,,,,,,,,,,,,,,,,,,,,
Z70mhrz9LIc_000008_000018.mp4,3,rope pushdown,24.0,0.0,7.67,0,184,0,61,61,123,123,184,,,,,,,,,,,,,,,,,,,,,,,,,,,,,,,,,,,,,,,,,,,,,,,,,,,,,,,,,,,,,,,,,,,,,,,,,,,,,,,,,,,,,,,,,,,,,,,,,,,,,,,,,,,,,,,,,,,,,,,,,,,,,,,,,,,,,,,,
amSYFfO27WE_000005_000015.mp4,9,rope pushdown,30.0,0.0,10.0,0,300,0,33,33,67,67,100,100,133,133,167,167,200,200,233,233,267,267,300,,,,,,,,,,,,,,,,,,,,,,,,,,,,,,,,,,,,,,,,,,,,,,,,,,,,,,,,,,,,,,,,,,,,,,,,,,,,,,,,,,,,,,,,,,,,,,,,,,,,,,,,,,,,,,,,,,,,,,,,,,,,
az-knS6hqNg_000019_000029.mp4,2,rope pushdown,29.97,0.0,5.79,0,174,0,87,87,174,,,,,,,,,,,,,,,,,,,,,,,,,,,,,,,,,,,,,,,,,,,,,,,,,,,,,,,,,,,,,,,,,,,,,,,,,,,,,,,,,,,,,,,,,,,,,,,,,,,,,,,,,,,,,,,,,,,,,,,,,,,,,,,,,,,,,,,,,,
bTK2eopFSpI_000003_000013.mp4,5,rope pushdown,30.0,0.0,10.0,0,300,0,60,60,120,120,180,180,240,240,300,,,,,,,,,,,,,,,,,,,,,,,,,,,,,,,,,,,,,,,,,,,,,,,,,,,,,,,,,,,,,,,,,,,,,,,,,,,,,,,,,,,,,,,,,,,,,,,,,,,,,,,,,,,,,,,,,,,,,,,,,,,,,,,,,,,,
b9e77SzSvig_000019_000029.mp4,5,rope pushdown,30.0,0.0,10.0,0,300,0,60,60,120,120,180,180,240,240,300,,,,,,,,,,,,,,,,,,,,,,,,,,,,,,,,,,,,,,,,,,,,,,,,,,,,,,,,,,,,,,,,,,,,,,,,,,,,,,,,,,,,,,,,,,,,,,,,,,,,,,,,,,,,,,,,,,,,,,,,,,,,,,,,,,,,
cERPw79EgHc_000004_000014.mp4,3,rope pushdown,25.0,0.0,9.2,0,230,0,77,77,153,153,230,,,,,,,,,,,,,,,,,,,,,,,,,,,,,,,,,,,,,,,,,,,,,,,,,,,,,,,,,,,,,,,,,,,,,,,,,,,,,,,,,,,,,,,,,,,,,,,,,,,,,,,,,,,,,,,,,,,,,,,,,,,,,,,,,,,,,,,,
cGuP3pYsvUQ_000012_000022.mp4,2,rope pushdown,23.98,0.0,9.97,0,239,0,120,120,239,,,,,,,,,,,,,,,,,,,,,,,,,,,,,,,,,,,,,,,,,,,,,,,,,,,,,,,,,,,,,,,,,,,,,,,,,,,,,,,,,,,,,,,,,,,,,,,,,,,,,,,,,,,,,,,,,,,,,,,,,,,,,,,,,,,,,,,,,,
dAliWbFMg1w_000006_000016.mp4,3,rope pushdown,20.09,4.78,9.96,96,200,96,131,131,165,165,200,,,,,,,,,,,,,,,,,,,,,,,,,,,,,,,,,,,,,,,,,,,,,,,,,,,,,,,,,,,,,,,,,,,,,,,,,,,,,,,,,,,,,,,,,,,,,,,,,,,,,,,,,,,,,,,,,,,,,,,,,,,,,,,,,,,,,,,,
dPGOIEmQyNM_000004_000014.mp4,5,rope pushdown,14.48,0.0,10.0,0,145,0,29,29,58,58,87,87,116,116,145,,,,,,,,,,,,,,,,,,,,,,,,,,,,,,,,,,,,,,,,,,,,,,,,,,,,,,,,,,,,,,,,,,,,,,,,,,,,,,,,,,,,,,,,,,,,,,,,,,,,,,,,,,,,,,,,,,,,,,,,,,,,,,,,,,,,
eiPDdsEExhQ_000029_000039.mp4,4,rope pushdown,23.98,0.0,9.97,0,239,0,60,60,120,120,179,179,239,,,,,,,,,,,,,,,,,,,,,,,,,,,,,,,,,,,,,,,,,,,,,,,,,,,,,,,,,,,,,,,,,,,,,,,,,,,,,,,,,,,,,,,,,,,,,,,,,,,,,,,,,,,,,,,,,,,,,,,,,,,,,,,,,,,,,,
f48POlM6Hzg_000082_000092.mp4,2,rope pushdown,25.0,4.28,10.0,107,250,107,179,179,250,,,,,,,,,,,,,,,,,,,,,,,,,,,,,,,,,,,,,,,,,,,,,,,,,,,,,,,,,,,,,,,,,,,,,,,,,,,,,,,,,,,,,,,,,,,,,,,,,,,,,,,,,,,,,,,,,,,,,,,,,,,,,,,,,,,,,,,,,,
gcWw2DHPLG8_000022_000032.mp4,3,rope pushdown,30.0,0.0,10.0,0,300,0,100,100,200,200,300,,,,,,,,,,,,,,,,,,,,,,,,,,,,,,,,,,,,,,,,,,,,,,,,,,,,,,,,,,,,,,,,,,,,,,,,,,,,,,,,,,,,,,,,,,,,,,,,,,,,,,,,,,,,,,,,,,,,,,,,,,,,,,,,,,,,,,,,
gg-31qQfOag_000001_000011.mp4,5,rope pushdown,25.0,0.0,10.0,0,250,0,50,50,100,100,150,150,200,200,250,,,,,,,,,,,,,,,,,,,,,,,,,,,,,,,,,,,,,,,,,,,,,,,,,,,,,,,,,,,,,,,,,,,,,,,,,,,,,,,,,,,,,,,,,,,,,,,,,,,,,,,,,,,,,,,,,,,,,,,,,,,,,,,,,,,,
hDS-FMmKVGU_000016_000026.mp4,7,rope pushdown,30.0,0.0,10.0,0,300,0,43,43,86,86,129,129,171,171,214,214,257,257,300,,,,,,,,,,,,,,,,,,,,,,,,,,,,,,,,,,,,,,,,,,,,,,,,,,,,,,,,,,,,,,,,,,,,,,,,,,,,,,,,,,,,,,,,,,,,,,,,,,,,,,,,,,,,,,,,,,,,,,,,,,,,,,,,
hMTB7htuKaM_000016_000026.mp4,5,rope pushdown,26.0,0.0,9.0,0,234,0,47,47,94,94,140,140,187,187,234,,,,,,,,,,,,,,,,,,,,,,,,,,,,,,,,,,,,,,,,,,,,,,,,,,,,,,,,,,,,,,,,,,,,,,,,,,,,,,,,,,,,,,,,,,,,,,,,,,,,,,,,,,,,,,,,,,,,,,,,,,,,,,,,,,,,
hOQwPQWcJH0_000002_000012.mp4,5,rope pushdown,30.0,0.0,10.0,0,300,0,60,60,120,120,180,180,240,240,300,,,,,,,,,,,,,,,,,,,,,,,,,,,,,,,,,,,,,,,,,,,,,,,,,,,,,,,,,,,,,,,,,,,,,,,,,,,,,,,,,,,,,,,,,,,,,,,,,,,,,,,,,,,,,,,,,,,,,,,,,,,,,,,,,,,,
iQOeNwTzwxM_000030_000040.mp4,2,rope pushdown,25.0,0.0,8.16,0,204,0,102,102,204,,,,,,,,,,,,,,,,,,,,,,,,,,,,,,,,,,,,,,,,,,,,,,,,,,,,,,,,,,,,,,,,,,,,,,,,,,,,,,,,,,,,,,,,,,,,,,,,,,,,,,,,,,,,,,,,,,,,,,,,,,,,,,,,,,,,,,,,,,
jM405nheU4k_000000_000010.mp4,5,rope pushdown,25.0,1.76,10.0,44,250,44,85,85,126,126,168,168,209,209,250,,,,,,,,,,,,,,,,,,,,,,,,,,,,,,,,,,,,,,,,,,,,,,,,,,,,,,,,,,,,,,,,,,,,,,,,,,,,,,,,,,,,,,,,,,,,,,,,,,,,,,,,,,,,,,,,,,,,,,,,,,,,,,,,,,,,
jacxhCrLN44_000050_000060.mp4,5,rope pushdown,25.0,1.28,10.0,32,250,32,76,76,119,119,163,163,206,206,250,,,,,,,,,,,,,,,,,,,,,,,,,,,,,,,,,,,,,,,,,,,,,,,,,,,,,,,,,,,,,,,,,,,,,,,,,,,,,,,,,,,,,,,,,,,,,,,,,,,,,,,,,,,,,,,,,,,,,,,,,,,,,,,,,,,,
k9BUdYCalgk_000028_000038.mp4,3,rope pushdown,30.0,0.0,9.27,0,278,0,93,93,185,185,278,,,,,,,,,,,,,,,,,,,,,,,,,,,,,,,,,,,,,,,,,,,,,,,,,,,,,,,,,,,,,,,,,,,,,,,,,,,,,,,,,,,,,,,,,,,,,,,,,,,,,,,,,,,,,,,,,,,,,,,,,,,,,,,,,,,,,,,,
lHBWP_3ZoXw_000001_000011.mp4,3,rope pushdown,29.97,2.94,9.98,88,299,88,158,158,229,229,299,,,,,,,,,,,,,,,,,,,,,,,,,,,,,,,,,,,,,,,,,,,,,,,,,,,,,,,,,,,,,,,,,,,,,,,,,,,,,,,,,,,,,,,,,,,,,,,,,,,,,,,,,,,,,,,,,,,,,,,,,,,,,,,,,,,,,,,,
l3Nh3DDVlT0_000002_000012.mp4,4,rope pushdown,30.0,0.0,9.97,0,299,0,75,75,150,150,224,224,299,,,,,,,,,,,,,,,,,,,,,,,,,,,,,,,,,,,,,,,,,,,,,,,,,,,,,,,,,,,,,,,,,,,,,,,,,,,,,,,,,,,,,,,,,,,,,,,,,,,,,,,,,,,,,,,,,,,,,,,,,,,,,,,,,,,,,,
mcltyvFJwZ4_000000_000010.mp4,6,rope pushdown,29.0,0.0,10.0,0,290,0,48,48,97,97,145,145,193,193,242,242,290,,,,,,,,,,,,,,,,,,,,,,,,,,,,,,,,,,,,,,,,,,,,,,,,,,,,,,,,,,,,,,,,,,,,,,,,,,,,,,,,,,,,,,,,,,,,,,,,,,,,,,,,,,,,,,,,,,,,,,,,,,,,,,,,,,
mluV9PrudYI_000014_000024.mp4,4,rope pushdown,29.97,0.0,9.98,0,299,0,75,75,150,150,224,224,299,,,,,,,,,,,,,,,,,,,,,,,,,,,,,,,,,,,,,,,,,,,,,,,,,,,,,,,,,,,,,,,,,,,,,,,,,,,,,,,,,,,,,,,,,,,,,,,,,,,,,,,,,,,,,,,,,,,,,,,,,,,,,,,,,,,,,,
m1TIGRJjUZ4_000008_000018.mp4,3,rope pushdown,30.0,0.0,10.0,0,300,0,100,100,200,200,300,,,,,,,,,,,,,,,,,,,,,,,,,,,,,,,,,,,,,,,,,,,,,,,,,,,,,,,,,,,,,,,,,,,,,,,,,,,,,,,,,,,,,,,,,,,,,,,,,,,,,,,,,,,,,,,,,,,,,,,,,,,,,,,,,,,,,,,,
m7uiJkmYLDc_000032_000042.mp4,2,rope pushdown,30.0,2.9,10.0,87,300,87,193,193,300,,,,,,,,,,,,,,,,,,,,,,,,,,,,,,,,,,,,,,,,,,,,,,,,,,,,,,,,,,,,,,,,,,,,,,,,,,,,,,,,,,,,,,,,,,,,,,,,,,,,,,,,,,,,,,,,,,,,,,,,,,,,,,,,,,,,,,,,,,
n78FQ3FqidI_000033_000043.mp4,5,rope pushdown,15.0,0.0,9.8,0,147,0,29,29,59,59,88,88,118,118,147,,,,,,,,,,,,,,,,,,,,,,,,,,,,,,,,,,,,,,,,,,,,,,,,,,,,,,,,,,,,,,,,,,,,,,,,,,,,,,,,,,,,,,,,,,,,,,,,,,,,,,,,,,,,,,,,,,,,,,,,,,,,,,,,,,,,
omT3P5FbCEg_000000_000010.mp4,3,rope pushdown,29.97,4.74,8.78,142,263,142,182,182,223,223,263,,,,,,,,,,,,,,,,,,,,,,,,,,,,,,,,,,,,,,,,,,,,,,,,,,,,,,,,,,,,,,,,,,,,,,,,,,,,,,,,,,,,,,,,,,,,,,,,,,,,,,,,,,,,,,,,,,,,,,,,,,,,,,,,,,,,,,,,
o08hRRttMIw_000004_000014.mp4,5,rope pushdown,30.0,0.0,9.33,0,280,0,56,56,112,112,168,168,224,224,280,,,,,,,,,,,,,,,,,,,,,,,,,,,,,,,,,,,,,,,,,,,,,,,,,,,,,,,,,,,,,,,,,,,,,,,,,,,,,,,,,,,,,,,,,,,,,,,,,,,,,,,,,,,,,,,,,,,,,,,,,,,,,,,,,,,,
o870GOGJG_k_000000_000010.mp4,9,rope pushdown,29.0,0.0,10.0,0,290,0,32,32,64,64,97,97,129,129,161,161,193,193,226,226,258,258,290,,,,,,,,,,,,,,,,,,,,,,,,,,,,,,,,,,,,,,,,,,,,,,,,,,,,,,,,,,,,,,,,,,,,,,,,,,,,,,,,,,,,,,,,,,,,,,,,,,,,,,,,,,,,,,,,,,,,,,,,,,,,
piaur4M-80I_000004_000014.mp4,3,rope pushdown,29.97,0.0,8.01,0,240,0,80,80,160,160,240,,,,,,,,,,,,,,,,,,,,,,,,,,,,,,,,,,,,,,,,,,,,,,,,,,,,,,,,,,,,,,,,,,,,,,,,,,,,,,,,,,,,,,,,,,,,,,,,,,,,,,,,,,,,,,,,,,,,,,,,,,,,,,,,,,,,,,,,
ppEM3kZ96fs_000045_000055.mp4,2,rope pushdown,29.97,0.0,9.44,0,283,0,142,142,283,,,,,,,,,,,,,,,,,,,,,,,,,,,,,,,,,,,,,,,,,,,,,,,,,,,,,,,,,,,,,,,,,,,,,,,,,,,,,,,,,,,,,,,,,,,,,,,,,,,,,,,,,,,,,,,,,,,,,,,,,,,,,,,,,,,,,,,,,,
q_aCNgSuROU_000011_000021.mp4,3,rope pushdown,30.0,0.0,10.0,0,300,0,100,100,200,200,300,,,,,,,,,,,,,,,,,,,,,,,,,,,,,,,,,,,,,,,,,,,,,,,,,,,,,,,,,,,,,,,,,,,,,,,,,,,,,,,,,,,,,,,,,,,,,,,,,,,,,,,,,,,,,,,,,,,,,,,,,,,,,,,,,,,,,,,,
rDMhtK91WdY_000003_000013.mp4,3,rope pushdown,29.97,0.0,9.98,0,299,0,100,100,199,199,299,,,,,,,,,,,,,,,,,,,,,,,,,,,,,,,,,,,,,,,,,,,,,,,,,,,,,,,,,,,,,,,,,,,,,,,,,,,,,,,,,,,,,,,,,,,,,,,,,,,,,,,,,,,,,,,,,,,,,,,,,,,,,,,,,,,,,,,,
rQ6khesc2HE_000030_000040.mp4,4,rope pushdown,25.0,0.0,8.36,0,209,0,52,52,104,104,157,157,209,,,,,,,,,,,,,,,,,,,,,,,,,,,,,,,,,,,,,,,,,,,,,,,,,,,,,,,,,,,,,,,,,,,,,,,,,,,,,,,,,,,,,,,,,,,,,,,,,,,,,,,,,,,,,,,,,,,,,,,,,,,,,,,,,,,,,,
rhbLqEGfnEE_000011_000021.mp4,3,rope pushdown,30.0,0.0,10.0,0,300,0,100,100,200,200,300,,,,,,,,,,,,,,,,,,,,,,,,,,,,,,,,,,,,,,,,,,,,,,,,,,,,,,,,,,,,,,,,,,,,,,,,,,,,,,,,,,,,,,,,,,,,,,,,,,,,,,,,,,,,,,,,,,,,,,,,,,,,,,,,,,,,,,,,
r2XdiYnb_NU_000000_000010.mp4,3,rope pushdown,30.0,0.0,9.13,0,274,0,91,91,183,183,274,,,,,,,,,,,,,,,,,,,,,,,,,,,,,,,,,,,,,,,,,,,,,,,,,,,,,,,,,,,,,,,,,,,,,,,,,,,,,,,,,,,,,,,,,,,,,,,,,,,,,,,,,,,,,,,,,,,,,,,,,,,,,,,,,,,,,,,,
s7G4GmlNR2o_000007_000017.mp4,3,rope pushdown,29.97,0.0,8.84,0,265,0,88,88,177,177,265,,,,,,,,,,,,,,,,,,,,,,,,,,,,,,,,,,,,,,,,,,,,,,,,,,,,,,,,,,,,,,,,,,,,,,,,,,,,,,,,,,,,,,,,,,,,,,,,,,,,,,,,,,,,,,,,,,,,,,,,,,,,,,,,,,,,,,,,
tyUrI8F0M-I_000011_000021.mp4,4,rope pushdown,30.0,0.0,10.0,0,300,0,75,75,150,150,225,225,300,,,,,,,,,,,,,,,,,,,,,,,,,,,,,,,,,,,,,,,,,,,,,,,,,,,,,,,,,,,,,,,,,,,,,,,,,,,,,,,,,,,,,,,,,,,,,,,,,,,,,,,,,,,,,,,,,,,,,,,,,,,,,,,,,,,,,,
t51IJII6s40_000000_000010.mp4,4,rope pushdown,29.0,0.0,10.0,0,290,0,72,72,145,145,218,218,290,,,,,,,,,,,,,,,,,,,,,,,,,,,,,,,,,,,,,,,,,,,,,,,,,,,,,,,,,,,,,,,,,,,,,,,,,,,,,,,,,,,,,,,,,,,,,,,,,,,,,,,,,,,,,,,,,,,,,,,,,,,,,,,,,,,,,,
uKElp3XdaZ8_000022_000032.mp4,3,rope pushdown,29.97,0.0,9.96,0,299,0,100,100,199,199,299,,,,,,,,,,,,,,,,,,,,,,,,,,,,,,,,,,,,,,,,,,,,,,,,,,,,,,,,,,,,,,,,,,,,,,,,,,,,,,,,,,,,,,,,,,,,,,,,,,,,,,,,,,,,,,,,,,,,,,,,,,,,,,,,,,,,,,,,
ukh0lTGOL_Y_000000_000010.mp4,6,rope pushdown,30.0,2.03,10.0,61,300,61,101,101,141,141,181,181,220,220,260,260,300,,,,,,,,,,,,,,,,,,,,,,,,,,,,,,,,,,,,,,,,,,,,,,,,,,,,,,,,,,,,,,,,,,,,,,,,,,,,,,,,,,,,,,,,,,,,,,,,,,,,,,,,,,,,,,,,,,,,,,,,,,,,,,,,,,
vKlJqOMIjdA_000013_000023.mp4,4,rope pushdown,25.0,0.0,9.4,0,235,0,59,59,118,118,176,176,235,,,,,,,,,,,,,,,,,,,,,,,,,,,,,,,,,,,,,,,,,,,,,,,,,,,,,,,,,,,,,,,,,,,,,,,,,,,,,,,,,,,,,,,,,,,,,,,,,,,,,,,,,,,,,,,,,,,,,,,,,,,,,,,,,,,,,,
vcBqlpTzvRU_000004_000014.mp4,4,rope pushdown,29.97,0.0,6.31,0,189,0,47,47,94,94,142,142,189,,,,,,,,,,,,,,,,,,,,,,,,,,,,,,,,,,,,,,,,,,,,,,,,,,,,,,,,,,,,,,,,,,,,,,,,,,,,,,,,,,,,,,,,,,,,,,,,,,,,,,,,,,,,,,,,,,,,,,,,,,,,,,,,,,,,,,
vjOefY0qd1Y_000000_000010.mp4,4,rope pushdown,29.97,1.43,7.37,43,221,43,87,87,132,132,177,177,221,,,,,,,,,,,,,,,,,,,,,,,,,,,,,,,,,,,,,,,,,,,,,,,,,,,,,,,,,,,,,,,,,,,,,,,,,,,,,,,,,,,,,,,,,,,,,,,,,,,,,,,,,,,,,,,,,,,,,,,,,,,,,,,,,,,,,,
wBgyai1dim0_000012_000022.mp4,2,rope pushdown,29.97,0.0,9.51,0,285,0,142,142,285,,,,,,,,,,,,,,,,,,,,,,,,,,,,,,,,,,,,,,,,,,,,,,,,,,,,,,,,,,,,,,,,,,,,,,,,,,,,,,,,,,,,,,,,,,,,,,,,,,,,,,,,,,,,,,,,,,,,,,,,,,,,,,,,,,,,,,,,,,
w1tCe2NwgEI_000000_000010.mp4,3,rope pushdown,29.97,2.27,9.98,68,299,68,145,145,222,222,299,,,,,,,,,,,,,,,,,,,,,,,,,,,,,,,,,,,,,,,,,,,,,,,,,,,,,,,,,,,,,,,,,,,,,,,,,,,,,,,,,,,,,,,,,,,,,,,,,,,,,,,,,,,,,,,,,,,,,,,,,,,,,,,,,,,,,,,,
w7zbBdBln-E_000000_000010.mp4,3,rope pushdown,29.97,0.27,7.01,8,210,8,75,75,143,143,210,,,,,,,,,,,,,,,,,,,,,,,,,,,,,,,,,,,,,,,,,,,,,,,,,,,,,,,,,,,,,,,,,,,,,,,,,,,,,,,,,,,,,,,,,,,,,,,,,,,,,,,,,,,,,,,,,,,,,,,,,,,,,,,,,,,,,,,,
xQzfWfKKk2o_000000_000010.mp4,3,rope pushdown,25.0,1.12,10.0,28,250,28,102,102,176,176,250,,,,,,,,,,,,,,,,,,,,,,,,,,,,,,,,,,,,,,,,,,,,,,,,,,,,,,,,,,,,,,,,,,,,,,,,,,,,,,,,,,,,,,,,,,,,,,,,,,,,,,,,,,,,,,,,,,,,,,,,,,,,,,,,,,,,,,,,
yEvjWnxCHd0_000002_000012.mp4,3,rope pushdown,25.0,0.0,10.0,0,250,0,83,83,167,167,250,,,,,,,,,,,,,,,,,,,,,,,,,,,,,,,,,,,,,,,,,,,,,,,,,,,,,,,,,,,,,,,,,,,,,,,,,,,,,,,,,,,,,,,,,,,,,,,,,,,,,,,,,,,,,,,,,,,,,,,,,,,,,,,,,,,,,,,,
y8BwMY7U8jM_000000_000010.mp4,3,rope pushdown,30.0,0.0,10.0,0,300,0,100,100,200,200,300,,,,,,,,,,,,,,,,,,,,,,,,,,,,,,,,,,,,,,,,,,,,,,,,,,,,,,,,,,,,,,,,,,,,,,,,,,,,,,,,,,,,,,,,,,,,,,,,,,,,,,,,,,,,,,,,,,,,,,,,,,,,,,,,,,,,,,,,
zf0U20qPqHE_000001_000011.mp4,5,rope pushdown,30.0,1.28,9.23,38,277,38,86,86,134,134,181,181,229,229,277,,,,,,,,,,,,,,,,,,,,,,,,,,,,,,,,,,,,,,,,,,,,,,,,,,,,,,,,,,,,,,,,,,,,,,,,,,,,,,,,,,,,,,,,,,,,,,,,,,,,,,,,,,,,,,,,,,,,,,,,,,,,,,,,,,,,
0ai6xO4HkwU_000055_000065.mp4,2,rope pushdown,30.0,0.0,3.57,0,107,0,54,54,107,,,,,,,,,,,,,,,,,,,,,,,,,,,,,,,,,,,,,,,,,,,,,,,,,,,,,,,,,,,,,,,,,,,,,,,,,,,,,,,,,,,,,,,,,,,,,,,,,,,,,,,,,,,,,,,,,,,,,,,,,,,,,,,,,,,,,,,,,,
0ryRTf1NrgU_000000_000010.mp4,3,rope pushdown,16.54,3.58,10.0,59,165,59,94,94,130,130,165,,,,,,,,,,,,,,,,,,,,,,,,,,,,,,,,,,,,,,,,,,,,,,,,,,,,,,,,,,,,,,,,,,,,,,,,,,,,,,,,,,,,,,,,,,,,,,,,,,,,,,,,,,,,,,,,,,,,,,,,,,,,,,,,,,,,,,,,
1wFsB4WQnlw_000218_000228.mp4,3,rope pushdown,30.0,0.97,10.0,29,300,29,119,119,210,210,300,,,,,,,,,,,,,,,,,,,,,,,,,,,,,,,,,,,,,,,,,,,,,,,,,,,,,,,,,,,,,,,,,,,,,,,,,,,,,,,,,,,,,,,,,,,,,,,,,,,,,,,,,,,,,,,,,,,,,,,,,,,,,,,,,,,,,,,,
2s1MNAUnBbc_000000_000010.mp4,5,rope pushdown,30.0,3.07,10.0,92,300,92,134,134,175,175,217,217,258,258,300,,,,,,,,,,,,,,,,,,,,,,,,,,,,,,,,,,,,,,,,,,,,,,,,,,,,,,,,,,,,,,,,,,,,,,,,,,,,,,,,,,,,,,,,,,,,,,,,,,,,,,,,,,,,,,,,,,,,,,,,,,,,,,,,,,,,
3lTKr_M8ER8_000008_000018.mp4,4,rope pushdown,29.97,0.0,8.98,0,269,0,67,67,134,134,202,202,269,,,,,,,,,,,,,,,,,,,,,,,,,,,,,,,,,,,,,,,,,,,,,,,,,,,,,,,,,,,,,,,,,,,,,,,,,,,,,,,,,,,,,,,,,,,,,,,,,,,,,,,,,,,,,,,,,,,,,,,,,,,,,,,,,,,,,,
3rIga5kuX4Q_000000_000010.mp4,3,rope pushdown,29.97,0.0,4.8,0,144,0,48,48,96,96,144,,,,,,,,,,,,,,,,,,,,,,,,,,,,,,,,,,,,,,,,,,,,,,,,,,,,,,,,,,,,,,,,,,,,,,,,,,,,,,,,,,,,,,,,,,,,,,,,,,,,,,,,,,,,,,,,,,,,,,,,,,,,,,,,,,,,,,,,
36Uy-rmbktc_000002_000012.mp4,2,rope pushdown,30.0,3.47,9.67,104,290,104,197,197,290,,,,,,,,,,,,,,,,,,,,,,,,,,,,,,,,,,,,,,,,,,,,,,,,,,,,,,,,,,,,,,,,,,,,,,,,,,,,,,,,,,,,,,,,,,,,,,,,,,,,,,,,,,,,,,,,,,,,,,,,,,,,,,,,,,,,,,,,,,
4ETgc4TrCQg_000014_000024.mp4,8,rope pushdown,29.97,0.0,9.98,0,299,0,37,37,75,75,112,112,150,150,187,187,224,224,262,262,299,,,,,,,,,,,,,,,,,,,,,,,,,,,,,,,,,,,,,,,,,,,,,,,,,,,,,,,,,,,,,,,,,,,,,,,,,,,,,,,,,,,,,,,,,,,,,,,,,,,,,,,,,,,,,,,,,,,,,,,,,,,,,,
4XIE5GSr9XE_000011_000021.mp4,5,rope pushdown,30.0,0.0,9.47,0,284,0,57,57,114,114,170,170,227,227,284,,,,,,,,,,,,,,,,,,,,,,,,,,,,,,,,,,,,,,,,,,,,,,,,,,,,,,,,,,,,,,,,,,,,,,,,,,,,,,,,,,,,,,,,,,,,,,,,,,,,,,,,,,,,,,,,,,,,,,,,,,,,,,,,,,,,
4-qLLxT5tiU_000016_000026.mp4,2,rope pushdown,30.0,0.0,4.0,0,120,0,60,60,120,,,,,,,,,,,,,,,,,,,,,,,,,,,,,,,,,,,,,,,,,,,,,,,,,,,,,,,,,,,,,,,,,,,,,,,,,,,,,,,,,,,,,,,,,,,,,,,,,,,,,,,,,,,,,,,,,,,,,,,,,,,,,,,,,,,,,,,,,,
4-qLLxT5tiU_000016_000026.mp4,3,rope pushdown,30.0,6.1,10.0,183,300,183,222,222,261,261,300,,,,,,,,,,,,,,,,,,,,,,,,,,,,,,,,,,,,,,,,,,,,,,,,,,,,,,,,,,,,,,,,,,,,,,,,,,,,,,,,,,,,,,,,,,,,,,,,,,,,,,,,,,,,,,,,,,,,,,,,,,,,,,,,,,,,,,,,
56UTkmnPuk4_000000_000010.mp4,5,rope pushdown,15.0,3.27,10.0,49,150,49,69,69,89,89,110,110,130,130,150,,,,,,,,,,,,,,,,,,,,,,,,,,,,,,,,,,,,,,,,,,,,,,,,,,,,,,,,,,,,,,,,,,,,,,,,,,,,,,,,,,,,,,,,,,,,,,,,,,,,,,,,,,,,,,,,,,,,,,,,,,,,,,,,,,,,
6jjkcrc7UOM_000007_000017.mp4,6,rope pushdown,29.97,0.0,9.68,0,290,0,48,48,97,97,145,145,193,193,242,242,290,,,,,,,,,,,,,,,,,,,,,,,,,,,,,,,,,,,,,,,,,,,,,,,,,,,,,,,,,,,,,,,,,,,,,,,,,,,,,,,,,,,,,,,,,,,,,,,,,,,,,,,,,,,,,,,,,,,,,,,,,,,,,,,,,,
67ddbyZ8Y-8_000004_000014.mp4,3,rope pushdown,25.0,0.0,9.52,0,238,0,79,79,159,159,238,,,,,,,,,,,,,,,,,,,,,,,,,,,,,,,,,,,,,,,,,,,,,,,,,,,,,,,,,,,,,,,,,,,,,,,,,,,,,,,,,,,,,,,,,,,,,,,,,,,,,,,,,,,,,,,,,,,,,,,,,,,,,,,,,,,,,,,,
7CQ-fcthSaE_000012_000022.mp4,6,rope pushdown,30.0,0.0,9.97,0,299,0,50,50,100,100,150,150,199,199,249,249,299,,,,,,,,,,,,,,,,,,,,,,,,,,,,,,,,,,,,,,,,,,,,,,,,,,,,,,,,,,,,,,,,,,,,,,,,,,,,,,,,,,,,,,,,,,,,,,,,,,,,,,,,,,,,,,,,,,,,,,,,,,,,,,,,,,
7VJ7OlWEvTQ_000003_000013.mp4,6,rope pushdown,29.97,0.67,9.98,20,299,20,66,66,113,113,160,160,206,206,252,252,299,,,,,,,,,,,,,,,,,,,,,,,,,,,,,,,,,,,,,,,,,,,,,,,,,,,,,,,,,,,,,,,,,,,,,,,,,,,,,,,,,,,,,,,,,,,,,,,,,,,,,,,,,,,,,,,,,,,,,,,,,,,,,,,,,,
7okJK3U27zE_000002_000012.mp4,2,rope pushdown,30.0,0.0,9.77,0,293,0,146,146,293,,,,,,,,,,,,,,,,,,,,,,,,,,,,,,,,,,,,,,,,,,,,,,,,,,,,,,,,,,,,,,,,,,,,,,,,,,,,,,,,,,,,,,,,,,,,,,,,,,,,,,,,,,,,,,,,,,,,,,,,,,,,,,,,,,,,,,,,,,
9eAlZuBg58I_000013_000023.mp4,2,rope pushdown,29.64,0.0,2.34,0,69,0,34,34,69,,,,,,,,,,,,,,,,,,,,,,,,,,,,,,,,,,,,,,,,,,,,,,,,,,,,,,,,,,,,,,,,,,,,,,,,,,,,,,,,,,,,,,,,,,,,,,,,,,,,,,,,,,,,,,,,,,,,,,,,,,,,,,,,,,,,,,,,,,
9eAlZuBg58I_000013_000023.mp4,2,rope pushdown,29.64,4.28,7.43,127,220,127,173,173,220,,,,,,,,,,,,,,,,,,,,,,,,,,,,,,,,,,,,,,,,,,,,,,,,,,,,,,,,,,,,,,,,,,,,,,,,,,,,,,,,,,,,,,,,,,,,,,,,,,,,,,,,,,,,,,,,,,,,,,,,,,,,,,,,,,,,,,,,,,
97QNoZBrTGo_000000_000010.mp4,7,rope pushdown,30.0,0.0,10.0,0,300,0,43,43,86,86,129,129,171,171,214,214,257,257,300,,,,,,,,,,,,,,,,,,,,,,,,,,,,,,,,,,,,,,,,,,,,,,,,,,,,,,,,,,,,,,,,,,,,,,,,,,,,,,,,,,,,,,,,,,,,,,,,,,,,,,,,,,,,,,,,,,,,,,,,,,,,,,,,
-J2nZ2xRWWU_000000_000010.mp4,4,rope pushdown,23.98,0.0,9.97,0,239,0,60,60,120,120,179,179,239,,,,,,,,,,,,,,,,,,,,,,,,,,,,,,,,,,,,,,,,,,,,,,,,,,,,,,,,,,,,,,,,,,,,,,,,,,,,,,,,,,,,,,,,,,,,,,,,,,,,,,,,,,,,,,,,,,,,,,,,,,,,,,,,,,,,,,
_D5JONyKh8I_000005_000015.mp4,4,rope pushdown,29.97,0.0,6.47,0,194,0,48,48,97,97,146,146,194,,,,,,,,,,,,,,,,,,,,,,,,,,,,,,,,,,,,,,,,,,,,,,,,,,,,,,,,,,,,,,,,,,,,,,,,,,,,,,,,,,,,,,,,,,,,,,,,,,,,,,,,,,,,,,,,,,,,,,,,,,,,,,,,,,,,,,
_U6Zlc_WQGI_000023_000033.mp4,2,rope pushdown,29.97,0.0,6.11,0,183,0,92,92,183,,,,,,,,,,,,,,,,,,,,,,,,,,,,,,,,,,,,,,,,,,,,,,,,,,,,,,,,,,,,,,,,,,,,,,,,,,,,,,,,,,,,,,,,,,,,,,,,,,,,,,,,,,,,,,,,,,,,,,,,,,,,,,,,,,,,,,,,,,
BBui_VCkwWo_000062_000072.mp4,14,running on treadmill,29.0,0.0,10.0,0,290,0,21,21,41,41,62,62,83,83,104,104,124,124,145,145,166,166,186,186,207,207,228,228,249,249,269,269,290,,,,,,,,,,,,,,,,,,,,,,,,,,,,,,,,,,,,,,,,,,,,,,,,,,,,,,,,,,,,,,,,,,,,,,,,,,,,,,,,,,,,,,,,,,,,,,,,,,,,,,,,,,,,,,,,,,
BM5aQmuyim0_000016_000026.mp4,4,running on treadmill,30.0,5.17,7.13,155,214,155,170,170,185,185,199,199,214,,,,,,,,,,,,,,,,,,,,,,,,,,,,,,,,,,,,,,,,,,,,,,,,,,,,,,,,,,,,,,,,,,,,,,,,,,,,,,,,,,,,,,,,,,,,,,,,,,,,,,,,,,,,,,,,,,,,,,,,,,,,,,,,,,,,,,
CLq2sHHP4kU_000035_000045.mp4,14,running on treadmill,29.97,0.0,9.98,0,299,0,21,21,43,43,64,64,85,85,107,107,128,128,150,150,171,171,192,192,214,214,235,235,256,256,278,278,299,,,,,,,,,,,,,,,,,,,,,,,,,,,,,,,,,,,,,,,,,,,,,,,,,,,,,,,,,,,,,,,,,,,,,,,,,,,,,,,,,,,,,,,,,,,,,,,,,,,,,,,,,,,,,,,,,,
C18Z9oBHtn4_000000_000010.mp4,13,running on treadmill,30.0,0.0,9.43,0,283,0,22,22,44,44,65,65,87,87,109,109,131,131,152,152,174,174,196,196,218,218,239,239,261,261,283,,,,,,,,,,,,,,,,,,,,,,,,,,,,,,,,,,,,,,,,,,,,,,,,,,,,,,,,,,,,,,,,,,,,,,,,,,,,,,,,,,,,,,,,,,,,,,,,,,,,,,,,,,,,,,,,,,,,
DiHx6PJ1AIc_000011_000021.mp4,14,running on treadmill,29.97,0.0,9.98,0,299,0,21,21,43,43,64,64,85,85,107,107,128,128,150,150,171,171,192,192,214,214,235,235,256,256,278,278,299,,,,,,,,,,,,,,,,,,,,,,,,,,,,,,,,,,,,,,,,,,,,,,,,,,,,,,,,,,,,,,,,,,,,,,,,,,,,,,,,,,,,,,,,,,,,,,,,,,,,,,,,,,,,,,,,,,
E_F7EtYJ7nM_000008_000018.mp4,16,running on treadmill,25.0,0.0,9.96,0,249,0,16,16,31,31,47,47,62,62,78,78,93,93,109,109,124,124,140,140,156,156,171,171,187,187,202,202,218,218,233,233,249,,,,,,,,,,,,,,,,,,,,,,,,,,,,,,,,,,,,,,,,,,,,,,,,,,,,,,,,,,,,,,,,,,,,,,,,,,,,,,,,,,,,,,,,,,,,,,,,,,,,,,,,,,,,,,
FGKCxoi8m8A_000000_000010.mp4,17,running on treadmill,24.0,0.0,10.0,0,240,0,14,14,28,28,42,42,56,56,71,71,85,85,99,99,113,113,127,127,141,141,155,155,169,169,184,184,198,198,212,212,226,226,240,,,,,,,,,,,,,,,,,,,,,,,,,,,,,,,,,,,,,,,,,,,,,,,,,,,,,,,,,,,,,,,,,,,,,,,,,,,,,,,,,,,,,,,,,,,,,,,,,,,,,,,,,,,,
GJGZWHaEigw_000052_000062.mp4,12,running on treadmill,30.0,0.0,8.87,0,266,0,22,22,44,44,66,66,89,89,111,111,133,133,155,155,177,177,200,200,222,222,244,244,266,,,,,,,,,,,,,,,,,,,,,,,,,,,,,,,,,,,,,,,,,,,,,,,,,,,,,,,,,,,,,,,,,,,,,,,,,,,,,,,,,,,,,,,,,,,,,,,,,,,,,,,,,,,,,,,,,,,,,,
HNasuXgTYIM_000000_000010.mp4,6,running on treadmill,29.97,5.04,9.98,151,299,151,176,176,200,200,225,225,250,250,274,274,299,,,,,,,,,,,,,,,,,,,,,,,,,,,,,,,,,,,,,,,,,,,,,,,,,,,,,,,,,,,,,,,,,,,,,,,,,,,,,,,,,,,,,,,,,,,,,,,,,,,,,,,,,,,,,,,,,,,,,,,,,,,,,,,,,,
HazUCD_GWTw_000000_000010.mp4,3,running on treadmill,59.94,0.0,1.02,0,61,0,20,20,41,41,61,,,,,,,,,,,,,,,,,,,,,,,,,,,,,,,,,,,,,,,,,,,,,,,,,,,,,,,,,,,,,,,,,,,,,,,,,,,,,,,,,,,,,,,,,,,,,,,,,,,,,,,,,,,,,,,,,,,,,,,,,,,,,,,,,,,,,,,,
HazUCD_GWTw_000000_000010.mp4,8,running on treadmill,59.94,1.92,4.99,115,299,115,138,138,161,161,184,184,207,207,230,230,253,253,276,276,299,,,,,,,,,,,,,,,,,,,,,,,,,,,,,,,,,,,,,,,,,,,,,,,,,,,,,,,,,,,,,,,,,,,,,,,,,,,,,,,,,,,,,,,,,,,,,,,,,,,,,,,,,,,,,,,,,,,,,,,,,,,,,,
HazUCD_GWTw_000000_000010.mp4,8,running on treadmill,59.94,5.72,8.83,343,529,343,366,366,389,389,413,413,436,436,459,459,483,483,506,506,529,,,,,,,,,,,,,,,,,,,,,,,,,,,,,,,,,,,,,,,,,,,,,,,,,,,,,,,,,,,,,,,,,,,,,,,,,,,,,,,,,,,,,,,,,,,,,,,,,,,,,,,,,,,,,,,,,,,,,,,,,,,,,,
HuceSkxyuqc_000020_000030.mp4,3,running on treadmill,29.97,0.0,9.98,0,299,0,100,100,199,199,299,,,,,,,,,,,,,,,,,,,,,,,,,,,,,,,,,,,,,,,,,,,,,,,,,,,,,,,,,,,,,,,,,,,,,,,,,,,,,,,,,,,,,,,,,,,,,,,,,,,,,,,,,,,,,,,,,,,,,,,,,,,,,,,,,,,,,,,,
II6QhgfQRH0_000000_000010.mp4,14,running on treadmill,30.0,0.0,8.97,0,269,0,19,19,38,38,58,58,77,77,96,96,115,115,134,134,154,154,173,173,192,192,211,211,231,231,250,250,269,,,,,,,,,,,,,,,,,,,,,,,,,,,,,,,,,,,,,,,,,,,,,,,,,,,,,,,,,,,,,,,,,,,,,,,,,,,,,,,,,,,,,,,,,,,,,,,,,,,,,,,,,,,,,,,,,,
JEu88kQAiME_000040_000050.mp4,5,running on treadmill,30.0,4.3,10.0,129,300,129,163,163,197,197,232,232,266,266,300,,,,,,,,,,,,,,,,,,,,,,,,,,,,,,,,,,,,,,,,,,,,,,,,,,,,,,,,,,,,,,,,,,,,,,,,,,,,,,,,,,,,,,,,,,,,,,,,,,,,,,,,,,,,,,,,,,,,,,,,,,,,,,,,,,,,
JPzwrXznAQ4_000009_000019.mp4,17,running on treadmill,29.97,0.0,9.88,0,296,0,17,17,35,35,52,52,70,70,87,87,104,104,122,122,139,139,157,157,174,174,192,192,209,209,226,226,244,244,261,261,279,279,296,,,,,,,,,,,,,,,,,,,,,,,,,,,,,,,,,,,,,,,,,,,,,,,,,,,,,,,,,,,,,,,,,,,,,,,,,,,,,,,,,,,,,,,,,,,,,,,,,,,,,,,,,,,,
JZ-_qGvCa7Y_000010_000020.mp4,14,running on treadmill,7.35,0.0,9.86,0,72,0,5,5,10,10,15,15,21,21,26,26,31,31,36,36,41,41,46,46,51,51,57,57,62,62,67,67,72,,,,,,,,,,,,,,,,,,,,,,,,,,,,,,,,,,,,,,,,,,,,,,,,,,,,,,,,,,,,,,,,,,,,,,,,,,,,,,,,,,,,,,,,,,,,,,,,,,,,,,,,,,,,,,,,,,
JlJIiXQ3Ctw_000034_000044.mp4,14,running on treadmill,29.69,0.0,8.93,0,265,0,19,19,38,38,57,57,76,76,95,95,114,114,132,132,151,151,170,170,189,189,208,208,227,227,246,246,265,,,,,,,,,,,,,,,,,,,,,,,,,,,,,,,,,,,,,,,,,,,,,,,,,,,,,,,,,,,,,,,,,,,,,,,,,,,,,,,,,,,,,,,,,,,,,,,,,,,,,,,,,,,,,,,,,,
KfjPXWtV4io_000000_000010.mp4,10,running on treadmill,29.97,0.0,6.74,0,202,0,20,20,40,40,61,61,81,81,101,101,121,121,141,141,162,162,182,182,202,,,,,,,,,,,,,,,,,,,,,,,,,,,,,,,,,,,,,,,,,,,,,,,,,,,,,,,,,,,,,,,,,,,,,,,,,,,,,,,,,,,,,,,,,,,,,,,,,,,,,,,,,,,,,,,,,,,,,,,,,,
LO1v89otk2c_000024_000034.mp4,15,running on treadmill,13.17,0.0,9.26,0,122,0,8,8,16,16,24,24,33,33,41,41,49,49,57,57,65,65,73,73,81,81,89,89,98,98,106,106,114,114,122,,,,,,,,,,,,,,,,,,,,,,,,,,,,,,,,,,,,,,,,,,,,,,,,,,,,,,,,,,,,,,,,,,,,,,,,,,,,,,,,,,,,,,,,,,,,,,,,,,,,,,,,,,,,,,,,
MJPb-M3-2C0_000011_000021.mp4,15,running on treadmill,30.0,0.0,9.1,0,273,0,18,18,36,36,55,55,73,73,91,91,109,109,127,127,146,146,164,164,182,182,200,200,218,218,237,237,255,255,273,,,,,,,,,,,,,,,,,,,,,,,,,,,,,,,,,,,,,,,,,,,,,,,,,,,,,,,,,,,,,,,,,,,,,,,,,,,,,,,,,,,,,,,,,,,,,,,,,,,,,,,,,,,,,,,,
OAv147sKcq8_000013_000023.mp4,13,running on treadmill,24.0,0.0,10.0,0,240,0,18,18,37,37,55,55,74,74,92,92,111,111,129,129,148,148,166,166,185,185,203,203,222,222,240,,,,,,,,,,,,,,,,,,,,,,,,,,,,,,,,,,,,,,,,,,,,,,,,,,,,,,,,,,,,,,,,,,,,,,,,,,,,,,,,,,,,,,,,,,,,,,,,,,,,,,,,,,,,,,,,,,,,
Ox5Pr8zxoKI_000016_000026.mp4,16,running on treadmill,18.0,0.0,10.0,0,180,0,11,11,22,22,34,34,45,45,56,56,68,68,79,79,90,90,101,101,112,112,124,124,135,135,146,146,158,158,169,169,180,,,,,,,,,,,,,,,,,,,,,,,,,,,,,,,,,,,,,,,,,,,,,,,,,,,,,,,,,,,,,,,,,,,,,,,,,,,,,,,,,,,,,,,,,,,,,,,,,,,,,,,,,,,,,,
PGJhC2Jy5MQ_000000_000010.mp4,17,running on treadmill,29.97,0.0,9.98,0,299,0,18,18,35,35,53,53,70,70,88,88,106,106,123,123,141,141,158,158,176,176,193,193,211,211,229,229,246,246,264,264,281,281,299,,,,,,,,,,,,,,,,,,,,,,,,,,,,,,,,,,,,,,,,,,,,,,,,,,,,,,,,,,,,,,,,,,,,,,,,,,,,,,,,,,,,,,,,,,,,,,,,,,,,,,,,,,,,
P7gG7b4ZrbM_000000_000010.mp4,19,running on treadmill,10.02,0.0,10.0,0,100,0,5,5,11,11,16,16,21,21,26,26,32,32,37,37,42,42,47,47,53,53,58,58,63,63,68,68,74,74,79,79,84,84,89,89,95,95,100,,,,,,,,,,,,,,,,,,,,,,,,,,,,,,,,,,,,,,,,,,,,,,,,,,,,,,,,,,,,,,,,,,,,,,,,,,,,,,,,,,,,,,,,,,,,,,,,,,,,,,,,
P9-vFMAEwY4_000000_000010.mp4,13,running on treadmill,29.0,0.0,9.38,0,272,0,21,21,42,42,63,63,84,84,105,105,126,126,146,146,167,167,188,188,209,209,230,230,251,251,272,,,,,,,,,,,,,,,,,,,,,,,,,,,,,,,,,,,,,,,,,,,,,,,,,,,,,,,,,,,,,,,,,,,,,,,,,,,,,,,,,,,,,,,,,,,,,,,,,,,,,,,,,,,,,,,,,,,,
Q5Tj5UrCWgs_000000_000010.mp4,18,running on treadmill,14.99,0.0,9.88,0,148,0,8,8,16,16,25,25,33,33,41,41,49,49,58,58,66,66,74,74,82,82,90,90,99,99,107,107,115,115,123,123,132,132,140,140,148,,,,,,,,,,,,,,,,,,,,,,,,,,,,,,,,,,,,,,,,,,,,,,,,,,,,,,,,,,,,,,,,,,,,,,,,,,,,,,,,,,,,,,,,,,,,,,,,,,,,,,,,,,
RSDE2r_qyoM_000029_000039.mp4,6,running on treadmill,29.97,0.0,4.07,0,122,0,20,20,41,41,61,61,81,81,102,102,122,,,,,,,,,,,,,,,,,,,,,,,,,,,,,,,,,,,,,,,,,,,,,,,,,,,,,,,,,,,,,,,,,,,,,,,,,,,,,,,,,,,,,,,,,,,,,,,,,,,,,,,,,,,,,,,,,,,,,,,,,,,,,,,,,,
R6mtev3BTOE_000004_000014.mp4,19,running on treadmill,15.33,0.0,9.26,0,142,0,7,7,15,15,22,22,30,30,37,37,45,45,52,52,60,60,67,67,75,75,82,82,90,90,97,97,105,105,112,112,120,120,127,127,135,135,142,,,,,,,,,,,,,,,,,,,,,,,,,,,,,,,,,,,,,,,,,,,,,,,,,,,,,,,,,,,,,,,,,,,,,,,,,,,,,,,,,,,,,,,,,,,,,,,,,,,,,,,,
SBkD0JHJgRo_000002_000012.mp4,9,running on treadmill,30.0,4.5,9.98,135,299,135,153,153,171,171,190,190,208,208,226,226,244,244,263,263,281,281,299,,,,,,,,,,,,,,,,,,,,,,,,,,,,,,,,,,,,,,,,,,,,,,,,,,,,,,,,,,,,,,,,,,,,,,,,,,,,,,,,,,,,,,,,,,,,,,,,,,,,,,,,,,,,,,,,,,,,,,,,,,,,
SlmcFIKPACU_000009_000019.mp4,9,running on treadmill,29.97,0.0,5.93,0,178,0,20,20,40,40,59,59,79,79,99,99,119,119,138,138,158,158,178,,,,,,,,,,,,,,,,,,,,,,,,,,,,,,,,,,,,,,,,,,,,,,,,,,,,,,,,,,,,,,,,,,,,,,,,,,,,,,,,,,,,,,,,,,,,,,,,,,,,,,,,,,,,,,,,,,,,,,,,,,,,
aX5kr3t5B7o_000077_000087.mp4,15,running on treadmill,29.67,0.0,9.69,0,287,0,19,19,38,38,57,57,77,77,96,96,115,115,134,134,153,153,172,172,191,191,210,210,230,230,249,249,268,268,287,,,,,,,,,,,,,,,,,,,,,,,,,,,,,,,,,,,,,,,,,,,,,,,,,,,,,,,,,,,,,,,,,,,,,,,,,,,,,,,,,,,,,,,,,,,,,,,,,,,,,,,,,,,,,,,,
aeKuIGqJs_Y_000089_000099.mp4,13,running on treadmill,30.0,0.0,10.0,0,300,0,23,23,46,46,69,69,92,92,115,115,138,138,162,162,185,185,208,208,231,231,254,254,277,277,300,,,,,,,,,,,,,,,,,,,,,,,,,,,,,,,,,,,,,,,,,,,,,,,,,,,,,,,,,,,,,,,,,,,,,,,,,,,,,,,,,,,,,,,,,,,,,,,,,,,,,,,,,,,,,,,,,,,,
a9x40T2Ti1Q_000041_000051.mp4,11,running on treadmill,30.0,3.67,9.9,110,297,110,127,127,144,144,161,161,178,178,195,195,212,212,229,229,246,246,263,263,280,280,297,,,,,,,,,,,,,,,,,,,,,,,,,,,,,,,,,,,,,,,,,,,,,,,,,,,,,,,,,,,,,,,,,,,,,,,,,,,,,,,,,,,,,,,,,,,,,,,,,,,,,,,,,,,,,,,,,,,,,,,,
buGMTfZgT9g_000020_000030.mp4,15,running on treadmill,24.0,0.21,10.0,5,240,5,21,21,36,36,52,52,68,68,83,83,99,99,115,115,130,130,146,146,162,162,177,177,193,193,209,209,224,224,240,,,,,,,,,,,,,,,,,,,,,,,,,,,,,,,,,,,,,,,,,,,,,,,,,,,,,,,,,,,,,,,,,,,,,,,,,,,,,,,,,,,,,,,,,,,,,,,,,,,,,,,,,,,,,,,,
b4MsbYinV_s_000028_000038.mp4,14,running on treadmill,29.97,0.0,9.94,0,298,0,21,21,43,43,64,64,85,85,106,106,128,128,149,149,170,170,192,192,213,213,234,234,255,255,277,277,298,,,,,,,,,,,,,,,,,,,,,,,,,,,,,,,,,,,,,,,,,,,,,,,,,,,,,,,,,,,,,,,,,,,,,,,,,,,,,,,,,,,,,,,,,,,,,,,,,,,,,,,,,,,,,,,,,,
d3JmkPObg2A_000193_000203.mp4,4,running on treadmill,29.97,0.0,9.94,0,298,0,74,74,149,149,224,224,298,,,,,,,,,,,,,,,,,,,,,,,,,,,,,,,,,,,,,,,,,,,,,,,,,,,,,,,,,,,,,,,,,,,,,,,,,,,,,,,,,,,,,,,,,,,,,,,,,,,,,,,,,,,,,,,,,,,,,,,,,,,,,,,,,,,,,,
e3jy0dPj1Og_000000_000010.mp4,16,running on treadmill,20.0,0.0,10.0,0,200,0,12,12,25,25,38,38,50,50,62,62,75,75,88,88,100,100,112,112,125,125,138,138,150,150,162,162,175,175,188,188,200,,,,,,,,,,,,,,,,,,,,,,,,,,,,,,,,,,,,,,,,,,,,,,,,,,,,,,,,,,,,,,,,,,,,,,,,,,,,,,,,,,,,,,,,,,,,,,,,,,,,,,,,,,,,,,
h56aIaFTQcM_000013_000023.mp4,5,running on treadmill,29.97,4.04,8.68,121,260,121,149,149,177,177,204,204,232,232,260,,,,,,,,,,,,,,,,,,,,,,,,,,,,,,,,,,,,,,,,,,,,,,,,,,,,,,,,,,,,,,,,,,,,,,,,,,,,,,,,,,,,,,,,,,,,,,,,,,,,,,,,,,,,,,,,,,,,,,,,,,,,,,,,,,,,
h-Ym7dHR2kA_000000_000010.mp4,8,running on treadmill,30.0,6.27,10.0,188,300,188,202,202,216,216,230,230,244,244,258,258,272,272,286,286,300,,,,,,,,,,,,,,,,,,,,,,,,,,,,,,,,,,,,,,,,,,,,,,,,,,,,,,,,,,,,,,,,,,,,,,,,,,,,,,,,,,,,,,,,,,,,,,,,,,,,,,,,,,,,,,,,,,,,,,,,,,,,,,
iC2aEryhu7c_000032_000042.mp4,13,running on treadmill,29.97,2.64,9.91,79,297,79,96,96,113,113,129,129,146,146,163,163,180,180,196,196,213,213,230,230,247,247,263,263,280,280,297,,,,,,,,,,,,,,,,,,,,,,,,,,,,,,,,,,,,,,,,,,,,,,,,,,,,,,,,,,,,,,,,,,,,,,,,,,,,,,,,,,,,,,,,,,,,,,,,,,,,,,,,,,,,,,,,,,,,
i3gUl-rJqh0_000002_000012.mp4,11,running on treadmill,30.0,0.0,7.0,0,210,0,19,19,38,38,57,57,76,76,95,95,115,115,134,134,153,153,172,172,191,191,210,,,,,,,,,,,,,,,,,,,,,,,,,,,,,,,,,,,,,,,,,,,,,,,,,,,,,,,,,,,,,,,,,,,,,,,,,,,,,,,,,,,,,,,,,,,,,,,,,,,,,,,,,,,,,,,,,,,,,,,,
jDkoB6KJ538_000140_000150.mp4,19,running on treadmill,29.97,0.0,9.98,0,299,0,16,16,31,31,47,47,63,63,79,79,94,94,110,110,126,126,142,142,157,157,173,173,189,189,205,205,220,220,236,236,252,252,268,268,283,283,299,,,,,,,,,,,,,,,,,,,,,,,,,,,,,,,,,,,,,,,,,,,,,,,,,,,,,,,,,,,,,,,,,,,,,,,,,,,,,,,,,,,,,,,,,,,,,,,,,,,,,,,,
kHYnpJCvk9s_000000_000010.mp4,12,running on treadmill,29.97,1.87,9.98,56,299,56,76,76,96,96,117,117,137,137,157,157,178,178,198,198,218,218,238,238,258,258,279,279,299,,,,,,,,,,,,,,,,,,,,,,,,,,,,,,,,,,,,,,,,,,,,,,,,,,,,,,,,,,,,,,,,,,,,,,,,,,,,,,,,,,,,,,,,,,,,,,,,,,,,,,,,,,,,,,,,,,,,,,
kM15mI8Co3U_000012_000022.mp4,5,running on treadmill,23.98,6.09,9.97,146,239,146,165,165,183,183,202,202,220,220,239,,,,,,,,,,,,,,,,,,,,,,,,,,,,,,,,,,,,,,,,,,,,,,,,,,,,,,,,,,,,,,,,,,,,,,,,,,,,,,,,,,,,,,,,,,,,,,,,,,,,,,,,,,,,,,,,,,,,,,,,,,,,,,,,,,,,
kQSnmBM-yzY_000014_000024.mp4,15,running on treadmill,30.0,0.0,8.07,0,242,0,16,16,32,32,48,48,65,65,81,81,97,97,113,113,129,129,145,145,161,161,177,177,194,194,210,210,226,226,242,,,,,,,,,,,,,,,,,,,,,,,,,,,,,,,,,,,,,,,,,,,,,,,,,,,,,,,,,,,,,,,,,,,,,,,,,,,,,,,,,,,,,,,,,,,,,,,,,,,,,,,,,,,,,,,,
k5D2FJkxV0w_000006_000016.mp4,2,running on treadmill,25.0,4.12,5.72,103,143,103,123,123,143,,,,,,,,,,,,,,,,,,,,,,,,,,,,,,,,,,,,,,,,,,,,,,,,,,,,,,,,,,,,,,,,,,,,,,,,,,,,,,,,,,,,,,,,,,,,,,,,,,,,,,,,,,,,,,,,,,,,,,,,,,,,,,,,,,,,,,,,,,
k5D2FJkxV0w_000006_000016.mp4,3,running on treadmill,25.0,8.64,10.0,216,250,216,227,227,239,239,250,,,,,,,,,,,,,,,,,,,,,,,,,,,,,,,,,,,,,,,,,,,,,,,,,,,,,,,,,,,,,,,,,,,,,,,,,,,,,,,,,,,,,,,,,,,,,,,,,,,,,,,,,,,,,,,,,,,,,,,,,,,,,,,,,,,,,,,,
lHGY8npfcDs_000011_000021.mp4,15,running on treadmill,30.0,0.0,10.0,0,300,0,20,20,40,40,60,60,80,80,100,100,120,120,140,140,160,160,180,180,200,200,220,220,240,240,260,260,280,280,300,,,,,,,,,,,,,,,,,,,,,,,,,,,,,,,,,,,,,,,,,,,,,,,,,,,,,,,,,,,,,,,,,,,,,,,,,,,,,,,,,,,,,,,,,,,,,,,,,,,,,,,,,,,,,,,,
mPUB2JDSIP4_000037_000047.mp4,12,running on treadmill,29.92,0.0,8.17,0,244,0,20,20,41,41,61,61,81,81,102,102,122,122,142,142,163,163,183,183,203,203,224,224,244,,,,,,,,,,,,,,,,,,,,,,,,,,,,,,,,,,,,,,,,,,,,,,,,,,,,,,,,,,,,,,,,,,,,,,,,,,,,,,,,,,,,,,,,,,,,,,,,,,,,,,,,,,,,,,,,,,,,,,
mfysskO4mE4_000009_000019.mp4,12,running on treadmill,29.97,0.0,9.98,0,299,0,25,25,50,50,75,75,100,100,125,125,150,150,174,174,199,199,224,224,249,249,274,274,299,,,,,,,,,,,,,,,,,,,,,,,,,,,,,,,,,,,,,,,,,,,,,,,,,,,,,,,,,,,,,,,,,,,,,,,,,,,,,,,,,,,,,,,,,,,,,,,,,,,,,,,,,,,,,,,,,,,,,,
mx39OQDK6O0_000003_000013.mp4,17,running on treadmill,30.0,0.0,9.2,0,276,0,16,16,32,32,49,49,65,65,81,81,97,97,114,114,130,130,146,146,162,162,179,179,195,195,211,211,227,227,244,244,260,260,276,,,,,,,,,,,,,,,,,,,,,,,,,,,,,,,,,,,,,,,,,,,,,,,,,,,,,,,,,,,,,,,,,,,,,,,,,,,,,,,,,,,,,,,,,,,,,,,,,,,,,,,,,,,,
m24HVE-OUR8_000016_000026.mp4,7,running on treadmill,30.0,0.0,10.0,0,300,0,43,43,86,86,129,129,171,171,214,214,257,257,300,,,,,,,,,,,,,,,,,,,,,,,,,,,,,,,,,,,,,,,,,,,,,,,,,,,,,,,,,,,,,,,,,,,,,,,,,,,,,,,,,,,,,,,,,,,,,,,,,,,,,,,,,,,,,,,,,,,,,,,,,,,,,,,,
nM7z-0P_r0U_000018_000028.mp4,16,running on treadmill,30.0,0.0,8.87,0,266,0,17,17,33,33,50,50,66,66,83,83,100,100,116,116,133,133,150,150,166,166,183,183,200,200,216,216,233,233,249,249,266,,,,,,,,,,,,,,,,,,,,,,,,,,,,,,,,,,,,,,,,,,,,,,,,,,,,,,,,,,,,,,,,,,,,,,,,,,,,,,,,,,,,,,,,,,,,,,,,,,,,,,,,,,,,,,
pIWnmoBNMZA_000125_000135.mp4,14,running on treadmill,29.97,0.0,6.37,0,191,0,14,14,27,27,41,41,55,55,68,68,82,82,96,96,109,109,123,123,136,136,150,150,164,164,177,177,191,,,,,,,,,,,,,,,,,,,,,,,,,,,,,,,,,,,,,,,,,,,,,,,,,,,,,,,,,,,,,,,,,,,,,,,,,,,,,,,,,,,,,,,,,,,,,,,,,,,,,,,,,,,,,,,,,,
pOWjM59jWWI_000009_000019.mp4,16,running on treadmill,24.0,0.0,10.0,0,240,0,15,15,30,30,45,45,60,60,75,75,90,90,105,105,120,120,135,135,150,150,165,165,180,180,195,195,210,210,225,225,240,,,,,,,,,,,,,,,,,,,,,,,,,,,,,,,,,,,,,,,,,,,,,,,,,,,,,,,,,,,,,,,,,,,,,,,,,,,,,,,,,,,,,,,,,,,,,,,,,,,,,,,,,,,,,,
pcJeP-gIW_4_000025_000035.mp4,18,running on treadmill,29.99,0.0,10.0,0,300,0,17,17,33,33,50,50,67,67,83,83,100,100,117,117,133,133,150,150,167,167,183,183,200,200,217,217,233,233,250,250,267,267,283,283,300,,,,,,,,,,,,,,,,,,,,,,,,,,,,,,,,,,,,,,,,,,,,,,,,,,,,,,,,,,,,,,,,,,,,,,,,,,,,,,,,,,,,,,,,,,,,,,,,,,,,,,,,,,
qBvx9xpjNLQ_000001_000011.mp4,17,running on treadmill,29.9,0.0,9.96,0,298,0,18,18,35,35,53,53,70,70,88,88,105,105,123,123,140,140,158,158,175,175,193,193,210,210,228,228,245,245,263,263,280,280,298,,,,,,,,,,,,,,,,,,,,,,,,,,,,,,,,,,,,,,,,,,,,,,,,,,,,,,,,,,,,,,,,,,,,,,,,,,,,,,,,,,,,,,,,,,,,,,,,,,,,,,,,,,,,
qo-KjbNRj7o_000006_000016.mp4,3,running on treadmill,29.92,0.0,9.99,0,299,0,100,100,199,199,299,,,,,,,,,,,,,,,,,,,,,,,,,,,,,,,,,,,,,,,,,,,,,,,,,,,,,,,,,,,,,,,,,,,,,,,,,,,,,,,,,,,,,,,,,,,,,,,,,,,,,,,,,,,,,,,,,,,,,,,,,,,,,,,,,,,,,,,,
sjbyEx20ou4_000000_000010.mp4,10,running on treadmill,30.0,2.8,7.4,84,222,84,98,98,112,112,125,125,139,139,153,153,167,167,181,181,194,194,208,208,222,,,,,,,,,,,,,,,,,,,,,,,,,,,,,,,,,,,,,,,,,,,,,,,,,,,,,,,,,,,,,,,,,,,,,,,,,,,,,,,,,,,,,,,,,,,,,,,,,,,,,,,,,,,,,,,,,,,,,,,,,,
s6UWFe1eDnQ_000024_000034.mp4,18,running on treadmill,27.62,0.0,9.97,0,275,0,15,15,31,31,46,46,61,61,76,76,92,92,107,107,122,122,138,138,153,153,168,168,183,183,199,199,214,214,229,229,244,244,260,260,275,,,,,,,,,,,,,,,,,,,,,,,,,,,,,,,,,,,,,,,,,,,,,,,,,,,,,,,,,,,,,,,,,,,,,,,,,,,,,,,,,,,,,,,,,,,,,,,,,,,,,,,,,,
uj1Q8esHCgM_000004_000014.mp4,22,running on treadmill,30.0,0.0,9.2,0,276,0,13,13,25,25,38,38,50,50,63,63,75,75,88,88,100,100,113,113,125,125,138,138,151,151,163,163,176,176,188,188,201,201,213,213,226,226,238,238,251,251,263,263,276,,,,,,,,,,,,,,,,,,,,,,,,,,,,,,,,,,,,,,,,,,,,,,,,,,,,,,,,,,,,,,,,,,,,,,,,,,,,,,,,,,,,,,,,,,,,,,,,,,
vQMkOPwkcyw_000000_000010.mp4,20,running on treadmill,24.0,0.0,9.89,0,237,0,12,12,24,24,36,36,47,47,59,59,71,71,83,83,95,95,107,107,118,118,130,130,142,142,154,154,166,166,178,178,190,190,201,201,213,213,225,225,237,,,,,,,,,,,,,,,,,,,,,,,,,,,,,,,,,,,,,,,,,,,,,,,,,,,,,,,,,,,,,,,,,,,,,,,,,,,,,,,,,,,,,,,,,,,,,,,,,,,,,,
wyGKsNDxf5I_000002_000012.mp4,13,running on treadmill,29.97,0.0,9.38,0,281,0,22,22,43,43,65,65,86,86,108,108,130,130,151,151,173,173,195,195,216,216,238,238,259,259,281,,,,,,,,,,,,,,,,,,,,,,,,,,,,,,,,,,,,,,,,,,,,,,,,,,,,,,,,,,,,,,,,,,,,,,,,,,,,,,,,,,,,,,,,,,,,,,,,,,,,,,,,,,,,,,,,,,,,
xeg2qwvpuFM_000025_000035.mp4,7,running on treadmill,25.0,3.52,7.8,88,195,88,103,103,119,119,134,134,149,149,164,164,180,180,195,,,,,,,,,,,,,,,,,,,,,,,,,,,,,,,,,,,,,,,,,,,,,,,,,,,,,,,,,,,,,,,,,,,,,,,,,,,,,,,,,,,,,,,,,,,,,,,,,,,,,,,,,,,,,,,,,,,,,,,,,,,,,,,,
xy9Jt0bD8lI_000122_000132.mp4,4,running on treadmill,29.97,3.82,5.64,114,169,114,128,128,142,142,155,155,169,,,,,,,,,,,,,,,,,,,,,,,,,,,,,,,,,,,,,,,,,,,,,,,,,,,,,,,,,,,,,,,,,,,,,,,,,,,,,,,,,,,,,,,,,,,,,,,,,,,,,,,,,,,,,,,,,,,,,,,,,,,,,,,,,,,,,,
zJvL6ZsTTBI_000025_000035.mp4,15,running on treadmill,30.0,0.0,10.0,0,300,0,20,20,40,40,60,60,80,80,100,100,120,120,140,140,160,160,180,180,200,200,220,220,240,240,260,260,280,280,300,,,,,,,,,,,,,,,,,,,,,,,,,,,,,,,,,,,,,,,,,,,,,,,,,,,,,,,,,,,,,,,,,,,,,,,,,,,,,,,,,,,,,,,,,,,,,,,,,,,,,,,,,,,,,,,,
z-C6xNVWadY_000000_000010.mp4,19,running on treadmill,30.0,0.0,10.0,0,300,0,16,16,32,32,47,47,63,63,79,79,95,95,111,111,126,126,142,142,158,158,174,174,189,189,205,205,221,221,237,237,253,253,268,268,284,284,300,,,,,,,,,,,,,,,,,,,,,,,,,,,,,,,,,,,,,,,,,,,,,,,,,,,,,,,,,,,,,,,,,,,,,,,,,,,,,,,,,,,,,,,,,,,,,,,,,,,,,,,,
0LPtA8-2SaY_000038_000048.mp4,17,running on treadmill,30.0,0.0,10.0,0,300,0,18,18,35,35,53,53,71,71,88,88,106,106,124,124,141,141,159,159,176,176,194,194,212,212,229,229,247,247,265,265,282,282,300,,,,,,,,,,,,,,,,,,,,,,,,,,,,,,,,,,,,,,,,,,,,,,,,,,,,,,,,,,,,,,,,,,,,,,,,,,,,,,,,,,,,,,,,,,,,,,,,,,,,,,,,,,,,
1K1wkuDGWSU_000075_000085.mp4,17,running on treadmill,20.0,0.0,10.0,0,200,0,12,12,24,24,35,35,47,47,59,59,71,71,82,82,94,94,106,106,118,118,129,129,141,141,153,153,165,165,176,176,188,188,200,,,,,,,,,,,,,,,,,,,,,,,,,,,,,,,,,,,,,,,,,,,,,,,,,,,,,,,,,,,,,,,,,,,,,,,,,,,,,,,,,,,,,,,,,,,,,,,,,,,,,,,,,,,,
1bVqumVaz3I_000013_000023.mp4,2,running on treadmill,30.0,0.0,10.0,0,300,0,150,150,300,,,,,,,,,,,,,,,,,,,,,,,,,,,,,,,,,,,,,,,,,,,,,,,,,,,,,,,,,,,,,,,,,,,,,,,,,,,,,,,,,,,,,,,,,,,,,,,,,,,,,,,,,,,,,,,,,,,,,,,,,,,,,,,,,,,,,,,,,,
2hlknf5qEg0_000046_000056.mp4,15,running on treadmill,29.45,0.0,9.99,0,294,0,20,20,39,39,59,59,78,78,98,98,118,118,137,137,157,157,176,176,196,196,216,216,235,235,255,255,274,274,294,,,,,,,,,,,,,,,,,,,,,,,,,,,,,,,,,,,,,,,,,,,,,,,,,,,,,,,,,,,,,,,,,,,,,,,,,,,,,,,,,,,,,,,,,,,,,,,,,,,,,,,,,,,,,,,,
3gy0tYV40Eg_000007_000017.mp4,17,running on treadmill,29.97,0.0,9.98,0,299,0,18,18,35,35,53,53,70,70,88,88,106,106,123,123,141,141,158,158,176,176,193,193,211,211,229,229,246,246,264,264,281,281,299,,,,,,,,,,,,,,,,,,,,,,,,,,,,,,,,,,,,,,,,,,,,,,,,,,,,,,,,,,,,,,,,,,,,,,,,,,,,,,,,,,,,,,,,,,,,,,,,,,,,,,,,,,,,
3l0DNyqdz60_000009_000019.mp4,14,running on treadmill,29.9,0.0,7.32,0,219,0,16,16,31,31,47,47,63,63,78,78,94,94,110,110,125,125,141,141,156,156,172,172,188,188,203,203,219,,,,,,,,,,,,,,,,,,,,,,,,,,,,,,,,,,,,,,,,,,,,,,,,,,,,,,,,,,,,,,,,,,,,,,,,,,,,,,,,,,,,,,,,,,,,,,,,,,,,,,,,,,,,,,,,,,
4c09rCAM8vU_000000_000010.mp4,5,running on treadmill,29.97,0.0,3.0,0,90,0,18,18,36,36,54,54,72,72,90,,,,,,,,,,,,,,,,,,,,,,,,,,,,,,,,,,,,,,,,,,,,,,,,,,,,,,,,,,,,,,,,,,,,,,,,,,,,,,,,,,,,,,,,,,,,,,,,,,,,,,,,,,,,,,,,,,,,,,,,,,,,,,,,,,,,
4zpt9vPb59E_000009_000019.mp4,7,running on treadmill,29.97,0.0,5.51,0,165,0,24,24,47,47,71,71,94,94,118,118,141,141,165,,,,,,,,,,,,,,,,,,,,,,,,,,,,,,,,,,,,,,,,,,,,,,,,,,,,,,,,,,,,,,,,,,,,,,,,,,,,,,,,,,,,,,,,,,,,,,,,,,,,,,,,,,,,,,,,,,,,,,,,,,,,,,,,
5MHiTtndWR4_000009_000019.mp4,15,running on treadmill,15.0,0.2,7.4,3,111,3,10,10,17,17,25,25,32,32,39,39,46,46,53,53,61,61,68,68,75,75,82,82,89,89,97,97,104,104,111,,,,,,,,,,,,,,,,,,,,,,,,,,,,,,,,,,,,,,,,,,,,,,,,,,,,,,,,,,,,,,,,,,,,,,,,,,,,,,,,,,,,,,,,,,,,,,,,,,,,,,,,,,,,,,,,
5YuTvYKd978_000000_000010.mp4,10,running on treadmill,24.0,1.58,8.21,38,197,38,54,54,70,70,86,86,102,102,118,118,133,133,149,149,165,165,181,181,197,,,,,,,,,,,,,,,,,,,,,,,,,,,,,,,,,,,,,,,,,,,,,,,,,,,,,,,,,,,,,,,,,,,,,,,,,,,,,,,,,,,,,,,,,,,,,,,,,,,,,,,,,,,,,,,,,,,,,,,,,,
6nnTaqP9enI_000002_000012.mp4,11,running on treadmill,29.97,0.0,9.98,0,299,0,27,27,54,54,82,82,109,109,136,136,163,163,190,190,217,217,245,245,272,272,299,,,,,,,,,,,,,,,,,,,,,,,,,,,,,,,,,,,,,,,,,,,,,,,,,,,,,,,,,,,,,,,,,,,,,,,,,,,,,,,,,,,,,,,,,,,,,,,,,,,,,,,,,,,,,,,,,,,,,,,,
7RBKcUMno90_000001_000011.mp4,5,running on treadmill,30.0,0.0,2.03,0,61,0,12,12,24,24,37,37,49,49,61,,,,,,,,,,,,,,,,,,,,,,,,,,,,,,,,,,,,,,,,,,,,,,,,,,,,,,,,,,,,,,,,,,,,,,,,,,,,,,,,,,,,,,,,,,,,,,,,,,,,,,,,,,,,,,,,,,,,,,,,,,,,,,,,,,,,
7RBKcUMno90_000001_000011.mp4,15,running on treadmill,30.0,3.17,10.0,95,300,95,109,109,122,122,136,136,150,150,163,163,177,177,191,191,204,204,218,218,232,232,245,245,259,259,273,273,286,286,300,,,,,,,,,,,,,,,,,,,,,,,,,,,,,,,,,,,,,,,,,,,,,,,,,,,,,,,,,,,,,,,,,,,,,,,,,,,,,,,,,,,,,,,,,,,,,,,,,,,,,,,,,,,,,,,,
7loA2rd_f94_000003_000013.mp4,7,running on treadmill,29.97,4.67,9.98,140,299,140,163,163,185,185,208,208,231,231,254,254,276,276,299,,,,,,,,,,,,,,,,,,,,,,,,,,,,,,,,,,,,,,,,,,,,,,,,,,,,,,,,,,,,,,,,,,,,,,,,,,,,,,,,,,,,,,,,,,,,,,,,,,,,,,,,,,,,,,,,,,,,,,,,,,,,,,,,
8EtOGDoR2JA_000005_000015.mp4,18,running on treadmill,29.97,0.0,9.98,0,299,0,17,17,33,33,50,50,66,66,83,83,100,100,116,116,133,133,150,150,166,166,183,183,199,199,216,216,233,233,249,249,266,266,282,282,299,,,,,,,,,,,,,,,,,,,,,,,,,,,,,,,,,,,,,,,,,,,,,,,,,,,,,,,,,,,,,,,,,,,,,,,,,,,,,,,,,,,,,,,,,,,,,,,,,,,,,,,,,,
8OElLf7LSAo_000005_000015.mp4,14,running on treadmill,30.0,0.0,9.7,0,291,0,21,21,42,42,62,62,83,83,104,104,125,125,146,146,166,166,187,187,208,208,229,229,249,249,270,270,291,,,,,,,,,,,,,,,,,,,,,,,,,,,,,,,,,,,,,,,,,,,,,,,,,,,,,,,,,,,,,,,,,,,,,,,,,,,,,,,,,,,,,,,,,,,,,,,,,,,,,,,,,,,,,,,,,,
8wM-2wEZba4_000007_000017.mp4,14,running on treadmill,15.0,0.0,10.0,0,150,0,11,11,21,21,32,32,43,43,54,54,64,64,75,75,86,86,96,96,107,107,118,118,129,129,139,139,150,,,,,,,,,,,,,,,,,,,,,,,,,,,,,,,,,,,,,,,,,,,,,,,,,,,,,,,,,,,,,,,,,,,,,,,,,,,,,,,,,,,,,,,,,,,,,,,,,,,,,,,,,,,,,,,,,,
808DBlYAyEg_000029_000039.mp4,15,running on treadmill,15.0,0.0,9.67,0,145,0,10,10,19,19,29,29,39,39,48,48,58,58,68,68,77,77,87,87,97,97,106,106,116,116,126,126,135,135,145,,,,,,,,,,,,,,,,,,,,,,,,,,,,,,,,,,,,,,,,,,,,,,,,,,,,,,,,,,,,,,,,,,,,,,,,,,,,,,,,,,,,,,,,,,,,,,,,,,,,,,,,,,,,,,,,
9HegmKsIAx8_000011_000021.mp4,6,running on treadmill,29.97,0.0,5.27,0,158,0,26,26,53,53,79,79,105,105,132,132,158,,,,,,,,,,,,,,,,,,,,,,,,,,,,,,,,,,,,,,,,,,,,,,,,,,,,,,,,,,,,,,,,,,,,,,,,,,,,,,,,,,,,,,,,,,,,,,,,,,,,,,,,,,,,,,,,,,,,,,,,,,,,,,,,,,
97g4UgRi5t8_000007_000017.mp4,6,running on treadmill,25.0,3.76,10.0,94,250,94,120,120,146,146,172,172,198,198,224,224,250,,,,,,,,,,,,,,,,,,,,,,,,,,,,,,,,,,,,,,,,,,,,,,,,,,,,,,,,,,,,,,,,,,,,,,,,,,,,,,,,,,,,,,,,,,,,,,,,,,,,,,,,,,,,,,,,,,,,,,,,,,,,,,,,,,
-KvDvP44fxc_000025_000035.mp4,16,running on treadmill,30.0,0.0,10.0,0,300,0,19,19,38,38,56,56,75,75,94,94,112,112,131,131,150,150,169,169,188,188,206,206,225,225,244,244,262,262,281,281,300,,,,,,,,,,,,,,,,,,,,,,,,,,,,,,,,,,,,,,,,,,,,,,,,,,,,,,,,,,,,,,,,,,,,,,,,,,,,,,,,,,,,,,,,,,,,,,,,,,,,,,,,,,,,,,
-OSzhjxCHPQ_000030_000040.mp4,10,running on treadmill,12.58,0.0,6.04,0,76,0,8,8,15,15,23,23,30,30,38,38,46,46,53,53,61,61,68,68,76,,,,,,,,,,,,,,,,,,,,,,,,,,,,,,,,,,,,,,,,,,,,,,,,,,,,,,,,,,,,,,,,,,,,,,,,,,,,,,,,,,,,,,,,,,,,,,,,,,,,,,,,,,,,,,,,,,,,,,,,,,
-OSzhjxCHPQ_000030_000040.mp4,5,running on treadmill,12.58,6.6,9.85,83,124,83,91,91,99,99,108,108,116,116,124,,,,,,,,,,,,,,,,,,,,,,,,,,,,,,,,,,,,,,,,,,,,,,,,,,,,,,,,,,,,,,,,,,,,,,,,,,,,,,,,,,,,,,,,,,,,,,,,,,,,,,,,,,,,,,,,,,,,,,,,,,,,,,,,,,,,
_qL4ad7I9FM_000042_000052.mp4,8,running on treadmill,29.97,0.0,4.67,0,140,0,18,18,35,35,52,52,70,70,88,88,105,105,122,122,140,,,,,,,,,,,,,,,,,,,,,,,,,,,,,,,,,,,,,,,,,,,,,,,,,,,,,,,,,,,,,,,,,,,,,,,,,,,,,,,,,,,,,,,,,,,,,,,,,,,,,,,,,,,,,,,,,,,,,,,,,,,,,,
_qL4ad7I9FM_000042_000052.mp4,4,running on treadmill,29.97,7.11,9.41,213,282,213,230,230,247,247,265,265,282,,,,,,,,,,,,,,,,,,,,,,,,,,,,,,,,,,,,,,,,,,,,,,,,,,,,,,,,,,,,,,,,,,,,,,,,,,,,,,,,,,,,,,,,,,,,,,,,,,,,,,,,,,,,,,,,,,,,,,,,,,,,,,,,,,,,,,
AVj315ogwmI_000064_000074.mp4,2,sawing wood,29.97,0.0,2.32,0,70,0,35,35,70,,,,,,,,,,,,,,,,,,,,,,,,,,,,,,,,,,,,,,,,,,,,,,,,,,,,,,,,,,,,,,,,,,,,,,,,,,,,,,,,,,,,,,,,,,,,,,,,,,,,,,,,,,,,,,,,,,,,,,,,,,,,,,,,,,,,,,,,,,
BpYBgTXu274_000498_000508.mp4,14,sawing wood,30.0,0.0,8.4,0,252,0,18,18,36,36,54,54,72,72,90,90,108,108,126,126,144,144,162,162,180,180,198,198,216,216,234,234,252,,,,,,,,,,,,,,,,,,,,,,,,,,,,,,,,,,,,,,,,,,,,,,,,,,,,,,,,,,,,,,,,,,,,,,,,,,,,,,,,,,,,,,,,,,,,,,,,,,,,,,,,,,,,,,,,,,
DpszcCKDiJM_000007_000017.mp4,7,sawing wood,29.97,0.0,2.04,0,61,0,9,9,17,17,26,26,35,35,44,44,52,52,61,,,,,,,,,,,,,,,,,,,,,,,,,,,,,,,,,,,,,,,,,,,,,,,,,,,,,,,,,,,,,,,,,,,,,,,,,,,,,,,,,,,,,,,,,,,,,,,,,,,,,,,,,,,,,,,,,,,,,,,,,,,,,,,,
HyaANg2OZTw_000002_000012.mp4,16,sawing wood,29.97,2.74,9.98,82,299,82,96,96,109,109,123,123,136,136,150,150,163,163,177,177,190,190,204,204,218,218,231,231,245,245,258,258,272,272,285,285,299,,,,,,,,,,,,,,,,,,,,,,,,,,,,,,,,,,,,,,,,,,,,,,,,,,,,,,,,,,,,,,,,,,,,,,,,,,,,,,,,,,,,,,,,,,,,,,,,,,,,,,,,,,,,,,
IGmUTlH9LdE_000026_000036.mp4,12,sawing wood,15.06,0.0,8.3,0,125,0,10,10,21,21,31,31,42,42,52,52,62,62,73,73,83,83,94,94,104,104,115,115,125,,,,,,,,,,,,,,,,,,,,,,,,,,,,,,,,,,,,,,,,,,,,,,,,,,,,,,,,,,,,,,,,,,,,,,,,,,,,,,,,,,,,,,,,,,,,,,,,,,,,,,,,,,,,,,,,,,,,,,
I1M2kmmpsrw_000243_000253.mp4,5,sawing wood,30.0,0.0,4.5,0,135,0,27,27,54,54,81,81,108,108,135,,,,,,,,,,,,,,,,,,,,,,,,,,,,,,,,,,,,,,,,,,,,,,,,,,,,,,,,,,,,,,,,,,,,,,,,,,,,,,,,,,,,,,,,,,,,,,,,,,,,,,,,,,,,,,,,,,,,,,,,,,,,,,,,,,,,
KY9GVRCd8hg_000002_000012.mp4,7,sawing wood,25.0,2.0,6.96,50,174,50,68,68,85,85,103,103,121,121,139,139,156,156,174,,,,,,,,,,,,,,,,,,,,,,,,,,,,,,,,,,,,,,,,,,,,,,,,,,,,,,,,,,,,,,,,,,,,,,,,,,,,,,,,,,,,,,,,,,,,,,,,,,,,,,,,,,,,,,,,,,,,,,,,,,,,,,,,
KY9GVRCd8hg_000002_000012.mp4,2,sawing wood,25.0,9.16,10.0,229,250,229,239,239,250,,,,,,,,,,,,,,,,,,,,,,,,,,,,,,,,,,,,,,,,,,,,,,,,,,,,,,,,,,,,,,,,,,,,,,,,,,,,,,,,,,,,,,,,,,,,,,,,,,,,,,,,,,,,,,,,,,,,,,,,,,,,,,,,,,,,,,,,,,
LFo7f8nBKOw_000003_000013.mp4,18,sawing wood,30.0,0.75,8.57,22,257,22,35,35,48,48,61,61,74,74,87,87,100,100,113,113,126,126,140,140,153,153,166,166,179,179,192,192,205,205,218,218,231,231,244,244,257,,,,,,,,,,,,,,,,,,,,,,,,,,,,,,,,,,,,,,,,,,,,,,,,,,,,,,,,,,,,,,,,,,,,,,,,,,,,,,,,,,,,,,,,,,,,,,,,,,,,,,,,,,
NIAJJ73frFA_000014_000024.mp4,20,sawing wood,30.0,0.0,10.0,0,300,0,15,15,30,30,45,45,60,60,75,75,90,90,105,105,120,120,135,135,150,150,165,165,180,180,195,195,210,210,225,225,240,240,255,255,270,270,285,285,300,,,,,,,,,,,,,,,,,,,,,,,,,,,,,,,,,,,,,,,,,,,,,,,,,,,,,,,,,,,,,,,,,,,,,,,,,,,,,,,,,,,,,,,,,,,,,,,,,,,,,,
NtgPEb95Ox4_000026_000036.mp4,2,sawing wood,28.0,6.14,10.0,172,280,172,226,226,280,,,,,,,,,,,,,,,,,,,,,,,,,,,,,,,,,,,,,,,,,,,,,,,,,,,,,,,,,,,,,,,,,,,,,,,,,,,,,,,,,,,,,,,,,,,,,,,,,,,,,,,,,,,,,,,,,,,,,,,,,,,,,,,,,,,,,,,,,,
OA8awpmbe_E_000022_000032.mp4,5,sawing wood,30.0,0.0,10.0,0,300,0,60,60,120,120,180,180,240,240,300,,,,,,,,,,,,,,,,,,,,,,,,,,,,,,,,,,,,,,,,,,,,,,,,,,,,,,,,,,,,,,,,,,,,,,,,,,,,,,,,,,,,,,,,,,,,,,,,,,,,,,,,,,,,,,,,,,,,,,,,,,,,,,,,,,,,
Oz08rNjcF3Y_000008_000018.mp4,3,sawing wood,29.97,0.0,9.98,0,299,0,100,100,199,199,299,,,,,,,,,,,,,,,,,,,,,,,,,,,,,,,,,,,,,,,,,,,,,,,,,,,,,,,,,,,,,,,,,,,,,,,,,,,,,,,,,,,,,,,,,,,,,,,,,,,,,,,,,,,,,,,,,,,,,,,,,,,,,,,,,,,,,,,,
Q80TUW0sE5Y_000000_000010.mp4,24,sawing wood,27.0,0.0,7.37,0,199,0,8,8,17,17,25,25,33,33,41,41,50,50,58,58,66,66,75,75,83,83,91,91,100,100,108,108,116,116,124,124,133,133,141,141,149,149,158,158,166,166,174,174,182,182,191,191,199,,,,,,,,,,,,,,,,,,,,,,,,,,,,,,,,,,,,,,,,,,,,,,,,,,,,,,,,,,,,,,,,,,,,,,,,,,,,,,,,,,,,,,,,,,,,,,
RJ8m7r8ydr8_000033_000043.mp4,2,sawing wood,30.0,5.23,10.0,157,300,157,229,229,300,,,,,,,,,,,,,,,,,,,,,,,,,,,,,,,,,,,,,,,,,,,,,,,,,,,,,,,,,,,,,,,,,,,,,,,,,,,,,,,,,,,,,,,,,,,,,,,,,,,,,,,,,,,,,,,,,,,,,,,,,,,,,,,,,,,,,,,,,,
RavLI1kUqXk_000018_000028.mp4,2,sawing wood,30.0,0.0,9.97,0,299,0,150,150,299,,,,,,,,,,,,,,,,,,,,,,,,,,,,,,,,,,,,,,,,,,,,,,,,,,,,,,,,,,,,,,,,,,,,,,,,,,,,,,,,,,,,,,,,,,,,,,,,,,,,,,,,,,,,,,,,,,,,,,,,,,,,,,,,,,,,,,,,,,
R3HZO8Wl1f8_000049_000059.mp4,4,sawing wood,29.97,0.0,4.75,0,142,0,36,36,71,71,106,106,142,,,,,,,,,,,,,,,,,,,,,,,,,,,,,,,,,,,,,,,,,,,,,,,,,,,,,,,,,,,,,,,,,,,,,,,,,,,,,,,,,,,,,,,,,,,,,,,,,,,,,,,,,,,,,,,,,,,,,,,,,,,,,,,,,,,,,,
SgaJZvQwF2g_000121_000131.mp4,5,sawing wood,29.83,3.65,9.98,109,298,109,147,147,185,185,222,222,260,260,298,,,,,,,,,,,,,,,,,,,,,,,,,,,,,,,,,,,,,,,,,,,,,,,,,,,,,,,,,,,,,,,,,,,,,,,,,,,,,,,,,,,,,,,,,,,,,,,,,,,,,,,,,,,,,,,,,,,,,,,,,,,,,,,,,,,,
SvLlHFO-VM0_000015_000025.mp4,7,sawing wood,30.0,0.0,10.0,0,300,0,43,43,86,86,129,129,171,171,214,214,257,257,300,,,,,,,,,,,,,,,,,,,,,,,,,,,,,,,,,,,,,,,,,,,,,,,,,,,,,,,,,,,,,,,,,,,,,,,,,,,,,,,,,,,,,,,,,,,,,,,,,,,,,,,,,,,,,,,,,,,,,,,,,,,,,,,,
TAPVSYlu0ss_000027_000037.mp4,2,sawing wood,29.97,0.0,8.98,0,269,0,134,134,269,,,,,,,,,,,,,,,,,,,,,,,,,,,,,,,,,,,,,,,,,,,,,,,,,,,,,,,,,,,,,,,,,,,,,,,,,,,,,,,,,,,,,,,,,,,,,,,,,,,,,,,,,,,,,,,,,,,,,,,,,,,,,,,,,,,,,,,,,,
VHYbsaPfLiA_000011_000021.mp4,26,sawing wood,30.0,0.0,8.77,0,263,0,10,10,20,20,30,30,40,40,51,51,61,61,71,71,81,81,91,91,101,101,111,111,121,121,132,132,142,142,152,152,162,162,172,172,182,182,192,192,202,202,212,212,223,223,233,233,243,243,253,253,263,,,,,,,,,,,,,,,,,,,,,,,,,,,,,,,,,,,,,,,,,,,,,,,,,,,,,,,,,,,,,,,,,,,,,,,,,,,,,,,,,,,,,,,,,,
afVjOpuAC68_000064_000074.mp4,5,sawing wood,30.0,2.03,5.12,61,154,61,80,80,98,98,117,117,135,135,154,,,,,,,,,,,,,,,,,,,,,,,,,,,,,,,,,,,,,,,,,,,,,,,,,,,,,,,,,,,,,,,,,,,,,,,,,,,,,,,,,,,,,,,,,,,,,,,,,,,,,,,,,,,,,,,,,,,,,,,,,,,,,,,,,,,,
a8HxCmj0850_000000_000010.mp4,9,sawing wood,14.99,0.0,9.94,0,149,0,17,17,33,33,50,50,66,66,83,83,99,99,116,116,132,132,149,,,,,,,,,,,,,,,,,,,,,,,,,,,,,,,,,,,,,,,,,,,,,,,,,,,,,,,,,,,,,,,,,,,,,,,,,,,,,,,,,,,,,,,,,,,,,,,,,,,,,,,,,,,,,,,,,,,,,,,,,,,,
bROOdKAmNQ0_000024_000034.mp4,3,sawing wood,30.0,7.97,10.0,239,300,239,259,259,280,280,300,,,,,,,,,,,,,,,,,,,,,,,,,,,,,,,,,,,,,,,,,,,,,,,,,,,,,,,,,,,,,,,,,,,,,,,,,,,,,,,,,,,,,,,,,,,,,,,,,,,,,,,,,,,,,,,,,,,,,,,,,,,,,,,,,,,,,,,,
c4_Bsp0447I_000000_000010.mp4,3,sawing wood,30.0,0.0,9.92,0,298,0,99,99,199,199,298,,,,,,,,,,,,,,,,,,,,,,,,,,,,,,,,,,,,,,,,,,,,,,,,,,,,,,,,,,,,,,,,,,,,,,,,,,,,,,,,,,,,,,,,,,,,,,,,,,,,,,,,,,,,,,,,,,,,,,,,,,,,,,,,,,,,,,,,
dat-J1eXkYE_000018_000028.mp4,5,sawing wood,14.8,0.0,8.99,0,133,0,27,27,53,53,80,80,106,106,133,,,,,,,,,,,,,,,,,,,,,,,,,,,,,,,,,,,,,,,,,,,,,,,,,,,,,,,,,,,,,,,,,,,,,,,,,,,,,,,,,,,,,,,,,,,,,,,,,,,,,,,,,,,,,,,,,,,,,,,,,,,,,,,,,,,,
d3CuNToEcbU_000163_000173.mp4,5,sawing wood,30.0,0.0,8.0,0,240,0,48,48,96,96,144,144,192,192,240,,,,,,,,,,,,,,,,,,,,,,,,,,,,,,,,,,,,,,,,,,,,,,,,,,,,,,,,,,,,,,,,,,,,,,,,,,,,,,,,,,,,,,,,,,,,,,,,,,,,,,,,,,,,,,,,,,,,,,,,,,,,,,,,,,,,
d4FsgCwHjlc_000017_000027.mp4,4,sawing wood,29.97,0.0,9.98,0,299,0,75,75,150,150,224,224,299,,,,,,,,,,,,,,,,,,,,,,,,,,,,,,,,,,,,,,,,,,,,,,,,,,,,,,,,,,,,,,,,,,,,,,,,,,,,,,,,,,,,,,,,,,,,,,,,,,,,,,,,,,,,,,,,,,,,,,,,,,,,,,,,,,,,,,
gOgk2o7TOJA_000042_000052.mp4,4,sawing wood,29.97,0.0,9.98,0,299,0,75,75,150,150,224,224,299,,,,,,,,,,,,,,,,,,,,,,,,,,,,,,,,,,,,,,,,,,,,,,,,,,,,,,,,,,,,,,,,,,,,,,,,,,,,,,,,,,,,,,,,,,,,,,,,,,,,,,,,,,,,,,,,,,,,,,,,,,,,,,,,,,,,,,
gmmcV3AqHZg_000004_000014.mp4,2,sawing wood,15.0,3.3,6.47,50,97,50,74,74,97,,,,,,,,,,,,,,,,,,,,,,,,,,,,,,,,,,,,,,,,,,,,,,,,,,,,,,,,,,,,,,,,,,,,,,,,,,,,,,,,,,,,,,,,,,,,,,,,,,,,,,,,,,,,,,,,,,,,,,,,,,,,,,,,,,,,,,,,,,
ipnS2WX96GM_000029_000039.mp4,12,sawing wood,29.97,3.4,9.91,102,297,102,118,118,134,134,151,151,167,167,183,183,200,200,216,216,232,232,248,248,264,264,281,281,297,,,,,,,,,,,,,,,,,,,,,,,,,,,,,,,,,,,,,,,,,,,,,,,,,,,,,,,,,,,,,,,,,,,,,,,,,,,,,,,,,,,,,,,,,,,,,,,,,,,,,,,,,,,,,,,,,,,,,,
ipnS2WX96GM_000029_000039.mp4,7,sawing wood,29.97,0.0,3.14,0,94,0,13,13,27,27,40,40,54,54,67,67,81,81,94,,,,,,,,,,,,,,,,,,,,,,,,,,,,,,,,,,,,,,,,,,,,,,,,,,,,,,,,,,,,,,,,,,,,,,,,,,,,,,,,,,,,,,,,,,,,,,,,,,,,,,,,,,,,,,,,,,,,,,,,,,,,,,,,
kcKsn0BUwQc_000000_000010.mp4,7,sawing wood,29.87,0.0,9.99,0,298,0,43,43,85,85,128,128,170,170,213,213,255,255,298,,,,,,,,,,,,,,,,,,,,,,,,,,,,,,,,,,,,,,,,,,,,,,,,,,,,,,,,,,,,,,,,,,,,,,,,,,,,,,,,,,,,,,,,,,,,,,,,,,,,,,,,,,,,,,,,,,,,,,,,,,,,,,,,
kfudDjgZD-k_000000_000010.mp4,13,sawing wood,25.0,0.0,6.12,0,153,0,12,12,24,24,35,35,47,47,59,59,71,71,82,82,94,94,106,106,118,118,129,129,141,141,153,,,,,,,,,,,,,,,,,,,,,,,,,,,,,,,,,,,,,,,,,,,,,,,,,,,,,,,,,,,,,,,,,,,,,,,,,,,,,,,,,,,,,,,,,,,,,,,,,,,,,,,,,,,,,,,,,,,,
kfudDjgZD-k_000000_000010.mp4,4,sawing wood,25.0,8.16,10.0,204,250,204,216,216,227,227,238,238,250,,,,,,,,,,,,,,,,,,,,,,,,,,,,,,,,,,,,,,,,,,,,,,,,,,,,,,,,,,,,,,,,,,,,,,,,,,,,,,,,,,,,,,,,,,,,,,,,,,,,,,,,,,,,,,,,,,,,,,,,,,,,,,,,,,,,,,
lPsb0e9CSqM_000162_000172.mp4,22,sawing wood,25.0,1.68,7.24,42,181,42,48,48,55,55,61,61,67,67,74,74,80,80,86,86,93,93,99,99,105,105,112,112,118,118,124,124,130,130,137,137,143,143,149,149,156,156,162,162,168,168,175,175,181,,,,,,,,,,,,,,,,,,,,,,,,,,,,,,,,,,,,,,,,,,,,,,,,,,,,,,,,,,,,,,,,,,,,,,,,,,,,,,,,,,,,,,,,,,,,,,,,,,
lV8z6zna0pA_000036_000046.mp4,21,sawing wood,15.0,0.0,10.0,0,150,0,7,7,14,14,21,21,29,29,36,36,43,43,50,50,57,57,64,64,71,71,79,79,86,86,93,93,100,100,107,107,114,114,121,121,129,129,136,136,143,143,150,,,,,,,,,,,,,,,,,,,,,,,,,,,,,,,,,,,,,,,,,,,,,,,,,,,,,,,,,,,,,,,,,,,,,,,,,,,,,,,,,,,,,,,,,,,,,,,,,,,,
l4QWI5dgmZs_000005_000015.mp4,5,sawing wood,30.0,0.0,9.33,0,280,0,56,56,112,112,168,168,224,224,280,,,,,,,,,,,,,,,,,,,,,,,,,,,,,,,,,,,,,,,,,,,,,,,,,,,,,,,,,,,,,,,,,,,,,,,,,,,,,,,,,,,,,,,,,,,,,,,,,,,,,,,,,,,,,,,,,,,,,,,,,,,,,,,,,,,,
rY_oN_82-do_000005_000015.mp4,2,sawing wood,30.0,0.0,4.4,0,132,0,66,66,132,,,,,,,,,,,,,,,,,,,,,,,,,,,,,,,,,,,,,,,,,,,,,,,,,,,,,,,,,,,,,,,,,,,,,,,,,,,,,,,,,,,,,,,,,,,,,,,,,,,,,,,,,,,,,,,,,,,,,,,,,,,,,,,,,,,,,,,,,,
tmyftMqNJlE_000041_000051.mp4,5,sawing wood,29.93,0.0,9.17,0,274,0,55,55,110,110,164,164,219,219,274,,,,,,,,,,,,,,,,,,,,,,,,,,,,,,,,,,,,,,,,,,,,,,,,,,,,,,,,,,,,,,,,,,,,,,,,,,,,,,,,,,,,,,,,,,,,,,,,,,,,,,,,,,,,,,,,,,,,,,,,,,,,,,,,,,,,
t1OFpitng7w_000044_000054.mp4,2,sawing wood,25.0,0.0,9.4,0,235,0,118,118,235,,,,,,,,,,,,,,,,,,,,,,,,,,,,,,,,,,,,,,,,,,,,,,,,,,,,,,,,,,,,,,,,,,,,,,,,,,,,,,,,,,,,,,,,,,,,,,,,,,,,,,,,,,,,,,,,,,,,,,,,,,,,,,,,,,,,,,,,,,
2HShvkdMsjo_000046_000056.mp4,10,sawing wood,30.0,0.0,10.0,0,300,0,30,30,60,60,90,90,120,120,150,150,180,180,210,210,240,240,270,270,300,,,,,,,,,,,,,,,,,,,,,,,,,,,,,,,,,,,,,,,,,,,,,,,,,,,,,,,,,,,,,,,,,,,,,,,,,,,,,,,,,,,,,,,,,,,,,,,,,,,,,,,,,,,,,,,,,,,,,,,,,,
24H9meyG5hI_000004_000014.mp4,7,sawing wood,29.97,0.0,10.0,0,300,0,43,43,86,86,129,129,171,171,214,214,257,257,300,,,,,,,,,,,,,,,,,,,,,,,,,,,,,,,,,,,,,,,,,,,,,,,,,,,,,,,,,,,,,,,,,,,,,,,,,,,,,,,,,,,,,,,,,,,,,,,,,,,,,,,,,,,,,,,,,,,,,,,,,,,,,,,,
4fI3VzIGnNE_000043_000053.mp4,6,sawing wood,25.0,0.0,5.94,0,148,0,25,25,49,49,74,74,99,99,123,123,148,,,,,,,,,,,,,,,,,,,,,,,,,,,,,,,,,,,,,,,,,,,,,,,,,,,,,,,,,,,,,,,,,,,,,,,,,,,,,,,,,,,,,,,,,,,,,,,,,,,,,,,,,,,,,,,,,,,,,,,,,,,,,,,,,,
5H9y1DiSgBo_000075_000085.mp4,10,sawing wood,30.0,4.42,7.8,133,234,133,143,143,153,153,163,163,173,173,183,183,194,194,204,204,214,214,224,224,234,,,,,,,,,,,,,,,,,,,,,,,,,,,,,,,,,,,,,,,,,,,,,,,,,,,,,,,,,,,,,,,,,,,,,,,,,,,,,,,,,,,,,,,,,,,,,,,,,,,,,,,,,,,,,,,,,,,,,,,,,,
6pDuJTJERhg_000033_000043.mp4,3,sawing wood,30.0,0.2,10.0,6,300,6,104,104,202,202,300,,,,,,,,,,,,,,,,,,,,,,,,,,,,,,,,,,,,,,,,,,,,,,,,,,,,,,,,,,,,,,,,,,,,,,,,,,,,,,,,,,,,,,,,,,,,,,,,,,,,,,,,,,,,,,,,,,,,,,,,,,,,,,,,,,,,,,,,
7S3-Ff0JnNY_000026_000036.mp4,2,sawing wood,15.0,1.7,8.97,26,135,26,80,80,135,,,,,,,,,,,,,,,,,,,,,,,,,,,,,,,,,,,,,,,,,,,,,,,,,,,,,,,,,,,,,,,,,,,,,,,,,,,,,,,,,,,,,,,,,,,,,,,,,,,,,,,,,,,,,,,,,,,,,,,,,,,,,,,,,,,,,,,,,,
8frtN1kXCmM_000078_000088.mp4,3,sawing wood,24.98,0.0,9.92,0,248,0,83,83,165,165,248,,,,,,,,,,,,,,,,,,,,,,,,,,,,,,,,,,,,,,,,,,,,,,,,,,,,,,,,,,,,,,,,,,,,,,,,,,,,,,,,,,,,,,,,,,,,,,,,,,,,,,,,,,,,,,,,,,,,,,,,,,,,,,,,,,,,,,,,
AZCjS3NjxQE_000009_000019.mp4,3,shaking head,29.6,2.23,4.07,66,120,66,84,84,102,102,120,,,,,,,,,,,,,,,,,,,,,,,,,,,,,,,,,,,,,,,,,,,,,,,,,,,,,,,,,,,,,,,,,,,,,,,,,,,,,,,,,,,,,,,,,,,,,,,,,,,,,,,,,,,,,,,,,,,,,,,,,,,,,,,,,,,,,,,,
AvTDzL18qew_000019_000029.mp4,16,shaking head,30.0,0.0,10.0,0,300,0,19,19,38,38,56,56,75,75,94,94,112,112,131,131,150,150,169,169,188,188,206,206,225,225,244,244,262,262,281,281,300,,,,,,,,,,,,,,,,,,,,,,,,,,,,,,,,,,,,,,,,,,,,,,,,,,,,,,,,,,,,,,,,,,,,,,,,,,,,,,,,,,,,,,,,,,,,,,,,,,,,,,,,,,,,,,
BiG16XpOaxU_000008_000018.mp4,5,shaking head,30.0,3.92,6.88,118,206,118,136,136,153,153,171,171,188,188,206,,,,,,,,,,,,,,,,,,,,,,,,,,,,,,,,,,,,,,,,,,,,,,,,,,,,,,,,,,,,,,,,,,,,,,,,,,,,,,,,,,,,,,,,,,,,,,,,,,,,,,,,,,,,,,,,,,,,,,,,,,,,,,,,,,,,
C6e4KFPKvCI_000055_000065.mp4,9,shaking head,30.0,0.0,7.33,0,220,0,24,24,49,49,73,73,98,98,122,122,147,147,171,171,196,196,220,,,,,,,,,,,,,,,,,,,,,,,,,,,,,,,,,,,,,,,,,,,,,,,,,,,,,,,,,,,,,,,,,,,,,,,,,,,,,,,,,,,,,,,,,,,,,,,,,,,,,,,,,,,,,,,,,,,,,,,,,,,,
DRvOUz7xE9E_000000_000010.mp4,3,shaking head,10.92,1.83,3.85,20,42,20,27,27,35,35,42,,,,,,,,,,,,,,,,,,,,,,,,,,,,,,,,,,,,,,,,,,,,,,,,,,,,,,,,,,,,,,,,,,,,,,,,,,,,,,,,,,,,,,,,,,,,,,,,,,,,,,,,,,,,,,,,,,,,,,,,,,,,,,,,,,,,,,,,
Db9LYlWL6es_000003_000013.mp4,2,shaking head,23.07,5.09,6.43,117,148,117,133,133,148,,,,,,,,,,,,,,,,,,,,,,,,,,,,,,,,,,,,,,,,,,,,,,,,,,,,,,,,,,,,,,,,,,,,,,,,,,,,,,,,,,,,,,,,,,,,,,,,,,,,,,,,,,,,,,,,,,,,,,,,,,,,,,,,,,,,,,,,,,
FlXqYScwj20_000012_000022.mp4,16,shaking head,30.0,0.0,9.97,0,299,0,19,19,37,37,56,56,75,75,93,93,112,112,131,131,150,150,168,168,187,187,206,206,224,224,243,243,262,262,280,280,299,,,,,,,,,,,,,,,,,,,,,,,,,,,,,,,,,,,,,,,,,,,,,,,,,,,,,,,,,,,,,,,,,,,,,,,,,,,,,,,,,,,,,,,,,,,,,,,,,,,,,,,,,,,,,,
FpMAyYmRV7E_000001_000011.mp4,12,shaking head,30.0,1.57,9.0,47,270,47,66,66,84,84,103,103,121,121,140,140,159,159,177,177,196,196,214,214,233,233,251,251,270,,,,,,,,,,,,,,,,,,,,,,,,,,,,,,,,,,,,,,,,,,,,,,,,,,,,,,,,,,,,,,,,,,,,,,,,,,,,,,,,,,,,,,,,,,,,,,,,,,,,,,,,,,,,,,,,,,,,,,
F4MqdA8a6Ew_000002_000012.mp4,3,shaking head,30.0,0.0,10.0,0,300,0,100,100,200,200,300,,,,,,,,,,,,,,,,,,,,,,,,,,,,,,,,,,,,,,,,,,,,,,,,,,,,,,,,,,,,,,,,,,,,,,,,,,,,,,,,,,,,,,,,,,,,,,,,,,,,,,,,,,,,,,,,,,,,,,,,,,,,,,,,,,,,,,,,
GJPO6Ew-Ty4_000042_000052.mp4,5,shaking head,22.92,0.0,3.71,0,85,0,17,17,34,34,51,51,68,68,85,,,,,,,,,,,,,,,,,,,,,,,,,,,,,,,,,,,,,,,,,,,,,,,,,,,,,,,,,,,,,,,,,,,,,,,,,,,,,,,,,,,,,,,,,,,,,,,,,,,,,,,,,,,,,,,,,,,,,,,,,,,,,,,,,,,,
GJPO6Ew-Ty4_000042_000052.mp4,6,shaking head,22.92,5.8,9.95,133,228,133,149,149,165,165,181,181,196,196,212,212,228,,,,,,,,,,,,,,,,,,,,,,,,,,,,,,,,,,,,,,,,,,,,,,,,,,,,,,,,,,,,,,,,,,,,,,,,,,,,,,,,,,,,,,,,,,,,,,,,,,,,,,,,,,,,,,,,,,,,,,,,,,,,,,,,,,
GN6vmQ2cD_0_000009_000019.mp4,2,shaking head,29.97,1.67,3.34,50,100,50,75,75,100,,,,,,,,,,,,,,,,,,,,,,,,,,,,,,,,,,,,,,,,,,,,,,,,,,,,,,,,,,,,,,,,,,,,,,,,,,,,,,,,,,,,,,,,,,,,,,,,,,,,,,,,,,,,,,,,,,,,,,,,,,,,,,,,,,,,,,,,,,
HEIcyJMREBI_000000_000010.mp4,13,shaking head,24.0,0.0,4.21,0,101,0,8,8,16,16,23,23,31,31,39,39,47,47,54,54,62,62,70,70,78,78,85,85,93,93,101,,,,,,,,,,,,,,,,,,,,,,,,,,,,,,,,,,,,,,,,,,,,,,,,,,,,,,,,,,,,,,,,,,,,,,,,,,,,,,,,,,,,,,,,,,,,,,,,,,,,,,,,,,,,,,,,,,,,
HFyYp9amOWE_000002_000012.mp4,5,shaking head,30.0,0.0,2.47,0,74,0,15,15,30,30,44,44,59,59,74,,,,,,,,,,,,,,,,,,,,,,,,,,,,,,,,,,,,,,,,,,,,,,,,,,,,,,,,,,,,,,,,,,,,,,,,,,,,,,,,,,,,,,,,,,,,,,,,,,,,,,,,,,,,,,,,,,,,,,,,,,,,,,,,,,,,
HSI3aagDgbY_000003_000013.mp4,5,shaking head,15.0,0.87,3.87,13,58,13,22,22,31,31,40,40,49,49,58,,,,,,,,,,,,,,,,,,,,,,,,,,,,,,,,,,,,,,,,,,,,,,,,,,,,,,,,,,,,,,,,,,,,,,,,,,,,,,,,,,,,,,,,,,,,,,,,,,,,,,,,,,,,,,,,,,,,,,,,,,,,,,,,,,,,
HSI3aagDgbY_000003_000013.mp4,4,shaking head,15.0,6.33,8.87,95,133,95,105,105,114,114,123,123,133,,,,,,,,,,,,,,,,,,,,,,,,,,,,,,,,,,,,,,,,,,,,,,,,,,,,,,,,,,,,,,,,,,,,,,,,,,,,,,,,,,,,,,,,,,,,,,,,,,,,,,,,,,,,,,,,,,,,,,,,,,,,,,,,,,,,,,
Hz2CnIPFbcU_000024_000034.mp4,2,shaking head,29.97,0.0,1.17,0,35,0,18,18,35,,,,,,,,,,,,,,,,,,,,,,,,,,,,,,,,,,,,,,,,,,,,,,,,,,,,,,,,,,,,,,,,,,,,,,,,,,,,,,,,,,,,,,,,,,,,,,,,,,,,,,,,,,,,,,,,,,,,,,,,,,,,,,,,,,,,,,,,,,
IWlVNPAeoWQ_000157_000167.mp4,3,shaking head,29.97,7.41,9.34,222,280,222,241,241,261,261,280,,,,,,,,,,,,,,,,,,,,,,,,,,,,,,,,,,,,,,,,,,,,,,,,,,,,,,,,,,,,,,,,,,,,,,,,,,,,,,,,,,,,,,,,,,,,,,,,,,,,,,,,,,,,,,,,,,,,,,,,,,,,,,,,,,,,,,,,
JYnFC3BeVqY_000001_000011.mp4,4,shaking head,29.92,6.85,9.99,205,299,205,229,229,252,252,275,275,299,,,,,,,,,,,,,,,,,,,,,,,,,,,,,,,,,,,,,,,,,,,,,,,,,,,,,,,,,,,,,,,,,,,,,,,,,,,,,,,,,,,,,,,,,,,,,,,,,,,,,,,,,,,,,,,,,,,,,,,,,,,,,,,,,,,,,,
J2M-vGHTtKs_000018_000028.mp4,8,shaking head,25.0,0.0,5.73,0,143,0,18,18,36,36,54,54,72,72,89,89,107,107,125,125,143,,,,,,,,,,,,,,,,,,,,,,,,,,,,,,,,,,,,,,,,,,,,,,,,,,,,,,,,,,,,,,,,,,,,,,,,,,,,,,,,,,,,,,,,,,,,,,,,,,,,,,,,,,,,,,,,,,,,,,,,,,,,,,
KCLXoMPoJ1E_000049_000059.mp4,4,shaking head,29.93,1.6,4.51,48,135,48,70,70,92,92,113,113,135,,,,,,,,,,,,,,,,,,,,,,,,,,,,,,,,,,,,,,,,,,,,,,,,,,,,,,,,,,,,,,,,,,,,,,,,,,,,,,,,,,,,,,,,,,,,,,,,,,,,,,,,,,,,,,,,,,,,,,,,,,,,,,,,,,,,,,
KKGDDNX99ZQ_000007_000017.mp4,2,shaking head,30.0,6.38,7.57,191,227,191,209,209,227,,,,,,,,,,,,,,,,,,,,,,,,,,,,,,,,,,,,,,,,,,,,,,,,,,,,,,,,,,,,,,,,,,,,,,,,,,,,,,,,,,,,,,,,,,,,,,,,,,,,,,,,,,,,,,,,,,,,,,,,,,,,,,,,,,,,,,,,,,
KTPlfzLooY0_000014_000024.mp4,7,shaking head,30.0,1.57,5.2,47,156,47,63,63,78,78,94,94,109,109,125,125,140,140,156,,,,,,,,,,,,,,,,,,,,,,,,,,,,,,,,,,,,,,,,,,,,,,,,,,,,,,,,,,,,,,,,,,,,,,,,,,,,,,,,,,,,,,,,,,,,,,,,,,,,,,,,,,,,,,,,,,,,,,,,,,,,,,,,
Kosoepidm9c_000003_000013.mp4,4,shaking head,30.0,1.37,2.97,41,89,41,53,53,65,65,77,77,89,,,,,,,,,,,,,,,,,,,,,,,,,,,,,,,,,,,,,,,,,,,,,,,,,,,,,,,,,,,,,,,,,,,,,,,,,,,,,,,,,,,,,,,,,,,,,,,,,,,,,,,,,,,,,,,,,,,,,,,,,,,,,,,,,,,,,,
K3WJzANwiGE_001129_001139.mp4,5,shaking head,29.97,1.3,6.04,39,181,39,67,67,96,96,124,124,153,153,181,,,,,,,,,,,,,,,,,,,,,,,,,,,,,,,,,,,,,,,,,,,,,,,,,,,,,,,,,,,,,,,,,,,,,,,,,,,,,,,,,,,,,,,,,,,,,,,,,,,,,,,,,,,,,,,,,,,,,,,,,,,,,,,,,,,,
LpoB9JcZMDU_000008_000018.mp4,2,shaking head,30.0,0.0,0.63,0,19,0,10,10,19,,,,,,,,,,,,,,,,,,,,,,,,,,,,,,,,,,,,,,,,,,,,,,,,,,,,,,,,,,,,,,,,,,,,,,,,,,,,,,,,,,,,,,,,,,,,,,,,,,,,,,,,,,,,,,,,,,,,,,,,,,,,,,,,,,,,,,,,,,
LpoB9JcZMDU_000008_000018.mp4,5,shaking head,30.0,3.5,6.23,105,187,105,121,121,138,138,154,154,171,171,187,,,,,,,,,,,,,,,,,,,,,,,,,,,,,,,,,,,,,,,,,,,,,,,,,,,,,,,,,,,,,,,,,,,,,,,,,,,,,,,,,,,,,,,,,,,,,,,,,,,,,,,,,,,,,,,,,,,,,,,,,,,,,,,,,,,,
L96GFn8HzHA_000002_000012.mp4,4,shaking head,10.35,3.43,7.29,36,75,36,46,46,56,56,65,65,75,,,,,,,,,,,,,,,,,,,,,,,,,,,,,,,,,,,,,,,,,,,,,,,,,,,,,,,,,,,,,,,,,,,,,,,,,,,,,,,,,,,,,,,,,,,,,,,,,,,,,,,,,,,,,,,,,,,,,,,,,,,,,,,,,,,,,,
M6ykllLdpQA_000038_000048.mp4,11,shaking head,30.0,0.27,7.07,8,212,8,27,27,45,45,64,64,82,82,101,101,119,119,138,138,156,156,175,175,193,193,212,,,,,,,,,,,,,,,,,,,,,,,,,,,,,,,,,,,,,,,,,,,,,,,,,,,,,,,,,,,,,,,,,,,,,,,,,,,,,,,,,,,,,,,,,,,,,,,,,,,,,,,,,,,,,,,,,,,,,,,,
NDs2iZfSTZ0_000000_000010.mp4,3,shaking head,30.0,0.6,2.5,18,75,18,37,37,56,56,75,,,,,,,,,,,,,,,,,,,,,,,,,,,,,,,,,,,,,,,,,,,,,,,,,,,,,,,,,,,,,,,,,,,,,,,,,,,,,,,,,,,,,,,,,,,,,,,,,,,,,,,,,,,,,,,,,,,,,,,,,,,,,,,,,,,,,,,,
N61yee_hqYY_000004_000014.mp4,9,shaking head,29.97,0.0,4.5,0,135,0,15,15,30,30,45,45,60,60,75,75,90,90,105,105,120,120,135,,,,,,,,,,,,,,,,,,,,,,,,,,,,,,,,,,,,,,,,,,,,,,,,,,,,,,,,,,,,,,,,,,,,,,,,,,,,,,,,,,,,,,,,,,,,,,,,,,,,,,,,,,,,,,,,,,,,,,,,,,,,
QXRQnF2XyhE_000000_000010.mp4,3,shaking head,30.0,5.43,6.83,163,205,163,177,177,191,191,205,,,,,,,,,,,,,,,,,,,,,,,,,,,,,,,,,,,,,,,,,,,,,,,,,,,,,,,,,,,,,,,,,,,,,,,,,,,,,,,,,,,,,,,,,,,,,,,,,,,,,,,,,,,,,,,,,,,,,,,,,,,,,,,,,,,,,,,,
QdGVitNjB5w_000008_000018.mp4,3,shaking head,30.0,2.27,6.73,68,202,68,113,113,157,157,202,,,,,,,,,,,,,,,,,,,,,,,,,,,,,,,,,,,,,,,,,,,,,,,,,,,,,,,,,,,,,,,,,,,,,,,,,,,,,,,,,,,,,,,,,,,,,,,,,,,,,,,,,,,,,,,,,,,,,,,,,,,,,,,,,,,,,,,,
Se2dg8sHNxU_000031_000041.mp4,8,shaking head,30.0,2.57,6.94,77,208,77,93,93,110,110,126,126,143,143,159,159,175,175,192,192,208,,,,,,,,,,,,,,,,,,,,,,,,,,,,,,,,,,,,,,,,,,,,,,,,,,,,,,,,,,,,,,,,,,,,,,,,,,,,,,,,,,,,,,,,,,,,,,,,,,,,,,,,,,,,,,,,,,,,,,,,,,,,,,
TY7_J1hKIAQ_000006_000016.mp4,3,shaking head,29.7,1.97,3.63,59,108,59,75,75,92,92,108,,,,,,,,,,,,,,,,,,,,,,,,,,,,,,,,,,,,,,,,,,,,,,,,,,,,,,,,,,,,,,,,,,,,,,,,,,,,,,,,,,,,,,,,,,,,,,,,,,,,,,,,,,,,,,,,,,,,,,,,,,,,,,,,,,,,,,,,
V2DJ-R9FgoU_000000_000010.mp4,6,shaking head,24.0,0.0,2.29,0,55,0,9,9,18,18,28,28,37,37,46,46,55,,,,,,,,,,,,,,,,,,,,,,,,,,,,,,,,,,,,,,,,,,,,,,,,,,,,,,,,,,,,,,,,,,,,,,,,,,,,,,,,,,,,,,,,,,,,,,,,,,,,,,,,,,,,,,,,,,,,,,,,,,,,,,,,,,
XBh_wTXGQxs_000009_000019.mp4,9,shaking head,30.0,1.47,5.67,44,170,44,58,58,72,72,86,86,100,100,114,114,128,128,142,142,156,156,170,,,,,,,,,,,,,,,,,,,,,,,,,,,,,,,,,,,,,,,,,,,,,,,,,,,,,,,,,,,,,,,,,,,,,,,,,,,,,,,,,,,,,,,,,,,,,,,,,,,,,,,,,,,,,,,,,,,,,,,,,,,,
ZajazQfCpb4_000001_000011.mp4,18,shaking head,24.53,0.0,9.96,0,244,0,14,14,27,27,41,41,54,54,68,68,81,81,95,95,108,108,122,122,136,136,149,149,163,163,176,176,190,190,203,203,217,217,230,230,244,,,,,,,,,,,,,,,,,,,,,,,,,,,,,,,,,,,,,,,,,,,,,,,,,,,,,,,,,,,,,,,,,,,,,,,,,,,,,,,,,,,,,,,,,,,,,,,,,,,,,,,,,,
Zat8XPt_QJs_000055_000065.mp4,6,shaking head,20.38,5.02,9.12,102,186,102,116,116,130,130,144,144,158,158,172,172,186,,,,,,,,,,,,,,,,,,,,,,,,,,,,,,,,,,,,,,,,,,,,,,,,,,,,,,,,,,,,,,,,,,,,,,,,,,,,,,,,,,,,,,,,,,,,,,,,,,,,,,,,,,,,,,,,,,,,,,,,,,,,,,,,,,
aJk0ZoGYqFA_000013_000023.mp4,2,shaking head,14.9,0.67,2.05,10,31,10,20,20,31,,,,,,,,,,,,,,,,,,,,,,,,,,,,,,,,,,,,,,,,,,,,,,,,,,,,,,,,,,,,,,,,,,,,,,,,,,,,,,,,,,,,,,,,,,,,,,,,,,,,,,,,,,,,,,,,,,,,,,,,,,,,,,,,,,,,,,,,,,
aJk0ZoGYqFA_000013_000023.mp4,3,shaking head,14.9,3.89,7.12,58,106,58,74,74,90,90,106,,,,,,,,,,,,,,,,,,,,,,,,,,,,,,,,,,,,,,,,,,,,,,,,,,,,,,,,,,,,,,,,,,,,,,,,,,,,,,,,,,,,,,,,,,,,,,,,,,,,,,,,,,,,,,,,,,,,,,,,,,,,,,,,,,,,,,,,
aqwe4M8fh_g_000010_000020.mp4,7,shaking head,29.97,5.4,10.0,162,300,162,182,182,201,201,221,221,241,241,261,261,280,280,300,,,,,,,,,,,,,,,,,,,,,,,,,,,,,,,,,,,,,,,,,,,,,,,,,,,,,,,,,,,,,,,,,,,,,,,,,,,,,,,,,,,,,,,,,,,,,,,,,,,,,,,,,,,,,,,,,,,,,,,,,,,,,,,,
dKrctb2K1tQ_000007_000017.mp4,12,shaking head,30.0,0.0,6.57,0,197,0,16,16,33,33,49,49,66,66,82,82,98,98,115,115,131,131,148,148,164,164,181,181,197,,,,,,,,,,,,,,,,,,,,,,,,,,,,,,,,,,,,,,,,,,,,,,,,,,,,,,,,,,,,,,,,,,,,,,,,,,,,,,,,,,,,,,,,,,,,,,,,,,,,,,,,,,,,,,,,,,,,,,
dyUCpywhSFA_000002_000012.mp4,3,shaking head,30.0,1.4,3.9,42,117,42,67,67,92,92,117,,,,,,,,,,,,,,,,,,,,,,,,,,,,,,,,,,,,,,,,,,,,,,,,,,,,,,,,,,,,,,,,,,,,,,,,,,,,,,,,,,,,,,,,,,,,,,,,,,,,,,,,,,,,,,,,,,,,,,,,,,,,,,,,,,,,,,,,
eG7lxbVRMbU_000010_000020.mp4,5,shaking head,29.97,0.0,2.6,0,78,0,16,16,31,31,47,47,62,62,78,,,,,,,,,,,,,,,,,,,,,,,,,,,,,,,,,,,,,,,,,,,,,,,,,,,,,,,,,,,,,,,,,,,,,,,,,,,,,,,,,,,,,,,,,,,,,,,,,,,,,,,,,,,,,,,,,,,,,,,,,,,,,,,,,,,,
eivyrBTfxLU_000004_000014.mp4,3,shaking head,29.97,0.0,2.0,0,60,0,20,20,40,40,60,,,,,,,,,,,,,,,,,,,,,,,,,,,,,,,,,,,,,,,,,,,,,,,,,,,,,,,,,,,,,,,,,,,,,,,,,,,,,,,,,,,,,,,,,,,,,,,,,,,,,,,,,,,,,,,,,,,,,,,,,,,,,,,,,,,,,,,,
eivyrBTfxLU_000004_000014.mp4,6,shaking head,29.97,3.8,7.12,114,213,114,130,130,147,147,164,164,180,180,196,196,213,,,,,,,,,,,,,,,,,,,,,,,,,,,,,,,,,,,,,,,,,,,,,,,,,,,,,,,,,,,,,,,,,,,,,,,,,,,,,,,,,,,,,,,,,,,,,,,,,,,,,,,,,,,,,,,,,,,,,,,,,,,,,,,,,,
e1UqIKpsCuE_000023_000033.mp4,4,shaking head,30.0,0.0,1.98,0,59,0,15,15,30,30,44,44,59,,,,,,,,,,,,,,,,,,,,,,,,,,,,,,,,,,,,,,,,,,,,,,,,,,,,,,,,,,,,,,,,,,,,,,,,,,,,,,,,,,,,,,,,,,,,,,,,,,,,,,,,,,,,,,,,,,,,,,,,,,,,,,,,,,,,,,
e1UqIKpsCuE_000023_000033.mp4,8,shaking head,30.0,4.28,7.28,128,218,128,139,139,150,150,162,162,173,173,184,184,196,196,207,207,218,,,,,,,,,,,,,,,,,,,,,,,,,,,,,,,,,,,,,,,,,,,,,,,,,,,,,,,,,,,,,,,,,,,,,,,,,,,,,,,,,,,,,,,,,,,,,,,,,,,,,,,,,,,,,,,,,,,,,,,,,,,,,,
e1UqIKpsCuE_000023_000033.mp4,3,shaking head,30.0,8.6,10.0,258,300,258,272,272,286,286,300,,,,,,,,,,,,,,,,,,,,,,,,,,,,,,,,,,,,,,,,,,,,,,,,,,,,,,,,,,,,,,,,,,,,,,,,,,,,,,,,,,,,,,,,,,,,,,,,,,,,,,,,,,,,,,,,,,,,,,,,,,,,,,,,,,,,,,,,
e55NrmEtkI8_000021_000031.mp4,5,shaking head,24.0,3.0,5.38,72,129,72,83,83,95,95,106,106,118,118,129,,,,,,,,,,,,,,,,,,,,,,,,,,,,,,,,,,,,,,,,,,,,,,,,,,,,,,,,,,,,,,,,,,,,,,,,,,,,,,,,,,,,,,,,,,,,,,,,,,,,,,,,,,,,,,,,,,,,,,,,,,,,,,,,,,,,
e55NrmEtkI8_000021_000031.mp4,7,shaking head,24.0,6.5,9.58,156,230,156,167,167,177,177,188,188,198,198,209,209,219,219,230,,,,,,,,,,,,,,,,,,,,,,,,,,,,,,,,,,,,,,,,,,,,,,,,,,,,,,,,,,,,,,,,,,,,,,,,,,,,,,,,,,,,,,,,,,,,,,,,,,,,,,,,,,,,,,,,,,,,,,,,,,,,,,,,
fGOWu-x2j5E_000139_000149.mp4,3,shaking head,30.0,3.67,5.37,110,161,110,127,127,144,144,161,,,,,,,,,,,,,,,,,,,,,,,,,,,,,,,,,,,,,,,,,,,,,,,,,,,,,,,,,,,,,,,,,,,,,,,,,,,,,,,,,,,,,,,,,,,,,,,,,,,,,,,,,,,,,,,,,,,,,,,,,,,,,,,,,,,,,,,,
fXSBZ8SuE8E_000000_000010.mp4,12,shaking head,20.84,4.03,9.94,84,207,84,94,94,104,104,115,115,125,125,135,135,146,146,156,156,166,166,176,176,186,186,197,197,207,,,,,,,,,,,,,,,,,,,,,,,,,,,,,,,,,,,,,,,,,,,,,,,,,,,,,,,,,,,,,,,,,,,,,,,,,,,,,,,,,,,,,,,,,,,,,,,,,,,,,,,,,,,,,,,,,,,,,,
fdbdT9irT1U_000035_000045.mp4,2,shaking head,29.97,5.37,8.11,161,243,161,202,202,243,,,,,,,,,,,,,,,,,,,,,,,,,,,,,,,,,,,,,,,,,,,,,,,,,,,,,,,,,,,,,,,,,,,,,,,,,,,,,,,,,,,,,,,,,,,,,,,,,,,,,,,,,,,,,,,,,,,,,,,,,,,,,,,,,,,,,,,,,,
f7qBmytfE_U_000021_000031.mp4,2,shaking head,30.0,4.33,5.82,130,175,130,152,152,175,,,,,,,,,,,,,,,,,,,,,,,,,,,,,,,,,,,,,,,,,,,,,,,,,,,,,,,,,,,,,,,,,,,,,,,,,,,,,,,,,,,,,,,,,,,,,,,,,,,,,,,,,,,,,,,,,,,,,,,,,,,,,,,,,,,,,,,,,,
gz75Q8scpZ0_000034_000044.mp4,2,shaking head,29.97,1.6,3.0,48,90,48,69,69,90,,,,,,,,,,,,,,,,,,,,,,,,,,,,,,,,,,,,,,,,,,,,,,,,,,,,,,,,,,,,,,,,,,,,,,,,,,,,,,,,,,,,,,,,,,,,,,,,,,,,,,,,,,,,,,,,,,,,,,,,,,,,,,,,,,,,,,,,,,
g98ziW9TRc4_000043_000053.mp4,6,shaking head,20.0,5.65,9.05,113,181,113,124,124,136,136,147,147,158,158,170,170,181,,,,,,,,,,,,,,,,,,,,,,,,,,,,,,,,,,,,,,,,,,,,,,,,,,,,,,,,,,,,,,,,,,,,,,,,,,,,,,,,,,,,,,,,,,,,,,,,,,,,,,,,,,,,,,,,,,,,,,,,,,,,,,,,,,
hJ48RYSgwI4_000004_000014.mp4,8,shaking head,30.0,3.67,8.13,110,244,110,127,127,144,144,160,160,177,177,194,194,210,210,227,227,244,,,,,,,,,,,,,,,,,,,,,,,,,,,,,,,,,,,,,,,,,,,,,,,,,,,,,,,,,,,,,,,,,,,,,,,,,,,,,,,,,,,,,,,,,,,,,,,,,,,,,,,,,,,,,,,,,,,,,,,,,,,,,,
hussw6Zoz3A_000099_000109.mp4,3,shaking head,15.0,2.67,5.07,40,76,40,52,52,64,64,76,,,,,,,,,,,,,,,,,,,,,,,,,,,,,,,,,,,,,,,,,,,,,,,,,,,,,,,,,,,,,,,,,,,,,,,,,,,,,,,,,,,,,,,,,,,,,,,,,,,,,,,,,,,,,,,,,,,,,,,,,,,,,,,,,,,,,,,,
h8iPxSiMUzg_000000_000010.mp4,15,shaking head,29.97,0.53,10.0,16,300,16,35,35,54,54,73,73,92,92,111,111,130,130,149,149,167,167,186,186,205,205,224,224,243,243,262,262,281,281,300,,,,,,,,,,,,,,,,,,,,,,,,,,,,,,,,,,,,,,,,,,,,,,,,,,,,,,,,,,,,,,,,,,,,,,,,,,,,,,,,,,,,,,,,,,,,,,,,,,,,,,,,,,,,,,,,
idCywPaOD0k_000015_000025.mp4,3,shaking head,25.0,8.84,10.0,221,250,221,231,231,240,240,250,,,,,,,,,,,,,,,,,,,,,,,,,,,,,,,,,,,,,,,,,,,,,,,,,,,,,,,,,,,,,,,,,,,,,,,,,,,,,,,,,,,,,,,,,,,,,,,,,,,,,,,,,,,,,,,,,,,,,,,,,,,,,,,,,,,,,,,,
jUisKbUuCsM_000066_000076.mp4,3,shaking head,29.97,4.37,6.04,131,181,131,148,148,164,164,181,,,,,,,,,,,,,,,,,,,,,,,,,,,,,,,,,,,,,,,,,,,,,,,,,,,,,,,,,,,,,,,,,,,,,,,,,,,,,,,,,,,,,,,,,,,,,,,,,,,,,,,,,,,,,,,,,,,,,,,,,,,,,,,,,,,,,,,,
jg6H6QxYCAY_000134_000144.mp4,2,shaking head,30.0,5.57,7.17,167,215,167,191,191,215,,,,,,,,,,,,,,,,,,,,,,,,,,,,,,,,,,,,,,,,,,,,,,,,,,,,,,,,,,,,,,,,,,,,,,,,,,,,,,,,,,,,,,,,,,,,,,,,,,,,,,,,,,,,,,,,,,,,,,,,,,,,,,,,,,,,,,,,,,
jnSdd8-YNqs_000014_000024.mp4,9,shaking head,29.97,4.27,9.98,128,299,128,147,147,166,166,185,185,204,204,223,223,242,242,261,261,280,280,299,,,,,,,,,,,,,,,,,,,,,,,,,,,,,,,,,,,,,,,,,,,,,,,,,,,,,,,,,,,,,,,,,,,,,,,,,,,,,,,,,,,,,,,,,,,,,,,,,,,,,,,,,,,,,,,,,,,,,,,,,,,,
kC2adISaJWo_000024_000034.mp4,5,shaking head,27.0,2.43,9.43,66,255,66,104,104,142,142,179,179,217,217,255,,,,,,,,,,,,,,,,,,,,,,,,,,,,,,,,,,,,,,,,,,,,,,,,,,,,,,,,,,,,,,,,,,,,,,,,,,,,,,,,,,,,,,,,,,,,,,,,,,,,,,,,,,,,,,,,,,,,,,,,,,,,,,,,,,,,
kOZ8a8ogzbw_000001_000011.mp4,7,shaking head,24.0,6.42,10.0,154,240,154,166,166,179,179,191,191,203,203,215,215,228,228,240,,,,,,,,,,,,,,,,,,,,,,,,,,,,,,,,,,,,,,,,,,,,,,,,,,,,,,,,,,,,,,,,,,,,,,,,,,,,,,,,,,,,,,,,,,,,,,,,,,,,,,,,,,,,,,,,,,,,,,,,,,,,,,,,
kcVG_RdhHAU_000005_000015.mp4,2,shaking head,29.97,9.04,9.98,271,299,271,285,285,299,,,,,,,,,,,,,,,,,,,,,,,,,,,,,,,,,,,,,,,,,,,,,,,,,,,,,,,,,,,,,,,,,,,,,,,,,,,,,,,,,,,,,,,,,,,,,,,,,,,,,,,,,,,,,,,,,,,,,,,,,,,,,,,,,,,,,,,,,,
kcVG_RdhHAU_000005_000015.mp4,2,shaking head,29.97,4.37,6.02,131,180,131,155,155,180,,,,,,,,,,,,,,,,,,,,,,,,,,,,,,,,,,,,,,,,,,,,,,,,,,,,,,,,,,,,,,,,,,,,,,,,,,,,,,,,,,,,,,,,,,,,,,,,,,,,,,,,,,,,,,,,,,,,,,,,,,,,,,,,,,,,,,,,,,
l2TefFf5WLA_000004_000014.mp4,4,shaking head,12.37,7.5,9.5,93,117,93,99,99,105,105,111,111,117,,,,,,,,,,,,,,,,,,,,,,,,,,,,,,,,,,,,,,,,,,,,,,,,,,,,,,,,,,,,,,,,,,,,,,,,,,,,,,,,,,,,,,,,,,,,,,,,,,,,,,,,,,,,,,,,,,,,,,,,,,,,,,,,,,,,,,
mRKvw0t-H3w_000177_000187.mp4,25,shaking head,29.97,0.0,9.98,0,299,0,12,12,24,24,36,36,48,48,60,60,72,72,84,84,96,96,108,108,120,120,132,132,144,144,155,155,167,167,179,179,191,191,203,203,215,215,227,227,239,239,251,251,263,263,275,275,287,287,299,,,,,,,,,,,,,,,,,,,,,,,,,,,,,,,,,,,,,,,,,,,,,,,,,,,,,,,,,,,,,,,,,,,,,,,,,,,,,,,,,,,,,,,,,,,,
mezlbFz5Cpg_000002_000012.mp4,2,shaking head,15.0,5.8,8.93,87,134,87,111,111,134,,,,,,,,,,,,,,,,,,,,,,,,,,,,,,,,,,,,,,,,,,,,,,,,,,,,,,,,,,,,,,,,,,,,,,,,,,,,,,,,,,,,,,,,,,,,,,,,,,,,,,,,,,,,,,,,,,,,,,,,,,,,,,,,,,,,,,,,,,
mqtcQgB4bAQ_000015_000025.mp4,2,shaking head,29.0,0.0,0.95,0,28,0,14,14,28,,,,,,,,,,,,,,,,,,,,,,,,,,,,,,,,,,,,,,,,,,,,,,,,,,,,,,,,,,,,,,,,,,,,,,,,,,,,,,,,,,,,,,,,,,,,,,,,,,,,,,,,,,,,,,,,,,,,,,,,,,,,,,,,,,,,,,,,,,
mqtcQgB4bAQ_000015_000025.mp4,6,shaking head,29.0,1.9,5.24,55,152,55,71,71,87,87,103,103,120,120,136,136,152,,,,,,,,,,,,,,,,,,,,,,,,,,,,,,,,,,,,,,,,,,,,,,,,,,,,,,,,,,,,,,,,,,,,,,,,,,,,,,,,,,,,,,,,,,,,,,,,,,,,,,,,,,,,,,,,,,,,,,,,,,,,,,,,,,
mqtcQgB4bAQ_000015_000025.mp4,4,shaking head,29.0,7.76,9.45,225,274,225,237,237,249,249,262,262,274,,,,,,,,,,,,,,,,,,,,,,,,,,,,,,,,,,,,,,,,,,,,,,,,,,,,,,,,,,,,,,,,,,,,,,,,,,,,,,,,,,,,,,,,,,,,,,,,,,,,,,,,,,,,,,,,,,,,,,,,,,,,,,,,,,,,,,
m-kB0z6Yi6o_000171_000181.mp4,5,shaking head,30.0,2.5,9.27,75,278,75,116,116,156,156,197,197,237,237,278,,,,,,,,,,,,,,,,,,,,,,,,,,,,,,,,,,,,,,,,,,,,,,,,,,,,,,,,,,,,,,,,,,,,,,,,,,,,,,,,,,,,,,,,,,,,,,,,,,,,,,,,,,,,,,,,,,,,,,,,,,,,,,,,,,,,
oB5SMtiieyc_000003_000013.mp4,3,shaking head,29.92,3.94,9.96,118,298,118,178,178,238,238,298,,,,,,,,,,,,,,,,,,,,,,,,,,,,,,,,,,,,,,,,,,,,,,,,,,,,,,,,,,,,,,,,,,,,,,,,,,,,,,,,,,,,,,,,,,,,,,,,,,,,,,,,,,,,,,,,,,,,,,,,,,,,,,,,,,,,,,,,
p-ipwzoXvlk_000012_000022.mp4,3,shaking head,30.0,0.42,7.12,13,214,13,80,80,147,147,214,,,,,,,,,,,,,,,,,,,,,,,,,,,,,,,,,,,,,,,,,,,,,,,,,,,,,,,,,,,,,,,,,,,,,,,,,,,,,,,,,,,,,,,,,,,,,,,,,,,,,,,,,,,,,,,,,,,,,,,,,,,,,,,,,,,,,,,,
q5vKK9-Me34_000029_000039.mp4,2,shaking head,15.0,3.8,5.67,57,85,57,71,71,85,,,,,,,,,,,,,,,,,,,,,,,,,,,,,,,,,,,,,,,,,,,,,,,,,,,,,,,,,,,,,,,,,,,,,,,,,,,,,,,,,,,,,,,,,,,,,,,,,,,,,,,,,,,,,,,,,,,,,,,,,,,,,,,,,,,,,,,,,,
q-j7Db-me5I_000010_000020.mp4,2,shaking head,15.0,6.93,8.27,104,124,104,114,114,124,,,,,,,,,,,,,,,,,,,,,,,,,,,,,,,,,,,,,,,,,,,,,,,,,,,,,,,,,,,,,,,,,,,,,,,,,,,,,,,,,,,,,,,,,,,,,,,,,,,,,,,,,,,,,,,,,,,,,,,,,,,,,,,,,,,,,,,,,,
rAXljzSMUrQ_000024_000034.mp4,4,shaking head,29.97,2.77,4.37,83,131,83,95,95,107,107,119,119,131,,,,,,,,,,,,,,,,,,,,,,,,,,,,,,,,,,,,,,,,,,,,,,,,,,,,,,,,,,,,,,,,,,,,,,,,,,,,,,,,,,,,,,,,,,,,,,,,,,,,,,,,,,,,,,,,,,,,,,,,,,,,,,,,,,,,,,
rSHT1HDScWs_000000_000010.mp4,5,shaking head,30.0,1.0,3.67,30,110,30,46,46,62,62,78,78,94,94,110,,,,,,,,,,,,,,,,,,,,,,,,,,,,,,,,,,,,,,,,,,,,,,,,,,,,,,,,,,,,,,,,,,,,,,,,,,,,,,,,,,,,,,,,,,,,,,,,,,,,,,,,,,,,,,,,,,,,,,,,,,,,,,,,,,,,
sixKbwSRdcM_000000_000010.mp4,5,shaking head,30.0,2.72,10.0,82,300,82,126,126,169,169,213,213,256,256,300,,,,,,,,,,,,,,,,,,,,,,,,,,,,,,,,,,,,,,,,,,,,,,,,,,,,,,,,,,,,,,,,,,,,,,,,,,,,,,,,,,,,,,,,,,,,,,,,,,,,,,,,,,,,,,,,,,,,,,,,,,,,,,,,,,,,
uGUYZpfsHgo_000030_000040.mp4,4,shaking head,30.0,0.0,2.8,0,84,0,21,21,42,42,63,63,84,,,,,,,,,,,,,,,,,,,,,,,,,,,,,,,,,,,,,,,,,,,,,,,,,,,,,,,,,,,,,,,,,,,,,,,,,,,,,,,,,,,,,,,,,,,,,,,,,,,,,,,,,,,,,,,,,,,,,,,,,,,,,,,,,,,,,,
u_2kkNK7GhE_000018_000028.mp4,2,shaking head,12.0,4.72,6.12,57,73,57,65,65,73,,,,,,,,,,,,,,,,,,,,,,,,,,,,,,,,,,,,,,,,,,,,,,,,,,,,,,,,,,,,,,,,,,,,,,,,,,,,,,,,,,,,,,,,,,,,,,,,,,,,,,,,,,,,,,,,,,,,,,,,,,,,,,,,,,,,,,,,,,
vgVRFl61eWA_000025_000035.mp4,2,shaking head,15.0,0.1,1.33,2,20,2,11,11,20,,,,,,,,,,,,,,,,,,,,,,,,,,,,,,,,,,,,,,,,,,,,,,,,,,,,,,,,,,,,,,,,,,,,,,,,,,,,,,,,,,,,,,,,,,,,,,,,,,,,,,,,,,,,,,,,,,,,,,,,,,,,,,,,,,,,,,,,,,
wfbmtoO3Zak_000052_000062.mp4,5,shaking head,14.9,0.0,3.05,0,45,0,9,9,18,18,27,27,36,36,45,,,,,,,,,,,,,,,,,,,,,,,,,,,,,,,,,,,,,,,,,,,,,,,,,,,,,,,,,,,,,,,,,,,,,,,,,,,,,,,,,,,,,,,,,,,,,,,,,,,,,,,,,,,,,,,,,,,,,,,,,,,,,,,,,,,,
wfbmtoO3Zak_000052_000062.mp4,9,shaking head,14.9,5.13,9.93,76,148,76,84,84,92,92,100,100,108,108,116,116,124,124,132,132,140,140,148,,,,,,,,,,,,,,,,,,,,,,,,,,,,,,,,,,,,,,,,,,,,,,,,,,,,,,,,,,,,,,,,,,,,,,,,,,,,,,,,,,,,,,,,,,,,,,,,,,,,,,,,,,,,,,,,,,,,,,,,,,,,
wiA7PRJUeHc_000186_000196.mp4,8,shaking head,14.51,1.95,5.11,28,74,28,34,34,40,40,45,45,51,51,57,57,62,62,68,68,74,,,,,,,,,,,,,,,,,,,,,,,,,,,,,,,,,,,,,,,,,,,,,,,,,,,,,,,,,,,,,,,,,,,,,,,,,,,,,,,,,,,,,,,,,,,,,,,,,,,,,,,,,,,,,,,,,,,,,,,,,,,,,,
xcSiQz0UNJs_000543_000553.mp4,2,shaking head,30.0,4.8,5.8,144,174,144,159,159,174,,,,,,,,,,,,,,,,,,,,,,,,,,,,,,,,,,,,,,,,,,,,,,,,,,,,,,,,,,,,,,,,,,,,,,,,,,,,,,,,,,,,,,,,,,,,,,,,,,,,,,,,,,,,,,,,,,,,,,,,,,,,,,,,,,,,,,,,,,
yH8diqjfq7w_000034_000044.mp4,3,shaking head,14.91,1.8,4.84,27,72,27,42,42,57,57,72,,,,,,,,,,,,,,,,,,,,,,,,,,,,,,,,,,,,,,,,,,,,,,,,,,,,,,,,,,,,,,,,,,,,,,,,,,,,,,,,,,,,,,,,,,,,,,,,,,,,,,,,,,,,,,,,,,,,,,,,,,,,,,,,,,,,,,,,
yH8diqjfq7w_000034_000044.mp4,3,shaking head,14.91,8.54,9.98,127,149,127,134,134,142,142,149,,,,,,,,,,,,,,,,,,,,,,,,,,,,,,,,,,,,,,,,,,,,,,,,,,,,,,,,,,,,,,,,,,,,,,,,,,,,,,,,,,,,,,,,,,,,,,,,,,,,,,,,,,,,,,,,,,,,,,,,,,,,,,,,,,,,,,,,
yaUfx_tWHNs_000000_000010.mp4,5,shaking head,30.0,2.87,5.83,86,175,86,104,104,122,122,139,139,157,157,175,,,,,,,,,,,,,,,,,,,,,,,,,,,,,,,,,,,,,,,,,,,,,,,,,,,,,,,,,,,,,,,,,,,,,,,,,,,,,,,,,,,,,,,,,,,,,,,,,,,,,,,,,,,,,,,,,,,,,,,,,,,,,,,,,,,,
zmEaepoeFag_000050_000060.mp4,14,shaking head,29.98,0.0,5.25,0,157,0,11,11,22,22,34,34,45,45,56,56,67,67,78,78,90,90,101,101,112,112,123,123,135,135,146,146,157,,,,,,,,,,,,,,,,,,,,,,,,,,,,,,,,,,,,,,,,,,,,,,,,,,,,,,,,,,,,,,,,,,,,,,,,,,,,,,,,,,,,,,,,,,,,,,,,,,,,,,,,,,,,,,,,,,
1kSr1W9BIVc_000028_000038.mp4,15,shaking head,29.83,4.26,9.96,127,297,127,138,138,150,150,161,161,172,172,184,184,195,195,206,206,218,218,229,229,240,240,252,252,263,263,274,274,286,286,297,,,,,,,,,,,,,,,,,,,,,,,,,,,,,,,,,,,,,,,,,,,,,,,,,,,,,,,,,,,,,,,,,,,,,,,,,,,,,,,,,,,,,,,,,,,,,,,,,,,,,,,,,,,,,,,,
15UdVDXXBFE_000001_000011.mp4,7,shaking head,30.0,1.28,3.62,38,109,38,48,48,58,58,68,68,79,79,89,89,99,99,109,,,,,,,,,,,,,,,,,,,,,,,,,,,,,,,,,,,,,,,,,,,,,,,,,,,,,,,,,,,,,,,,,,,,,,,,,,,,,,,,,,,,,,,,,,,,,,,,,,,,,,,,,,,,,,,,,,,,,,,,,,,,,,,,
15UdVDXXBFE_000001_000011.mp4,3,shaking head,30.0,5.23,6.8,157,204,157,173,173,188,188,204,,,,,,,,,,,,,,,,,,,,,,,,,,,,,,,,,,,,,,,,,,,,,,,,,,,,,,,,,,,,,,,,,,,,,,,,,,,,,,,,,,,,,,,,,,,,,,,,,,,,,,,,,,,,,,,,,,,,,,,,,,,,,,,,,,,,,,,,
2hLDGv7XYIo_000066_000076.mp4,5,shaking head,30.0,1.73,4.57,52,137,52,69,69,86,86,103,103,120,120,137,,,,,,,,,,,,,,,,,,,,,,,,,,,,,,,,,,,,,,,,,,,,,,,,,,,,,,,,,,,,,,,,,,,,,,,,,,,,,,,,,,,,,,,,,,,,,,,,,,,,,,,,,,,,,,,,,,,,,,,,,,,,,,,,,,,,
3nt5r1f3MNY_000016_000026.mp4,6,shaking head,29.97,5.01,8.98,150,269,150,170,170,190,190,210,210,229,229,249,249,269,,,,,,,,,,,,,,,,,,,,,,,,,,,,,,,,,,,,,,,,,,,,,,,,,,,,,,,,,,,,,,,,,,,,,,,,,,,,,,,,,,,,,,,,,,,,,,,,,,,,,,,,,,,,,,,,,,,,,,,,,,,,,,,,,,
39sJUSCCmSw_000038_000048.mp4,2,shaking head,30.0,0.2,1.3,6,39,6,22,22,39,,,,,,,,,,,,,,,,,,,,,,,,,,,,,,,,,,,,,,,,,,,,,,,,,,,,,,,,,,,,,,,,,,,,,,,,,,,,,,,,,,,,,,,,,,,,,,,,,,,,,,,,,,,,,,,,,,,,,,,,,,,,,,,,,,,,,,,,,,
39sJUSCCmSw_000038_000048.mp4,4,shaking head,30.0,4.57,6.43,137,193,137,151,151,165,165,179,179,193,,,,,,,,,,,,,,,,,,,,,,,,,,,,,,,,,,,,,,,,,,,,,,,,,,,,,,,,,,,,,,,,,,,,,,,,,,,,,,,,,,,,,,,,,,,,,,,,,,,,,,,,,,,,,,,,,,,,,,,,,,,,,,,,,,,,,,
4jjUM-Vli0M_000003_000013.mp4,2,shaking head,30.0,4.93,6.0,148,180,148,164,164,180,,,,,,,,,,,,,,,,,,,,,,,,,,,,,,,,,,,,,,,,,,,,,,,,,,,,,,,,,,,,,,,,,,,,,,,,,,,,,,,,,,,,,,,,,,,,,,,,,,,,,,,,,,,,,,,,,,,,,,,,,,,,,,,,,,,,,,,,,,
42yDrUKSkq4_000001_000011.mp4,2,shaking head,24.0,0.0,0.96,0,23,0,12,12,23,,,,,,,,,,,,,,,,,,,,,,,,,,,,,,,,,,,,,,,,,,,,,,,,,,,,,,,,,,,,,,,,,,,,,,,,,,,,,,,,,,,,,,,,,,,,,,,,,,,,,,,,,,,,,,,,,,,,,,,,,,,,,,,,,,,,,,,,,,
5ERV2iLudCA_000002_000012.mp4,4,shaking head,30.0,5.53,9.53,166,286,166,196,196,226,226,256,256,286,,,,,,,,,,,,,,,,,,,,,,,,,,,,,,,,,,,,,,,,,,,,,,,,,,,,,,,,,,,,,,,,,,,,,,,,,,,,,,,,,,,,,,,,,,,,,,,,,,,,,,,,,,,,,,,,,,,,,,,,,,,,,,,,,,,,,,
5FECmx_aDL8_000015_000025.mp4,5,shaking head,30.0,6.83,9.97,205,299,205,224,224,243,243,261,261,280,280,299,,,,,,,,,,,,,,,,,,,,,,,,,,,,,,,,,,,,,,,,,,,,,,,,,,,,,,,,,,,,,,,,,,,,,,,,,,,,,,,,,,,,,,,,,,,,,,,,,,,,,,,,,,,,,,,,,,,,,,,,,,,,,,,,,,,,
6N22GK84Rzc_000027_000037.mp4,6,shaking head,29.97,4.67,8.31,140,249,140,158,158,176,176,194,194,213,213,231,231,249,,,,,,,,,,,,,,,,,,,,,,,,,,,,,,,,,,,,,,,,,,,,,,,,,,,,,,,,,,,,,,,,,,,,,,,,,,,,,,,,,,,,,,,,,,,,,,,,,,,,,,,,,,,,,,,,,,,,,,,,,,,,,,,,,,
6PR_YDmJZlw_000015_000025.mp4,6,shaking head,30.0,0.0,4.43,0,133,0,22,22,44,44,66,66,89,89,111,111,133,,,,,,,,,,,,,,,,,,,,,,,,,,,,,,,,,,,,,,,,,,,,,,,,,,,,,,,,,,,,,,,,,,,,,,,,,,,,,,,,,,,,,,,,,,,,,,,,,,,,,,,,,,,,,,,,,,,,,,,,,,,,,,,,,,
6PR_YDmJZlw_000015_000025.mp4,6,shaking head,30.0,7.35,9.98,220,299,220,233,233,246,246,260,260,273,273,286,286,299,,,,,,,,,,,,,,,,,,,,,,,,,,,,,,,,,,,,,,,,,,,,,,,,,,,,,,,,,,,,,,,,,,,,,,,,,,,,,,,,,,,,,,,,,,,,,,,,,,,,,,,,,,,,,,,,,,,,,,,,,,,,,,,,,,
6eW9NOm9lGA_000000_000010.mp4,9,shaking head,10.0,0.0,4.1,0,41,0,5,5,9,9,14,14,18,18,23,23,27,27,32,32,36,36,41,,,,,,,,,,,,,,,,,,,,,,,,,,,,,,,,,,,,,,,,,,,,,,,,,,,,,,,,,,,,,,,,,,,,,,,,,,,,,,,,,,,,,,,,,,,,,,,,,,,,,,,,,,,,,,,,,,,,,,,,,,,,
6eW9NOm9lGA_000000_000010.mp4,3,shaking head,10.0,3.35,5.45,34,54,34,41,41,47,47,54,,,,,,,,,,,,,,,,,,,,,,,,,,,,,,,,,,,,,,,,,,,,,,,,,,,,,,,,,,,,,,,,,,,,,,,,,,,,,,,,,,,,,,,,,,,,,,,,,,,,,,,,,,,,,,,,,,,,,,,,,,,,,,,,,,,,,,,,
9plSmDF4OOc_000000_000010.mp4,3,shaking head,13.29,0.53,2.03,7,27,7,14,14,20,20,27,,,,,,,,,,,,,,,,,,,,,,,,,,,,,,,,,,,,,,,,,,,,,,,,,,,,,,,,,,,,,,,,,,,,,,,,,,,,,,,,,,,,,,,,,,,,,,,,,,,,,,,,,,,,,,,,,,,,,,,,,,,,,,,,,,,,,,,,
-PcLK5fwk6g_000019_000029.mp4,10,shaking head,29.97,2.97,8.24,89,247,89,105,105,121,121,136,136,152,152,168,168,184,184,200,200,215,215,231,231,247,,,,,,,,,,,,,,,,,,,,,,,,,,,,,,,,,,,,,,,,,,,,,,,,,,,,,,,,,,,,,,,,,,,,,,,,,,,,,,,,,,,,,,,,,,,,,,,,,,,,,,,,,,,,,,,,,,,,,,,,,,
_jlK2BVq4xM_000020_000030.mp4,7,shaking head,14.83,0.0,9.91,0,147,0,21,21,42,42,63,63,84,84,105,105,126,126,147,,,,,,,,,,,,,,,,,,,,,,,,,,,,,,,,,,,,,,,,,,,,,,,,,,,,,,,,,,,,,,,,,,,,,,,,,,,,,,,,,,,,,,,,,,,,,,,,,,,,,,,,,,,,,,,,,,,,,,,,,,,,,,,,
DQ7HKGNGoQc_000015_000025.mp4,2,shoot dance,30.0,0.0,1.03,0,31,0,16,16,31,,,,,,,,,,,,,,,,,,,,,,,,,,,,,,,,,,,,,,,,,,,,,,,,,,,,,,,,,,,,,,,,,,,,,,,,,,,,,,,,,,,,,,,,,,,,,,,,,,,,,,,,,,,,,,,,,,,,,,,,,,,,,,,,,,,,,,,,,,
EPkTO72b3U4_000000_000010.mp4,5,shoot dance,28.83,7.77,9.99,224,288,224,237,237,250,250,262,262,275,275,288,,,,,,,,,,,,,,,,,,,,,,,,,,,,,,,,,,,,,,,,,,,,,,,,,,,,,,,,,,,,,,,,,,,,,,,,,,,,,,,,,,,,,,,,,,,,,,,,,,,,,,,,,,,,,,,,,,,,,,,,,,,,,,,,,,,,
Elf2XCpZOF0_000001_000011.mp4,8,shoot dance,30.0,3.73,7.37,112,221,112,126,126,139,139,153,153,166,166,180,180,194,194,207,207,221,,,,,,,,,,,,,,,,,,,,,,,,,,,,,,,,,,,,,,,,,,,,,,,,,,,,,,,,,,,,,,,,,,,,,,,,,,,,,,,,,,,,,,,,,,,,,,,,,,,,,,,,,,,,,,,,,,,,,,,,,,,,,,
ExNLqAYqzJU_000017_000027.mp4,2,shoot dance,30.0,0.0,0.58,0,17,0,8,8,17,,,,,,,,,,,,,,,,,,,,,,,,,,,,,,,,,,,,,,,,,,,,,,,,,,,,,,,,,,,,,,,,,,,,,,,,,,,,,,,,,,,,,,,,,,,,,,,,,,,,,,,,,,,,,,,,,,,,,,,,,,,,,,,,,,,,,,,,,,
ExNLqAYqzJU_000017_000027.mp4,18,shoot dance,30.0,1.8,10.0,54,300,54,68,68,81,81,95,95,109,109,122,122,136,136,150,150,163,163,177,177,191,191,204,204,218,218,232,232,245,245,259,259,273,273,286,286,300,,,,,,,,,,,,,,,,,,,,,,,,,,,,,,,,,,,,,,,,,,,,,,,,,,,,,,,,,,,,,,,,,,,,,,,,,,,,,,,,,,,,,,,,,,,,,,,,,,,,,,,,,,
FNC9AMPv-Vs_000013_000023.mp4,4,shoot dance,30.0,2.03,3.63,61,109,61,73,73,85,85,97,97,109,,,,,,,,,,,,,,,,,,,,,,,,,,,,,,,,,,,,,,,,,,,,,,,,,,,,,,,,,,,,,,,,,,,,,,,,,,,,,,,,,,,,,,,,,,,,,,,,,,,,,,,,,,,,,,,,,,,,,,,,,,,,,,,,,,,,,,
FNC9AMPv-Vs_000013_000023.mp4,4,shoot dance,30.0,4.9,6.53,147,196,147,159,159,171,171,184,184,196,,,,,,,,,,,,,,,,,,,,,,,,,,,,,,,,,,,,,,,,,,,,,,,,,,,,,,,,,,,,,,,,,,,,,,,,,,,,,,,,,,,,,,,,,,,,,,,,,,,,,,,,,,,,,,,,,,,,,,,,,,,,,,,,,,,,,,
FNC9AMPv-Vs_000013_000023.mp4,3,shoot dance,30.0,7.9,9.13,237,274,237,249,249,262,262,274,,,,,,,,,,,,,,,,,,,,,,,,,,,,,,,,,,,,,,,,,,,,,,,,,,,,,,,,,,,,,,,,,,,,,,,,,,,,,,,,,,,,,,,,,,,,,,,,,,,,,,,,,,,,,,,,,,,,,,,,,,,,,,,,,,,,,,,,
IXzSYAdS3y4_000013_000023.mp4,15,shoot dance,29.97,0.0,7.04,0,211,0,14,14,28,28,42,42,56,56,70,70,84,84,98,98,113,113,127,127,141,141,155,155,169,169,183,183,197,197,211,,,,,,,,,,,,,,,,,,,,,,,,,,,,,,,,,,,,,,,,,,,,,,,,,,,,,,,,,,,,,,,,,,,,,,,,,,,,,,,,,,,,,,,,,,,,,,,,,,,,,,,,,,,,,,,,
JUDhaj9JQO8_000001_000011.mp4,2,shoot dance,13.0,0.85,1.92,11,25,11,18,18,25,,,,,,,,,,,,,,,,,,,,,,,,,,,,,,,,,,,,,,,,,,,,,,,,,,,,,,,,,,,,,,,,,,,,,,,,,,,,,,,,,,,,,,,,,,,,,,,,,,,,,,,,,,,,,,,,,,,,,,,,,,,,,,,,,,,,,,,,,,
Mi8RXiEyvAE_000006_000016.mp4,6,shoot dance,29.93,0.0,2.84,0,85,0,14,14,28,28,42,42,57,57,71,71,85,,,,,,,,,,,,,,,,,,,,,,,,,,,,,,,,,,,,,,,,,,,,,,,,,,,,,,,,,,,,,,,,,,,,,,,,,,,,,,,,,,,,,,,,,,,,,,,,,,,,,,,,,,,,,,,,,,,,,,,,,,,,,,,,,,
Mi8RXiEyvAE_000006_000016.mp4,8,shoot dance,29.93,5.45,9.13,163,273,163,177,177,191,191,204,204,218,218,232,232,245,245,259,259,273,,,,,,,,,,,,,,,,,,,,,,,,,,,,,,,,,,,,,,,,,,,,,,,,,,,,,,,,,,,,,,,,,,,,,,,,,,,,,,,,,,,,,,,,,,,,,,,,,,,,,,,,,,,,,,,,,,,,,,,,,,,,,,
MjuSZ0MIaV8_000000_000010.mp4,10,shoot dance,16.02,0.0,5.12,0,82,0,8,8,16,16,25,25,33,33,41,41,49,49,57,57,66,66,74,74,82,,,,,,,,,,,,,,,,,,,,,,,,,,,,,,,,,,,,,,,,,,,,,,,,,,,,,,,,,,,,,,,,,,,,,,,,,,,,,,,,,,,,,,,,,,,,,,,,,,,,,,,,,,,,,,,,,,,,,,,,,,
M5Euv3L_dUs_000006_000016.mp4,10,shoot dance,30.0,2.97,7.53,89,226,89,103,103,116,116,130,130,144,144,157,157,171,171,185,185,199,199,212,212,226,,,,,,,,,,,,,,,,,,,,,,,,,,,,,,,,,,,,,,,,,,,,,,,,,,,,,,,,,,,,,,,,,,,,,,,,,,,,,,,,,,,,,,,,,,,,,,,,,,,,,,,,,,,,,,,,,,,,,,,,,,
NZaWo9_e3q4_000006_000016.mp4,4,shoot dance,14.0,0.86,2.43,12,34,12,18,18,23,23,28,28,34,,,,,,,,,,,,,,,,,,,,,,,,,,,,,,,,,,,,,,,,,,,,,,,,,,,,,,,,,,,,,,,,,,,,,,,,,,,,,,,,,,,,,,,,,,,,,,,,,,,,,,,,,,,,,,,,,,,,,,,,,,,,,,,,,,,,,,
NZaWo9_e3q4_000006_000016.mp4,4,shoot dance,14.0,5.64,7.36,79,103,79,85,85,91,91,97,97,103,,,,,,,,,,,,,,,,,,,,,,,,,,,,,,,,,,,,,,,,,,,,,,,,,,,,,,,,,,,,,,,,,,,,,,,,,,,,,,,,,,,,,,,,,,,,,,,,,,,,,,,,,,,,,,,,,,,,,,,,,,,,,,,,,,,,,,
N_XollUuvKU_000008_000018.mp4,8,shoot dance,24.0,0.0,3.42,0,82,0,10,10,20,20,31,31,41,41,51,51,62,62,72,72,82,,,,,,,,,,,,,,,,,,,,,,,,,,,,,,,,,,,,,,,,,,,,,,,,,,,,,,,,,,,,,,,,,,,,,,,,,,,,,,,,,,,,,,,,,,,,,,,,,,,,,,,,,,,,,,,,,,,,,,,,,,,,,,
N_XollUuvKU_000008_000018.mp4,16,shoot dance,24.0,3.67,10.0,88,240,88,98,98,107,107,116,116,126,126,136,136,145,145,154,154,164,164,174,174,183,183,192,192,202,202,212,212,221,221,230,230,240,,,,,,,,,,,,,,,,,,,,,,,,,,,,,,,,,,,,,,,,,,,,,,,,,,,,,,,,,,,,,,,,,,,,,,,,,,,,,,,,,,,,,,,,,,,,,,,,,,,,,,,,,,,,,,
OSud9I2YgXY_000000_000010.mp4,6,shoot dance,30.0,4.0,6.57,120,197,120,133,133,146,146,158,158,171,171,184,184,197,,,,,,,,,,,,,,,,,,,,,,,,,,,,,,,,,,,,,,,,,,,,,,,,,,,,,,,,,,,,,,,,,,,,,,,,,,,,,,,,,,,,,,,,,,,,,,,,,,,,,,,,,,,,,,,,,,,,,,,,,,,,,,,,,,
OboYqWqO78Y_000053_000063.mp4,3,shoot dance,29.0,8.62,10.0,250,290,250,263,263,277,277,290,,,,,,,,,,,,,,,,,,,,,,,,,,,,,,,,,,,,,,,,,,,,,,,,,,,,,,,,,,,,,,,,,,,,,,,,,,,,,,,,,,,,,,,,,,,,,,,,,,,,,,,,,,,,,,,,,,,,,,,,,,,,,,,,,,,,,,,,
O7G5T_yIAyc_000000_000010.mp4,15,shoot dance,23.46,3.83,9.96,90,234,90,100,100,109,109,119,119,128,128,138,138,148,148,157,157,167,167,176,176,186,186,196,196,205,205,215,215,224,224,234,,,,,,,,,,,,,,,,,,,,,,,,,,,,,,,,,,,,,,,,,,,,,,,,,,,,,,,,,,,,,,,,,,,,,,,,,,,,,,,,,,,,,,,,,,,,,,,,,,,,,,,,,,,,,,,,
QRTSk0tEIeQ_000251_000261.mp4,7,shoot dance,30.0,0.0,3.2,0,96,0,14,14,27,27,41,41,55,55,69,69,82,82,96,,,,,,,,,,,,,,,,,,,,,,,,,,,,,,,,,,,,,,,,,,,,,,,,,,,,,,,,,,,,,,,,,,,,,,,,,,,,,,,,,,,,,,,,,,,,,,,,,,,,,,,,,,,,,,,,,,,,,,,,,,,,,,,,
QRTSk0tEIeQ_000251_000261.mp4,3,shoot dance,30.0,5.93,7.17,178,215,178,190,190,203,203,215,,,,,,,,,,,,,,,,,,,,,,,,,,,,,,,,,,,,,,,,,,,,,,,,,,,,,,,,,,,,,,,,,,,,,,,,,,,,,,,,,,,,,,,,,,,,,,,,,,,,,,,,,,,,,,,,,,,,,,,,,,,,,,,,,,,,,,,,
Qj4igGgWFHU_000061_000071.mp4,2,shoot dance,30.0,0.7,1.23,21,37,21,29,29,37,,,,,,,,,,,,,,,,,,,,,,,,,,,,,,,,,,,,,,,,,,,,,,,,,,,,,,,,,,,,,,,,,,,,,,,,,,,,,,,,,,,,,,,,,,,,,,,,,,,,,,,,,,,,,,,,,,,,,,,,,,,,,,,,,,,,,,,,,,
QuY17b82tzY_000005_000015.mp4,4,shoot dance,30.0,5.73,7.57,172,227,172,186,186,200,200,213,213,227,,,,,,,,,,,,,,,,,,,,,,,,,,,,,,,,,,,,,,,,,,,,,,,,,,,,,,,,,,,,,,,,,,,,,,,,,,,,,,,,,,,,,,,,,,,,,,,,,,,,,,,,,,,,,,,,,,,,,,,,,,,,,,,,,,,,,,
RLMu3JQxKkY_000006_000016.mp4,2,shoot dance,10.08,5.45,6.25,55,63,55,59,59,63,,,,,,,,,,,,,,,,,,,,,,,,,,,,,,,,,,,,,,,,,,,,,,,,,,,,,,,,,,,,,,,,,,,,,,,,,,,,,,,,,,,,,,,,,,,,,,,,,,,,,,,,,,,,,,,,,,,,,,,,,,,,,,,,,,,,,,,,,,
R-yHTNEk-cA_000021_000031.mp4,9,shoot dance,29.0,0.0,4.07,0,118,0,13,13,26,26,39,39,52,52,66,66,79,79,92,92,105,105,118,,,,,,,,,,,,,,,,,,,,,,,,,,,,,,,,,,,,,,,,,,,,,,,,,,,,,,,,,,,,,,,,,,,,,,,,,,,,,,,,,,,,,,,,,,,,,,,,,,,,,,,,,,,,,,,,,,,,,,,,,,,,
SUg4793SKlw_000007_000017.mp4,2,shoot dance,30.0,1.7,2.93,51,88,51,69,69,88,,,,,,,,,,,,,,,,,,,,,,,,,,,,,,,,,,,,,,,,,,,,,,,,,,,,,,,,,,,,,,,,,,,,,,,,,,,,,,,,,,,,,,,,,,,,,,,,,,,,,,,,,,,,,,,,,,,,,,,,,,,,,,,,,,,,,,,,,,
SUg4793SKlw_000007_000017.mp4,3,shoot dance,30.0,6.2,7.47,186,224,186,199,199,211,211,224,,,,,,,,,,,,,,,,,,,,,,,,,,,,,,,,,,,,,,,,,,,,,,,,,,,,,,,,,,,,,,,,,,,,,,,,,,,,,,,,,,,,,,,,,,,,,,,,,,,,,,,,,,,,,,,,,,,,,,,,,,,,,,,,,,,,,,,,
S_Vl2eh_wBk_000044_000054.mp4,4,shoot dance,19.91,0.0,3.16,0,63,0,16,16,32,32,47,47,63,,,,,,,,,,,,,,,,,,,,,,,,,,,,,,,,,,,,,,,,,,,,,,,,,,,,,,,,,,,,,,,,,,,,,,,,,,,,,,,,,,,,,,,,,,,,,,,,,,,,,,,,,,,,,,,,,,,,,,,,,,,,,,,,,,,,,,
TIVGUJXGxAM_000000_000010.mp4,15,shoot dance,19.98,1.1,3.32,22,66,22,25,25,28,28,31,31,34,34,37,37,40,40,43,43,45,45,48,48,51,51,54,54,57,57,60,60,63,63,66,,,,,,,,,,,,,,,,,,,,,,,,,,,,,,,,,,,,,,,,,,,,,,,,,,,,,,,,,,,,,,,,,,,,,,,,,,,,,,,,,,,,,,,,,,,,,,,,,,,,,,,,,,,,,,,,
TkXAr3F6vEs_000008_000018.mp4,12,shoot dance,29.88,3.18,8.56,95,256,95,108,108,122,122,135,135,149,149,162,162,175,175,189,189,202,202,216,216,229,229,243,243,256,,,,,,,,,,,,,,,,,,,,,,,,,,,,,,,,,,,,,,,,,,,,,,,,,,,,,,,,,,,,,,,,,,,,,,,,,,,,,,,,,,,,,,,,,,,,,,,,,,,,,,,,,,,,,,,,,,,,,,
VLiaHuv9vcs_000036_000046.mp4,5,shoot dance,30.0,7.93,10.0,238,300,238,250,250,263,263,275,275,288,288,300,,,,,,,,,,,,,,,,,,,,,,,,,,,,,,,,,,,,,,,,,,,,,,,,,,,,,,,,,,,,,,,,,,,,,,,,,,,,,,,,,,,,,,,,,,,,,,,,,,,,,,,,,,,,,,,,,,,,,,,,,,,,,,,,,,,,
VvbFuIYzMXE_000357_000367.mp4,7,shoot dance,30.0,1.6,5.23,48,157,48,64,64,79,79,95,95,110,110,126,126,141,141,157,,,,,,,,,,,,,,,,,,,,,,,,,,,,,,,,,,,,,,,,,,,,,,,,,,,,,,,,,,,,,,,,,,,,,,,,,,,,,,,,,,,,,,,,,,,,,,,,,,,,,,,,,,,,,,,,,,,,,,,,,,,,,,,,
WfuvtixNNSI_000000_000010.mp4,6,shoot dance,19.95,7.18,9.99,143,199,143,152,152,162,162,171,171,180,180,190,190,199,,,,,,,,,,,,,,,,,,,,,,,,,,,,,,,,,,,,,,,,,,,,,,,,,,,,,,,,,,,,,,,,,,,,,,,,,,,,,,,,,,,,,,,,,,,,,,,,,,,,,,,,,,,,,,,,,,,,,,,,,,,,,,,,,,
WjEA2UphEzc_000009_000019.mp4,11,shoot dance,30.0,1.13,6.4,34,192,34,48,48,63,63,77,77,91,91,106,106,120,120,135,135,149,149,163,163,178,178,192,,,,,,,,,,,,,,,,,,,,,,,,,,,,,,,,,,,,,,,,,,,,,,,,,,,,,,,,,,,,,,,,,,,,,,,,,,,,,,,,,,,,,,,,,,,,,,,,,,,,,,,,,,,,,,,,,,,,,,,,
WqOdGuh-yYY_000003_000013.mp4,12,shoot dance,30.0,0.0,5.47,0,164,0,14,14,27,27,41,41,55,55,68,68,82,82,96,96,109,109,123,123,137,137,150,150,164,,,,,,,,,,,,,,,,,,,,,,,,,,,,,,,,,,,,,,,,,,,,,,,,,,,,,,,,,,,,,,,,,,,,,,,,,,,,,,,,,,,,,,,,,,,,,,,,,,,,,,,,,,,,,,,,,,,,,,
WqOdGuh-yYY_000003_000013.mp4,4,shoot dance,30.0,8.4,10.0,252,300,252,264,264,276,276,288,288,300,,,,,,,,,,,,,,,,,,,,,,,,,,,,,,,,,,,,,,,,,,,,,,,,,,,,,,,,,,,,,,,,,,,,,,,,,,,,,,,,,,,,,,,,,,,,,,,,,,,,,,,,,,,,,,,,,,,,,,,,,,,,,,,,,,,,,,
XQDjknti780_000025_000035.mp4,7,shoot dance,14.09,6.67,9.94,94,140,94,101,101,107,107,114,114,120,120,127,127,133,133,140,,,,,,,,,,,,,,,,,,,,,,,,,,,,,,,,,,,,,,,,,,,,,,,,,,,,,,,,,,,,,,,,,,,,,,,,,,,,,,,,,,,,,,,,,,,,,,,,,,,,,,,,,,,,,,,,,,,,,,,,,,,,,,,,
XnfLLKNoOnI_000039_000049.mp4,7,shoot dance,29.91,0.0,3.41,0,102,0,15,15,29,29,44,44,58,58,73,73,87,87,102,,,,,,,,,,,,,,,,,,,,,,,,,,,,,,,,,,,,,,,,,,,,,,,,,,,,,,,,,,,,,,,,,,,,,,,,,,,,,,,,,,,,,,,,,,,,,,,,,,,,,,,,,,,,,,,,,,,,,,,,,,,,,,,,
XnfLLKNoOnI_000039_000049.mp4,8,shoot dance,29.91,6.22,9.96,186,298,186,200,200,214,214,228,228,242,242,256,256,270,270,284,284,298,,,,,,,,,,,,,,,,,,,,,,,,,,,,,,,,,,,,,,,,,,,,,,,,,,,,,,,,,,,,,,,,,,,,,,,,,,,,,,,,,,,,,,,,,,,,,,,,,,,,,,,,,,,,,,,,,,,,,,,,,,,,,,
Yyud_bNeYgM_000000_000010.mp4,13,shoot dance,30.0,0.0,5.97,0,179,0,14,14,28,28,41,41,55,55,69,69,83,83,96,96,110,110,124,124,138,138,151,151,165,165,179,,,,,,,,,,,,,,,,,,,,,,,,,,,,,,,,,,,,,,,,,,,,,,,,,,,,,,,,,,,,,,,,,,,,,,,,,,,,,,,,,,,,,,,,,,,,,,,,,,,,,,,,,,,,,,,,,,,,
coFrM49ljDc_000186_000196.mp4,6,shoot dance,29.91,7.49,9.96,224,298,224,236,236,249,249,261,261,273,273,286,286,298,,,,,,,,,,,,,,,,,,,,,,,,,,,,,,,,,,,,,,,,,,,,,,,,,,,,,,,,,,,,,,,,,,,,,,,,,,,,,,,,,,,,,,,,,,,,,,,,,,,,,,,,,,,,,,,,,,,,,,,,,,,,,,,,,,
ebyHdLqEzyc_000017_000027.mp4,5,shoot dance,30.0,1.13,3.07,34,92,34,46,46,57,57,69,69,80,80,92,,,,,,,,,,,,,,,,,,,,,,,,,,,,,,,,,,,,,,,,,,,,,,,,,,,,,,,,,,,,,,,,,,,,,,,,,,,,,,,,,,,,,,,,,,,,,,,,,,,,,,,,,,,,,,,,,,,,,,,,,,,,,,,,,,,,
fSXWn74ZZVU_000177_000187.mp4,2,shoot dance,29.91,0.0,0.97,0,29,0,14,14,29,,,,,,,,,,,,,,,,,,,,,,,,,,,,,,,,,,,,,,,,,,,,,,,,,,,,,,,,,,,,,,,,,,,,,,,,,,,,,,,,,,,,,,,,,,,,,,,,,,,,,,,,,,,,,,,,,,,,,,,,,,,,,,,,,,,,,,,,,,
gmtkeXJvqOc_000000_000010.mp4,7,shoot dance,30.0,5.93,9.07,178,272,178,191,191,205,205,218,218,232,232,245,245,259,259,272,,,,,,,,,,,,,,,,,,,,,,,,,,,,,,,,,,,,,,,,,,,,,,,,,,,,,,,,,,,,,,,,,,,,,,,,,,,,,,,,,,,,,,,,,,,,,,,,,,,,,,,,,,,,,,,,,,,,,,,,,,,,,,,,
gykOqkrn5d4_000012_000022.mp4,8,shoot dance,30.0,0.0,3.73,0,112,0,14,14,28,28,42,42,56,56,70,70,84,84,98,98,112,,,,,,,,,,,,,,,,,,,,,,,,,,,,,,,,,,,,,,,,,,,,,,,,,,,,,,,,,,,,,,,,,,,,,,,,,,,,,,,,,,,,,,,,,,,,,,,,,,,,,,,,,,,,,,,,,,,,,,,,,,,,,,
hDGSOKxQJOs_000066_000076.mp4,4,shoot dance,30.0,1.32,3.98,40,119,40,60,60,80,80,99,99,119,,,,,,,,,,,,,,,,,,,,,,,,,,,,,,,,,,,,,,,,,,,,,,,,,,,,,,,,,,,,,,,,,,,,,,,,,,,,,,,,,,,,,,,,,,,,,,,,,,,,,,,,,,,,,,,,,,,,,,,,,,,,,,,,,,,,,,
hteKpa0GoOk_000041_000051.mp4,10,shoot dance,13.94,6.61,9.92,92,138,92,97,97,101,101,106,106,110,110,115,115,120,120,124,124,129,129,133,133,138,,,,,,,,,,,,,,,,,,,,,,,,,,,,,,,,,,,,,,,,,,,,,,,,,,,,,,,,,,,,,,,,,,,,,,,,,,,,,,,,,,,,,,,,,,,,,,,,,,,,,,,,,,,,,,,,,,,,,,,,,,
hxTwt0K1BDI_000001_000011.mp4,3,shoot dance,29.81,0.0,0.94,0,28,0,9,9,19,19,28,,,,,,,,,,,,,,,,,,,,,,,,,,,,,,,,,,,,,,,,,,,,,,,,,,,,,,,,,,,,,,,,,,,,,,,,,,,,,,,,,,,,,,,,,,,,,,,,,,,,,,,,,,,,,,,,,,,,,,,,,,,,,,,,,,,,,,,,
hxTwt0K1BDI_000001_000011.mp4,2,shoot dance,29.81,2.78,3.79,83,113,83,98,98,113,,,,,,,,,,,,,,,,,,,,,,,,,,,,,,,,,,,,,,,,,,,,,,,,,,,,,,,,,,,,,,,,,,,,,,,,,,,,,,,,,,,,,,,,,,,,,,,,,,,,,,,,,,,,,,,,,,,,,,,,,,,,,,,,,,,,,,,,,,
hxTwt0K1BDI_000001_000011.mp4,4,shoot dance,29.81,4.97,6.47,148,193,148,159,159,170,170,182,182,193,,,,,,,,,,,,,,,,,,,,,,,,,,,,,,,,,,,,,,,,,,,,,,,,,,,,,,,,,,,,,,,,,,,,,,,,,,,,,,,,,,,,,,,,,,,,,,,,,,,,,,,,,,,,,,,,,,,,,,,,,,,,,,,,,,,,,,
iTP9TdNTCBE_000017_000027.mp4,4,shoot dance,29.97,4.9,6.47,147,194,147,159,159,171,171,182,182,194,,,,,,,,,,,,,,,,,,,,,,,,,,,,,,,,,,,,,,,,,,,,,,,,,,,,,,,,,,,,,,,,,,,,,,,,,,,,,,,,,,,,,,,,,,,,,,,,,,,,,,,,,,,,,,,,,,,,,,,,,,,,,,,,,,,,,,
ipubkUDBQgQ_000001_000011.mp4,11,shoot dance,18.61,0.0,6.35,0,118,0,11,11,21,21,32,32,43,43,54,54,64,64,75,75,86,86,97,97,107,107,118,,,,,,,,,,,,,,,,,,,,,,,,,,,,,,,,,,,,,,,,,,,,,,,,,,,,,,,,,,,,,,,,,,,,,,,,,,,,,,,,,,,,,,,,,,,,,,,,,,,,,,,,,,,,,,,,,,,,,,,,
ipubkUDBQgQ_000001_000011.mp4,3,shoot dance,18.61,7.35,8.99,137,167,137,147,147,157,157,167,,,,,,,,,,,,,,,,,,,,,,,,,,,,,,,,,,,,,,,,,,,,,,,,,,,,,,,,,,,,,,,,,,,,,,,,,,,,,,,,,,,,,,,,,,,,,,,,,,,,,,,,,,,,,,,,,,,,,,,,,,,,,,,,,,,,,,,,
kiUc3j-KgLM_000005_000015.mp4,6,shoot dance,28.91,0.0,2.46,0,71,0,12,12,24,24,36,36,47,47,59,59,71,,,,,,,,,,,,,,,,,,,,,,,,,,,,,,,,,,,,,,,,,,,,,,,,,,,,,,,,,,,,,,,,,,,,,,,,,,,,,,,,,,,,,,,,,,,,,,,,,,,,,,,,,,,,,,,,,,,,,,,,,,,,,,,,,,
kiUc3j-KgLM_000005_000015.mp4,3,shoot dance,28.91,6.88,8.13,199,235,199,211,211,223,223,235,,,,,,,,,,,,,,,,,,,,,,,,,,,,,,,,,,,,,,,,,,,,,,,,,,,,,,,,,,,,,,,,,,,,,,,,,,,,,,,,,,,,,,,,,,,,,,,,,,,,,,,,,,,,,,,,,,,,,,,,,,,,,,,,,,,,,,,,
kiUc3j-KgLM_000005_000015.mp4,2,shoot dance,28.91,8.65,9.93,250,287,250,268,268,287,,,,,,,,,,,,,,,,,,,,,,,,,,,,,,,,,,,,,,,,,,,,,,,,,,,,,,,,,,,,,,,,,,,,,,,,,,,,,,,,,,,,,,,,,,,,,,,,,,,,,,,,,,,,,,,,,,,,,,,,,,,,,,,,,,,,,,,,,,
kqVPbj2_8qE_000002_000012.mp4,19,shoot dance,29.9,0.0,7.79,0,233,0,12,12,25,25,37,37,49,49,61,61,74,74,86,86,98,98,110,110,123,123,135,135,147,147,159,159,172,172,184,184,196,196,208,208,221,221,233,,,,,,,,,,,,,,,,,,,,,,,,,,,,,,,,,,,,,,,,,,,,,,,,,,,,,,,,,,,,,,,,,,,,,,,,,,,,,,,,,,,,,,,,,,,,,,,,,,,,,,,,
lMDOyb48YTY_000004_000014.mp4,7,shoot dance,29.92,6.82,9.96,204,298,204,217,217,231,231,244,244,258,258,271,271,285,285,298,,,,,,,,,,,,,,,,,,,,,,,,,,,,,,,,,,,,,,,,,,,,,,,,,,,,,,,,,,,,,,,,,,,,,,,,,,,,,,,,,,,,,,,,,,,,,,,,,,,,,,,,,,,,,,,,,,,,,,,,,,,,,,,,
licCV5EHmFk_000000_000010.mp4,3,shoot dance,30.0,2.73,4.3,82,129,82,98,98,113,113,129,,,,,,,,,,,,,,,,,,,,,,,,,,,,,,,,,,,,,,,,,,,,,,,,,,,,,,,,,,,,,,,,,,,,,,,,,,,,,,,,,,,,,,,,,,,,,,,,,,,,,,,,,,,,,,,,,,,,,,,,,,,,,,,,,,,,,,,,
l8JsTnq6LN0_000012_000022.mp4,20,shoot dance,30.0,0.0,9.6,0,288,0,14,14,29,29,43,43,58,58,72,72,86,86,101,101,115,115,130,130,144,144,158,158,173,173,187,187,202,202,216,216,230,230,245,245,259,259,274,274,288,,,,,,,,,,,,,,,,,,,,,,,,,,,,,,,,,,,,,,,,,,,,,,,,,,,,,,,,,,,,,,,,,,,,,,,,,,,,,,,,,,,,,,,,,,,,,,,,,,,,,,
mQOlyNA4Nhw_000000_000010.mp4,4,shoot dance,30.0,2.37,4.2,71,126,71,85,85,99,99,112,112,126,,,,,,,,,,,,,,,,,,,,,,,,,,,,,,,,,,,,,,,,,,,,,,,,,,,,,,,,,,,,,,,,,,,,,,,,,,,,,,,,,,,,,,,,,,,,,,,,,,,,,,,,,,,,,,,,,,,,,,,,,,,,,,,,,,,,,,
mQOlyNA4Nhw_000000_000010.mp4,3,shoot dance,30.0,6.1,7.97,183,239,183,202,202,220,220,239,,,,,,,,,,,,,,,,,,,,,,,,,,,,,,,,,,,,,,,,,,,,,,,,,,,,,,,,,,,,,,,,,,,,,,,,,,,,,,,,,,,,,,,,,,,,,,,,,,,,,,,,,,,,,,,,,,,,,,,,,,,,,,,,,,,,,,,,
mzyfqNePrls_000044_000054.mp4,3,shoot dance,30.0,0.0,1.3,0,39,0,13,13,26,26,39,,,,,,,,,,,,,,,,,,,,,,,,,,,,,,,,,,,,,,,,,,,,,,,,,,,,,,,,,,,,,,,,,,,,,,,,,,,,,,,,,,,,,,,,,,,,,,,,,,,,,,,,,,,,,,,,,,,,,,,,,,,,,,,,,,,,,,,,
mzyfqNePrls_000044_000054.mp4,12,shoot dance,30.0,4.8,10.0,144,300,144,157,157,170,170,183,183,196,196,209,209,222,222,235,235,248,248,261,261,274,274,287,287,300,,,,,,,,,,,,,,,,,,,,,,,,,,,,,,,,,,,,,,,,,,,,,,,,,,,,,,,,,,,,,,,,,,,,,,,,,,,,,,,,,,,,,,,,,,,,,,,,,,,,,,,,,,,,,,,,,,,,,,
ni9H_cyCUg8_000010_000020.mp4,6,shoot dance,30.0,0.0,3.67,0,110,0,18,18,37,37,55,55,73,73,92,92,110,,,,,,,,,,,,,,,,,,,,,,,,,,,,,,,,,,,,,,,,,,,,,,,,,,,,,,,,,,,,,,,,,,,,,,,,,,,,,,,,,,,,,,,,,,,,,,,,,,,,,,,,,,,,,,,,,,,,,,,,,,,,,,,,,,
ni9H_cyCUg8_000010_000020.mp4,4,shoot dance,30.0,4.03,5.97,121,179,121,135,135,150,150,165,165,179,,,,,,,,,,,,,,,,,,,,,,,,,,,,,,,,,,,,,,,,,,,,,,,,,,,,,,,,,,,,,,,,,,,,,,,,,,,,,,,,,,,,,,,,,,,,,,,,,,,,,,,,,,,,,,,,,,,,,,,,,,,,,,,,,,,,,,
ni9H_cyCUg8_000010_000020.mp4,3,shoot dance,30.0,6.52,8.22,196,247,196,213,213,230,230,247,,,,,,,,,,,,,,,,,,,,,,,,,,,,,,,,,,,,,,,,,,,,,,,,,,,,,,,,,,,,,,,,,,,,,,,,,,,,,,,,,,,,,,,,,,,,,,,,,,,,,,,,,,,,,,,,,,,,,,,,,,,,,,,,,,,,,,,,
ni9H_cyCUg8_000010_000020.mp4,3,shoot dance,30.0,8.78,10.0,263,300,263,275,275,288,288,300,,,,,,,,,,,,,,,,,,,,,,,,,,,,,,,,,,,,,,,,,,,,,,,,,,,,,,,,,,,,,,,,,,,,,,,,,,,,,,,,,,,,,,,,,,,,,,,,,,,,,,,,,,,,,,,,,,,,,,,,,,,,,,,,,,,,,,,,
ntIfQsRw5Cg_000005_000015.mp4,20,shoot dance,30.0,1.2,9.98,36,299,36,49,49,62,62,75,75,89,89,102,102,115,115,128,128,141,141,154,154,168,168,181,181,194,194,207,207,220,220,233,233,246,246,260,260,273,273,286,286,299,,,,,,,,,,,,,,,,,,,,,,,,,,,,,,,,,,,,,,,,,,,,,,,,,,,,,,,,,,,,,,,,,,,,,,,,,,,,,,,,,,,,,,,,,,,,,,,,,,,,,,
pASXwofgLd0_000010_000020.mp4,6,shoot dance,23.98,3.13,6.51,75,156,75,89,89,102,102,115,115,129,129,143,143,156,,,,,,,,,,,,,,,,,,,,,,,,,,,,,,,,,,,,,,,,,,,,,,,,,,,,,,,,,,,,,,,,,,,,,,,,,,,,,,,,,,,,,,,,,,,,,,,,,,,,,,,,,,,,,,,,,,,,,,,,,,,,,,,,,,
pMPHvGsO3jA_000070_000080.mp4,9,shoot dance,29.97,0.0,4.6,0,138,0,15,15,31,31,46,46,61,61,77,77,92,92,107,107,123,123,138,,,,,,,,,,,,,,,,,,,,,,,,,,,,,,,,,,,,,,,,,,,,,,,,,,,,,,,,,,,,,,,,,,,,,,,,,,,,,,,,,,,,,,,,,,,,,,,,,,,,,,,,,,,,,,,,,,,,,,,,,,,,
pMPHvGsO3jA_000070_000080.mp4,5,shoot dance,29.97,5.24,7.27,157,218,157,169,169,181,181,194,194,206,206,218,,,,,,,,,,,,,,,,,,,,,,,,,,,,,,,,,,,,,,,,,,,,,,,,,,,,,,,,,,,,,,,,,,,,,,,,,,,,,,,,,,,,,,,,,,,,,,,,,,,,,,,,,,,,,,,,,,,,,,,,,,,,,,,,,,,,
pMPHvGsO3jA_000070_000080.mp4,2,shoot dance,29.97,9.38,9.98,281,299,281,290,290,299,,,,,,,,,,,,,,,,,,,,,,,,,,,,,,,,,,,,,,,,,,,,,,,,,,,,,,,,,,,,,,,,,,,,,,,,,,,,,,,,,,,,,,,,,,,,,,,,,,,,,,,,,,,,,,,,,,,,,,,,,,,,,,,,,,,,,,,,,,
piwTFBLZ5Vs_000001_000011.mp4,7,shoot dance,30.0,4.7,7.5,141,225,141,153,153,165,165,177,177,189,189,201,201,213,213,225,,,,,,,,,,,,,,,,,,,,,,,,,,,,,,,,,,,,,,,,,,,,,,,,,,,,,,,,,,,,,,,,,,,,,,,,,,,,,,,,,,,,,,,,,,,,,,,,,,,,,,,,,,,,,,,,,,,,,,,,,,,,,,,,
r8AdK3sofnE_000122_000132.mp4,3,shoot dance,30.0,0.0,1.33,0,40,0,13,13,27,27,40,,,,,,,,,,,,,,,,,,,,,,,,,,,,,,,,,,,,,,,,,,,,,,,,,,,,,,,,,,,,,,,,,,,,,,,,,,,,,,,,,,,,,,,,,,,,,,,,,,,,,,,,,,,,,,,,,,,,,,,,,,,,,,,,,,,,,,,,
s7SlpT1_kpw_000066_000076.mp4,15,shoot dance,29.97,3.44,9.94,103,298,103,116,116,129,129,142,142,155,155,168,168,181,181,194,194,207,207,220,220,233,233,246,246,259,259,272,272,285,285,298,,,,,,,,,,,,,,,,,,,,,,,,,,,,,,,,,,,,,,,,,,,,,,,,,,,,,,,,,,,,,,,,,,,,,,,,,,,,,,,,,,,,,,,,,,,,,,,,,,,,,,,,,,,,,,,,
uHvVNYTS8cI_000005_000015.mp4,5,shoot dance,30.0,0.0,2.8,0,84,0,17,17,34,34,50,50,67,67,84,,,,,,,,,,,,,,,,,,,,,,,,,,,,,,,,,,,,,,,,,,,,,,,,,,,,,,,,,,,,,,,,,,,,,,,,,,,,,,,,,,,,,,,,,,,,,,,,,,,,,,,,,,,,,,,,,,,,,,,,,,,,,,,,,,,,
uqJxhxYlnFc_000223_000233.mp4,2,shoot dance,24.0,0.0,0.88,0,21,0,10,10,21,,,,,,,,,,,,,,,,,,,,,,,,,,,,,,,,,,,,,,,,,,,,,,,,,,,,,,,,,,,,,,,,,,,,,,,,,,,,,,,,,,,,,,,,,,,,,,,,,,,,,,,,,,,,,,,,,,,,,,,,,,,,,,,,,,,,,,,,,,
vGHQCvV9YPI_000050_000060.mp4,11,shoot dance,24.03,0.0,8.04,0,193,0,18,18,35,35,53,53,70,70,88,88,105,105,123,123,140,140,158,158,175,175,193,,,,,,,,,,,,,,,,,,,,,,,,,,,,,,,,,,,,,,,,,,,,,,,,,,,,,,,,,,,,,,,,,,,,,,,,,,,,,,,,,,,,,,,,,,,,,,,,,,,,,,,,,,,,,,,,,,,,,,,,
vdoAwC7V46Q_000023_000033.mp4,10,shoot dance,30.0,1.13,5.67,34,170,34,48,48,61,61,75,75,88,88,102,102,116,116,129,129,143,143,156,156,170,,,,,,,,,,,,,,,,,,,,,,,,,,,,,,,,,,,,,,,,,,,,,,,,,,,,,,,,,,,,,,,,,,,,,,,,,,,,,,,,,,,,,,,,,,,,,,,,,,,,,,,,,,,,,,,,,,,,,,,,,,
vdoAwC7V46Q_000023_000033.mp4,7,shoot dance,30.0,5.83,8.93,175,268,175,188,188,202,202,215,215,228,228,241,241,255,255,268,,,,,,,,,,,,,,,,,,,,,,,,,,,,,,,,,,,,,,,,,,,,,,,,,,,,,,,,,,,,,,,,,,,,,,,,,,,,,,,,,,,,,,,,,,,,,,,,,,,,,,,,,,,,,,,,,,,,,,,,,,,,,,,,
vokWSNX1T0Y_000002_000012.mp4,11,shoot dance,29.42,0.0,4.79,0,141,0,13,13,26,26,38,38,51,51,64,64,77,77,90,90,103,103,115,115,128,128,141,,,,,,,,,,,,,,,,,,,,,,,,,,,,,,,,,,,,,,,,,,,,,,,,,,,,,,,,,,,,,,,,,,,,,,,,,,,,,,,,,,,,,,,,,,,,,,,,,,,,,,,,,,,,,,,,,,,,,,,,
wPhECKUTVrw_000000_000010.mp4,3,shoot dance,29.95,4.57,5.87,137,176,137,150,150,163,163,176,,,,,,,,,,,,,,,,,,,,,,,,,,,,,,,,,,,,,,,,,,,,,,,,,,,,,,,,,,,,,,,,,,,,,,,,,,,,,,,,,,,,,,,,,,,,,,,,,,,,,,,,,,,,,,,,,,,,,,,,,,,,,,,,,,,,,,,,
wPhECKUTVrw_000000_000010.mp4,2,shoot dance,29.95,7.24,8.41,217,252,217,235,235,252,,,,,,,,,,,,,,,,,,,,,,,,,,,,,,,,,,,,,,,,,,,,,,,,,,,,,,,,,,,,,,,,,,,,,,,,,,,,,,,,,,,,,,,,,,,,,,,,,,,,,,,,,,,,,,,,,,,,,,,,,,,,,,,,,,,,,,,,,,
w2KcpPhCqaM_000016_000026.mp4,16,shoot dance,30.0,1.1,7.87,33,236,33,46,46,58,58,71,71,84,84,96,96,109,109,122,122,135,135,147,147,160,160,173,173,185,185,198,198,211,211,223,223,236,,,,,,,,,,,,,,,,,,,,,,,,,,,,,,,,,,,,,,,,,,,,,,,,,,,,,,,,,,,,,,,,,,,,,,,,,,,,,,,,,,,,,,,,,,,,,,,,,,,,,,,,,,,,,,
xA_FKfjvWjQ_000259_000269.mp4,2,shoot dance,30.0,4.63,5.43,139,163,139,151,151,163,,,,,,,,,,,,,,,,,,,,,,,,,,,,,,,,,,,,,,,,,,,,,,,,,,,,,,,,,,,,,,,,,,,,,,,,,,,,,,,,,,,,,,,,,,,,,,,,,,,,,,,,,,,,,,,,,,,,,,,,,,,,,,,,,,,,,,,,,,
xA_FKfjvWjQ_000259_000269.mp4,3,shoot dance,30.0,6.4,7.6,192,228,192,204,204,216,216,228,,,,,,,,,,,,,,,,,,,,,,,,,,,,,,,,,,,,,,,,,,,,,,,,,,,,,,,,,,,,,,,,,,,,,,,,,,,,,,,,,,,,,,,,,,,,,,,,,,,,,,,,,,,,,,,,,,,,,,,,,,,,,,,,,,,,,,,,
ykzMA95ZSfI_000040_000050.mp4,16,shoot dance,29.95,0.93,7.95,28,238,28,41,41,54,54,67,67,80,80,94,94,107,107,120,120,133,133,146,146,159,159,172,172,186,186,199,199,212,212,225,225,238,,,,,,,,,,,,,,,,,,,,,,,,,,,,,,,,,,,,,,,,,,,,,,,,,,,,,,,,,,,,,,,,,,,,,,,,,,,,,,,,,,,,,,,,,,,,,,,,,,,,,,,,,,,,,,
ykzMA95ZSfI_000040_000050.mp4,2,shoot dance,29.95,9.01,9.95,270,298,270,284,284,298,,,,,,,,,,,,,,,,,,,,,,,,,,,,,,,,,,,,,,,,,,,,,,,,,,,,,,,,,,,,,,,,,,,,,,,,,,,,,,,,,,,,,,,,,,,,,,,,,,,,,,,,,,,,,,,,,,,,,,,,,,,,,,,,,,,,,,,,,,
y1psOtPhcBU_000013_000023.mp4,21,shoot dance,30.0,0.0,8.37,0,251,0,12,12,24,24,36,36,48,48,60,60,72,72,84,84,96,96,108,108,120,120,131,131,143,143,155,155,167,167,179,179,191,191,203,203,215,215,227,227,239,239,251,,,,,,,,,,,,,,,,,,,,,,,,,,,,,,,,,,,,,,,,,,,,,,,,,,,,,,,,,,,,,,,,,,,,,,,,,,,,,,,,,,,,,,,,,,,,,,,,,,,,
zdoFgRam78o_000000_000010.mp4,3,shoot dance,29.89,5.22,6.46,156,193,156,168,168,181,181,193,,,,,,,,,,,,,,,,,,,,,,,,,,,,,,,,,,,,,,,,,,,,,,,,,,,,,,,,,,,,,,,,,,,,,,,,,,,,,,,,,,,,,,,,,,,,,,,,,,,,,,,,,,,,,,,,,,,,,,,,,,,,,,,,,,,,,,,,
AKqfjLSVcyA_000167_000177.mp4,2,situp,29.97,0.0,5.11,0,153,0,76,76,153,,,,,,,,,,,,,,,,,,,,,,,,,,,,,,,,,,,,,,,,,,,,,,,,,,,,,,,,,,,,,,,,,,,,,,,,,,,,,,,,,,,,,,,,,,,,,,,,,,,,,,,,,,,,,,,,,,,,,,,,,,,,,,,,,,,,,,,,,,
Ak7kzAqsux8_000301_000311.mp4,4,situp,15.0,0.47,5.07,7,76,7,24,24,41,41,59,59,76,,,,,,,,,,,,,,,,,,,,,,,,,,,,,,,,,,,,,,,,,,,,,,,,,,,,,,,,,,,,,,,,,,,,,,,,,,,,,,,,,,,,,,,,,,,,,,,,,,,,,,,,,,,,,,,,,,,,,,,,,,,,,,,,,,,,,,
Ak7kzAqsux8_000301_000311.mp4,2,situp,15.0,6.23,9.5,93,142,93,117,117,142,,,,,,,,,,,,,,,,,,,,,,,,,,,,,,,,,,,,,,,,,,,,,,,,,,,,,,,,,,,,,,,,,,,,,,,,,,,,,,,,,,,,,,,,,,,,,,,,,,,,,,,,,,,,,,,,,,,,,,,,,,,,,,,,,,,,,,,,,,
BnZg4ep_jCQ_000016_000026.mp4,2,situp,14.81,0.0,9.91,0,147,0,74,74,147,,,,,,,,,,,,,,,,,,,,,,,,,,,,,,,,,,,,,,,,,,,,,,,,,,,,,,,,,,,,,,,,,,,,,,,,,,,,,,,,,,,,,,,,,,,,,,,,,,,,,,,,,,,,,,,,,,,,,,,,,,,,,,,,,,,,,,,,,,
CEJ2xw0JIzA_000043_000053.mp4,2,situp,29.97,0.0,9.28,0,278,0,139,139,278,,,,,,,,,,,,,,,,,,,,,,,,,,,,,,,,,,,,,,,,,,,,,,,,,,,,,,,,,,,,,,,,,,,,,,,,,,,,,,,,,,,,,,,,,,,,,,,,,,,,,,,,,,,,,,,,,,,,,,,,,,,,,,,,,,,,,,,,,,
CFAUgks60Uk_000004_000014.mp4,2,situp,29.97,0.0,5.64,0,169,0,84,84,169,,,,,,,,,,,,,,,,,,,,,,,,,,,,,,,,,,,,,,,,,,,,,,,,,,,,,,,,,,,,,,,,,,,,,,,,,,,,,,,,,,,,,,,,,,,,,,,,,,,,,,,,,,,,,,,,,,,,,,,,,,,,,,,,,,,,,,,,,,
Caebi4zqm3M_000043_000053.mp4,5,situp,9.0,0.0,10.0,0,90,0,18,18,36,36,54,54,72,72,90,,,,,,,,,,,,,,,,,,,,,,,,,,,,,,,,,,,,,,,,,,,,,,,,,,,,,,,,,,,,,,,,,,,,,,,,,,,,,,,,,,,,,,,,,,,,,,,,,,,,,,,,,,,,,,,,,,,,,,,,,,,,,,,,,,,,
Chbr24XvaLY_000000_000010.mp4,3,situp,25.0,0.2,10.0,5,250,5,87,87,168,168,250,,,,,,,,,,,,,,,,,,,,,,,,,,,,,,,,,,,,,,,,,,,,,,,,,,,,,,,,,,,,,,,,,,,,,,,,,,,,,,,,,,,,,,,,,,,,,,,,,,,,,,,,,,,,,,,,,,,,,,,,,,,,,,,,,,,,,,,,
Cr0pR8QtiyU_000002_000012.mp4,2,situp,29.97,0.0,9.98,0,299,0,150,150,299,,,,,,,,,,,,,,,,,,,,,,,,,,,,,,,,,,,,,,,,,,,,,,,,,,,,,,,,,,,,,,,,,,,,,,,,,,,,,,,,,,,,,,,,,,,,,,,,,,,,,,,,,,,,,,,,,,,,,,,,,,,,,,,,,,,,,,,,,,
C1MU1YPGMCo_000003_000013.mp4,3,situp,29.97,0.0,4.7,0,141,0,47,47,94,94,141,,,,,,,,,,,,,,,,,,,,,,,,,,,,,,,,,,,,,,,,,,,,,,,,,,,,,,,,,,,,,,,,,,,,,,,,,,,,,,,,,,,,,,,,,,,,,,,,,,,,,,,,,,,,,,,,,,,,,,,,,,,,,,,,,,,,,,,,
DcuQTFggX7w_000002_000012.mp4,2,situp,29.97,0.0,7.11,0,213,0,106,106,213,,,,,,,,,,,,,,,,,,,,,,,,,,,,,,,,,,,,,,,,,,,,,,,,,,,,,,,,,,,,,,,,,,,,,,,,,,,,,,,,,,,,,,,,,,,,,,,,,,,,,,,,,,,,,,,,,,,,,,,,,,,,,,,,,,,,,,,,,,
D0OkEB-9Q20_000016_000026.mp4,2,situp,13.73,1.07,9.93,15,136,15,75,75,136,,,,,,,,,,,,,,,,,,,,,,,,,,,,,,,,,,,,,,,,,,,,,,,,,,,,,,,,,,,,,,,,,,,,,,,,,,,,,,,,,,,,,,,,,,,,,,,,,,,,,,,,,,,,,,,,,,,,,,,,,,,,,,,,,,,,,,,,,,
D6qsoGKFBLc_000000_000010.mp4,3,situp,25.0,3.28,9.12,82,228,82,131,131,179,179,228,,,,,,,,,,,,,,,,,,,,,,,,,,,,,,,,,,,,,,,,,,,,,,,,,,,,,,,,,,,,,,,,,,,,,,,,,,,,,,,,,,,,,,,,,,,,,,,,,,,,,,,,,,,,,,,,,,,,,,,,,,,,,,,,,,,,,,,,
D81bPB9uNE4_000005_000015.mp4,2,situp,29.97,0.55,9.68,16,290,16,153,153,290,,,,,,,,,,,,,,,,,,,,,,,,,,,,,,,,,,,,,,,,,,,,,,,,,,,,,,,,,,,,,,,,,,,,,,,,,,,,,,,,,,,,,,,,,,,,,,,,,,,,,,,,,,,,,,,,,,,,,,,,,,,,,,,,,,,,,,,,,,
D--Fa71ta14_000083_000093.mp4,4,situp,29.97,0.0,10.0,0,300,0,75,75,150,150,225,225,300,,,,,,,,,,,,,,,,,,,,,,,,,,,,,,,,,,,,,,,,,,,,,,,,,,,,,,,,,,,,,,,,,,,,,,,,,,,,,,,,,,,,,,,,,,,,,,,,,,,,,,,,,,,,,,,,,,,,,,,,,,,,,,,,,,,,,,
FJ6e_GUk7yU_000000_000010.mp4,4,situp,29.97,3.04,9.98,91,299,91,143,143,195,195,247,247,299,,,,,,,,,,,,,,,,,,,,,,,,,,,,,,,,,,,,,,,,,,,,,,,,,,,,,,,,,,,,,,,,,,,,,,,,,,,,,,,,,,,,,,,,,,,,,,,,,,,,,,,,,,,,,,,,,,,,,,,,,,,,,,,,,,,,,,
GfkjdaxsFo0_000005_000015.mp4,5,situp,29.97,0.0,9.98,0,299,0,60,60,120,120,179,179,239,239,299,,,,,,,,,,,,,,,,,,,,,,,,,,,,,,,,,,,,,,,,,,,,,,,,,,,,,,,,,,,,,,,,,,,,,,,,,,,,,,,,,,,,,,,,,,,,,,,,,,,,,,,,,,,,,,,,,,,,,,,,,,,,,,,,,,,,
G4A4EqFCfvg_000002_000012.mp4,4,situp,25.0,0.0,10.0,0,250,0,62,62,125,125,188,188,250,,,,,,,,,,,,,,,,,,,,,,,,,,,,,,,,,,,,,,,,,,,,,,,,,,,,,,,,,,,,,,,,,,,,,,,,,,,,,,,,,,,,,,,,,,,,,,,,,,,,,,,,,,,,,,,,,,,,,,,,,,,,,,,,,,,,,,
HbjMqcg3W0c_000000_000010.mp4,2,situp,30.0,4.12,10.0,124,300,124,212,212,300,,,,,,,,,,,,,,,,,,,,,,,,,,,,,,,,,,,,,,,,,,,,,,,,,,,,,,,,,,,,,,,,,,,,,,,,,,,,,,,,,,,,,,,,,,,,,,,,,,,,,,,,,,,,,,,,,,,,,,,,,,,,,,,,,,,,,,,,,,
IOxZMj62_MM_000046_000056.mp4,4,situp,28.17,0.0,9.95,0,280,0,70,70,140,140,210,210,280,,,,,,,,,,,,,,,,,,,,,,,,,,,,,,,,,,,,,,,,,,,,,,,,,,,,,,,,,,,,,,,,,,,,,,,,,,,,,,,,,,,,,,,,,,,,,,,,,,,,,,,,,,,,,,,,,,,,,,,,,,,,,,,,,,,,,,
JV3gDDL_Jsk_000003_000013.mp4,4,situp,29.97,1.37,9.98,41,299,41,105,105,170,170,235,235,299,,,,,,,,,,,,,,,,,,,,,,,,,,,,,,,,,,,,,,,,,,,,,,,,,,,,,,,,,,,,,,,,,,,,,,,,,,,,,,,,,,,,,,,,,,,,,,,,,,,,,,,,,,,,,,,,,,,,,,,,,,,,,,,,,,,,,,
KXABd5PdqXA_000002_000012.mp4,4,situp,30.0,0.0,10.0,0,300,0,75,75,150,150,225,225,300,,,,,,,,,,,,,,,,,,,,,,,,,,,,,,,,,,,,,,,,,,,,,,,,,,,,,,,,,,,,,,,,,,,,,,,,,,,,,,,,,,,,,,,,,,,,,,,,,,,,,,,,,,,,,,,,,,,,,,,,,,,,,,,,,,,,,,
LEJJVj8Fc1M_000000_000010.mp4,3,situp,30.0,2.47,9.03,74,271,74,140,140,205,205,271,,,,,,,,,,,,,,,,,,,,,,,,,,,,,,,,,,,,,,,,,,,,,,,,,,,,,,,,,,,,,,,,,,,,,,,,,,,,,,,,,,,,,,,,,,,,,,,,,,,,,,,,,,,,,,,,,,,,,,,,,,,,,,,,,,,,,,,,
N7F3yyEYfyI_000016_000026.mp4,2,situp,25.0,0.0,10.0,0,250,0,125,125,250,,,,,,,,,,,,,,,,,,,,,,,,,,,,,,,,,,,,,,,,,,,,,,,,,,,,,,,,,,,,,,,,,,,,,,,,,,,,,,,,,,,,,,,,,,,,,,,,,,,,,,,,,,,,,,,,,,,,,,,,,,,,,,,,,,,,,,,,,,
OpIYD5M5AKU_000008_000018.mp4,2,situp,29.97,0.0,9.58,0,287,0,144,144,287,,,,,,,,,,,,,,,,,,,,,,,,,,,,,,,,,,,,,,,,,,,,,,,,,,,,,,,,,,,,,,,,,,,,,,,,,,,,,,,,,,,,,,,,,,,,,,,,,,,,,,,,,,,,,,,,,,,,,,,,,,,,,,,,,,,,,,,,,,
O3lkN99vPRY_000027_000037.mp4,4,situp,30.0,2.13,10.0,64,300,64,123,123,182,182,241,241,300,,,,,,,,,,,,,,,,,,,,,,,,,,,,,,,,,,,,,,,,,,,,,,,,,,,,,,,,,,,,,,,,,,,,,,,,,,,,,,,,,,,,,,,,,,,,,,,,,,,,,,,,,,,,,,,,,,,,,,,,,,,,,,,,,,,,,,
Qf10VMC2urc_000053_000063.mp4,7,situp,30.0,0.0,10.0,0,300,0,43,43,86,86,129,129,171,171,214,214,257,257,300,,,,,,,,,,,,,,,,,,,,,,,,,,,,,,,,,,,,,,,,,,,,,,,,,,,,,,,,,,,,,,,,,,,,,,,,,,,,,,,,,,,,,,,,,,,,,,,,,,,,,,,,,,,,,,,,,,,,,,,,,,,,,,,,
TAfiVPo1vg8_000018_000028.mp4,5,situp,25.0,0.0,10.0,0,250,0,50,50,100,100,150,150,200,200,250,,,,,,,,,,,,,,,,,,,,,,,,,,,,,,,,,,,,,,,,,,,,,,,,,,,,,,,,,,,,,,,,,,,,,,,,,,,,,,,,,,,,,,,,,,,,,,,,,,,,,,,,,,,,,,,,,,,,,,,,,,,,,,,,,,,,
TQ7uQxFwVow_000005_000015.mp4,4,situp,29.0,0.0,7.93,0,230,0,58,58,115,115,172,172,230,,,,,,,,,,,,,,,,,,,,,,,,,,,,,,,,,,,,,,,,,,,,,,,,,,,,,,,,,,,,,,,,,,,,,,,,,,,,,,,,,,,,,,,,,,,,,,,,,,,,,,,,,,,,,,,,,,,,,,,,,,,,,,,,,,,,,,
UCYYQKaYwPg_000000_000010.mp4,2,situp,29.97,2.57,10.0,77,300,77,189,189,300,,,,,,,,,,,,,,,,,,,,,,,,,,,,,,,,,,,,,,,,,,,,,,,,,,,,,,,,,,,,,,,,,,,,,,,,,,,,,,,,,,,,,,,,,,,,,,,,,,,,,,,,,,,,,,,,,,,,,,,,,,,,,,,,,,,,,,,,,,
W8nFy14i4-4_000001_000011.mp4,4,situp,29.97,0.0,9.98,0,299,0,75,75,150,150,224,224,299,,,,,,,,,,,,,,,,,,,,,,,,,,,,,,,,,,,,,,,,,,,,,,,,,,,,,,,,,,,,,,,,,,,,,,,,,,,,,,,,,,,,,,,,,,,,,,,,,,,,,,,,,,,,,,,,,,,,,,,,,,,,,,,,,,,,,,
aJTF-3Gno6g_000006_000016.mp4,2,situp,29.92,0.0,9.99,0,299,0,150,150,299,,,,,,,,,,,,,,,,,,,,,,,,,,,,,,,,,,,,,,,,,,,,,,,,,,,,,,,,,,,,,,,,,,,,,,,,,,,,,,,,,,,,,,,,,,,,,,,,,,,,,,,,,,,,,,,,,,,,,,,,,,,,,,,,,,,,,,,,,,
bdYIqiUIwoI_000005_000015.mp4,2,situp,25.0,0.0,7.64,0,191,0,96,96,191,,,,,,,,,,,,,,,,,,,,,,,,,,,,,,,,,,,,,,,,,,,,,,,,,,,,,,,,,,,,,,,,,,,,,,,,,,,,,,,,,,,,,,,,,,,,,,,,,,,,,,,,,,,,,,,,,,,,,,,,,,,,,,,,,,,,,,,,,,
b3N5X088cRk_000044_000054.mp4,4,situp,25.0,3.04,10.0,76,250,76,120,120,163,163,206,206,250,,,,,,,,,,,,,,,,,,,,,,,,,,,,,,,,,,,,,,,,,,,,,,,,,,,,,,,,,,,,,,,,,,,,,,,,,,,,,,,,,,,,,,,,,,,,,,,,,,,,,,,,,,,,,,,,,,,,,,,,,,,,,,,,,,,,,,
b59v3QqAU50_000017_000027.mp4,2,situp,29.97,3.77,9.98,113,299,113,206,206,299,,,,,,,,,,,,,,,,,,,,,,,,,,,,,,,,,,,,,,,,,,,,,,,,,,,,,,,,,,,,,,,,,,,,,,,,,,,,,,,,,,,,,,,,,,,,,,,,,,,,,,,,,,,,,,,,,,,,,,,,,,,,,,,,,,,,,,,,,,
c2ovcn-VOyI_000032_000042.mp4,5,situp,29.97,2.7,9.94,81,298,81,124,124,168,168,211,211,255,255,298,,,,,,,,,,,,,,,,,,,,,,,,,,,,,,,,,,,,,,,,,,,,,,,,,,,,,,,,,,,,,,,,,,,,,,,,,,,,,,,,,,,,,,,,,,,,,,,,,,,,,,,,,,,,,,,,,,,,,,,,,,,,,,,,,,,,
c2ovcn-VOyI_000032_000042.mp4,2,situp,29.97,0.0,2.1,0,63,0,32,32,63,,,,,,,,,,,,,,,,,,,,,,,,,,,,,,,,,,,,,,,,,,,,,,,,,,,,,,,,,,,,,,,,,,,,,,,,,,,,,,,,,,,,,,,,,,,,,,,,,,,,,,,,,,,,,,,,,,,,,,,,,,,,,,,,,,,,,,,,,,
ddMbLgrIrDs_000018_000028.mp4,3,situp,30.0,0.0,10.0,0,300,0,100,100,200,200,300,,,,,,,,,,,,,,,,,,,,,,,,,,,,,,,,,,,,,,,,,,,,,,,,,,,,,,,,,,,,,,,,,,,,,,,,,,,,,,,,,,,,,,,,,,,,,,,,,,,,,,,,,,,,,,,,,,,,,,,,,,,,,,,,,,,,,,,,
diTMC-9r7oA_000076_000086.mp4,3,situp,29.97,0.0,6.41,0,192,0,64,64,128,128,192,,,,,,,,,,,,,,,,,,,,,,,,,,,,,,,,,,,,,,,,,,,,,,,,,,,,,,,,,,,,,,,,,,,,,,,,,,,,,,,,,,,,,,,,,,,,,,,,,,,,,,,,,,,,,,,,,,,,,,,,,,,,,,,,,,,,,,,,
djaGCdIqCS8_000000_000010.mp4,5,situp,23.58,0.0,9.96,0,235,0,47,47,94,94,141,141,188,188,235,,,,,,,,,,,,,,,,,,,,,,,,,,,,,,,,,,,,,,,,,,,,,,,,,,,,,,,,,,,,,,,,,,,,,,,,,,,,,,,,,,,,,,,,,,,,,,,,,,,,,,,,,,,,,,,,,,,,,,,,,,,,,,,,,,,,
edH0Ao4VYpE_000000_000010.mp4,3,situp,29.97,3.7,9.98,111,299,111,174,174,236,236,299,,,,,,,,,,,,,,,,,,,,,,,,,,,,,,,,,,,,,,,,,,,,,,,,,,,,,,,,,,,,,,,,,,,,,,,,,,,,,,,,,,,,,,,,,,,,,,,,,,,,,,,,,,,,,,,,,,,,,,,,,,,,,,,,,,,,,,,,
fABvhbHyEMk_000153_000163.mp4,4,situp,30.0,3.3,10.0,99,300,99,149,149,199,199,250,250,300,,,,,,,,,,,,,,,,,,,,,,,,,,,,,,,,,,,,,,,,,,,,,,,,,,,,,,,,,,,,,,,,,,,,,,,,,,,,,,,,,,,,,,,,,,,,,,,,,,,,,,,,,,,,,,,,,,,,,,,,,,,,,,,,,,,,,,
gE0UJ9s9m1s_000148_000158.mp4,4,situp,30.0,0.27,10.0,8,300,8,81,81,154,154,227,227,300,,,,,,,,,,,,,,,,,,,,,,,,,,,,,,,,,,,,,,,,,,,,,,,,,,,,,,,,,,,,,,,,,,,,,,,,,,,,,,,,,,,,,,,,,,,,,,,,,,,,,,,,,,,,,,,,,,,,,,,,,,,,,,,,,,,,,,
gvJCQSs9aCE_000006_000016.mp4,2,situp,30.0,0.42,4.3,13,129,13,71,71,129,,,,,,,,,,,,,,,,,,,,,,,,,,,,,,,,,,,,,,,,,,,,,,,,,,,,,,,,,,,,,,,,,,,,,,,,,,,,,,,,,,,,,,,,,,,,,,,,,,,,,,,,,,,,,,,,,,,,,,,,,,,,,,,,,,,,,,,,,,
h1XE5yd_0EI_000004_000014.mp4,4,situp,30.0,0.0,9.73,0,292,0,73,73,146,146,219,219,292,,,,,,,,,,,,,,,,,,,,,,,,,,,,,,,,,,,,,,,,,,,,,,,,,,,,,,,,,,,,,,,,,,,,,,,,,,,,,,,,,,,,,,,,,,,,,,,,,,,,,,,,,,,,,,,,,,,,,,,,,,,,,,,,,,,,,,
h9nFdMkx4-0_000056_000066.mp4,3,situp,29.97,0.0,5.21,0,156,0,52,52,104,104,156,,,,,,,,,,,,,,,,,,,,,,,,,,,,,,,,,,,,,,,,,,,,,,,,,,,,,,,,,,,,,,,,,,,,,,,,,,,,,,,,,,,,,,,,,,,,,,,,,,,,,,,,,,,,,,,,,,,,,,,,,,,,,,,,,,,,,,,,
h_HmJ7f7C1I_000012_000022.mp4,15,situp,25.0,0.0,10.0,0,250,0,17,17,33,33,50,50,67,67,83,83,100,100,117,117,133,133,150,150,167,167,183,183,200,200,217,217,233,233,250,,,,,,,,,,,,,,,,,,,,,,,,,,,,,,,,,,,,,,,,,,,,,,,,,,,,,,,,,,,,,,,,,,,,,,,,,,,,,,,,,,,,,,,,,,,,,,,,,,,,,,,,,,,,,,,,
kHwmtbitWSI_000001_000011.mp4,3,situp,25.0,0.0,8.44,0,211,0,70,70,141,141,211,,,,,,,,,,,,,,,,,,,,,,,,,,,,,,,,,,,,,,,,,,,,,,,,,,,,,,,,,,,,,,,,,,,,,,,,,,,,,,,,,,,,,,,,,,,,,,,,,,,,,,,,,,,,,,,,,,,,,,,,,,,,,,,,,,,,,,,,
kgPJIPON9S8_000005_000015.mp4,6,situp,29.0,0.97,8.0,28,232,28,62,62,96,96,130,130,164,164,198,198,232,,,,,,,,,,,,,,,,,,,,,,,,,,,,,,,,,,,,,,,,,,,,,,,,,,,,,,,,,,,,,,,,,,,,,,,,,,,,,,,,,,,,,,,,,,,,,,,,,,,,,,,,,,,,,,,,,,,,,,,,,,,,,,,,,,
kw01d1Zikhs_000001_000011.mp4,3,situp,30.0,3.03,10.0,91,300,91,161,161,230,230,300,,,,,,,,,,,,,,,,,,,,,,,,,,,,,,,,,,,,,,,,,,,,,,,,,,,,,,,,,,,,,,,,,,,,,,,,,,,,,,,,,,,,,,,,,,,,,,,,,,,,,,,,,,,,,,,,,,,,,,,,,,,,,,,,,,,,,,,,
k-IuBh4FKac_000002_000012.mp4,3,situp,30.0,0.0,8.57,0,257,0,86,86,171,171,257,,,,,,,,,,,,,,,,,,,,,,,,,,,,,,,,,,,,,,,,,,,,,,,,,,,,,,,,,,,,,,,,,,,,,,,,,,,,,,,,,,,,,,,,,,,,,,,,,,,,,,,,,,,,,,,,,,,,,,,,,,,,,,,,,,,,,,,,
l2NSwZi6LBA_000003_000013.mp4,2,situp,29.97,0.0,6.17,0,185,0,92,92,185,,,,,,,,,,,,,,,,,,,,,,,,,,,,,,,,,,,,,,,,,,,,,,,,,,,,,,,,,,,,,,,,,,,,,,,,,,,,,,,,,,,,,,,,,,,,,,,,,,,,,,,,,,,,,,,,,,,,,,,,,,,,,,,,,,,,,,,,,,
mF6H2s2cdKo_000010_000020.mp4,4,situp,29.97,0.0,9.98,0,299,0,75,75,150,150,224,224,299,,,,,,,,,,,,,,,,,,,,,,,,,,,,,,,,,,,,,,,,,,,,,,,,,,,,,,,,,,,,,,,,,,,,,,,,,,,,,,,,,,,,,,,,,,,,,,,,,,,,,,,,,,,,,,,,,,,,,,,,,,,,,,,,,,,,,,
nhRlRc2KulU_000000_000010.mp4,2,situp,30.0,5.3,10.0,159,300,159,229,229,300,,,,,,,,,,,,,,,,,,,,,,,,,,,,,,,,,,,,,,,,,,,,,,,,,,,,,,,,,,,,,,,,,,,,,,,,,,,,,,,,,,,,,,,,,,,,,,,,,,,,,,,,,,,,,,,,,,,,,,,,,,,,,,,,,,,,,,,,,,
oE1nmdIIwTE_000007_000017.mp4,3,situp,30.0,0.0,3.85,0,116,0,39,39,77,77,116,,,,,,,,,,,,,,,,,,,,,,,,,,,,,,,,,,,,,,,,,,,,,,,,,,,,,,,,,,,,,,,,,,,,,,,,,,,,,,,,,,,,,,,,,,,,,,,,,,,,,,,,,,,,,,,,,,,,,,,,,,,,,,,,,,,,,,,,
oE1nmdIIwTE_000007_000017.mp4,4,situp,30.0,4.57,9.4,137,282,137,173,173,209,209,246,246,282,,,,,,,,,,,,,,,,,,,,,,,,,,,,,,,,,,,,,,,,,,,,,,,,,,,,,,,,,,,,,,,,,,,,,,,,,,,,,,,,,,,,,,,,,,,,,,,,,,,,,,,,,,,,,,,,,,,,,,,,,,,,,,,,,,,,,,
paEV_gky9Fo_000072_000082.mp4,2,situp,29.92,0.0,2.66,0,80,0,40,40,80,,,,,,,,,,,,,,,,,,,,,,,,,,,,,,,,,,,,,,,,,,,,,,,,,,,,,,,,,,,,,,,,,,,,,,,,,,,,,,,,,,,,,,,,,,,,,,,,,,,,,,,,,,,,,,,,,,,,,,,,,,,,,,,,,,,,,,,,,,
paEV_gky9Fo_000072_000082.mp4,2,situp,29.92,6.22,9.64,186,288,186,237,237,288,,,,,,,,,,,,,,,,,,,,,,,,,,,,,,,,,,,,,,,,,,,,,,,,,,,,,,,,,,,,,,,,,,,,,,,,,,,,,,,,,,,,,,,,,,,,,,,,,,,,,,,,,,,,,,,,,,,,,,,,,,,,,,,,,,,,,,,,,,
p3hQfrdXDT4_000000_000010.mp4,4,situp,30.0,0.0,7.7,0,231,0,58,58,116,116,173,173,231,,,,,,,,,,,,,,,,,,,,,,,,,,,,,,,,,,,,,,,,,,,,,,,,,,,,,,,,,,,,,,,,,,,,,,,,,,,,,,,,,,,,,,,,,,,,,,,,,,,,,,,,,,,,,,,,,,,,,,,,,,,,,,,,,,,,,,
q0bQropuof0_000005_000015.mp4,6,situp,30.0,2.1,7.93,63,238,63,92,92,121,121,151,151,180,180,209,209,238,,,,,,,,,,,,,,,,,,,,,,,,,,,,,,,,,,,,,,,,,,,,,,,,,,,,,,,,,,,,,,,,,,,,,,,,,,,,,,,,,,,,,,,,,,,,,,,,,,,,,,,,,,,,,,,,,,,,,,,,,,,,,,,,,,
sHoNAYAJo5c_000010_000020.mp4,3,situp,30.0,0.5,8.37,15,251,15,94,94,172,172,251,,,,,,,,,,,,,,,,,,,,,,,,,,,,,,,,,,,,,,,,,,,,,,,,,,,,,,,,,,,,,,,,,,,,,,,,,,,,,,,,,,,,,,,,,,,,,,,,,,,,,,,,,,,,,,,,,,,,,,,,,,,,,,,,,,,,,,,,
uPk43qvZIOs_000005_000015.mp4,2,situp,14.49,4.94,9.98,72,145,72,108,108,145,,,,,,,,,,,,,,,,,,,,,,,,,,,,,,,,,,,,,,,,,,,,,,,,,,,,,,,,,,,,,,,,,,,,,,,,,,,,,,,,,,,,,,,,,,,,,,,,,,,,,,,,,,,,,,,,,,,,,,,,,,,,,,,,,,,,,,,,,,
ve7bLWbf9Qw_000014_000024.mp4,3,situp,25.0,0.0,8.88,0,222,0,74,74,148,148,222,,,,,,,,,,,,,,,,,,,,,,,,,,,,,,,,,,,,,,,,,,,,,,,,,,,,,,,,,,,,,,,,,,,,,,,,,,,,,,,,,,,,,,,,,,,,,,,,,,,,,,,,,,,,,,,,,,,,,,,,,,,,,,,,,,,,,,,,
wDEV8CftMsQ_000016_000026.mp4,3,situp,30.0,0.0,4.8,0,144,0,48,48,96,96,144,,,,,,,,,,,,,,,,,,,,,,,,,,,,,,,,,,,,,,,,,,,,,,,,,,,,,,,,,,,,,,,,,,,,,,,,,,,,,,,,,,,,,,,,,,,,,,,,,,,,,,,,,,,,,,,,,,,,,,,,,,,,,,,,,,,,,,,,
w8eLad3z-Mo_000078_000088.mp4,14,situp,29.97,0.0,10.0,0,300,0,21,21,43,43,64,64,86,86,107,107,129,129,150,150,171,171,193,193,214,214,236,236,257,257,279,279,300,,,,,,,,,,,,,,,,,,,,,,,,,,,,,,,,,,,,,,,,,,,,,,,,,,,,,,,,,,,,,,,,,,,,,,,,,,,,,,,,,,,,,,,,,,,,,,,,,,,,,,,,,,,,,,,,,,
xlq7X5RCAw4_000022_000032.mp4,3,situp,24.0,0.0,10.0,0,240,0,80,80,160,160,240,,,,,,,,,,,,,,,,,,,,,,,,,,,,,,,,,,,,,,,,,,,,,,,,,,,,,,,,,,,,,,,,,,,,,,,,,,,,,,,,,,,,,,,,,,,,,,,,,,,,,,,,,,,,,,,,,,,,,,,,,,,,,,,,,,,,,,,,
x8yh1RlPZ7o_000001_000011.mp4,7,situp,29.97,0.0,10.0,0,300,0,43,43,86,86,129,129,171,171,214,214,257,257,300,,,,,,,,,,,,,,,,,,,,,,,,,,,,,,,,,,,,,,,,,,,,,,,,,,,,,,,,,,,,,,,,,,,,,,,,,,,,,,,,,,,,,,,,,,,,,,,,,,,,,,,,,,,,,,,,,,,,,,,,,,,,,,,,
ycqLXQRsi2E_000000_000010.mp4,2,situp,29.97,1.4,9.98,42,299,42,170,170,299,,,,,,,,,,,,,,,,,,,,,,,,,,,,,,,,,,,,,,,,,,,,,,,,,,,,,,,,,,,,,,,,,,,,,,,,,,,,,,,,,,,,,,,,,,,,,,,,,,,,,,,,,,,,,,,,,,,,,,,,,,,,,,,,,,,,,,,,,,
zcjxRLtrAks_000000_000010.mp4,6,situp,29.92,0.0,9.98,0,299,0,50,50,100,100,150,150,199,199,249,249,299,,,,,,,,,,,,,,,,,,,,,,,,,,,,,,,,,,,,,,,,,,,,,,,,,,,,,,,,,,,,,,,,,,,,,,,,,,,,,,,,,,,,,,,,,,,,,,,,,,,,,,,,,,,,,,,,,,,,,,,,,,,,,,,,,,
z1Kw1hfUq6U_000031_000041.mp4,3,situp,30.0,0.0,9.77,0,293,0,98,98,195,195,293,,,,,,,,,,,,,,,,,,,,,,,,,,,,,,,,,,,,,,,,,,,,,,,,,,,,,,,,,,,,,,,,,,,,,,,,,,,,,,,,,,,,,,,,,,,,,,,,,,,,,,,,,,,,,,,,,,,,,,,,,,,,,,,,,,,,,,,,
0D9Xp8Ke_p0_000046_000056.mp4,3,situp,28.29,0.0,6.29,0,178,0,59,59,119,119,178,,,,,,,,,,,,,,,,,,,,,,,,,,,,,,,,,,,,,,,,,,,,,,,,,,,,,,,,,,,,,,,,,,,,,,,,,,,,,,,,,,,,,,,,,,,,,,,,,,,,,,,,,,,,,,,,,,,,,,,,,,,,,,,,,,,,,,,,
2GuWUPzV8c4_000010_000020.mp4,4,situp,23.98,0.0,6.15,0,147,0,37,37,74,74,110,110,147,,,,,,,,,,,,,,,,,,,,,,,,,,,,,,,,,,,,,,,,,,,,,,,,,,,,,,,,,,,,,,,,,,,,,,,,,,,,,,,,,,,,,,,,,,,,,,,,,,,,,,,,,,,,,,,,,,,,,,,,,,,,,,,,,,,,,,
217592rSS_c_000004_000014.mp4,4,situp,29.97,3.4,10.0,102,300,102,152,152,201,201,250,250,300,,,,,,,,,,,,,,,,,,,,,,,,,,,,,,,,,,,,,,,,,,,,,,,,,,,,,,,,,,,,,,,,,,,,,,,,,,,,,,,,,,,,,,,,,,,,,,,,,,,,,,,,,,,,,,,,,,,,,,,,,,,,,,,,,,,,,,
30ZxADvDeUE_000037_000047.mp4,2,situp,30.0,0.0,4.58,0,137,0,68,68,137,,,,,,,,,,,,,,,,,,,,,,,,,,,,,,,,,,,,,,,,,,,,,,,,,,,,,,,,,,,,,,,,,,,,,,,,,,,,,,,,,,,,,,,,,,,,,,,,,,,,,,,,,,,,,,,,,,,,,,,,,,,,,,,,,,,,,,,,,,
47OOxr_BG9g_000015_000025.mp4,3,situp,29.97,0.0,7.61,0,228,0,76,76,152,152,228,,,,,,,,,,,,,,,,,,,,,,,,,,,,,,,,,,,,,,,,,,,,,,,,,,,,,,,,,,,,,,,,,,,,,,,,,,,,,,,,,,,,,,,,,,,,,,,,,,,,,,,,,,,,,,,,,,,,,,,,,,,,,,,,,,,,,,,,
5LwOO7bzVpc_000053_000063.mp4,2,situp,30.0,0.0,9.03,0,271,0,136,136,271,,,,,,,,,,,,,,,,,,,,,,,,,,,,,,,,,,,,,,,,,,,,,,,,,,,,,,,,,,,,,,,,,,,,,,,,,,,,,,,,,,,,,,,,,,,,,,,,,,,,,,,,,,,,,,,,,,,,,,,,,,,,,,,,,,,,,,,,,,
7KAK8rqqhfI_000000_000010.mp4,4,situp,29.97,0.67,9.98,20,299,20,90,90,160,160,229,229,299,,,,,,,,,,,,,,,,,,,,,,,,,,,,,,,,,,,,,,,,,,,,,,,,,,,,,,,,,,,,,,,,,,,,,,,,,,,,,,,,,,,,,,,,,,,,,,,,,,,,,,,,,,,,,,,,,,,,,,,,,,,,,,,,,,,,,,
8CS5yWowWrQ_000255_000265.mp4,6,situp,30.0,0.0,10.0,0,300,0,50,50,100,100,150,150,200,200,250,250,300,,,,,,,,,,,,,,,,,,,,,,,,,,,,,,,,,,,,,,,,,,,,,,,,,,,,,,,,,,,,,,,,,,,,,,,,,,,,,,,,,,,,,,,,,,,,,,,,,,,,,,,,,,,,,,,,,,,,,,,,,,,,,,,,,,
9DC0lhuIros_000009_000019.mp4,3,situp,9.83,0.0,5.0,0,49,0,16,16,33,33,49,,,,,,,,,,,,,,,,,,,,,,,,,,,,,,,,,,,,,,,,,,,,,,,,,,,,,,,,,,,,,,,,,,,,,,,,,,,,,,,,,,,,,,,,,,,,,,,,,,,,,,,,,,,,,,,,,,,,,,,,,,,,,,,,,,,,,,,,
9yTx4Wbvtm8_000104_000114.mp4,2,situp,30.0,1.2,9.68,36,290,36,163,163,290,,,,,,,,,,,,,,,,,,,,,,,,,,,,,,,,,,,,,,,,,,,,,,,,,,,,,,,,,,,,,,,,,,,,,,,,,,,,,,,,,,,,,,,,,,,,,,,,,,,,,,,,,,,,,,,,,,,,,,,,,,,,,,,,,,,,,,,,,,
-BjJqcqcVrI_000023_000033.mp4,3,situp,29.97,0.0,6.57,0,197,0,66,66,131,131,197,,,,,,,,,,,,,,,,,,,,,,,,,,,,,,,,,,,,,,,,,,,,,,,,,,,,,,,,,,,,,,,,,,,,,,,,,,,,,,,,,,,,,,,,,,,,,,,,,,,,,,,,,,,,,,,,,,,,,,,,,,,,,,,,,,,,,,,,
-P-yHNnMUyo_000002_000012.mp4,6,situp,30.0,0.0,10.0,0,300,0,50,50,100,100,150,150,200,200,250,250,300,,,,,,,,,,,,,,,,,,,,,,,,,,,,,,,,,,,,,,,,,,,,,,,,,,,,,,,,,,,,,,,,,,,,,,,,,,,,,,,,,,,,,,,,,,,,,,,,,,,,,,,,,,,,,,,,,,,,,,,,,,,,,,,,,,
_oA4wp2F6Kg_000001_000011.mp4,5,situp,29.97,1.03,9.21,31,276,31,80,80,129,129,178,178,227,227,276,,,,,,,,,,,,,,,,,,,,,,,,,,,,,,,,,,,,,,,,,,,,,,,,,,,,,,,,,,,,,,,,,,,,,,,,,,,,,,,,,,,,,,,,,,,,,,,,,,,,,,,,,,,,,,,,,,,,,,,,,,,,,,,,,,,,
AFlaePKwFgc_000041_000051.mp4,7,skiing slalom,29.97,0.07,5.31,2,159,2,24,24,47,47,69,69,92,92,114,114,137,137,159,,,,,,,,,,,,,,,,,,,,,,,,,,,,,,,,,,,,,,,,,,,,,,,,,,,,,,,,,,,,,,,,,,,,,,,,,,,,,,,,,,,,,,,,,,,,,,,,,,,,,,,,,,,,,,,,,,,,,,,,,,,,,,,,
Aqc93mfnwVE_000133_000143.mp4,3,skiing slalom,25.0,4.32,10.0,108,250,108,155,155,203,203,250,,,,,,,,,,,,,,,,,,,,,,,,,,,,,,,,,,,,,,,,,,,,,,,,,,,,,,,,,,,,,,,,,,,,,,,,,,,,,,,,,,,,,,,,,,,,,,,,,,,,,,,,,,,,,,,,,,,,,,,,,,,,,,,,,,,,,,,,
A8H-cn-gHco_000194_000204.mp4,6,skiing slalom,29.97,0.0,9.94,0,298,0,50,50,99,99,149,149,199,199,248,248,298,,,,,,,,,,,,,,,,,,,,,,,,,,,,,,,,,,,,,,,,,,,,,,,,,,,,,,,,,,,,,,,,,,,,,,,,,,,,,,,,,,,,,,,,,,,,,,,,,,,,,,,,,,,,,,,,,,,,,,,,,,,,,,,,,,
BSd8qsLbuYY_000254_000264.mp4,7,skiing slalom,25.0,0.0,10.0,0,250,0,36,36,71,71,107,107,143,143,179,179,214,214,250,,,,,,,,,,,,,,,,,,,,,,,,,,,,,,,,,,,,,,,,,,,,,,,,,,,,,,,,,,,,,,,,,,,,,,,,,,,,,,,,,,,,,,,,,,,,,,,,,,,,,,,,,,,,,,,,,,,,,,,,,,,,,,,,
DeZFwppAGPg_000024_000034.mp4,2,skiing mono,29.97,0.0,9.98,0,299,0,150,150,299,,,,,,,,,,,,,,,,,,,,,,,,,,,,,,,,,,,,,,,,,,,,,,,,,,,,,,,,,,,,,,,,,,,,,,,,,,,,,,,,,,,,,,,,,,,,,,,,,,,,,,,,,,,,,,,,,,,,,,,,,,,,,,,,,,,,,,,,,,
DeZFwppAGPg_000081_000091.mp4,2,skiing slalom,29.97,0.0,9.98,0,299,0,150,150,299,,,,,,,,,,,,,,,,,,,,,,,,,,,,,,,,,,,,,,,,,,,,,,,,,,,,,,,,,,,,,,,,,,,,,,,,,,,,,,,,,,,,,,,,,,,,,,,,,,,,,,,,,,,,,,,,,,,,,,,,,,,,,,,,,,,,,,,,,,
D-yWHXs1gOg_000013_000023.mp4,10,skiing slalom,30.0,0.0,10.0,0,300,0,30,30,60,60,90,90,120,120,150,150,180,180,210,210,240,240,270,270,300,,,,,,,,,,,,,,,,,,,,,,,,,,,,,,,,,,,,,,,,,,,,,,,,,,,,,,,,,,,,,,,,,,,,,,,,,,,,,,,,,,,,,,,,,,,,,,,,,,,,,,,,,,,,,,,,,,,,,,,,,,
EGrguHWOh0s_000076_000086.mp4,3,skiing slalom,25.0,0.0,10.0,0,250,0,83,83,167,167,250,,,,,,,,,,,,,,,,,,,,,,,,,,,,,,,,,,,,,,,,,,,,,,,,,,,,,,,,,,,,,,,,,,,,,,,,,,,,,,,,,,,,,,,,,,,,,,,,,,,,,,,,,,,,,,,,,,,,,,,,,,,,,,,,,,,,,,,,
EJ8WCwwwPsg_000640_000650.mp4,4,skiing slalom,29.97,0.0,9.98,0,299,0,75,75,150,150,224,224,299,,,,,,,,,,,,,,,,,,,,,,,,,,,,,,,,,,,,,,,,,,,,,,,,,,,,,,,,,,,,,,,,,,,,,,,,,,,,,,,,,,,,,,,,,,,,,,,,,,,,,,,,,,,,,,,,,,,,,,,,,,,,,,,,,,,,,,
FYlssMRyMIg_000000_000010.mp4,3,skiing slalom,25.0,0.0,4.08,0,102,0,34,34,68,68,102,,,,,,,,,,,,,,,,,,,,,,,,,,,,,,,,,,,,,,,,,,,,,,,,,,,,,,,,,,,,,,,,,,,,,,,,,,,,,,,,,,,,,,,,,,,,,,,,,,,,,,,,,,,,,,,,,,,,,,,,,,,,,,,,,,,,,,,,
GA9-LtlwCX4_000003_000013.mp4,7,skiing slalom,29.97,1.77,10.0,53,300,53,88,88,124,124,159,159,194,194,229,229,265,265,300,,,,,,,,,,,,,,,,,,,,,,,,,,,,,,,,,,,,,,,,,,,,,,,,,,,,,,,,,,,,,,,,,,,,,,,,,,,,,,,,,,,,,,,,,,,,,,,,,,,,,,,,,,,,,,,,,,,,,,,,,,,,,,,,
GHJnJk4Y4Rc_000084_000094.mp4,4,skiing slalom,29.97,5.47,9.98,164,299,164,198,198,232,232,265,265,299,,,,,,,,,,,,,,,,,,,,,,,,,,,,,,,,,,,,,,,,,,,,,,,,,,,,,,,,,,,,,,,,,,,,,,,,,,,,,,,,,,,,,,,,,,,,,,,,,,,,,,,,,,,,,,,,,,,,,,,,,,,,,,,,,,,,,,
Hq8S7FKSUk0_000045_000055.mp4,11,skiing slalom,25.0,0.0,10.0,0,250,0,23,23,45,45,68,68,91,91,114,114,136,136,159,159,182,182,205,205,227,227,250,,,,,,,,,,,,,,,,,,,,,,,,,,,,,,,,,,,,,,,,,,,,,,,,,,,,,,,,,,,,,,,,,,,,,,,,,,,,,,,,,,,,,,,,,,,,,,,,,,,,,,,,,,,,,,,,,,,,,,,,
H4-b53wL3_g_000394_000404.mp4,14,skiing slalom,23.98,0.0,9.97,0,239,0,17,17,34,34,51,51,68,68,85,85,102,102,120,120,137,137,154,154,171,171,188,188,205,205,222,222,239,,,,,,,,,,,,,,,,,,,,,,,,,,,,,,,,,,,,,,,,,,,,,,,,,,,,,,,,,,,,,,,,,,,,,,,,,,,,,,,,,,,,,,,,,,,,,,,,,,,,,,,,,,,,,,,,,,
ID_L83E2bt0_000570_000580.mp4,4,skiing slalom,29.97,5.87,9.98,176,299,176,207,207,238,238,268,268,299,,,,,,,,,,,,,,,,,,,,,,,,,,,,,,,,,,,,,,,,,,,,,,,,,,,,,,,,,,,,,,,,,,,,,,,,,,,,,,,,,,,,,,,,,,,,,,,,,,,,,,,,,,,,,,,,,,,,,,,,,,,,,,,,,,,,,,
IGzNl_GjAUA_000000_000010.mp4,3,skiing slalom,25.0,0.0,10.0,0,250,0,83,83,167,167,250,,,,,,,,,,,,,,,,,,,,,,,,,,,,,,,,,,,,,,,,,,,,,,,,,,,,,,,,,,,,,,,,,,,,,,,,,,,,,,,,,,,,,,,,,,,,,,,,,,,,,,,,,,,,,,,,,,,,,,,,,,,,,,,,,,,,,,,,
IUyq0FSknTY_000047_000057.mp4,3,skiing slalom,25.0,0.16,5.62,4,140,4,49,49,95,95,140,,,,,,,,,,,,,,,,,,,,,,,,,,,,,,,,,,,,,,,,,,,,,,,,,,,,,,,,,,,,,,,,,,,,,,,,,,,,,,,,,,,,,,,,,,,,,,,,,,,,,,,,,,,,,,,,,,,,,,,,,,,,,,,,,,,,,,,,
J6qIKh4NSn4_000007_000017.mp4,4,skiing slalom,30.0,0.0,8.1,0,243,0,61,61,122,122,182,182,243,,,,,,,,,,,,,,,,,,,,,,,,,,,,,,,,,,,,,,,,,,,,,,,,,,,,,,,,,,,,,,,,,,,,,,,,,,,,,,,,,,,,,,,,,,,,,,,,,,,,,,,,,,,,,,,,,,,,,,,,,,,,,,,,,,,,,,
KdtU3dJ_6jY_000459_000469.mp4,5,skiing slalom,29.97,0.0,9.94,0,298,0,60,60,119,119,179,179,238,238,298,,,,,,,,,,,,,,,,,,,,,,,,,,,,,,,,,,,,,,,,,,,,,,,,,,,,,,,,,,,,,,,,,,,,,,,,,,,,,,,,,,,,,,,,,,,,,,,,,,,,,,,,,,,,,,,,,,,,,,,,,,,,,,,,,,,,
Ks5ECfTiPZc_000022_000032.mp4,4,skiing slalom,25.0,0.0,10.0,0,250,0,62,62,125,125,188,188,250,,,,,,,,,,,,,,,,,,,,,,,,,,,,,,,,,,,,,,,,,,,,,,,,,,,,,,,,,,,,,,,,,,,,,,,,,,,,,,,,,,,,,,,,,,,,,,,,,,,,,,,,,,,,,,,,,,,,,,,,,,,,,,,,,,,,,,
LiK39Mjnn6M_000000_000010.mp4,2,skiing slalom,15.0,1.47,6.0,22,90,22,56,56,90,,,,,,,,,,,,,,,,,,,,,,,,,,,,,,,,,,,,,,,,,,,,,,,,,,,,,,,,,,,,,,,,,,,,,,,,,,,,,,,,,,,,,,,,,,,,,,,,,,,,,,,,,,,,,,,,,,,,,,,,,,,,,,,,,,,,,,,,,,
Mbhz2ThmDvo_000024_000034.mp4,2,skiing slalom,24.99,0.0,2.4,0,60,0,30,30,60,,,,,,,,,,,,,,,,,,,,,,,,,,,,,,,,,,,,,,,,,,,,,,,,,,,,,,,,,,,,,,,,,,,,,,,,,,,,,,,,,,,,,,,,,,,,,,,,,,,,,,,,,,,,,,,,,,,,,,,,,,,,,,,,,,,,,,,,,,
Mbhz2ThmDvo_000024_000034.mp4,2,skiing slalom,24.99,8.08,10.0,202,250,202,226,226,250,,,,,,,,,,,,,,,,,,,,,,,,,,,,,,,,,,,,,,,,,,,,,,,,,,,,,,,,,,,,,,,,,,,,,,,,,,,,,,,,,,,,,,,,,,,,,,,,,,,,,,,,,,,,,,,,,,,,,,,,,,,,,,,,,,,,,,,,,,
NCBTChDW0oc_000013_000023.mp4,2,skiing slalom,29.97,0.0,3.37,0,101,0,50,50,101,,,,,,,,,,,,,,,,,,,,,,,,,,,,,,,,,,,,,,,,,,,,,,,,,,,,,,,,,,,,,,,,,,,,,,,,,,,,,,,,,,,,,,,,,,,,,,,,,,,,,,,,,,,,,,,,,,,,,,,,,,,,,,,,,,,,,,,,,,
NCBTChDW0oc_000013_000023.mp4,2,skiing slalom,29.97,5.37,9.98,161,299,161,230,230,299,,,,,,,,,,,,,,,,,,,,,,,,,,,,,,,,,,,,,,,,,,,,,,,,,,,,,,,,,,,,,,,,,,,,,,,,,,,,,,,,,,,,,,,,,,,,,,,,,,,,,,,,,,,,,,,,,,,,,,,,,,,,,,,,,,,,,,,,,,
NUM0wsdDazY_000201_000211.mp4,5,skiing slalom,29.97,0.0,9.98,0,299,0,60,60,120,120,179,179,239,239,299,,,,,,,,,,,,,,,,,,,,,,,,,,,,,,,,,,,,,,,,,,,,,,,,,,,,,,,,,,,,,,,,,,,,,,,,,,,,,,,,,,,,,,,,,,,,,,,,,,,,,,,,,,,,,,,,,,,,,,,,,,,,,,,,,,,,
N--n1mRgKWk_001180_001190.mp4,4,skiing slalom,25.0,0.0,10.0,0,250,0,62,62,125,125,188,188,250,,,,,,,,,,,,,,,,,,,,,,,,,,,,,,,,,,,,,,,,,,,,,,,,,,,,,,,,,,,,,,,,,,,,,,,,,,,,,,,,,,,,,,,,,,,,,,,,,,,,,,,,,,,,,,,,,,,,,,,,,,,,,,,,,,,,,,
OeNTfHdK3ok_000682_000692.mp4,6,skiing slalom,25.0,0.0,10.0,0,250,0,42,42,83,83,125,125,167,167,208,208,250,,,,,,,,,,,,,,,,,,,,,,,,,,,,,,,,,,,,,,,,,,,,,,,,,,,,,,,,,,,,,,,,,,,,,,,,,,,,,,,,,,,,,,,,,,,,,,,,,,,,,,,,,,,,,,,,,,,,,,,,,,,,,,,,,,
PySSHVriPEI_000083_000093.mp4,10,skiing slalom,29.97,0.0,9.98,0,299,0,30,30,60,60,90,90,120,120,150,150,179,179,209,209,239,239,269,269,299,,,,,,,,,,,,,,,,,,,,,,,,,,,,,,,,,,,,,,,,,,,,,,,,,,,,,,,,,,,,,,,,,,,,,,,,,,,,,,,,,,,,,,,,,,,,,,,,,,,,,,,,,,,,,,,,,,,,,,,,,,
P1cqE7Ijq1s_000553_000563.mp4,4,skiing slalom,25.0,0.0,10.0,0,250,0,62,62,125,125,188,188,250,,,,,,,,,,,,,,,,,,,,,,,,,,,,,,,,,,,,,,,,,,,,,,,,,,,,,,,,,,,,,,,,,,,,,,,,,,,,,,,,,,,,,,,,,,,,,,,,,,,,,,,,,,,,,,,,,,,,,,,,,,,,,,,,,,,,,,
QDmByAZNbr4_001046_001056.mp4,6,skiing slalom,24.0,0.0,10.0,0,240,0,40,40,80,80,120,120,160,160,200,200,240,,,,,,,,,,,,,,,,,,,,,,,,,,,,,,,,,,,,,,,,,,,,,,,,,,,,,,,,,,,,,,,,,,,,,,,,,,,,,,,,,,,,,,,,,,,,,,,,,,,,,,,,,,,,,,,,,,,,,,,,,,,,,,,,,,
Qatv6Qnt9u4_000006_000016.mp4,2,skiing slalom,30.0,1.4,9.0,42,270,42,156,156,270,,,,,,,,,,,,,,,,,,,,,,,,,,,,,,,,,,,,,,,,,,,,,,,,,,,,,,,,,,,,,,,,,,,,,,,,,,,,,,,,,,,,,,,,,,,,,,,,,,,,,,,,,,,,,,,,,,,,,,,,,,,,,,,,,,,,,,,,,,
Qj0Wqq3OBmI_000064_000074.mp4,3,skiing slalom,9.94,0.0,9.56,0,95,0,32,32,63,63,95,,,,,,,,,,,,,,,,,,,,,,,,,,,,,,,,,,,,,,,,,,,,,,,,,,,,,,,,,,,,,,,,,,,,,,,,,,,,,,,,,,,,,,,,,,,,,,,,,,,,,,,,,,,,,,,,,,,,,,,,,,,,,,,,,,,,,,,,
R0agp6mo9PQ_000058_000068.mp4,5,skiing slalom,11.99,0.0,9.93,0,119,0,24,24,48,48,71,71,95,95,119,,,,,,,,,,,,,,,,,,,,,,,,,,,,,,,,,,,,,,,,,,,,,,,,,,,,,,,,,,,,,,,,,,,,,,,,,,,,,,,,,,,,,,,,,,,,,,,,,,,,,,,,,,,,,,,,,,,,,,,,,,,,,,,,,,,,
Tt4swPRFVZw_000010_000020.mp4,6,skiing slalom,29.97,0.0,9.98,0,299,0,50,50,100,100,150,150,199,199,249,249,299,,,,,,,,,,,,,,,,,,,,,,,,,,,,,,,,,,,,,,,,,,,,,,,,,,,,,,,,,,,,,,,,,,,,,,,,,,,,,,,,,,,,,,,,,,,,,,,,,,,,,,,,,,,,,,,,,,,,,,,,,,,,,,,,,,
UAgnVEbUBvs_000425_000435.mp4,5,skiing slalom,25.0,0.0,10.0,0,250,0,50,50,100,100,150,150,200,200,250,,,,,,,,,,,,,,,,,,,,,,,,,,,,,,,,,,,,,,,,,,,,,,,,,,,,,,,,,,,,,,,,,,,,,,,,,,,,,,,,,,,,,,,,,,,,,,,,,,,,,,,,,,,,,,,,,,,,,,,,,,,,,,,,,,,,
VcoxQ2YtHko_000009_000019.mp4,3,skiing slalom,10.0,0.0,10.0,0,100,0,33,33,67,67,100,,,,,,,,,,,,,,,,,,,,,,,,,,,,,,,,,,,,,,,,,,,,,,,,,,,,,,,,,,,,,,,,,,,,,,,,,,,,,,,,,,,,,,,,,,,,,,,,,,,,,,,,,,,,,,,,,,,,,,,,,,,,,,,,,,,,,,,,
WPW3XwE3lP0_000012_000022.mp4,9,skiing slalom,30.0,0.0,10.0,0,300,0,33,33,67,67,100,100,133,133,167,167,200,200,233,233,267,267,300,,,,,,,,,,,,,,,,,,,,,,,,,,,,,,,,,,,,,,,,,,,,,,,,,,,,,,,,,,,,,,,,,,,,,,,,,,,,,,,,,,,,,,,,,,,,,,,,,,,,,,,,,,,,,,,,,,,,,,,,,,,,
XZmMtFc6Fn4_000895_000905.mp4,6,skiing slalom,25.0,1.34,10.0,34,250,34,70,70,106,106,142,142,178,178,214,214,250,,,,,,,,,,,,,,,,,,,,,,,,,,,,,,,,,,,,,,,,,,,,,,,,,,,,,,,,,,,,,,,,,,,,,,,,,,,,,,,,,,,,,,,,,,,,,,,,,,,,,,,,,,,,,,,,,,,,,,,,,,,,,,,,,,
Xboc6C7cZ4k_000000_000010.mp4,7,skiing slalom,29.97,0.0,9.98,0,299,0,43,43,85,85,128,128,171,171,214,214,256,256,299,,,,,,,,,,,,,,,,,,,,,,,,,,,,,,,,,,,,,,,,,,,,,,,,,,,,,,,,,,,,,,,,,,,,,,,,,,,,,,,,,,,,,,,,,,,,,,,,,,,,,,,,,,,,,,,,,,,,,,,,,,,,,,,,
YyPKI_mxWg4_000039_000049.mp4,5,skiing slalom,25.0,0.0,10.0,0,250,0,50,50,100,100,150,150,200,200,250,,,,,,,,,,,,,,,,,,,,,,,,,,,,,,,,,,,,,,,,,,,,,,,,,,,,,,,,,,,,,,,,,,,,,,,,,,,,,,,,,,,,,,,,,,,,,,,,,,,,,,,,,,,,,,,,,,,,,,,,,,,,,,,,,,,,
ZVcQM5kwRLI_000014_000024.mp4,11,skiing slalom,29.97,0.0,9.98,0,299,0,27,27,54,54,82,82,109,109,136,136,163,163,190,190,217,217,245,245,272,272,299,,,,,,,,,,,,,,,,,,,,,,,,,,,,,,,,,,,,,,,,,,,,,,,,,,,,,,,,,,,,,,,,,,,,,,,,,,,,,,,,,,,,,,,,,,,,,,,,,,,,,,,,,,,,,,,,,,,,,,,,
ZzqBD58txYE_000021_000031.mp4,4,skiing slalom,25.0,0.0,10.0,0,250,0,62,62,125,125,188,188,250,,,,,,,,,,,,,,,,,,,,,,,,,,,,,,,,,,,,,,,,,,,,,,,,,,,,,,,,,,,,,,,,,,,,,,,,,,,,,,,,,,,,,,,,,,,,,,,,,,,,,,,,,,,,,,,,,,,,,,,,,,,,,,,,,,,,,,
cdp5SM9fvzk_000053_000063.mp4,4,skiing slalom,29.97,2.24,9.98,67,299,67,125,125,183,183,241,241,299,,,,,,,,,,,,,,,,,,,,,,,,,,,,,,,,,,,,,,,,,,,,,,,,,,,,,,,,,,,,,,,,,,,,,,,,,,,,,,,,,,,,,,,,,,,,,,,,,,,,,,,,,,,,,,,,,,,,,,,,,,,,,,,,,,,,,,
d6TgispWanc_000040_000050.mp4,12,skiing slalom,30.0,0.0,10.0,0,300,0,25,25,50,50,75,75,100,100,125,125,150,150,175,175,200,200,225,225,250,250,275,275,300,,,,,,,,,,,,,,,,,,,,,,,,,,,,,,,,,,,,,,,,,,,,,,,,,,,,,,,,,,,,,,,,,,,,,,,,,,,,,,,,,,,,,,,,,,,,,,,,,,,,,,,,,,,,,,,,,,,,,,
ev34oiwRFD0_000020_000030.mp4,3,skiing slalom,25.0,0.0,3.92,0,98,0,33,33,65,65,98,,,,,,,,,,,,,,,,,,,,,,,,,,,,,,,,,,,,,,,,,,,,,,,,,,,,,,,,,,,,,,,,,,,,,,,,,,,,,,,,,,,,,,,,,,,,,,,,,,,,,,,,,,,,,,,,,,,,,,,,,,,,,,,,,,,,,,,,
ex7_EQwPXV8_000000_000010.mp4,5,skiing slalom,15.0,0.0,10.0,0,150,0,30,30,60,60,90,90,120,120,150,,,,,,,,,,,,,,,,,,,,,,,,,,,,,,,,,,,,,,,,,,,,,,,,,,,,,,,,,,,,,,,,,,,,,,,,,,,,,,,,,,,,,,,,,,,,,,,,,,,,,,,,,,,,,,,,,,,,,,,,,,,,,,,,,,,,
fn1mRi2ywdA_000099_000109.mp4,5,skiing slalom,29.97,2.1,9.94,63,298,63,110,110,157,157,204,204,251,251,298,,,,,,,,,,,,,,,,,,,,,,,,,,,,,,,,,,,,,,,,,,,,,,,,,,,,,,,,,,,,,,,,,,,,,,,,,,,,,,,,,,,,,,,,,,,,,,,,,,,,,,,,,,,,,,,,,,,,,,,,,,,,,,,,,,,,
f9au5mN1BFU_000001_000011.mp4,6,skiing slalom,25.0,0.0,10.0,0,250,0,42,42,83,83,125,125,167,167,208,208,250,,,,,,,,,,,,,,,,,,,,,,,,,,,,,,,,,,,,,,,,,,,,,,,,,,,,,,,,,,,,,,,,,,,,,,,,,,,,,,,,,,,,,,,,,,,,,,,,,,,,,,,,,,,,,,,,,,,,,,,,,,,,,,,,,,
gAJ69ucuajk_000008_000018.mp4,2,skiing slalom,29.92,1.59,5.53,48,165,48,106,106,165,,,,,,,,,,,,,,,,,,,,,,,,,,,,,,,,,,,,,,,,,,,,,,,,,,,,,,,,,,,,,,,,,,,,,,,,,,,,,,,,,,,,,,,,,,,,,,,,,,,,,,,,,,,,,,,,,,,,,,,,,,,,,,,,,,,,,,,,,,
ieqLHySxBxQ_000129_000139.mp4,6,skiing slalom,25.0,0.0,10.0,0,250,0,42,42,83,83,125,125,167,167,208,208,250,,,,,,,,,,,,,,,,,,,,,,,,,,,,,,,,,,,,,,,,,,,,,,,,,,,,,,,,,,,,,,,,,,,,,,,,,,,,,,,,,,,,,,,,,,,,,,,,,,,,,,,,,,,,,,,,,,,,,,,,,,,,,,,,,,
i7gzqtGyb_o_000137_000147.mp4,10,skiing slalom,29.97,0.0,9.98,0,299,0,30,30,60,60,90,90,120,120,150,150,179,179,209,209,239,239,269,269,299,,,,,,,,,,,,,,,,,,,,,,,,,,,,,,,,,,,,,,,,,,,,,,,,,,,,,,,,,,,,,,,,,,,,,,,,,,,,,,,,,,,,,,,,,,,,,,,,,,,,,,,,,,,,,,,,,,,,,,,,,,
kAs0THrN4_Q_000007_000017.mp4,9,skiing slalom,15.0,0.0,8.47,0,127,0,14,14,28,28,42,42,56,56,71,71,85,85,99,99,113,113,127,,,,,,,,,,,,,,,,,,,,,,,,,,,,,,,,,,,,,,,,,,,,,,,,,,,,,,,,,,,,,,,,,,,,,,,,,,,,,,,,,,,,,,,,,,,,,,,,,,,,,,,,,,,,,,,,,,,,,,,,,,,,
kGIduXaItxQ_000359_000369.mp4,3,skiing slalom,30.0,3.73,10.0,112,300,112,175,175,237,237,300,,,,,,,,,,,,,,,,,,,,,,,,,,,,,,,,,,,,,,,,,,,,,,,,,,,,,,,,,,,,,,,,,,,,,,,,,,,,,,,,,,,,,,,,,,,,,,,,,,,,,,,,,,,,,,,,,,,,,,,,,,,,,,,,,,,,,,,,
k947oBaMrtQ_000416_000426.mp4,11,skiing slalom,25.0,0.0,10.0,0,250,0,23,23,45,45,68,68,91,91,114,114,136,136,159,159,182,182,205,205,227,227,250,,,,,,,,,,,,,,,,,,,,,,,,,,,,,,,,,,,,,,,,,,,,,,,,,,,,,,,,,,,,,,,,,,,,,,,,,,,,,,,,,,,,,,,,,,,,,,,,,,,,,,,,,,,,,,,,,,,,,,,,
liANHEDRggQ_000047_000057.mp4,2,skiing slalom,25.0,0.0,2.48,0,62,0,31,31,62,,,,,,,,,,,,,,,,,,,,,,,,,,,,,,,,,,,,,,,,,,,,,,,,,,,,,,,,,,,,,,,,,,,,,,,,,,,,,,,,,,,,,,,,,,,,,,,,,,,,,,,,,,,,,,,,,,,,,,,,,,,,,,,,,,,,,,,,,,
mvG3PUIK-Pk_000000_000010.mp4,8,skiing slalom,25.0,0.0,7.26,0,182,0,23,23,46,46,68,68,91,91,114,114,136,136,159,159,182,,,,,,,,,,,,,,,,,,,,,,,,,,,,,,,,,,,,,,,,,,,,,,,,,,,,,,,,,,,,,,,,,,,,,,,,,,,,,,,,,,,,,,,,,,,,,,,,,,,,,,,,,,,,,,,,,,,,,,,,,,,,,,
mvG3PUIK-Pk_000000_000010.mp4,2,skiing slalom,25.0,8.38,10.0,210,250,210,230,230,250,,,,,,,,,,,,,,,,,,,,,,,,,,,,,,,,,,,,,,,,,,,,,,,,,,,,,,,,,,,,,,,,,,,,,,,,,,,,,,,,,,,,,,,,,,,,,,,,,,,,,,,,,,,,,,,,,,,,,,,,,,,,,,,,,,,,,,,,,,
m7ZosNbqin4_000048_000058.mp4,4,skiing slalom,25.0,0.0,5.64,0,141,0,35,35,70,70,106,106,141,,,,,,,,,,,,,,,,,,,,,,,,,,,,,,,,,,,,,,,,,,,,,,,,,,,,,,,,,,,,,,,,,,,,,,,,,,,,,,,,,,,,,,,,,,,,,,,,,,,,,,,,,,,,,,,,,,,,,,,,,,,,,,,,,,,,,,
nKg8d9hNd6Y_000393_000403.mp4,5,skiing slalom,25.0,1.52,9.0,38,225,38,75,75,113,113,150,150,188,188,225,,,,,,,,,,,,,,,,,,,,,,,,,,,,,,,,,,,,,,,,,,,,,,,,,,,,,,,,,,,,,,,,,,,,,,,,,,,,,,,,,,,,,,,,,,,,,,,,,,,,,,,,,,,,,,,,,,,,,,,,,,,,,,,,,,,,
nji6upRug2M_000083_000093.mp4,3,skiing slalom,29.97,0.0,9.98,0,299,0,100,100,199,199,299,,,,,,,,,,,,,,,,,,,,,,,,,,,,,,,,,,,,,,,,,,,,,,,,,,,,,,,,,,,,,,,,,,,,,,,,,,,,,,,,,,,,,,,,,,,,,,,,,,,,,,,,,,,,,,,,,,,,,,,,,,,,,,,,,,,,,,,,
n-ODqYPkqpQ_000704_000714.mp4,8,skiing slalom,50.0,0.0,10.0,0,500,0,62,62,125,125,188,188,250,250,312,312,375,375,438,438,500,,,,,,,,,,,,,,,,,,,,,,,,,,,,,,,,,,,,,,,,,,,,,,,,,,,,,,,,,,,,,,,,,,,,,,,,,,,,,,,,,,,,,,,,,,,,,,,,,,,,,,,,,,,,,,,,,,,,,,,,,,,,,,
oaw9TmU49os_000038_000048.mp4,5,skiing slalom,29.97,0.0,5.94,0,178,0,36,36,71,71,107,107,142,142,178,,,,,,,,,,,,,,,,,,,,,,,,,,,,,,,,,,,,,,,,,,,,,,,,,,,,,,,,,,,,,,,,,,,,,,,,,,,,,,,,,,,,,,,,,,,,,,,,,,,,,,,,,,,,,,,,,,,,,,,,,,,,,,,,,,,,
oyoql-mJGlA_000033_000043.mp4,2,skiing slalom,25.0,0.0,4.24,0,106,0,53,53,106,,,,,,,,,,,,,,,,,,,,,,,,,,,,,,,,,,,,,,,,,,,,,,,,,,,,,,,,,,,,,,,,,,,,,,,,,,,,,,,,,,,,,,,,,,,,,,,,,,,,,,,,,,,,,,,,,,,,,,,,,,,,,,,,,,,,,,,,,,
oyoql-mJGlA_000033_000043.mp4,6,skiing slalom,25.0,5.6,10.0,140,250,140,158,158,177,177,195,195,213,213,232,232,250,,,,,,,,,,,,,,,,,,,,,,,,,,,,,,,,,,,,,,,,,,,,,,,,,,,,,,,,,,,,,,,,,,,,,,,,,,,,,,,,,,,,,,,,,,,,,,,,,,,,,,,,,,,,,,,,,,,,,,,,,,,,,,,,,,
rqLtwOlc_48_000075_000085.mp4,4,skiing slalom,29.97,0.0,8.48,0,254,0,64,64,127,127,190,190,254,,,,,,,,,,,,,,,,,,,,,,,,,,,,,,,,,,,,,,,,,,,,,,,,,,,,,,,,,,,,,,,,,,,,,,,,,,,,,,,,,,,,,,,,,,,,,,,,,,,,,,,,,,,,,,,,,,,,,,,,,,,,,,,,,,,,,,
sHXTWfRLOD8_000004_000014.mp4,4,skiing slalom,29.92,1.8,9.96,54,298,54,115,115,176,176,237,237,298,,,,,,,,,,,,,,,,,,,,,,,,,,,,,,,,,,,,,,,,,,,,,,,,,,,,,,,,,,,,,,,,,,,,,,,,,,,,,,,,,,,,,,,,,,,,,,,,,,,,,,,,,,,,,,,,,,,,,,,,,,,,,,,,,,,,,,
vojNyg2lJ7k_000002_000012.mp4,4,skiing slalom,29.97,0.0,8.48,0,254,0,64,64,127,127,190,190,254,,,,,,,,,,,,,,,,,,,,,,,,,,,,,,,,,,,,,,,,,,,,,,,,,,,,,,,,,,,,,,,,,,,,,,,,,,,,,,,,,,,,,,,,,,,,,,,,,,,,,,,,,,,,,,,,,,,,,,,,,,,,,,,,,,,,,,
yCM5rKYtfQI_000024_000034.mp4,2,skiing slalom,24.0,0.0,3.08,0,74,0,37,37,74,,,,,,,,,,,,,,,,,,,,,,,,,,,,,,,,,,,,,,,,,,,,,,,,,,,,,,,,,,,,,,,,,,,,,,,,,,,,,,,,,,,,,,,,,,,,,,,,,,,,,,,,,,,,,,,,,,,,,,,,,,,,,,,,,,,,,,,,,,
yCM5rKYtfQI_000024_000034.mp4,2,skiing slalom,24.0,8.25,10.0,198,240,198,219,219,240,,,,,,,,,,,,,,,,,,,,,,,,,,,,,,,,,,,,,,,,,,,,,,,,,,,,,,,,,,,,,,,,,,,,,,,,,,,,,,,,,,,,,,,,,,,,,,,,,,,,,,,,,,,,,,,,,,,,,,,,,,,,,,,,,,,,,,,,,,
0CjfN1wLpsA_000295_000305.mp4,12,skiing slalom,25.0,0.0,10.0,0,250,0,21,21,42,42,62,62,83,83,104,104,125,125,146,146,167,167,188,188,208,208,229,229,250,,,,,,,,,,,,,,,,,,,,,,,,,,,,,,,,,,,,,,,,,,,,,,,,,,,,,,,,,,,,,,,,,,,,,,,,,,,,,,,,,,,,,,,,,,,,,,,,,,,,,,,,,,,,,,,,,,,,,,
0nMK5CHobmQ_000003_000013.mp4,9,skiing slalom,29.97,0.0,9.98,0,299,0,33,33,66,66,100,100,133,133,166,166,199,199,233,233,266,266,299,,,,,,,,,,,,,,,,,,,,,,,,,,,,,,,,,,,,,,,,,,,,,,,,,,,,,,,,,,,,,,,,,,,,,,,,,,,,,,,,,,,,,,,,,,,,,,,,,,,,,,,,,,,,,,,,,,,,,,,,,,,,
1PECjAqQgno_000029_000039.mp4,5,skiing slalom,25.0,0.0,10.0,0,250,0,50,50,100,100,150,150,200,200,250,,,,,,,,,,,,,,,,,,,,,,,,,,,,,,,,,,,,,,,,,,,,,,,,,,,,,,,,,,,,,,,,,,,,,,,,,,,,,,,,,,,,,,,,,,,,,,,,,,,,,,,,,,,,,,,,,,,,,,,,,,,,,,,,,,,,
1-i2yWeKGRM_000019_000029.mp4,9,skiing slalom,29.97,0.0,9.98,0,299,0,33,33,66,66,100,100,133,133,166,166,199,199,233,233,266,266,299,,,,,,,,,,,,,,,,,,,,,,,,,,,,,,,,,,,,,,,,,,,,,,,,,,,,,,,,,,,,,,,,,,,,,,,,,,,,,,,,,,,,,,,,,,,,,,,,,,,,,,,,,,,,,,,,,,,,,,,,,,,,
2LhezSZTO6M_001344_001354.mp4,2,skiing slalom,25.0,0.0,7.12,0,178,0,89,89,178,,,,,,,,,,,,,,,,,,,,,,,,,,,,,,,,,,,,,,,,,,,,,,,,,,,,,,,,,,,,,,,,,,,,,,,,,,,,,,,,,,,,,,,,,,,,,,,,,,,,,,,,,,,,,,,,,,,,,,,,,,,,,,,,,,,,,,,,,,
2aT1yU_-i58_000000_000010.mp4,9,skiing slalom,29.97,0.0,9.98,0,299,0,33,33,66,66,100,100,133,133,166,166,199,199,233,233,266,266,299,,,,,,,,,,,,,,,,,,,,,,,,,,,,,,,,,,,,,,,,,,,,,,,,,,,,,,,,,,,,,,,,,,,,,,,,,,,,,,,,,,,,,,,,,,,,,,,,,,,,,,,,,,,,,,,,,,,,,,,,,,,,
2vJgJiJkxlI_000012_000022.mp4,4,skiing slalom,25.0,0.0,9.44,0,236,0,59,59,118,118,177,177,236,,,,,,,,,,,,,,,,,,,,,,,,,,,,,,,,,,,,,,,,,,,,,,,,,,,,,,,,,,,,,,,,,,,,,,,,,,,,,,,,,,,,,,,,,,,,,,,,,,,,,,,,,,,,,,,,,,,,,,,,,,,,,,,,,,,,,,
3jGuM8INgRQ_000007_000017.mp4,7,skiing slalom,29.97,0.0,9.98,0,299,0,43,43,85,85,128,128,171,171,214,214,256,256,299,,,,,,,,,,,,,,,,,,,,,,,,,,,,,,,,,,,,,,,,,,,,,,,,,,,,,,,,,,,,,,,,,,,,,,,,,,,,,,,,,,,,,,,,,,,,,,,,,,,,,,,,,,,,,,,,,,,,,,,,,,,,,,,,
4aGeUtHbytQ_000163_000173.mp4,3,skiing slalom,29.97,0.0,8.41,0,252,0,84,84,168,168,252,,,,,,,,,,,,,,,,,,,,,,,,,,,,,,,,,,,,,,,,,,,,,,,,,,,,,,,,,,,,,,,,,,,,,,,,,,,,,,,,,,,,,,,,,,,,,,,,,,,,,,,,,,,,,,,,,,,,,,,,,,,,,,,,,,,,,,,,
4wnV3AXlfmQ_000462_000472.mp4,6,skiing slalom,29.97,0.0,9.94,0,298,0,50,50,99,99,149,149,199,199,248,248,298,,,,,,,,,,,,,,,,,,,,,,,,,,,,,,,,,,,,,,,,,,,,,,,,,,,,,,,,,,,,,,,,,,,,,,,,,,,,,,,,,,,,,,,,,,,,,,,,,,,,,,,,,,,,,,,,,,,,,,,,,,,,,,,,,,
41H6GyluTno_000010_000020.mp4,9,skiing slalom,25.0,0.0,8.24,0,206,0,23,23,46,46,69,69,92,92,114,114,137,137,160,160,183,183,206,,,,,,,,,,,,,,,,,,,,,,,,,,,,,,,,,,,,,,,,,,,,,,,,,,,,,,,,,,,,,,,,,,,,,,,,,,,,,,,,,,,,,,,,,,,,,,,,,,,,,,,,,,,,,,,,,,,,,,,,,,,,
5J9LEmh5g2Q_000062_000072.mp4,9,skiing slalom,29.97,0.0,7.74,0,232,0,26,26,52,52,77,77,103,103,129,129,155,155,180,180,206,206,232,,,,,,,,,,,,,,,,,,,,,,,,,,,,,,,,,,,,,,,,,,,,,,,,,,,,,,,,,,,,,,,,,,,,,,,,,,,,,,,,,,,,,,,,,,,,,,,,,,,,,,,,,,,,,,,,,,,,,,,,,,,,
56PWVYIaYG4_000054_000064.mp4,4,skiing slalom,29.97,0.0,3.37,0,101,0,25,25,50,50,76,76,101,,,,,,,,,,,,,,,,,,,,,,,,,,,,,,,,,,,,,,,,,,,,,,,,,,,,,,,,,,,,,,,,,,,,,,,,,,,,,,,,,,,,,,,,,,,,,,,,,,,,,,,,,,,,,,,,,,,,,,,,,,,,,,,,,,,,,,
56PWVYIaYG4_000054_000064.mp4,5,skiing slalom,29.97,6.84,9.98,205,299,205,224,224,243,243,261,261,280,280,299,,,,,,,,,,,,,,,,,,,,,,,,,,,,,,,,,,,,,,,,,,,,,,,,,,,,,,,,,,,,,,,,,,,,,,,,,,,,,,,,,,,,,,,,,,,,,,,,,,,,,,,,,,,,,,,,,,,,,,,,,,,,,,,,,,,,
6TzzJO_sf4A_000891_000901.mp4,6,skiing slalom,30.0,0.0,8.9,0,267,0,44,44,89,89,134,134,178,178,222,222,267,,,,,,,,,,,,,,,,,,,,,,,,,,,,,,,,,,,,,,,,,,,,,,,,,,,,,,,,,,,,,,,,,,,,,,,,,,,,,,,,,,,,,,,,,,,,,,,,,,,,,,,,,,,,,,,,,,,,,,,,,,,,,,,,,,
6i73VKMIxXc_000016_000026.mp4,11,skiing slalom,30.0,0.0,8.93,0,268,0,24,24,49,49,73,73,97,97,122,122,146,146,171,171,195,195,219,219,244,244,268,,,,,,,,,,,,,,,,,,,,,,,,,,,,,,,,,,,,,,,,,,,,,,,,,,,,,,,,,,,,,,,,,,,,,,,,,,,,,,,,,,,,,,,,,,,,,,,,,,,,,,,,,,,,,,,,,,,,,,,,
68MR8mVHJoQ_000163_000173.mp4,12,skiing slalom,29.97,0.0,9.94,0,298,0,25,25,50,50,74,74,99,99,124,124,149,149,174,174,199,199,224,224,248,248,273,273,298,,,,,,,,,,,,,,,,,,,,,,,,,,,,,,,,,,,,,,,,,,,,,,,,,,,,,,,,,,,,,,,,,,,,,,,,,,,,,,,,,,,,,,,,,,,,,,,,,,,,,,,,,,,,,,,,,,,,,,
7F3-YVl-j9Y_000277_000287.mp4,4,skiing slalom,14.98,1.4,6.87,21,103,21,41,41,62,62,83,83,103,,,,,,,,,,,,,,,,,,,,,,,,,,,,,,,,,,,,,,,,,,,,,,,,,,,,,,,,,,,,,,,,,,,,,,,,,,,,,,,,,,,,,,,,,,,,,,,,,,,,,,,,,,,,,,,,,,,,,,,,,,,,,,,,,,,,,,
8JXw_CNo2-0_000002_000012.mp4,11,skiing slalom,25.0,0.0,10.0,0,250,0,23,23,45,45,68,68,91,91,114,114,136,136,159,159,182,182,205,205,227,227,250,,,,,,,,,,,,,,,,,,,,,,,,,,,,,,,,,,,,,,,,,,,,,,,,,,,,,,,,,,,,,,,,,,,,,,,,,,,,,,,,,,,,,,,,,,,,,,,,,,,,,,,,,,,,,,,,,,,,,,,,
89HxVV746YQ_000057_000067.mp4,4,skiing slalom,29.97,3.44,9.11,103,273,103,145,145,188,188,231,231,273,,,,,,,,,,,,,,,,,,,,,,,,,,,,,,,,,,,,,,,,,,,,,,,,,,,,,,,,,,,,,,,,,,,,,,,,,,,,,,,,,,,,,,,,,,,,,,,,,,,,,,,,,,,,,,,,,,,,,,,,,,,,,,,,,,,,,,
890WycqQvNc_000933_000943.mp4,4,skiing slalom,29.97,0.0,9.94,0,298,0,74,74,149,149,224,224,298,,,,,,,,,,,,,,,,,,,,,,,,,,,,,,,,,,,,,,,,,,,,,,,,,,,,,,,,,,,,,,,,,,,,,,,,,,,,,,,,,,,,,,,,,,,,,,,,,,,,,,,,,,,,,,,,,,,,,,,,,,,,,,,,,,,,,,
9xtW10LyXvQ_000010_000020.mp4,10,skiing slalom,29.87,0.0,7.34,0,219,0,22,22,44,44,66,66,88,88,110,110,131,131,153,153,175,175,197,197,219,,,,,,,,,,,,,,,,,,,,,,,,,,,,,,,,,,,,,,,,,,,,,,,,,,,,,,,,,,,,,,,,,,,,,,,,,,,,,,,,,,,,,,,,,,,,,,,,,,,,,,,,,,,,,,,,,,,,,,,,,,
96bPtZEqz0c_000003_000013.mp4,6,skiing slalom,25.0,0.0,10.0,0,250,0,42,42,83,83,125,125,167,167,208,208,250,,,,,,,,,,,,,,,,,,,,,,,,,,,,,,,,,,,,,,,,,,,,,,,,,,,,,,,,,,,,,,,,,,,,,,,,,,,,,,,,,,,,,,,,,,,,,,,,,,,,,,,,,,,,,,,,,,,,,,,,,,,,,,,,,,
-b6DTetUS9E_000034_000044.mp4,7,skiing slalom,25.0,3.2,10.0,80,250,80,104,104,129,129,153,153,177,177,201,201,226,226,250,,,,,,,,,,,,,,,,,,,,,,,,,,,,,,,,,,,,,,,,,,,,,,,,,,,,,,,,,,,,,,,,,,,,,,,,,,,,,,,,,,,,,,,,,,,,,,,,,,,,,,,,,,,,,,,,,,,,,,,,,,,,,,,,
-k_jyZRG4CY_000000_000010.mp4,7,skiing slalom,29.97,0.0,5.04,0,151,0,22,22,43,43,65,65,86,86,108,108,129,129,151,,,,,,,,,,,,,,,,,,,,,,,,,,,,,,,,,,,,,,,,,,,,,,,,,,,,,,,,,,,,,,,,,,,,,,,,,,,,,,,,,,,,,,,,,,,,,,,,,,,,,,,,,,,,,,,,,,,,,,,,,,,,,,,,
_XNScLGnam8_000372_000382.mp4,5,skiing slalom,59.94,0.0,9.98,0,598,0,120,120,239,239,359,359,478,478,598,,,,,,,,,,,,,,,,,,,,,,,,,,,,,,,,,,,,,,,,,,,,,,,,,,,,,,,,,,,,,,,,,,,,,,,,,,,,,,,,,,,,,,,,,,,,,,,,,,,,,,,,,,,,,,,,,,,,,,,,,,,,,,,,,,,,
AdPQjbN8a4k_000025_000035.mp4,11,skipping rope,30.0,0.0,7.73,0,232,0,21,21,42,42,63,63,84,84,105,105,127,127,148,148,169,169,190,190,211,211,232,,,,,,,,,,,,,,,,,,,,,,,,,,,,,,,,,,,,,,,,,,,,,,,,,,,,,,,,,,,,,,,,,,,,,,,,,,,,,,,,,,,,,,,,,,,,,,,,,,,,,,,,,,,,,,,,,,,,,,,,
A84weQvdqtw_000034_000044.mp4,6,skipping rope,29.83,0.0,9.99,0,298,0,50,50,99,99,149,149,199,199,248,248,298,,,,,,,,,,,,,,,,,,,,,,,,,,,,,,,,,,,,,,,,,,,,,,,,,,,,,,,,,,,,,,,,,,,,,,,,,,,,,,,,,,,,,,,,,,,,,,,,,,,,,,,,,,,,,,,,,,,,,,,,,,,,,,,,,,
CXSt6Aos0-I_000048_000058.mp4,31,skipping rope,29.97,0.0,9.98,0,299,0,10,10,19,19,29,29,39,39,48,48,58,58,68,68,77,77,87,87,96,96,106,106,116,116,125,125,135,135,145,145,154,154,164,164,174,174,183,183,193,193,203,203,212,212,222,222,231,231,241,241,251,251,260,260,270,270,280,280,289,289,299,,,,,,,,,,,,,,,,,,,,,,,,,,,,,,,,,,,,,,,,,,,,,,,,,,,,,,,,,,,,,,,,,,,,,,,,,,,,,,,,
Cdl23pNAN8M_000111_000121.mp4,21,skipping rope,25.0,0.0,10.0,0,250,0,12,12,24,24,36,36,48,48,60,60,71,71,83,83,95,95,107,107,119,119,131,131,143,143,155,155,167,167,179,179,190,190,202,202,214,214,226,226,238,238,250,,,,,,,,,,,,,,,,,,,,,,,,,,,,,,,,,,,,,,,,,,,,,,,,,,,,,,,,,,,,,,,,,,,,,,,,,,,,,,,,,,,,,,,,,,,,,,,,,,,,
C6n52jYoAoA_000021_000031.mp4,20,skipping rope,29.88,0.0,7.5,0,224,0,11,11,22,22,34,34,45,45,56,56,67,67,78,78,90,90,101,101,112,112,123,123,134,134,146,146,157,157,168,168,179,179,190,190,202,202,213,213,224,,,,,,,,,,,,,,,,,,,,,,,,,,,,,,,,,,,,,,,,,,,,,,,,,,,,,,,,,,,,,,,,,,,,,,,,,,,,,,,,,,,,,,,,,,,,,,,,,,,,,,
FFkyZgaZcEY_000022_000032.mp4,9,skipping rope,23.98,0.0,3.59,0,86,0,10,10,19,19,29,29,38,38,48,48,57,57,67,67,76,76,86,,,,,,,,,,,,,,,,,,,,,,,,,,,,,,,,,,,,,,,,,,,,,,,,,,,,,,,,,,,,,,,,,,,,,,,,,,,,,,,,,,,,,,,,,,,,,,,,,,,,,,,,,,,,,,,,,,,,,,,,,,,,
GGFmVtXYdd4_000000_000010.mp4,15,skipping rope,29.92,0.0,9.98,0,299,0,20,20,40,40,60,60,80,80,100,100,120,120,140,140,159,159,179,179,199,199,219,219,239,239,259,259,279,279,299,,,,,,,,,,,,,,,,,,,,,,,,,,,,,,,,,,,,,,,,,,,,,,,,,,,,,,,,,,,,,,,,,,,,,,,,,,,,,,,,,,,,,,,,,,,,,,,,,,,,,,,,,,,,,,,,
Gjaw9z_CYfY_000296_000306.mp4,2,skipping rope,25.0,0.0,2.28,0,57,0,28,28,57,,,,,,,,,,,,,,,,,,,,,,,,,,,,,,,,,,,,,,,,,,,,,,,,,,,,,,,,,,,,,,,,,,,,,,,,,,,,,,,,,,,,,,,,,,,,,,,,,,,,,,,,,,,,,,,,,,,,,,,,,,,,,,,,,,,,,,,,,,
HodIR-OdubY_000290_000300.mp4,11,skipping rope,25.0,0.0,10.0,0,250,0,23,23,45,45,68,68,91,91,114,114,136,136,159,159,182,182,205,205,227,227,250,,,,,,,,,,,,,,,,,,,,,,,,,,,,,,,,,,,,,,,,,,,,,,,,,,,,,,,,,,,,,,,,,,,,,,,,,,,,,,,,,,,,,,,,,,,,,,,,,,,,,,,,,,,,,,,,,,,,,,,,
H73-Y41J28U_000001_000011.mp4,21,skipping rope,29.97,0.0,9.41,0,282,0,13,13,27,27,40,40,54,54,67,67,81,81,94,94,107,107,121,121,134,134,148,148,161,161,175,175,188,188,201,201,215,215,228,228,242,242,255,255,269,269,282,,,,,,,,,,,,,,,,,,,,,,,,,,,,,,,,,,,,,,,,,,,,,,,,,,,,,,,,,,,,,,,,,,,,,,,,,,,,,,,,,,,,,,,,,,,,,,,,,,,,
I2d958U5xgc_000008_000018.mp4,6,skipping rope,30.0,1.3,5.9,39,177,39,62,62,85,85,108,108,131,131,154,154,177,,,,,,,,,,,,,,,,,,,,,,,,,,,,,,,,,,,,,,,,,,,,,,,,,,,,,,,,,,,,,,,,,,,,,,,,,,,,,,,,,,,,,,,,,,,,,,,,,,,,,,,,,,,,,,,,,,,,,,,,,,,,,,,,,,
JZTg9NA-HZk_000730_000740.mp4,13,skipping rope,25.0,0.0,8.84,0,221,0,17,17,34,34,51,51,68,68,85,85,102,102,119,119,136,136,153,153,170,170,187,187,204,204,221,,,,,,,,,,,,,,,,,,,,,,,,,,,,,,,,,,,,,,,,,,,,,,,,,,,,,,,,,,,,,,,,,,,,,,,,,,,,,,,,,,,,,,,,,,,,,,,,,,,,,,,,,,,,,,,,,,,,
J077NL55p5c_000146_000156.mp4,7,skipping rope,25.0,0.0,10.0,0,250,0,36,36,71,71,107,107,143,143,179,179,214,214,250,,,,,,,,,,,,,,,,,,,,,,,,,,,,,,,,,,,,,,,,,,,,,,,,,,,,,,,,,,,,,,,,,,,,,,,,,,,,,,,,,,,,,,,,,,,,,,,,,,,,,,,,,,,,,,,,,,,,,,,,,,,,,,,,
KcoQnHNhhrY_000013_000023.mp4,3,skipping rope,24.03,4.04,5.95,97,143,97,112,112,128,128,143,,,,,,,,,,,,,,,,,,,,,,,,,,,,,,,,,,,,,,,,,,,,,,,,,,,,,,,,,,,,,,,,,,,,,,,,,,,,,,,,,,,,,,,,,,,,,,,,,,,,,,,,,,,,,,,,,,,,,,,,,,,,,,,,,,,,,,,,
KcoQnHNhhrY_000013_000023.mp4,2,skipping rope,24.03,8.11,9.68,195,233,195,214,214,233,,,,,,,,,,,,,,,,,,,,,,,,,,,,,,,,,,,,,,,,,,,,,,,,,,,,,,,,,,,,,,,,,,,,,,,,,,,,,,,,,,,,,,,,,,,,,,,,,,,,,,,,,,,,,,,,,,,,,,,,,,,,,,,,,,,,,,,,,,
K7VW2eYyHcw_000039_000049.mp4,22,skipping rope,25.0,0.0,10.0,0,250,0,11,11,23,23,34,34,45,45,57,57,68,68,80,80,91,91,102,102,114,114,125,125,136,136,148,148,159,159,170,170,182,182,193,193,205,205,216,216,227,227,239,239,250,,,,,,,,,,,,,,,,,,,,,,,,,,,,,,,,,,,,,,,,,,,,,,,,,,,,,,,,,,,,,,,,,,,,,,,,,,,,,,,,,,,,,,,,,,,,,,,,,,
LYUg78trLvw_000099_000109.mp4,12,skipping rope,29.97,0.0,6.01,0,180,0,15,15,30,30,45,45,60,60,75,75,90,90,105,105,120,120,135,135,150,150,165,165,180,,,,,,,,,,,,,,,,,,,,,,,,,,,,,,,,,,,,,,,,,,,,,,,,,,,,,,,,,,,,,,,,,,,,,,,,,,,,,,,,,,,,,,,,,,,,,,,,,,,,,,,,,,,,,,,,,,,,,,
MGpp_EJ_hHY_000025_000035.mp4,22,skipping rope,29.97,0.0,9.94,0,298,0,14,14,27,27,41,41,54,54,68,68,81,81,95,95,108,108,122,122,135,135,149,149,163,163,176,176,190,190,203,203,217,217,230,230,244,244,257,257,271,271,284,284,298,,,,,,,,,,,,,,,,,,,,,,,,,,,,,,,,,,,,,,,,,,,,,,,,,,,,,,,,,,,,,,,,,,,,,,,,,,,,,,,,,,,,,,,,,,,,,,,,,,
MRl-pPGFR8o_000024_000034.mp4,2,skipping rope,25.0,0.0,0.96,0,24,0,12,12,24,,,,,,,,,,,,,,,,,,,,,,,,,,,,,,,,,,,,,,,,,,,,,,,,,,,,,,,,,,,,,,,,,,,,,,,,,,,,,,,,,,,,,,,,,,,,,,,,,,,,,,,,,,,,,,,,,,,,,,,,,,,,,,,,,,,,,,,,,,
MRl-pPGFR8o_000024_000034.mp4,7,skipping rope,25.0,7.36,10.0,184,250,184,193,193,203,203,212,212,222,222,231,231,241,241,250,,,,,,,,,,,,,,,,,,,,,,,,,,,,,,,,,,,,,,,,,,,,,,,,,,,,,,,,,,,,,,,,,,,,,,,,,,,,,,,,,,,,,,,,,,,,,,,,,,,,,,,,,,,,,,,,,,,,,,,,,,,,,,,,
M6KhZySGjz4_000020_000030.mp4,17,skipping rope,30.0,0.0,8.97,0,269,0,16,16,32,32,47,47,63,63,79,79,95,95,111,111,127,127,142,142,158,158,174,174,190,190,206,206,222,222,237,237,253,253,269,,,,,,,,,,,,,,,,,,,,,,,,,,,,,,,,,,,,,,,,,,,,,,,,,,,,,,,,,,,,,,,,,,,,,,,,,,,,,,,,,,,,,,,,,,,,,,,,,,,,,,,,,,,,
NHuDoWCSufw_000007_000017.mp4,5,skipping rope,29.97,6.37,8.88,191,266,191,206,206,221,221,236,236,251,251,266,,,,,,,,,,,,,,,,,,,,,,,,,,,,,,,,,,,,,,,,,,,,,,,,,,,,,,,,,,,,,,,,,,,,,,,,,,,,,,,,,,,,,,,,,,,,,,,,,,,,,,,,,,,,,,,,,,,,,,,,,,,,,,,,,,,,
NYKggbMESG4_000130_000140.mp4,12,skipping rope,25.0,1.48,9.32,37,233,37,53,53,70,70,86,86,102,102,119,119,135,135,151,151,168,168,184,184,200,200,217,217,233,,,,,,,,,,,,,,,,,,,,,,,,,,,,,,,,,,,,,,,,,,,,,,,,,,,,,,,,,,,,,,,,,,,,,,,,,,,,,,,,,,,,,,,,,,,,,,,,,,,,,,,,,,,,,,,,,,,,,,
NYKggbMESG4_000130_000140.mp4,2,skipping rope,25.0,0.0,0.84,0,21,0,10,10,21,,,,,,,,,,,,,,,,,,,,,,,,,,,,,,,,,,,,,,,,,,,,,,,,,,,,,,,,,,,,,,,,,,,,,,,,,,,,,,,,,,,,,,,,,,,,,,,,,,,,,,,,,,,,,,,,,,,,,,,,,,,,,,,,,,,,,,,,,,
N1IDxNGggR4_000000_000010.mp4,31,skipping rope,30.0,0.77,10.0,23,300,23,32,32,41,41,50,50,59,59,68,68,77,77,86,86,94,94,103,103,112,112,121,121,130,130,139,139,148,148,157,157,166,166,175,175,184,184,193,193,202,202,211,211,220,220,229,229,237,237,246,246,255,255,264,264,273,273,282,282,291,291,300,,,,,,,,,,,,,,,,,,,,,,,,,,,,,,,,,,,,,,,,,,,,,,,,,,,,,,,,,,,,,,,,,,,,,,,,,,,,,,,,
N2IQ-KU1akQ_000033_000043.mp4,11,skipping rope,29.88,0.0,5.92,0,177,0,16,16,32,32,48,48,64,64,80,80,97,97,113,113,129,129,145,145,161,161,177,,,,,,,,,,,,,,,,,,,,,,,,,,,,,,,,,,,,,,,,,,,,,,,,,,,,,,,,,,,,,,,,,,,,,,,,,,,,,,,,,,,,,,,,,,,,,,,,,,,,,,,,,,,,,,,,,,,,,,,,
OFOwqlTnzFE_000121_000131.mp4,23,skipping rope,30.0,0.0,10.0,0,300,0,13,13,26,26,39,39,52,52,65,65,78,78,91,91,104,104,117,117,130,130,143,143,157,157,170,170,183,183,196,196,209,209,222,222,235,235,248,248,261,261,274,274,287,287,300,,,,,,,,,,,,,,,,,,,,,,,,,,,,,,,,,,,,,,,,,,,,,,,,,,,,,,,,,,,,,,,,,,,,,,,,,,,,,,,,,,,,,,,,,,,,,,,,
PaQMCSuKoPY_000008_000018.mp4,20,skipping rope,30.0,2.6,10.0,78,300,78,89,89,100,100,111,111,122,122,134,134,145,145,156,156,167,167,178,178,189,189,200,200,211,211,222,222,233,233,244,244,256,256,267,267,278,278,289,289,300,,,,,,,,,,,,,,,,,,,,,,,,,,,,,,,,,,,,,,,,,,,,,,,,,,,,,,,,,,,,,,,,,,,,,,,,,,,,,,,,,,,,,,,,,,,,,,,,,,,,,,
PaQMCSuKoPY_000008_000018.mp4,4,skipping rope,30.0,0.0,1.73,0,52,0,13,13,26,26,39,39,52,,,,,,,,,,,,,,,,,,,,,,,,,,,,,,,,,,,,,,,,,,,,,,,,,,,,,,,,,,,,,,,,,,,,,,,,,,,,,,,,,,,,,,,,,,,,,,,,,,,,,,,,,,,,,,,,,,,,,,,,,,,,,,,,,,,,,,
PhyL4fjZhKY_000170_000180.mp4,19,skipping rope,29.97,0.4,5.97,12,179,12,21,21,30,30,38,38,47,47,56,56,65,65,74,74,82,82,91,91,100,100,109,109,117,117,126,126,135,135,144,144,153,153,161,161,170,170,179,,,,,,,,,,,,,,,,,,,,,,,,,,,,,,,,,,,,,,,,,,,,,,,,,,,,,,,,,,,,,,,,,,,,,,,,,,,,,,,,,,,,,,,,,,,,,,,,,,,,,,,,
PhyL4fjZhKY_000170_000180.mp4,2,skipping rope,29.97,7.57,8.11,227,243,227,235,235,243,,,,,,,,,,,,,,,,,,,,,,,,,,,,,,,,,,,,,,,,,,,,,,,,,,,,,,,,,,,,,,,,,,,,,,,,,,,,,,,,,,,,,,,,,,,,,,,,,,,,,,,,,,,,,,,,,,,,,,,,,,,,,,,,,,,,,,,,,,
PhyL4fjZhKY_000170_000180.mp4,3,skipping rope,29.97,8.99,9.98,269,299,269,279,279,289,289,299,,,,,,,,,,,,,,,,,,,,,,,,,,,,,,,,,,,,,,,,,,,,,,,,,,,,,,,,,,,,,,,,,,,,,,,,,,,,,,,,,,,,,,,,,,,,,,,,,,,,,,,,,,,,,,,,,,,,,,,,,,,,,,,,,,,,,,,,
Pujmt2p77hE_000001_000011.mp4,29,skipping rope,29.97,0.0,10.0,0,300,0,10,10,21,21,31,31,41,41,52,52,62,62,72,72,83,83,93,93,103,103,114,114,124,124,134,134,145,145,155,155,166,166,176,176,186,186,197,197,207,207,217,217,228,228,238,238,248,248,259,259,269,269,279,279,290,290,300,,,,,,,,,,,,,,,,,,,,,,,,,,,,,,,,,,,,,,,,,,,,,,,,,,,,,,,,,,,,,,,,,,,,,,,,,,,,,,,,,,,,
P6noOd9ery8_000016_000026.mp4,23,skipping rope,29.97,0.0,9.98,0,299,0,13,13,26,26,39,39,52,52,65,65,78,78,91,91,104,104,117,117,130,130,143,143,156,156,169,169,182,182,195,195,208,208,221,221,234,234,247,247,260,260,273,273,286,286,299,,,,,,,,,,,,,,,,,,,,,,,,,,,,,,,,,,,,,,,,,,,,,,,,,,,,,,,,,,,,,,,,,,,,,,,,,,,,,,,,,,,,,,,,,,,,,,,,
QwnEXRwaDJc_000158_000168.mp4,14,skipping rope,25.0,0.0,10.0,0,250,0,18,18,36,36,54,54,71,71,89,89,107,107,125,125,143,143,161,161,179,179,196,196,214,214,232,232,250,,,,,,,,,,,,,,,,,,,,,,,,,,,,,,,,,,,,,,,,,,,,,,,,,,,,,,,,,,,,,,,,,,,,,,,,,,,,,,,,,,,,,,,,,,,,,,,,,,,,,,,,,,,,,,,,,,
Q9GkodBPCFU_000072_000082.mp4,8,skipping rope,25.0,0.0,6.38,0,160,0,20,20,40,40,60,60,80,80,100,100,120,120,140,140,160,,,,,,,,,,,,,,,,,,,,,,,,,,,,,,,,,,,,,,,,,,,,,,,,,,,,,,,,,,,,,,,,,,,,,,,,,,,,,,,,,,,,,,,,,,,,,,,,,,,,,,,,,,,,,,,,,,,,,,,,,,,,,,
RgMta4Q87bw_000000_000010.mp4,4,skipping rope,29.97,1.17,2.62,35,79,35,46,46,57,57,68,68,79,,,,,,,,,,,,,,,,,,,,,,,,,,,,,,,,,,,,,,,,,,,,,,,,,,,,,,,,,,,,,,,,,,,,,,,,,,,,,,,,,,,,,,,,,,,,,,,,,,,,,,,,,,,,,,,,,,,,,,,,,,,,,,,,,,,,,,
R6gdboq-_BE_000021_000031.mp4,4,skipping rope,24.97,0.0,2.08,0,52,0,13,13,26,26,39,39,52,,,,,,,,,,,,,,,,,,,,,,,,,,,,,,,,,,,,,,,,,,,,,,,,,,,,,,,,,,,,,,,,,,,,,,,,,,,,,,,,,,,,,,,,,,,,,,,,,,,,,,,,,,,,,,,,,,,,,,,,,,,,,,,,,,,,,,
R6gdboq-_BE_000021_000031.mp4,2,skipping rope,24.97,2.46,4.8,61,120,61,91,91,120,,,,,,,,,,,,,,,,,,,,,,,,,,,,,,,,,,,,,,,,,,,,,,,,,,,,,,,,,,,,,,,,,,,,,,,,,,,,,,,,,,,,,,,,,,,,,,,,,,,,,,,,,,,,,,,,,,,,,,,,,,,,,,,,,,,,,,,,,,
R6gdboq-_BE_000021_000031.mp4,9,skipping rope,24.97,6.56,10.0,164,250,164,174,174,183,183,193,193,202,202,212,212,221,221,231,231,240,240,250,,,,,,,,,,,,,,,,,,,,,,,,,,,,,,,,,,,,,,,,,,,,,,,,,,,,,,,,,,,,,,,,,,,,,,,,,,,,,,,,,,,,,,,,,,,,,,,,,,,,,,,,,,,,,,,,,,,,,,,,,,,,
SBQ8ymvWbz8_000009_000019.mp4,22,skipping rope,29.97,0.13,9.31,4,279,4,16,16,29,29,42,42,54,54,66,66,79,79,92,92,104,104,116,116,129,129,142,142,154,154,166,166,179,179,192,192,204,204,216,216,229,229,242,242,254,254,266,266,279,,,,,,,,,,,,,,,,,,,,,,,,,,,,,,,,,,,,,,,,,,,,,,,,,,,,,,,,,,,,,,,,,,,,,,,,,,,,,,,,,,,,,,,,,,,,,,,,,,
S5wBJ1RRDSk_000006_000016.mp4,14,skipping rope,29.97,0.0,5.07,0,152,0,11,11,22,22,33,33,43,43,54,54,65,65,76,76,87,87,98,98,109,109,119,119,130,130,141,141,152,,,,,,,,,,,,,,,,,,,,,,,,,,,,,,,,,,,,,,,,,,,,,,,,,,,,,,,,,,,,,,,,,,,,,,,,,,,,,,,,,,,,,,,,,,,,,,,,,,,,,,,,,,,,,,,,,,
Tumz6yea5Gc_000167_000177.mp4,20,skipping rope,29.97,0.0,4.8,0,144,0,7,7,14,14,22,22,29,29,36,36,43,43,50,50,58,58,65,65,72,72,79,79,86,86,94,94,101,101,108,108,115,115,122,122,130,130,137,137,144,,,,,,,,,,,,,,,,,,,,,,,,,,,,,,,,,,,,,,,,,,,,,,,,,,,,,,,,,,,,,,,,,,,,,,,,,,,,,,,,,,,,,,,,,,,,,,,,,,,,,,
Tumz6yea5Gc_000167_000177.mp4,2,skipping rope,29.97,9.32,10.0,279,300,279,289,289,300,,,,,,,,,,,,,,,,,,,,,,,,,,,,,,,,,,,,,,,,,,,,,,,,,,,,,,,,,,,,,,,,,,,,,,,,,,,,,,,,,,,,,,,,,,,,,,,,,,,,,,,,,,,,,,,,,,,,,,,,,,,,,,,,,,,,,,,,,,
T4UcOxaNBBU_000050_000060.mp4,25,skipping rope,25.0,0.0,10.0,0,250,0,10,10,20,20,30,30,40,40,50,50,60,60,70,70,80,80,90,90,100,100,110,110,120,120,130,130,140,140,150,150,160,160,170,170,180,180,190,190,200,200,210,210,220,220,230,230,240,240,250,,,,,,,,,,,,,,,,,,,,,,,,,,,,,,,,,,,,,,,,,,,,,,,,,,,,,,,,,,,,,,,,,,,,,,,,,,,,,,,,,,,,,,,,,,,,
W2AUNgmYWQY_000127_000137.mp4,6,skipping rope,26.92,0.0,6.9,0,186,0,31,31,62,62,93,93,124,124,155,155,186,,,,,,,,,,,,,,,,,,,,,,,,,,,,,,,,,,,,,,,,,,,,,,,,,,,,,,,,,,,,,,,,,,,,,,,,,,,,,,,,,,,,,,,,,,,,,,,,,,,,,,,,,,,,,,,,,,,,,,,,,,,,,,,,,,
W9i0s98dZf0_000020_000030.mp4,14,skipping rope,25.0,0.0,6.56,0,164,0,12,12,23,23,35,35,47,47,59,59,70,70,82,82,94,94,105,105,117,117,129,129,141,141,152,152,164,,,,,,,,,,,,,,,,,,,,,,,,,,,,,,,,,,,,,,,,,,,,,,,,,,,,,,,,,,,,,,,,,,,,,,,,,,,,,,,,,,,,,,,,,,,,,,,,,,,,,,,,,,,,,,,,,,
ZByXTN9esrI_000018_000028.mp4,2,skipping rope,30.0,1.27,3.77,38,113,38,76,76,113,,,,,,,,,,,,,,,,,,,,,,,,,,,,,,,,,,,,,,,,,,,,,,,,,,,,,,,,,,,,,,,,,,,,,,,,,,,,,,,,,,,,,,,,,,,,,,,,,,,,,,,,,,,,,,,,,,,,,,,,,,,,,,,,,,,,,,,,,,
Z58rMOT7pEE_000004_000014.mp4,2,skipping rope,29.97,0.0,1.43,0,43,0,22,22,43,,,,,,,,,,,,,,,,,,,,,,,,,,,,,,,,,,,,,,,,,,,,,,,,,,,,,,,,,,,,,,,,,,,,,,,,,,,,,,,,,,,,,,,,,,,,,,,,,,,,,,,,,,,,,,,,,,,,,,,,,,,,,,,,,,,,,,,,,,
bY-4XBIGiwI_000089_000099.mp4,5,skipping rope,25.0,0.0,1.96,0,49,0,10,10,20,20,29,29,39,39,49,,,,,,,,,,,,,,,,,,,,,,,,,,,,,,,,,,,,,,,,,,,,,,,,,,,,,,,,,,,,,,,,,,,,,,,,,,,,,,,,,,,,,,,,,,,,,,,,,,,,,,,,,,,,,,,,,,,,,,,,,,,,,,,,,,,,
bY-4XBIGiwI_000089_000099.mp4,2,skipping rope,25.0,3.78,4.86,94,122,94,108,108,122,,,,,,,,,,,,,,,,,,,,,,,,,,,,,,,,,,,,,,,,,,,,,,,,,,,,,,,,,,,,,,,,,,,,,,,,,,,,,,,,,,,,,,,,,,,,,,,,,,,,,,,,,,,,,,,,,,,,,,,,,,,,,,,,,,,,,,,,,,
bdD2sPvwLGg_000000_000010.mp4,8,skipping rope,24.0,0.0,4.17,0,100,0,12,12,25,25,38,38,50,50,62,62,75,75,88,88,100,,,,,,,,,,,,,,,,,,,,,,,,,,,,,,,,,,,,,,,,,,,,,,,,,,,,,,,,,,,,,,,,,,,,,,,,,,,,,,,,,,,,,,,,,,,,,,,,,,,,,,,,,,,,,,,,,,,,,,,,,,,,,,
cbGbO4BiQ8Y_000620_000630.mp4,4,skipping rope,25.0,0.0,6.8,0,170,0,42,42,85,85,128,128,170,,,,,,,,,,,,,,,,,,,,,,,,,,,,,,,,,,,,,,,,,,,,,,,,,,,,,,,,,,,,,,,,,,,,,,,,,,,,,,,,,,,,,,,,,,,,,,,,,,,,,,,,,,,,,,,,,,,,,,,,,,,,,,,,,,,,,,
dSF2i1OQtMc_000087_000097.mp4,6,skipping rope,29.97,0.0,3.07,0,92,0,15,15,31,31,46,46,61,61,77,77,92,,,,,,,,,,,,,,,,,,,,,,,,,,,,,,,,,,,,,,,,,,,,,,,,,,,,,,,,,,,,,,,,,,,,,,,,,,,,,,,,,,,,,,,,,,,,,,,,,,,,,,,,,,,,,,,,,,,,,,,,,,,,,,,,,,
dSF2i1OQtMc_000087_000097.mp4,10,skipping rope,29.97,4.54,9.98,136,299,136,152,152,169,169,185,185,201,201,218,218,234,234,250,250,266,266,283,283,299,,,,,,,,,,,,,,,,,,,,,,,,,,,,,,,,,,,,,,,,,,,,,,,,,,,,,,,,,,,,,,,,,,,,,,,,,,,,,,,,,,,,,,,,,,,,,,,,,,,,,,,,,,,,,,,,,,,,,,,,,,
dg8_9piDoIw_000007_000017.mp4,31,skipping rope,29.97,0.0,9.98,0,299,0,10,10,19,19,29,29,39,39,48,48,58,58,68,68,77,77,87,87,96,96,106,106,116,116,125,125,135,135,145,145,154,154,164,164,174,174,183,183,193,193,203,203,212,212,222,222,231,231,241,241,251,251,260,260,270,270,280,280,289,289,299,,,,,,,,,,,,,,,,,,,,,,,,,,,,,,,,,,,,,,,,,,,,,,,,,,,,,,,,,,,,,,,,,,,,,,,,,,,,,,,,
dha_i72Jhbk_000250_000260.mp4,3,skipping rope,29.97,0.0,2.2,0,66,0,22,22,44,44,66,,,,,,,,,,,,,,,,,,,,,,,,,,,,,,,,,,,,,,,,,,,,,,,,,,,,,,,,,,,,,,,,,,,,,,,,,,,,,,,,,,,,,,,,,,,,,,,,,,,,,,,,,,,,,,,,,,,,,,,,,,,,,,,,,,,,,,,,
g9eLZST0FjM_000027_000037.mp4,5,skipping rope,29.0,0.0,2.66,0,77,0,15,15,31,31,46,46,62,62,77,,,,,,,,,,,,,,,,,,,,,,,,,,,,,,,,,,,,,,,,,,,,,,,,,,,,,,,,,,,,,,,,,,,,,,,,,,,,,,,,,,,,,,,,,,,,,,,,,,,,,,,,,,,,,,,,,,,,,,,,,,,,,,,,,,,,
g9eLZST0FjM_000027_000037.mp4,2,skipping rope,29.0,5.41,7.03,157,204,157,181,181,204,,,,,,,,,,,,,,,,,,,,,,,,,,,,,,,,,,,,,,,,,,,,,,,,,,,,,,,,,,,,,,,,,,,,,,,,,,,,,,,,,,,,,,,,,,,,,,,,,,,,,,,,,,,,,,,,,,,,,,,,,,,,,,,,,,,,,,,,,,
inv9GmZ7VyI_000214_000224.mp4,8,skipping rope,30.0,1.28,8.25,38,248,38,64,64,90,90,117,117,143,143,169,169,196,196,222,222,248,,,,,,,,,,,,,,,,,,,,,,,,,,,,,,,,,,,,,,,,,,,,,,,,,,,,,,,,,,,,,,,,,,,,,,,,,,,,,,,,,,,,,,,,,,,,,,,,,,,,,,,,,,,,,,,,,,,,,,,,,,,,,,
jdPAE2YjRmk_000010_000020.mp4,8,skipping rope,30.0,6.33,10.0,190,300,190,204,204,218,218,231,231,245,245,259,259,272,272,286,286,300,,,,,,,,,,,,,,,,,,,,,,,,,,,,,,,,,,,,,,,,,,,,,,,,,,,,,,,,,,,,,,,,,,,,,,,,,,,,,,,,,,,,,,,,,,,,,,,,,,,,,,,,,,,,,,,,,,,,,,,,,,,,,,
jmPV_y8YntQ_000089_000099.mp4,10,skipping rope,29.97,0.0,1.96,0,59,0,6,6,12,12,18,18,24,24,30,30,35,35,41,41,47,47,53,53,59,,,,,,,,,,,,,,,,,,,,,,,,,,,,,,,,,,,,,,,,,,,,,,,,,,,,,,,,,,,,,,,,,,,,,,,,,,,,,,,,,,,,,,,,,,,,,,,,,,,,,,,,,,,,,,,,,,,,,,,,,,
jmPV_y8YntQ_000089_000099.mp4,27,skipping rope,29.97,2.52,9.52,76,285,76,84,84,91,91,99,99,107,107,115,115,122,122,130,130,138,138,146,146,153,153,161,161,169,169,177,177,184,184,192,192,200,200,208,208,215,215,223,223,231,231,239,239,246,246,254,254,262,262,270,270,277,277,285,,,,,,,,,,,,,,,,,,,,,,,,,,,,,,,,,,,,,,,,,,,,,,,,,,,,,,,,,,,,,,,,,,,,,,,,,,,,,,,,,,,,,,,,
kw4QuPjpclo_000005_000015.mp4,18,skipping rope,30.0,4.63,10.0,139,300,139,148,148,157,157,166,166,175,175,184,184,193,193,202,202,211,211,219,219,228,228,237,237,246,246,255,255,264,264,273,273,282,282,291,291,300,,,,,,,,,,,,,,,,,,,,,,,,,,,,,,,,,,,,,,,,,,,,,,,,,,,,,,,,,,,,,,,,,,,,,,,,,,,,,,,,,,,,,,,,,,,,,,,,,,,,,,,,,,
kw4QuPjpclo_000005_000015.mp4,2,skipping rope,30.0,0.67,1.35,20,40,20,30,30,40,,,,,,,,,,,,,,,,,,,,,,,,,,,,,,,,,,,,,,,,,,,,,,,,,,,,,,,,,,,,,,,,,,,,,,,,,,,,,,,,,,,,,,,,,,,,,,,,,,,,,,,,,,,,,,,,,,,,,,,,,,,,,,,,,,,,,,,,,,
kw4QuPjpclo_000005_000015.mp4,2,skipping rope,30.0,2.02,2.6,61,78,61,69,69,78,,,,,,,,,,,,,,,,,,,,,,,,,,,,,,,,,,,,,,,,,,,,,,,,,,,,,,,,,,,,,,,,,,,,,,,,,,,,,,,,,,,,,,,,,,,,,,,,,,,,,,,,,,,,,,,,,,,,,,,,,,,,,,,,,,,,,,,,,,
kw4QuPjpclo_000005_000015.mp4,2,skipping rope,30.0,3.25,3.97,98,119,98,108,108,119,,,,,,,,,,,,,,,,,,,,,,,,,,,,,,,,,,,,,,,,,,,,,,,,,,,,,,,,,,,,,,,,,,,,,,,,,,,,,,,,,,,,,,,,,,,,,,,,,,,,,,,,,,,,,,,,,,,,,,,,,,,,,,,,,,,,,,,,,,
k53r76fNhhw_000068_000078.mp4,2,skipping rope,30.0,3.82,5.95,115,178,115,147,147,178,,,,,,,,,,,,,,,,,,,,,,,,,,,,,,,,,,,,,,,,,,,,,,,,,,,,,,,,,,,,,,,,,,,,,,,,,,,,,,,,,,,,,,,,,,,,,,,,,,,,,,,,,,,,,,,,,,,,,,,,,,,,,,,,,,,,,,,,,,
lI6h3H4Zs98_000079_000089.mp4,3,skipping rope,25.0,5.16,7.48,129,187,129,148,148,168,168,187,,,,,,,,,,,,,,,,,,,,,,,,,,,,,,,,,,,,,,,,,,,,,,,,,,,,,,,,,,,,,,,,,,,,,,,,,,,,,,,,,,,,,,,,,,,,,,,,,,,,,,,,,,,,,,,,,,,,,,,,,,,,,,,,,,,,,,,,
lXriayRePF0_000016_000026.mp4,15,skipping rope,24.98,0.0,10.0,0,250,0,17,17,33,33,50,50,67,67,83,83,100,100,117,117,133,133,150,150,167,167,183,183,200,200,217,217,233,233,250,,,,,,,,,,,,,,,,,,,,,,,,,,,,,,,,,,,,,,,,,,,,,,,,,,,,,,,,,,,,,,,,,,,,,,,,,,,,,,,,,,,,,,,,,,,,,,,,,,,,,,,,,,,,,,,,
ln9NeisDnFU_000116_000126.mp4,32,skipping rope,29.97,0.0,9.98,0,299,0,9,9,19,19,28,28,37,37,47,47,56,56,65,65,75,75,84,84,93,93,103,103,112,112,121,121,131,131,140,140,150,150,159,159,168,168,178,178,187,187,196,196,206,206,215,215,224,224,234,234,243,243,252,252,262,262,271,271,280,280,290,290,299,,,,,,,,,,,,,,,,,,,,,,,,,,,,,,,,,,,,,,,,,,,,,,,,,,,,,,,,,,,,,,,,,,,,,,,,,,,,,,
na5Xe_BpSxc_000105_000115.mp4,2,skipping rope,25.0,8.84,10.0,221,250,221,235,235,250,,,,,,,,,,,,,,,,,,,,,,,,,,,,,,,,,,,,,,,,,,,,,,,,,,,,,,,,,,,,,,,,,,,,,,,,,,,,,,,,,,,,,,,,,,,,,,,,,,,,,,,,,,,,,,,,,,,,,,,,,,,,,,,,,,,,,,,,,,
oNYGQLoFx_w_000000_000010.mp4,18,skipping rope,29.97,0.0,10.0,0,300,0,17,17,33,33,50,50,67,67,83,83,100,100,117,117,133,133,150,150,167,167,183,183,200,200,217,217,233,233,250,250,267,267,283,283,300,,,,,,,,,,,,,,,,,,,,,,,,,,,,,,,,,,,,,,,,,,,,,,,,,,,,,,,,,,,,,,,,,,,,,,,,,,,,,,,,,,,,,,,,,,,,,,,,,,,,,,,,,,
o5FMDUscVQk_000036_000046.mp4,2,skipping rope,30.0,0.0,6.67,0,200,0,100,100,200,,,,,,,,,,,,,,,,,,,,,,,,,,,,,,,,,,,,,,,,,,,,,,,,,,,,,,,,,,,,,,,,,,,,,,,,,,,,,,,,,,,,,,,,,,,,,,,,,,,,,,,,,,,,,,,,,,,,,,,,,,,,,,,,,,,,,,,,,,
pCPakeA96wI_000014_000024.mp4,9,skipping rope,23.98,0.0,6.67,0,160,0,18,18,36,36,53,53,71,71,89,89,107,107,124,124,142,142,160,,,,,,,,,,,,,,,,,,,,,,,,,,,,,,,,,,,,,,,,,,,,,,,,,,,,,,,,,,,,,,,,,,,,,,,,,,,,,,,,,,,,,,,,,,,,,,,,,,,,,,,,,,,,,,,,,,,,,,,,,,,,
pCPakeA96wI_000014_000024.mp4,4,skipping rope,23.98,6.72,9.47,161,227,161,177,177,194,194,211,211,227,,,,,,,,,,,,,,,,,,,,,,,,,,,,,,,,,,,,,,,,,,,,,,,,,,,,,,,,,,,,,,,,,,,,,,,,,,,,,,,,,,,,,,,,,,,,,,,,,,,,,,,,,,,,,,,,,,,,,,,,,,,,,,,,,,,,,,
pPp5vWYgW3M_000135_000145.mp4,4,skipping rope,25.0,0.0,2.4,0,60,0,15,15,30,30,45,45,60,,,,,,,,,,,,,,,,,,,,,,,,,,,,,,,,,,,,,,,,,,,,,,,,,,,,,,,,,,,,,,,,,,,,,,,,,,,,,,,,,,,,,,,,,,,,,,,,,,,,,,,,,,,,,,,,,,,,,,,,,,,,,,,,,,,,,,
pf8umq-Na28_000030_000040.mp4,27,skipping rope,29.97,0.0,9.94,0,298,0,11,11,22,22,33,33,44,44,55,55,66,66,77,77,88,88,99,99,110,110,121,121,132,132,143,143,155,155,166,166,177,177,188,188,199,199,210,210,221,221,232,232,243,243,254,254,265,265,276,276,287,287,298,,,,,,,,,,,,,,,,,,,,,,,,,,,,,,,,,,,,,,,,,,,,,,,,,,,,,,,,,,,,,,,,,,,,,,,,,,,,,,,,,,,,,,,,
qhv2CMozNP8_000000_000010.mp4,7,skipping rope,30.0,5.0,10.0,150,300,150,171,171,193,193,214,214,236,236,257,257,279,279,300,,,,,,,,,,,,,,,,,,,,,,,,,,,,,,,,,,,,,,,,,,,,,,,,,,,,,,,,,,,,,,,,,,,,,,,,,,,,,,,,,,,,,,,,,,,,,,,,,,,,,,,,,,,,,,,,,,,,,,,,,,,,,,,,
sBDrp6L_-t8_000063_000073.mp4,11,skipping rope,30.0,3.3,10.0,99,300,99,117,117,136,136,154,154,172,172,190,190,209,209,227,227,245,245,263,263,282,282,300,,,,,,,,,,,,,,,,,,,,,,,,,,,,,,,,,,,,,,,,,,,,,,,,,,,,,,,,,,,,,,,,,,,,,,,,,,,,,,,,,,,,,,,,,,,,,,,,,,,,,,,,,,,,,,,,,,,,,,,,
s5gt_tUS4cs_000006_000016.mp4,10,skipping rope,29.97,0.0,8.81,0,264,0,26,26,53,53,79,79,106,106,132,132,158,158,185,185,211,211,238,238,264,,,,,,,,,,,,,,,,,,,,,,,,,,,,,,,,,,,,,,,,,,,,,,,,,,,,,,,,,,,,,,,,,,,,,,,,,,,,,,,,,,,,,,,,,,,,,,,,,,,,,,,,,,,,,,,,,,,,,,,,,,
t2LETxjx21w_000052_000062.mp4,3,skipping rope,30.0,0.0,2.07,0,62,0,21,21,41,41,62,,,,,,,,,,,,,,,,,,,,,,,,,,,,,,,,,,,,,,,,,,,,,,,,,,,,,,,,,,,,,,,,,,,,,,,,,,,,,,,,,,,,,,,,,,,,,,,,,,,,,,,,,,,,,,,,,,,,,,,,,,,,,,,,,,,,,,,,
uGCB1zQGXwQ_000004_000014.mp4,11,skipping rope,25.0,0.0,4.32,0,108,0,10,10,20,20,29,29,39,39,49,49,59,59,69,69,79,79,88,88,98,98,108,,,,,,,,,,,,,,,,,,,,,,,,,,,,,,,,,,,,,,,,,,,,,,,,,,,,,,,,,,,,,,,,,,,,,,,,,,,,,,,,,,,,,,,,,,,,,,,,,,,,,,,,,,,,,,,,,,,,,,,,
uGCB1zQGXwQ_000004_000014.mp4,13,skipping rope,25.0,6.56,10.0,164,250,164,171,171,177,177,184,184,190,190,197,197,204,204,210,210,217,217,224,224,230,230,237,237,243,243,250,,,,,,,,,,,,,,,,,,,,,,,,,,,,,,,,,,,,,,,,,,,,,,,,,,,,,,,,,,,,,,,,,,,,,,,,,,,,,,,,,,,,,,,,,,,,,,,,,,,,,,,,,,,,,,,,,,,,
u6S4RfsOqTU_000028_000038.mp4,13,skipping rope,29.97,0.0,9.44,0,283,0,22,22,44,44,65,65,87,87,109,109,131,131,152,152,174,174,196,196,218,218,239,239,261,261,283,,,,,,,,,,,,,,,,,,,,,,,,,,,,,,,,,,,,,,,,,,,,,,,,,,,,,,,,,,,,,,,,,,,,,,,,,,,,,,,,,,,,,,,,,,,,,,,,,,,,,,,,,,,,,,,,,,,,
vNTG1KPYYiM_000138_000148.mp4,6,skipping rope,25.0,7.2,9.96,180,249,180,192,192,203,203,214,214,226,226,238,238,249,,,,,,,,,,,,,,,,,,,,,,,,,,,,,,,,,,,,,,,,,,,,,,,,,,,,,,,,,,,,,,,,,,,,,,,,,,,,,,,,,,,,,,,,,,,,,,,,,,,,,,,,,,,,,,,,,,,,,,,,,,,,,,,,,,
v4mLWY_6PII_000015_000025.mp4,8,skipping rope,30.0,0.0,5.5,0,165,0,21,21,41,41,62,62,82,82,103,103,124,124,144,144,165,,,,,,,,,,,,,,,,,,,,,,,,,,,,,,,,,,,,,,,,,,,,,,,,,,,,,,,,,,,,,,,,,,,,,,,,,,,,,,,,,,,,,,,,,,,,,,,,,,,,,,,,,,,,,,,,,,,,,,,,,,,,,,
x3l770QRGsQ_000027_000037.mp4,17,skipping rope,29.97,0.0,5.11,0,153,0,9,9,18,18,27,27,36,36,45,45,54,54,63,63,72,72,81,81,90,90,99,99,108,108,117,117,126,126,135,135,144,144,153,,,,,,,,,,,,,,,,,,,,,,,,,,,,,,,,,,,,,,,,,,,,,,,,,,,,,,,,,,,,,,,,,,,,,,,,,,,,,,,,,,,,,,,,,,,,,,,,,,,,,,,,,,,,
0FyPS-tKu7Q_000000_000010.mp4,19,skipping rope,30.0,0.77,10.0,23,300,23,38,38,52,52,67,67,81,81,96,96,110,110,125,125,140,140,154,154,169,169,183,183,198,198,213,213,227,227,242,242,256,256,271,271,285,285,300,,,,,,,,,,,,,,,,,,,,,,,,,,,,,,,,,,,,,,,,,,,,,,,,,,,,,,,,,,,,,,,,,,,,,,,,,,,,,,,,,,,,,,,,,,,,,,,,,,,,,,,,
08AuoY5cbgg_000410_000420.mp4,32,skipping rope,29.97,0.0,9.81,0,294,0,9,9,18,18,28,28,37,37,46,46,55,55,64,64,74,74,83,83,92,92,101,101,110,110,119,119,129,129,138,138,147,147,156,156,165,165,175,175,184,184,193,193,202,202,211,211,220,220,230,230,239,239,248,248,257,257,266,266,276,276,285,285,294,,,,,,,,,,,,,,,,,,,,,,,,,,,,,,,,,,,,,,,,,,,,,,,,,,,,,,,,,,,,,,,,,,,,,,,,,,,,,,
1DTS-lRWuM4_000006_000016.mp4,2,skipping rope,30.0,9.1,10.0,273,300,273,287,287,300,,,,,,,,,,,,,,,,,,,,,,,,,,,,,,,,,,,,,,,,,,,,,,,,,,,,,,,,,,,,,,,,,,,,,,,,,,,,,,,,,,,,,,,,,,,,,,,,,,,,,,,,,,,,,,,,,,,,,,,,,,,,,,,,,,,,,,,,,,
1NIDUPARiFk_000045_000055.mp4,3,skipping rope,29.97,0.0,2.09,0,63,0,21,21,42,42,63,,,,,,,,,,,,,,,,,,,,,,,,,,,,,,,,,,,,,,,,,,,,,,,,,,,,,,,,,,,,,,,,,,,,,,,,,,,,,,,,,,,,,,,,,,,,,,,,,,,,,,,,,,,,,,,,,,,,,,,,,,,,,,,,,,,,,,,,
10PTfhIsIkA_000000_000010.mp4,6,skipping rope,30.0,1.87,5.0,56,150,56,72,72,87,87,103,103,119,119,134,134,150,,,,,,,,,,,,,,,,,,,,,,,,,,,,,,,,,,,,,,,,,,,,,,,,,,,,,,,,,,,,,,,,,,,,,,,,,,,,,,,,,,,,,,,,,,,,,,,,,,,,,,,,,,,,,,,,,,,,,,,,,,,,,,,,,,
2SuxkBT61co_000016_000026.mp4,22,skipping rope,29.9,0.0,9.09,0,272,0,12,12,25,25,37,37,49,49,62,62,74,74,87,87,99,99,111,111,124,124,136,136,148,148,161,161,173,173,185,185,198,198,210,210,223,223,235,235,247,247,260,260,272,,,,,,,,,,,,,,,,,,,,,,,,,,,,,,,,,,,,,,,,,,,,,,,,,,,,,,,,,,,,,,,,,,,,,,,,,,,,,,,,,,,,,,,,,,,,,,,,,,
2eWAIa0D3Ls_000008_000018.mp4,16,skipping rope,30.0,0.0,9.07,0,272,0,17,17,34,34,51,51,68,68,85,85,102,102,119,119,136,136,153,153,170,170,187,187,204,204,221,221,238,238,255,255,272,,,,,,,,,,,,,,,,,,,,,,,,,,,,,,,,,,,,,,,,,,,,,,,,,,,,,,,,,,,,,,,,,,,,,,,,,,,,,,,,,,,,,,,,,,,,,,,,,,,,,,,,,,,,,,
23WY0pcM_Z0_000003_000013.mp4,7,skipping rope,29.97,0.0,7.37,0,221,0,32,32,63,63,95,95,126,126,158,158,189,189,221,,,,,,,,,,,,,,,,,,,,,,,,,,,,,,,,,,,,,,,,,,,,,,,,,,,,,,,,,,,,,,,,,,,,,,,,,,,,,,,,,,,,,,,,,,,,,,,,,,,,,,,,,,,,,,,,,,,,,,,,,,,,,,,,
3b4q6_44RwM_000091_000101.mp4,6,skipping rope,25.0,0.0,3.04,0,76,0,13,13,25,25,38,38,51,51,63,63,76,,,,,,,,,,,,,,,,,,,,,,,,,,,,,,,,,,,,,,,,,,,,,,,,,,,,,,,,,,,,,,,,,,,,,,,,,,,,,,,,,,,,,,,,,,,,,,,,,,,,,,,,,,,,,,,,,,,,,,,,,,,,,,,,,,
3b4q6_44RwM_000091_000101.mp4,2,skipping rope,25.0,7.08,10.0,177,250,177,213,213,250,,,,,,,,,,,,,,,,,,,,,,,,,,,,,,,,,,,,,,,,,,,,,,,,,,,,,,,,,,,,,,,,,,,,,,,,,,,,,,,,,,,,,,,,,,,,,,,,,,,,,,,,,,,,,,,,,,,,,,,,,,,,,,,,,,,,,,,,,,
4d54ERSroPE_000009_000019.mp4,2,skipping rope,30.0,0.6,1.1,18,33,18,26,26,33,,,,,,,,,,,,,,,,,,,,,,,,,,,,,,,,,,,,,,,,,,,,,,,,,,,,,,,,,,,,,,,,,,,,,,,,,,,,,,,,,,,,,,,,,,,,,,,,,,,,,,,,,,,,,,,,,,,,,,,,,,,,,,,,,,,,,,,,,,
4d54ERSroPE_000009_000019.mp4,2,skipping rope,30.0,3.03,3.57,91,107,91,99,99,107,,,,,,,,,,,,,,,,,,,,,,,,,,,,,,,,,,,,,,,,,,,,,,,,,,,,,,,,,,,,,,,,,,,,,,,,,,,,,,,,,,,,,,,,,,,,,,,,,,,,,,,,,,,,,,,,,,,,,,,,,,,,,,,,,,,,,,,,,,
4d54ERSroPE_000009_000019.mp4,2,skipping rope,30.0,4.12,4.67,124,140,124,132,132,140,,,,,,,,,,,,,,,,,,,,,,,,,,,,,,,,,,,,,,,,,,,,,,,,,,,,,,,,,,,,,,,,,,,,,,,,,,,,,,,,,,,,,,,,,,,,,,,,,,,,,,,,,,,,,,,,,,,,,,,,,,,,,,,,,,,,,,,,,,
4d54ERSroPE_000009_000019.mp4,2,skipping rope,30.0,4.98,6.0,149,180,149,165,165,180,,,,,,,,,,,,,,,,,,,,,,,,,,,,,,,,,,,,,,,,,,,,,,,,,,,,,,,,,,,,,,,,,,,,,,,,,,,,,,,,,,,,,,,,,,,,,,,,,,,,,,,,,,,,,,,,,,,,,,,,,,,,,,,,,,,,,,,,,,
4d54ERSroPE_000009_000019.mp4,2,skipping rope,30.0,6.58,7.05,197,212,197,205,205,212,,,,,,,,,,,,,,,,,,,,,,,,,,,,,,,,,,,,,,,,,,,,,,,,,,,,,,,,,,,,,,,,,,,,,,,,,,,,,,,,,,,,,,,,,,,,,,,,,,,,,,,,,,,,,,,,,,,,,,,,,,,,,,,,,,,,,,,,,,
4d54ERSroPE_000009_000019.mp4,4,skipping rope,30.0,7.62,8.67,229,260,229,237,237,245,245,252,252,260,,,,,,,,,,,,,,,,,,,,,,,,,,,,,,,,,,,,,,,,,,,,,,,,,,,,,,,,,,,,,,,,,,,,,,,,,,,,,,,,,,,,,,,,,,,,,,,,,,,,,,,,,,,,,,,,,,,,,,,,,,,,,,,,,,,,,,
4d54ERSroPE_000009_000019.mp4,3,skipping rope,30.0,9.23,10.0,277,300,277,285,285,292,292,300,,,,,,,,,,,,,,,,,,,,,,,,,,,,,,,,,,,,,,,,,,,,,,,,,,,,,,,,,,,,,,,,,,,,,,,,,,,,,,,,,,,,,,,,,,,,,,,,,,,,,,,,,,,,,,,,,,,,,,,,,,,,,,,,,,,,,,,,
6c8Vo5evc7g_000184_000194.mp4,18,skipping rope,29.97,2.1,9.98,63,299,63,76,76,89,89,102,102,115,115,129,129,142,142,155,155,168,168,181,181,194,194,207,207,220,220,233,233,247,247,260,260,273,273,286,286,299,,,,,,,,,,,,,,,,,,,,,,,,,,,,,,,,,,,,,,,,,,,,,,,,,,,,,,,,,,,,,,,,,,,,,,,,,,,,,,,,,,,,,,,,,,,,,,,,,,,,,,,,,,
6s-45cYUrmA_000178_000188.mp4,8,skipping rope,29.97,0.0,4.08,0,122,0,15,15,30,30,46,46,61,61,76,76,92,92,107,107,122,,,,,,,,,,,,,,,,,,,,,,,,,,,,,,,,,,,,,,,,,,,,,,,,,,,,,,,,,,,,,,,,,,,,,,,,,,,,,,,,,,,,,,,,,,,,,,,,,,,,,,,,,,,,,,,,,,,,,,,,,,,,,,
6s-45cYUrmA_000178_000188.mp4,5,skipping rope,29.97,7.72,10.0,231,300,231,245,245,259,259,272,272,286,286,300,,,,,,,,,,,,,,,,,,,,,,,,,,,,,,,,,,,,,,,,,,,,,,,,,,,,,,,,,,,,,,,,,,,,,,,,,,,,,,,,,,,,,,,,,,,,,,,,,,,,,,,,,,,,,,,,,,,,,,,,,,,,,,,,,,,,
78stFnqSRgM_000000_000010.mp4,32,skipping rope,30.0,0.0,10.0,0,300,0,9,9,19,19,28,28,38,38,47,47,56,56,66,66,75,75,84,84,94,94,103,103,112,112,122,122,131,131,141,141,150,150,159,159,169,169,178,178,188,188,197,197,206,206,216,216,225,225,234,234,244,244,253,253,262,262,272,272,281,281,291,291,300,,,,,,,,,,,,,,,,,,,,,,,,,,,,,,,,,,,,,,,,,,,,,,,,,,,,,,,,,,,,,,,,,,,,,,,,,,,,,,
8It_HmkiM1E_000000_000010.mp4,18,skipping rope,30.0,0.0,8.27,0,248,0,14,14,28,28,41,41,55,55,69,69,83,83,96,96,110,110,124,124,138,138,152,152,165,165,179,179,193,193,207,207,220,220,234,234,248,,,,,,,,,,,,,,,,,,,,,,,,,,,,,,,,,,,,,,,,,,,,,,,,,,,,,,,,,,,,,,,,,,,,,,,,,,,,,,,,,,,,,,,,,,,,,,,,,,,,,,,,,,
8Y1gaZD8H6c_000022_000032.mp4,3,skipping rope,25.0,2.52,5.18,63,130,63,85,85,108,108,130,,,,,,,,,,,,,,,,,,,,,,,,,,,,,,,,,,,,,,,,,,,,,,,,,,,,,,,,,,,,,,,,,,,,,,,,,,,,,,,,,,,,,,,,,,,,,,,,,,,,,,,,,,,,,,,,,,,,,,,,,,,,,,,,,,,,,,,,
9ClQo2xhYmY_000002_000012.mp4,5,skipping rope,29.97,7.6,10.0,228,300,228,242,242,257,257,271,271,286,286,300,,,,,,,,,,,,,,,,,,,,,,,,,,,,,,,,,,,,,,,,,,,,,,,,,,,,,,,,,,,,,,,,,,,,,,,,,,,,,,,,,,,,,,,,,,,,,,,,,,,,,,,,,,,,,,,,,,,,,,,,,,,,,,,,,,,,
9MHjWwTRBGY_000063_000073.mp4,4,skipping rope,25.0,0.0,3.28,0,82,0,20,20,41,41,62,62,82,,,,,,,,,,,,,,,,,,,,,,,,,,,,,,,,,,,,,,,,,,,,,,,,,,,,,,,,,,,,,,,,,,,,,,,,,,,,,,,,,,,,,,,,,,,,,,,,,,,,,,,,,,,,,,,,,,,,,,,,,,,,,,,,,,,,,,
9MHjWwTRBGY_000063_000073.mp4,4,skipping rope,25.0,5.24,10.0,131,250,131,161,161,191,191,220,220,250,,,,,,,,,,,,,,,,,,,,,,,,,,,,,,,,,,,,,,,,,,,,,,,,,,,,,,,,,,,,,,,,,,,,,,,,,,,,,,,,,,,,,,,,,,,,,,,,,,,,,,,,,,,,,,,,,,,,,,,,,,,,,,,,,,,,,,
9VDC91AxdMU_000001_000011.mp4,23,skipping rope,30.0,0.0,10.0,0,300,0,13,13,26,26,39,39,52,52,65,65,78,78,91,91,104,104,117,117,130,130,143,143,157,157,170,170,183,183,196,196,209,209,222,222,235,235,248,248,261,261,274,274,287,287,300,,,,,,,,,,,,,,,,,,,,,,,,,,,,,,,,,,,,,,,,,,,,,,,,,,,,,,,,,,,,,,,,,,,,,,,,,,,,,,,,,,,,,,,,,,,,,,,,
9ldSbBPxtIg_000028_000038.mp4,4,skipping rope,25.0,6.6,10.0,165,250,165,186,186,207,207,229,229,250,,,,,,,,,,,,,,,,,,,,,,,,,,,,,,,,,,,,,,,,,,,,,,,,,,,,,,,,,,,,,,,,,,,,,,,,,,,,,,,,,,,,,,,,,,,,,,,,,,,,,,,,,,,,,,,,,,,,,,,,,,,,,,,,,,,,,,
-IUR-G4rEoE_000000_000010.mp4,8,skipping rope,29.97,0.73,4.47,22,134,22,36,36,50,50,64,64,78,78,92,92,106,106,120,120,134,,,,,,,,,,,,,,,,,,,,,,,,,,,,,,,,,,,,,,,,,,,,,,,,,,,,,,,,,,,,,,,,,,,,,,,,,,,,,,,,,,,,,,,,,,,,,,,,,,,,,,,,,,,,,,,,,,,,,,,,,,,,,,
-TuVA28TVJc_000033_000043.mp4,8,skipping rope,29.97,0.0,5.37,0,161,0,20,20,40,40,60,60,80,80,101,101,121,121,141,141,161,,,,,,,,,,,,,,,,,,,,,,,,,,,,,,,,,,,,,,,,,,,,,,,,,,,,,,,,,,,,,,,,,,,,,,,,,,,,,,,,,,,,,,,,,,,,,,,,,,,,,,,,,,,,,,,,,,,,,,,,,,,,,,
-TuVA28TVJc_000033_000043.mp4,2,skipping rope,29.97,6.19,9.98,186,299,186,242,242,299,,,,,,,,,,,,,,,,,,,,,,,,,,,,,,,,,,,,,,,,,,,,,,,,,,,,,,,,,,,,,,,,,,,,,,,,,,,,,,,,,,,,,,,,,,,,,,,,,,,,,,,,,,,,,,,,,,,,,,,,,,,,,,,,,,,,,,,,,,
-1mbYmIZ9iw_000083_000093.mp4,7,skipping rope,25.0,5.72,10.0,143,250,143,158,158,174,174,189,189,204,204,219,219,235,235,250,,,,,,,,,,,,,,,,,,,,,,,,,,,,,,,,,,,,,,,,,,,,,,,,,,,,,,,,,,,,,,,,,,,,,,,,,,,,,,,,,,,,,,,,,,,,,,,,,,,,,,,,,,,,,,,,,,,,,,,,,,,,,,,,
BH3YwX6CsBk_000049_000059.mp4,4,slicing onion,29.97,0.0,4.67,0,140,0,35,35,70,70,105,105,140,,,,,,,,,,,,,,,,,,,,,,,,,,,,,,,,,,,,,,,,,,,,,,,,,,,,,,,,,,,,,,,,,,,,,,,,,,,,,,,,,,,,,,,,,,,,,,,,,,,,,,,,,,,,,,,,,,,,,,,,,,,,,,,,,,,,,,
BRVRrXre6rA_000068_000078.mp4,6,slicing onion,29.76,0.0,2.08,0,62,0,10,10,21,21,31,31,41,41,52,52,62,,,,,,,,,,,,,,,,,,,,,,,,,,,,,,,,,,,,,,,,,,,,,,,,,,,,,,,,,,,,,,,,,,,,,,,,,,,,,,,,,,,,,,,,,,,,,,,,,,,,,,,,,,,,,,,,,,,,,,,,,,,,,,,,,,
BRVRrXre6rA_000068_000078.mp4,15,slicing onion,29.76,4.94,8.82,147,262,147,155,155,162,162,170,170,178,178,185,185,193,193,201,201,208,208,216,216,224,224,231,231,239,239,247,247,254,254,262,,,,,,,,,,,,,,,,,,,,,,,,,,,,,,,,,,,,,,,,,,,,,,,,,,,,,,,,,,,,,,,,,,,,,,,,,,,,,,,,,,,,,,,,,,,,,,,,,,,,,,,,,,,,,,,,
BRVRrXre6rA_000068_000078.mp4,9,slicing onion,29.76,8.13,9.98,242,297,242,248,248,254,254,260,260,266,266,273,273,279,279,285,285,291,291,297,,,,,,,,,,,,,,,,,,,,,,,,,,,,,,,,,,,,,,,,,,,,,,,,,,,,,,,,,,,,,,,,,,,,,,,,,,,,,,,,,,,,,,,,,,,,,,,,,,,,,,,,,,,,,,,,,,,,,,,,,,,,
Bp9BSWqqKuQ_000013_000023.mp4,6,slicing onion,25.0,1.92,5.16,48,129,48,62,62,75,75,88,88,102,102,116,116,129,,,,,,,,,,,,,,,,,,,,,,,,,,,,,,,,,,,,,,,,,,,,,,,,,,,,,,,,,,,,,,,,,,,,,,,,,,,,,,,,,,,,,,,,,,,,,,,,,,,,,,,,,,,,,,,,,,,,,,,,,,,,,,,,,,
CoiK6D8rcaY_000148_000158.mp4,4,slicing onion,30.0,0.0,4.3,0,129,0,32,32,64,64,97,97,129,,,,,,,,,,,,,,,,,,,,,,,,,,,,,,,,,,,,,,,,,,,,,,,,,,,,,,,,,,,,,,,,,,,,,,,,,,,,,,,,,,,,,,,,,,,,,,,,,,,,,,,,,,,,,,,,,,,,,,,,,,,,,,,,,,,,,,
CoiK6D8rcaY_000148_000158.mp4,3,slicing onion,30.0,7.07,10.0,212,300,212,241,241,271,271,300,,,,,,,,,,,,,,,,,,,,,,,,,,,,,,,,,,,,,,,,,,,,,,,,,,,,,,,,,,,,,,,,,,,,,,,,,,,,,,,,,,,,,,,,,,,,,,,,,,,,,,,,,,,,,,,,,,,,,,,,,,,,,,,,,,,,,,,,
DG81mnpo37w_000002_000012.mp4,3,slicing onion,25.0,6.0,8.48,150,212,150,171,171,191,191,212,,,,,,,,,,,,,,,,,,,,,,,,,,,,,,,,,,,,,,,,,,,,,,,,,,,,,,,,,,,,,,,,,,,,,,,,,,,,,,,,,,,,,,,,,,,,,,,,,,,,,,,,,,,,,,,,,,,,,,,,,,,,,,,,,,,,,,,,
DQKBmjeqzN4_000021_000031.mp4,12,slicing onion,25.0,1.88,7.9,47,198,47,60,60,72,72,85,85,97,97,110,110,123,123,135,135,148,148,160,160,173,173,185,185,198,,,,,,,,,,,,,,,,,,,,,,,,,,,,,,,,,,,,,,,,,,,,,,,,,,,,,,,,,,,,,,,,,,,,,,,,,,,,,,,,,,,,,,,,,,,,,,,,,,,,,,,,,,,,,,,,,,,,,,
DYxQzpkI_YU_000113_000123.mp4,2,slicing onion,29.97,0.0,2.5,0,75,0,38,38,75,,,,,,,,,,,,,,,,,,,,,,,,,,,,,,,,,,,,,,,,,,,,,,,,,,,,,,,,,,,,,,,,,,,,,,,,,,,,,,,,,,,,,,,,,,,,,,,,,,,,,,,,,,,,,,,,,,,,,,,,,,,,,,,,,,,,,,,,,,
D8j406o8cGo_000041_000051.mp4,8,slicing onion,29.97,0.0,1.37,0,41,0,5,5,10,10,15,15,20,20,26,26,31,31,36,36,41,,,,,,,,,,,,,,,,,,,,,,,,,,,,,,,,,,,,,,,,,,,,,,,,,,,,,,,,,,,,,,,,,,,,,,,,,,,,,,,,,,,,,,,,,,,,,,,,,,,,,,,,,,,,,,,,,,,,,,,,,,,,,,
D8j406o8cGo_000041_000051.mp4,31,slicing onion,29.97,2.54,9.98,76,299,76,83,83,90,90,98,98,105,105,112,112,119,119,126,126,134,134,141,141,148,148,155,155,162,162,170,170,177,177,184,184,191,191,198,198,205,205,213,213,220,220,227,227,234,234,241,241,249,249,256,256,263,263,270,270,277,277,285,285,292,292,299,,,,,,,,,,,,,,,,,,,,,,,,,,,,,,,,,,,,,,,,,,,,,,,,,,,,,,,,,,,,,,,,,,,,,,,,,,,,,,,,
Eigh82JFSSM_000115_000125.mp4,11,slicing onion,29.97,5.97,9.48,179,284,179,189,189,198,198,208,208,217,217,227,227,236,236,246,246,255,255,265,265,274,274,284,,,,,,,,,,,,,,,,,,,,,,,,,,,,,,,,,,,,,,,,,,,,,,,,,,,,,,,,,,,,,,,,,,,,,,,,,,,,,,,,,,,,,,,,,,,,,,,,,,,,,,,,,,,,,,,,,,,,,,,,
ElXMWG1UFq0_000064_000074.mp4,2,slicing onion,23.98,1.58,5.21,38,125,38,82,82,125,,,,,,,,,,,,,,,,,,,,,,,,,,,,,,,,,,,,,,,,,,,,,,,,,,,,,,,,,,,,,,,,,,,,,,,,,,,,,,,,,,,,,,,,,,,,,,,,,,,,,,,,,,,,,,,,,,,,,,,,,,,,,,,,,,,,,,,,,,
FK6L3zouhec_000031_000041.mp4,4,slicing onion,30.0,0.3,10.0,9,300,9,82,82,155,155,227,227,300,,,,,,,,,,,,,,,,,,,,,,,,,,,,,,,,,,,,,,,,,,,,,,,,,,,,,,,,,,,,,,,,,,,,,,,,,,,,,,,,,,,,,,,,,,,,,,,,,,,,,,,,,,,,,,,,,,,,,,,,,,,,,,,,,,,,,,
FixwP56qyLg_000282_000292.mp4,5,slicing onion,29.97,0.0,6.31,0,189,0,38,38,76,76,113,113,151,151,189,,,,,,,,,,,,,,,,,,,,,,,,,,,,,,,,,,,,,,,,,,,,,,,,,,,,,,,,,,,,,,,,,,,,,,,,,,,,,,,,,,,,,,,,,,,,,,,,,,,,,,,,,,,,,,,,,,,,,,,,,,,,,,,,,,,,
FixwP56qyLg_000282_000292.mp4,4,slicing onion,29.97,8.04,9.98,241,299,241,255,255,270,270,285,285,299,,,,,,,,,,,,,,,,,,,,,,,,,,,,,,,,,,,,,,,,,,,,,,,,,,,,,,,,,,,,,,,,,,,,,,,,,,,,,,,,,,,,,,,,,,,,,,,,,,,,,,,,,,,,,,,,,,,,,,,,,,,,,,,,,,,,,,
F-HpgZTGz-8_000044_000054.mp4,5,slicing onion,23.98,0.0,2.63,0,63,0,13,13,25,25,38,38,50,50,63,,,,,,,,,,,,,,,,,,,,,,,,,,,,,,,,,,,,,,,,,,,,,,,,,,,,,,,,,,,,,,,,,,,,,,,,,,,,,,,,,,,,,,,,,,,,,,,,,,,,,,,,,,,,,,,,,,,,,,,,,,,,,,,,,,,,
F-HpgZTGz-8_000044_000054.mp4,19,slicing onion,23.98,6.88,9.97,165,239,165,169,169,173,173,177,177,181,181,184,184,188,188,192,192,196,196,200,200,204,204,208,208,212,212,216,216,220,220,223,223,227,227,231,231,235,235,239,,,,,,,,,,,,,,,,,,,,,,,,,,,,,,,,,,,,,,,,,,,,,,,,,,,,,,,,,,,,,,,,,,,,,,,,,,,,,,,,,,,,,,,,,,,,,,,,,,,,,,,,
G8TucBIBt2g_000108_000118.mp4,6,slicing onion,29.97,0.0,6.84,0,205,0,34,34,68,68,102,102,137,137,171,171,205,,,,,,,,,,,,,,,,,,,,,,,,,,,,,,,,,,,,,,,,,,,,,,,,,,,,,,,,,,,,,,,,,,,,,,,,,,,,,,,,,,,,,,,,,,,,,,,,,,,,,,,,,,,,,,,,,,,,,,,,,,,,,,,,,,
HgP2KtYfeT8_000108_000118.mp4,3,slicing onion,30.0,4.47,9.6,134,288,134,185,185,237,237,288,,,,,,,,,,,,,,,,,,,,,,,,,,,,,,,,,,,,,,,,,,,,,,,,,,,,,,,,,,,,,,,,,,,,,,,,,,,,,,,,,,,,,,,,,,,,,,,,,,,,,,,,,,,,,,,,,,,,,,,,,,,,,,,,,,,,,,,,
H0DWt8muhnc_000025_000035.mp4,3,slicing onion,29.81,5.23,8.49,156,253,156,188,188,221,221,253,,,,,,,,,,,,,,,,,,,,,,,,,,,,,,,,,,,,,,,,,,,,,,,,,,,,,,,,,,,,,,,,,,,,,,,,,,,,,,,,,,,,,,,,,,,,,,,,,,,,,,,,,,,,,,,,,,,,,,,,,,,,,,,,,,,,,,,,
LyZh9iBR0mc_000269_000279.mp4,4,slicing onion,29.0,0.0,4.31,0,125,0,31,31,62,62,94,94,125,,,,,,,,,,,,,,,,,,,,,,,,,,,,,,,,,,,,,,,,,,,,,,,,,,,,,,,,,,,,,,,,,,,,,,,,,,,,,,,,,,,,,,,,,,,,,,,,,,,,,,,,,,,,,,,,,,,,,,,,,,,,,,,,,,,,,,
MOf8CsIWGio_000003_000013.mp4,34,slicing onion,29.94,0.0,10.0,0,299,0,9,9,18,18,26,26,35,35,44,44,53,53,62,62,70,70,79,79,88,88,97,97,106,106,114,114,123,123,132,132,141,141,150,150,158,158,167,167,176,176,185,185,193,193,202,202,211,211,220,220,229,229,237,237,246,246,255,255,264,264,273,273,281,281,290,290,299,,,,,,,,,,,,,,,,,,,,,,,,,,,,,,,,,,,,,,,,,,,,,,,,,,,,,,,,,,,,,,,,,,,,,,,,,,
MZZAJH5ul3g_000115_000125.mp4,6,slicing onion,29.97,0.0,5.44,0,163,0,27,27,54,54,82,82,109,109,136,136,163,,,,,,,,,,,,,,,,,,,,,,,,,,,,,,,,,,,,,,,,,,,,,,,,,,,,,,,,,,,,,,,,,,,,,,,,,,,,,,,,,,,,,,,,,,,,,,,,,,,,,,,,,,,,,,,,,,,,,,,,,,,,,,,,,,
M60rs9yCuI4_000046_000056.mp4,7,slicing onion,25.0,1.44,8.12,36,203,36,60,60,84,84,108,108,131,131,155,155,179,179,203,,,,,,,,,,,,,,,,,,,,,,,,,,,,,,,,,,,,,,,,,,,,,,,,,,,,,,,,,,,,,,,,,,,,,,,,,,,,,,,,,,,,,,,,,,,,,,,,,,,,,,,,,,,,,,,,,,,,,,,,,,,,,,,,
N6yClw0knrg_000065_000075.mp4,13,slicing onion,27.91,0.0,2.74,0,76,0,6,6,12,12,18,18,23,23,29,29,35,35,41,41,47,47,53,53,58,58,64,64,70,70,76,,,,,,,,,,,,,,,,,,,,,,,,,,,,,,,,,,,,,,,,,,,,,,,,,,,,,,,,,,,,,,,,,,,,,,,,,,,,,,,,,,,,,,,,,,,,,,,,,,,,,,,,,,,,,,,,,,,,
OBsTgo0_mkw_000016_000026.mp4,24,slicing onion,30.0,0.0,10.0,0,300,0,12,12,25,25,38,38,50,50,62,62,75,75,88,88,100,100,112,112,125,125,138,138,150,150,162,162,175,175,188,188,200,200,212,212,225,225,238,238,250,250,262,262,275,275,288,288,300,,,,,,,,,,,,,,,,,,,,,,,,,,,,,,,,,,,,,,,,,,,,,,,,,,,,,,,,,,,,,,,,,,,,,,,,,,,,,,,,,,,,,,,,,,,,,,
ON-_agEHbHs_000019_000029.mp4,11,slicing onion,30.0,0.0,3.58,0,107,0,10,10,19,19,29,29,39,39,49,49,58,58,68,68,78,78,88,88,97,97,107,,,,,,,,,,,,,,,,,,,,,,,,,,,,,,,,,,,,,,,,,,,,,,,,,,,,,,,,,,,,,,,,,,,,,,,,,,,,,,,,,,,,,,,,,,,,,,,,,,,,,,,,,,,,,,,,,,,,,,,,
ON-_agEHbHs_000019_000029.mp4,5,slicing onion,30.0,6.83,8.08,205,242,205,212,212,220,220,227,227,235,235,242,,,,,,,,,,,,,,,,,,,,,,,,,,,,,,,,,,,,,,,,,,,,,,,,,,,,,,,,,,,,,,,,,,,,,,,,,,,,,,,,,,,,,,,,,,,,,,,,,,,,,,,,,,,,,,,,,,,,,,,,,,,,,,,,,,,,
ON-_agEHbHs_000019_000029.mp4,5,slicing onion,30.0,8.6,10.0,258,300,258,266,266,275,275,283,283,292,292,300,,,,,,,,,,,,,,,,,,,,,,,,,,,,,,,,,,,,,,,,,,,,,,,,,,,,,,,,,,,,,,,,,,,,,,,,,,,,,,,,,,,,,,,,,,,,,,,,,,,,,,,,,,,,,,,,,,,,,,,,,,,,,,,,,,,,
OXjJPObFgpY_000041_000051.mp4,3,slicing onion,30.0,0.0,10.0,0,300,0,100,100,200,200,300,,,,,,,,,,,,,,,,,,,,,,,,,,,,,,,,,,,,,,,,,,,,,,,,,,,,,,,,,,,,,,,,,,,,,,,,,,,,,,,,,,,,,,,,,,,,,,,,,,,,,,,,,,,,,,,,,,,,,,,,,,,,,,,,,,,,,,,,
PxrKUuB2b18_000093_000103.mp4,5,slicing onion,15.0,0.0,1.5,0,22,0,4,4,9,9,13,13,18,18,22,,,,,,,,,,,,,,,,,,,,,,,,,,,,,,,,,,,,,,,,,,,,,,,,,,,,,,,,,,,,,,,,,,,,,,,,,,,,,,,,,,,,,,,,,,,,,,,,,,,,,,,,,,,,,,,,,,,,,,,,,,,,,,,,,,,,
PxrKUuB2b18_000093_000103.mp4,22,slicing onion,15.0,3.87,10.0,58,150,58,62,62,66,66,71,71,75,75,79,79,83,83,87,87,91,91,96,96,100,100,104,104,108,108,112,112,117,117,121,121,125,125,129,129,133,133,137,137,142,142,146,146,150,,,,,,,,,,,,,,,,,,,,,,,,,,,,,,,,,,,,,,,,,,,,,,,,,,,,,,,,,,,,,,,,,,,,,,,,,,,,,,,,,,,,,,,,,,,,,,,,,,
P3YNK1qtdmo_000005_000015.mp4,5,slicing onion,23.98,7.51,9.97,180,239,180,192,192,204,204,215,215,227,227,239,,,,,,,,,,,,,,,,,,,,,,,,,,,,,,,,,,,,,,,,,,,,,,,,,,,,,,,,,,,,,,,,,,,,,,,,,,,,,,,,,,,,,,,,,,,,,,,,,,,,,,,,,,,,,,,,,,,,,,,,,,,,,,,,,,,,
QAx4NjXASY4_000015_000025.mp4,46,slicing onion,24.98,0.0,9.96,0,249,0,5,5,11,11,16,16,22,22,27,27,32,32,38,38,43,43,49,49,54,54,60,60,65,65,70,70,76,76,81,81,87,87,92,92,97,97,103,103,108,108,114,114,119,119,124,124,130,130,135,135,141,141,146,146,152,152,157,157,162,162,168,168,173,173,179,179,184,184,189,189,195,195,200,200,206,206,211,211,217,217,222,222,227,227,233,233,238,238,244,244,249,,,,,,,,,,,,,,,,,,,,,,,,,,,,,,,,,,,,,,,,,,,,,,,,,,
QMGApafsnJw_000017_000027.mp4,19,slicing onion,25.06,0.0,6.22,0,156,0,8,8,16,16,25,25,33,33,41,41,49,49,57,57,66,66,74,74,82,82,90,90,99,99,107,107,115,115,123,123,131,131,140,140,148,148,156,,,,,,,,,,,,,,,,,,,,,,,,,,,,,,,,,,,,,,,,,,,,,,,,,,,,,,,,,,,,,,,,,,,,,,,,,,,,,,,,,,,,,,,,,,,,,,,,,,,,,,,,
QMGApafsnJw_000017_000027.mp4,8,slicing onion,25.06,7.14,9.61,179,241,179,187,187,195,195,202,202,210,210,218,218,225,225,233,233,241,,,,,,,,,,,,,,,,,,,,,,,,,,,,,,,,,,,,,,,,,,,,,,,,,,,,,,,,,,,,,,,,,,,,,,,,,,,,,,,,,,,,,,,,,,,,,,,,,,,,,,,,,,,,,,,,,,,,,,,,,,,,,,
QpXiFpgNDtE_000015_000025.mp4,4,slicing onion,30.0,0.0,6.1,0,183,0,46,46,92,92,137,137,183,,,,,,,,,,,,,,,,,,,,,,,,,,,,,,,,,,,,,,,,,,,,,,,,,,,,,,,,,,,,,,,,,,,,,,,,,,,,,,,,,,,,,,,,,,,,,,,,,,,,,,,,,,,,,,,,,,,,,,,,,,,,,,,,,,,,,,
RW8JyyPfoVw_000018_000028.mp4,9,slicing onion,19.92,0.0,2.99,0,60,0,7,7,13,13,20,20,27,27,33,33,40,40,47,47,53,53,60,,,,,,,,,,,,,,,,,,,,,,,,,,,,,,,,,,,,,,,,,,,,,,,,,,,,,,,,,,,,,,,,,,,,,,,,,,,,,,,,,,,,,,,,,,,,,,,,,,,,,,,,,,,,,,,,,,,,,,,,,,,,
RrqVDBM8rPg_000042_000052.mp4,4,slicing onion,25.0,0.0,6.16,0,154,0,38,38,77,77,116,116,154,,,,,,,,,,,,,,,,,,,,,,,,,,,,,,,,,,,,,,,,,,,,,,,,,,,,,,,,,,,,,,,,,,,,,,,,,,,,,,,,,,,,,,,,,,,,,,,,,,,,,,,,,,,,,,,,,,,,,,,,,,,,,,,,,,,,,,
SCVA-XbFXfw_000002_000012.mp4,12,slicing onion,23.98,4.5,8.55,108,205,108,116,116,124,124,132,132,140,140,148,148,156,156,165,165,173,173,181,181,189,189,197,197,205,,,,,,,,,,,,,,,,,,,,,,,,,,,,,,,,,,,,,,,,,,,,,,,,,,,,,,,,,,,,,,,,,,,,,,,,,,,,,,,,,,,,,,,,,,,,,,,,,,,,,,,,,,,,,,,,,,,,,,
SkBkmXEasXk_000008_000018.mp4,32,slicing onion,30.0,0.0,8.17,0,245,0,8,8,15,15,23,23,31,31,38,38,46,46,54,54,61,61,69,69,77,77,84,84,92,92,100,100,107,107,115,115,122,122,130,130,138,138,145,145,153,153,161,161,168,168,176,176,184,184,191,191,199,199,207,207,214,214,222,222,230,230,237,237,245,,,,,,,,,,,,,,,,,,,,,,,,,,,,,,,,,,,,,,,,,,,,,,,,,,,,,,,,,,,,,,,,,,,,,,,,,,,,,,
TjJ_1E4xZN0_000026_000036.mp4,15,slicing onion,25.0,1.08,10.0,27,250,27,42,42,57,57,72,72,86,86,101,101,116,116,131,131,146,146,161,161,176,176,191,191,205,205,220,220,235,235,250,,,,,,,,,,,,,,,,,,,,,,,,,,,,,,,,,,,,,,,,,,,,,,,,,,,,,,,,,,,,,,,,,,,,,,,,,,,,,,,,,,,,,,,,,,,,,,,,,,,,,,,,,,,,,,,,
Tvw2hxRybr8_000000_000010.mp4,37,slicing onion,24.9,1.73,10.0,43,249,43,49,49,54,54,60,60,65,65,71,71,76,76,82,82,88,88,93,93,99,99,104,104,110,110,115,115,121,121,127,127,132,132,138,138,143,143,149,149,154,154,160,160,165,165,171,171,177,177,182,182,188,188,193,193,199,199,204,204,210,210,216,216,221,221,227,227,232,232,238,238,243,243,249,,,,,,,,,,,,,,,,,,,,,,,,,,,,,,,,,,,,,,,,,,,,,,,,,,,,,,,,,,,,,,,,,,,,
UuWfrEnYB1A_000045_000055.mp4,4,slicing onion,30.0,0.0,0.83,0,25,0,6,6,12,12,19,19,25,,,,,,,,,,,,,,,,,,,,,,,,,,,,,,,,,,,,,,,,,,,,,,,,,,,,,,,,,,,,,,,,,,,,,,,,,,,,,,,,,,,,,,,,,,,,,,,,,,,,,,,,,,,,,,,,,,,,,,,,,,,,,,,,,,,,,,
UuWfrEnYB1A_000045_000055.mp4,32,slicing onion,30.0,2.55,8.7,76,261,76,82,82,88,88,93,93,99,99,105,105,111,111,116,116,122,122,128,128,134,134,140,140,145,145,151,151,157,157,163,163,168,168,174,174,180,180,186,186,192,192,197,197,203,203,209,209,215,215,221,221,226,226,232,232,238,238,244,244,249,249,255,255,261,,,,,,,,,,,,,,,,,,,,,,,,,,,,,,,,,,,,,,,,,,,,,,,,,,,,,,,,,,,,,,,,,,,,,,,,,,,,,,
Uz9Vntys6Qs_000040_000050.mp4,2,slicing onion,23.98,2.67,6.34,64,152,64,108,108,152,,,,,,,,,,,,,,,,,,,,,,,,,,,,,,,,,,,,,,,,,,,,,,,,,,,,,,,,,,,,,,,,,,,,,,,,,,,,,,,,,,,,,,,,,,,,,,,,,,,,,,,,,,,,,,,,,,,,,,,,,,,,,,,,,,,,,,,,,,
Va2Hg308JIQ_000040_000050.mp4,6,slicing onion,29.97,0.0,9.98,0,299,0,50,50,100,100,150,150,199,199,249,249,299,,,,,,,,,,,,,,,,,,,,,,,,,,,,,,,,,,,,,,,,,,,,,,,,,,,,,,,,,,,,,,,,,,,,,,,,,,,,,,,,,,,,,,,,,,,,,,,,,,,,,,,,,,,,,,,,,,,,,,,,,,,,,,,,,,
WZf9bD7JpUc_000036_000046.mp4,26,slicing onion,14.72,0.0,4.27,0,63,0,2,2,5,5,7,7,10,10,12,12,15,15,17,17,19,19,22,22,24,24,27,27,29,29,32,32,34,34,36,36,39,39,41,41,44,44,46,46,48,48,51,51,53,53,56,56,58,58,61,61,63,,,,,,,,,,,,,,,,,,,,,,,,,,,,,,,,,,,,,,,,,,,,,,,,,,,,,,,,,,,,,,,,,,,,,,,,,,,,,,,,,,,,,,,,,,
XEBpb6Q7U0I_000384_000394.mp4,4,slicing onion,29.97,0.0,5.04,0,151,0,38,38,76,76,113,113,151,,,,,,,,,,,,,,,,,,,,,,,,,,,,,,,,,,,,,,,,,,,,,,,,,,,,,,,,,,,,,,,,,,,,,,,,,,,,,,,,,,,,,,,,,,,,,,,,,,,,,,,,,,,,,,,,,,,,,,,,,,,,,,,,,,,,,,
Xnv7e20xdcA_000124_000134.mp4,14,slicing onion,30.0,4.6,8.43,138,253,138,146,146,154,154,163,163,171,171,179,179,187,187,196,196,204,204,212,212,220,220,228,228,237,237,245,245,253,,,,,,,,,,,,,,,,,,,,,,,,,,,,,,,,,,,,,,,,,,,,,,,,,,,,,,,,,,,,,,,,,,,,,,,,,,,,,,,,,,,,,,,,,,,,,,,,,,,,,,,,,,,,,,,,,,
X2UxCk6nd1k_000009_000019.mp4,22,slicing onion,30.0,1.23,5.15,37,154,37,42,42,48,48,53,53,58,58,64,64,69,69,74,74,80,80,85,85,90,90,95,95,101,101,106,106,111,111,117,117,122,122,127,127,133,133,138,138,143,143,149,149,154,,,,,,,,,,,,,,,,,,,,,,,,,,,,,,,,,,,,,,,,,,,,,,,,,,,,,,,,,,,,,,,,,,,,,,,,,,,,,,,,,,,,,,,,,,,,,,,,,,
X2UxCk6nd1k_000009_000019.mp4,5,slicing onion,30.0,5.72,9.43,172,283,172,194,194,216,216,239,239,261,261,283,,,,,,,,,,,,,,,,,,,,,,,,,,,,,,,,,,,,,,,,,,,,,,,,,,,,,,,,,,,,,,,,,,,,,,,,,,,,,,,,,,,,,,,,,,,,,,,,,,,,,,,,,,,,,,,,,,,,,,,,,,,,,,,,,,,,
X9Ww0JMsFYA_000020_000030.mp4,2,slicing onion,29.97,0.0,7.27,0,218,0,109,109,218,,,,,,,,,,,,,,,,,,,,,,,,,,,,,,,,,,,,,,,,,,,,,,,,,,,,,,,,,,,,,,,,,,,,,,,,,,,,,,,,,,,,,,,,,,,,,,,,,,,,,,,,,,,,,,,,,,,,,,,,,,,,,,,,,,,,,,,,,,
YKluKz_K6vk_000081_000091.mp4,4,slicing onion,30.0,7.03,10.0,211,300,211,233,233,255,255,278,278,300,,,,,,,,,,,,,,,,,,,,,,,,,,,,,,,,,,,,,,,,,,,,,,,,,,,,,,,,,,,,,,,,,,,,,,,,,,,,,,,,,,,,,,,,,,,,,,,,,,,,,,,,,,,,,,,,,,,,,,,,,,,,,,,,,,,,,,
YXgE1oqkqRc_000009_000019.mp4,9,slicing onion,29.42,8.63,9.96,254,293,254,258,258,263,263,267,267,271,271,276,276,280,280,284,284,289,289,293,,,,,,,,,,,,,,,,,,,,,,,,,,,,,,,,,,,,,,,,,,,,,,,,,,,,,,,,,,,,,,,,,,,,,,,,,,,,,,,,,,,,,,,,,,,,,,,,,,,,,,,,,,,,,,,,,,,,,,,,,,,,
Yfu2eAupbzU_000132_000142.mp4,4,slicing onion,30.0,2.53,10.0,76,300,76,132,132,188,188,244,244,300,,,,,,,,,,,,,,,,,,,,,,,,,,,,,,,,,,,,,,,,,,,,,,,,,,,,,,,,,,,,,,,,,,,,,,,,,,,,,,,,,,,,,,,,,,,,,,,,,,,,,,,,,,,,,,,,,,,,,,,,,,,,,,,,,,,,,,
YsIo8ESxRLQ_000016_000026.mp4,8,slicing onion,23.98,0.0,9.97,0,239,0,30,30,60,60,90,90,120,120,149,149,179,179,209,209,239,,,,,,,,,,,,,,,,,,,,,,,,,,,,,,,,,,,,,,,,,,,,,,,,,,,,,,,,,,,,,,,,,,,,,,,,,,,,,,,,,,,,,,,,,,,,,,,,,,,,,,,,,,,,,,,,,,,,,,,,,,,,,,
aTiLkkZYp7g_000019_000029.mp4,3,slicing onion,25.0,1.44,10.0,36,250,36,107,107,179,179,250,,,,,,,,,,,,,,,,,,,,,,,,,,,,,,,,,,,,,,,,,,,,,,,,,,,,,,,,,,,,,,,,,,,,,,,,,,,,,,,,,,,,,,,,,,,,,,,,,,,,,,,,,,,,,,,,,,,,,,,,,,,,,,,,,,,,,,,,
aoNj8Q9zlvk_000020_000030.mp4,2,slicing onion,23.98,3.96,6.51,95,156,95,125,125,156,,,,,,,,,,,,,,,,,,,,,,,,,,,,,,,,,,,,,,,,,,,,,,,,,,,,,,,,,,,,,,,,,,,,,,,,,,,,,,,,,,,,,,,,,,,,,,,,,,,,,,,,,,,,,,,,,,,,,,,,,,,,,,,,,,,,,,,,,,
a6U89fd7bBc_000159_000169.mp4,8,slicing onion,23.98,0.0,8.38,0,201,0,25,25,50,50,75,75,100,100,126,126,151,151,176,176,201,,,,,,,,,,,,,,,,,,,,,,,,,,,,,,,,,,,,,,,,,,,,,,,,,,,,,,,,,,,,,,,,,,,,,,,,,,,,,,,,,,,,,,,,,,,,,,,,,,,,,,,,,,,,,,,,,,,,,,,,,,,,,,
a_hZsCidOdw_000015_000025.mp4,27,slicing onion,29.0,0.0,6.02,0,175,0,6,6,13,13,19,19,26,26,32,32,39,39,45,45,52,52,58,58,65,65,71,71,78,78,84,84,91,91,97,97,104,104,110,110,117,117,123,123,130,130,136,136,143,143,149,149,156,156,162,162,169,169,175,,,,,,,,,,,,,,,,,,,,,,,,,,,,,,,,,,,,,,,,,,,,,,,,,,,,,,,,,,,,,,,,,,,,,,,,,,,,,,,,,,,,,,,,
bxUw9MRQRfc_000015_000025.mp4,3,slicing onion,25.0,4.56,10.0,114,250,114,159,159,205,205,250,,,,,,,,,,,,,,,,,,,,,,,,,,,,,,,,,,,,,,,,,,,,,,,,,,,,,,,,,,,,,,,,,,,,,,,,,,,,,,,,,,,,,,,,,,,,,,,,,,,,,,,,,,,,,,,,,,,,,,,,,,,,,,,,,,,,,,,,
cDa_nM-pMKI_000343_000353.mp4,2,slicing onion,23.98,8.01,9.97,192,239,192,216,216,239,,,,,,,,,,,,,,,,,,,,,,,,,,,,,,,,,,,,,,,,,,,,,,,,,,,,,,,,,,,,,,,,,,,,,,,,,,,,,,,,,,,,,,,,,,,,,,,,,,,,,,,,,,,,,,,,,,,,,,,,,,,,,,,,,,,,,,,,,,
cSIiwoi5pG0_000001_000011.mp4,30,slicing onion,29.36,0.0,5.77,0,169,0,6,6,11,11,17,17,23,23,28,28,34,34,39,39,45,45,51,51,56,56,62,62,68,68,73,73,79,79,84,84,90,90,96,96,101,101,107,107,113,113,118,118,124,124,130,130,135,135,141,141,146,146,152,152,158,158,163,163,169,,,,,,,,,,,,,,,,,,,,,,,,,,,,,,,,,,,,,,,,,,,,,,,,,,,,,,,,,,,,,,,,,,,,,,,,,,,,,,,,,,
cSIiwoi5pG0_000001_000011.mp4,17,slicing onion,29.36,4.55,7.7,134,226,134,139,139,145,145,150,150,156,156,161,161,166,166,172,172,177,177,183,183,188,188,194,194,199,199,204,204,210,210,215,215,221,221,226,,,,,,,,,,,,,,,,,,,,,,,,,,,,,,,,,,,,,,,,,,,,,,,,,,,,,,,,,,,,,,,,,,,,,,,,,,,,,,,,,,,,,,,,,,,,,,,,,,,,,,,,,,,,
caI3NQCy39M_000083_000093.mp4,9,slicing onion,30.0,0.0,5.63,0,169,0,19,19,38,38,56,56,75,75,94,94,113,113,131,131,150,150,169,,,,,,,,,,,,,,,,,,,,,,,,,,,,,,,,,,,,,,,,,,,,,,,,,,,,,,,,,,,,,,,,,,,,,,,,,,,,,,,,,,,,,,,,,,,,,,,,,,,,,,,,,,,,,,,,,,,,,,,,,,,,
cjV7yFPvXiw_000226_000236.mp4,2,slicing onion,25.0,0.0,8.64,0,216,0,108,108,216,,,,,,,,,,,,,,,,,,,,,,,,,,,,,,,,,,,,,,,,,,,,,,,,,,,,,,,,,,,,,,,,,,,,,,,,,,,,,,,,,,,,,,,,,,,,,,,,,,,,,,,,,,,,,,,,,,,,,,,,,,,,,,,,,,,,,,,,,,
du7TUpd_R9I_000048_000058.mp4,4,slicing onion,29.97,0.37,6.37,11,191,11,56,56,101,101,146,146,191,,,,,,,,,,,,,,,,,,,,,,,,,,,,,,,,,,,,,,,,,,,,,,,,,,,,,,,,,,,,,,,,,,,,,,,,,,,,,,,,,,,,,,,,,,,,,,,,,,,,,,,,,,,,,,,,,,,,,,,,,,,,,,,,,,,,,,
eCvvyM2qx9M_000002_000012.mp4,15,slicing onion,23.98,3.29,9.97,79,239,79,90,90,100,100,111,111,122,122,132,132,143,143,154,154,164,164,175,175,186,186,196,196,207,207,218,218,228,228,239,,,,,,,,,,,,,,,,,,,,,,,,,,,,,,,,,,,,,,,,,,,,,,,,,,,,,,,,,,,,,,,,,,,,,,,,,,,,,,,,,,,,,,,,,,,,,,,,,,,,,,,,,,,,,,,,
eTK4wWtwgx0_000000_000010.mp4,11,slicing onion,29.97,0.0,9.01,0,270,0,25,25,49,49,74,74,98,98,123,123,147,147,172,172,196,196,221,221,245,245,270,,,,,,,,,,,,,,,,,,,,,,,,,,,,,,,,,,,,,,,,,,,,,,,,,,,,,,,,,,,,,,,,,,,,,,,,,,,,,,,,,,,,,,,,,,,,,,,,,,,,,,,,,,,,,,,,,,,,,,,,
fXjxzbY1xRM_000114_000124.mp4,3,slicing onion,30.0,5.43,6.52,163,196,163,174,174,185,185,196,,,,,,,,,,,,,,,,,,,,,,,,,,,,,,,,,,,,,,,,,,,,,,,,,,,,,,,,,,,,,,,,,,,,,,,,,,,,,,,,,,,,,,,,,,,,,,,,,,,,,,,,,,,,,,,,,,,,,,,,,,,,,,,,,,,,,,,,
fXjxzbY1xRM_000114_000124.mp4,3,slicing onion,30.0,7.8,10.0,234,300,234,256,256,278,278,300,,,,,,,,,,,,,,,,,,,,,,,,,,,,,,,,,,,,,,,,,,,,,,,,,,,,,,,,,,,,,,,,,,,,,,,,,,,,,,,,,,,,,,,,,,,,,,,,,,,,,,,,,,,,,,,,,,,,,,,,,,,,,,,,,,,,,,,,
fzsWJhW86tY_000000_000010.mp4,4,slicing onion,29.97,6.64,9.98,199,299,199,224,224,249,249,274,274,299,,,,,,,,,,,,,,,,,,,,,,,,,,,,,,,,,,,,,,,,,,,,,,,,,,,,,,,,,,,,,,,,,,,,,,,,,,,,,,,,,,,,,,,,,,,,,,,,,,,,,,,,,,,,,,,,,,,,,,,,,,,,,,,,,,,,,,
fzsWJhW86tY_000000_000010.mp4,2,slicing onion,29.97,0.65,5.52,19,165,19,92,92,165,,,,,,,,,,,,,,,,,,,,,,,,,,,,,,,,,,,,,,,,,,,,,,,,,,,,,,,,,,,,,,,,,,,,,,,,,,,,,,,,,,,,,,,,,,,,,,,,,,,,,,,,,,,,,,,,,,,,,,,,,,,,,,,,,,,,,,,,,,
f3bfhyZ6w7A_000016_000026.mp4,13,slicing onion,25.0,0.0,9.6,0,240,0,18,18,37,37,55,55,74,74,92,92,111,111,129,129,148,148,166,166,185,185,203,203,222,222,240,,,,,,,,,,,,,,,,,,,,,,,,,,,,,,,,,,,,,,,,,,,,,,,,,,,,,,,,,,,,,,,,,,,,,,,,,,,,,,,,,,,,,,,,,,,,,,,,,,,,,,,,,,,,,,,,,,,,
gvzhkLjOQds_000005_000015.mp4,17,slicing onion,29.95,0.0,5.88,0,176,0,10,10,21,21,31,31,41,41,52,52,62,62,72,72,83,83,93,93,104,104,114,114,124,124,135,135,145,145,155,155,166,166,176,,,,,,,,,,,,,,,,,,,,,,,,,,,,,,,,,,,,,,,,,,,,,,,,,,,,,,,,,,,,,,,,,,,,,,,,,,,,,,,,,,,,,,,,,,,,,,,,,,,,,,,,,,,,
h_cgCb6XAwM_000228_000238.mp4,2,slicing onion,23.97,0.0,1.67,0,40,0,20,20,40,,,,,,,,,,,,,,,,,,,,,,,,,,,,,,,,,,,,,,,,,,,,,,,,,,,,,,,,,,,,,,,,,,,,,,,,,,,,,,,,,,,,,,,,,,,,,,,,,,,,,,,,,,,,,,,,,,,,,,,,,,,,,,,,,,,,,,,,,,
ivOGqRMb6O4_000019_000029.mp4,10,slicing onion,30.0,0.0,2.13,0,64,0,6,6,13,13,19,19,26,26,32,32,38,38,45,45,51,51,58,58,64,,,,,,,,,,,,,,,,,,,,,,,,,,,,,,,,,,,,,,,,,,,,,,,,,,,,,,,,,,,,,,,,,,,,,,,,,,,,,,,,,,,,,,,,,,,,,,,,,,,,,,,,,,,,,,,,,,,,,,,,,,
jAjSIhIzWMI_000043_000053.mp4,23,slicing onion,30.0,0.0,7.38,0,221,0,10,10,19,19,29,29,38,38,48,48,58,58,67,67,77,77,86,86,96,96,106,106,115,115,125,125,135,135,144,144,154,154,163,163,173,173,183,183,192,192,202,202,211,211,221,,,,,,,,,,,,,,,,,,,,,,,,,,,,,,,,,,,,,,,,,,,,,,,,,,,,,,,,,,,,,,,,,,,,,,,,,,,,,,,,,,,,,,,,,,,,,,,,
jegH3kB3DNs_000007_000017.mp4,3,slicing onion,30.0,1.0,5.0,30,150,30,70,70,110,110,150,,,,,,,,,,,,,,,,,,,,,,,,,,,,,,,,,,,,,,,,,,,,,,,,,,,,,,,,,,,,,,,,,,,,,,,,,,,,,,,,,,,,,,,,,,,,,,,,,,,,,,,,,,,,,,,,,,,,,,,,,,,,,,,,,,,,,,,,
jynkHtHTHfE_000004_000014.mp4,8,slicing onion,29.97,0.0,1.23,0,37,0,5,5,9,9,14,14,18,18,23,23,28,28,32,32,37,,,,,,,,,,,,,,,,,,,,,,,,,,,,,,,,,,,,,,,,,,,,,,,,,,,,,,,,,,,,,,,,,,,,,,,,,,,,,,,,,,,,,,,,,,,,,,,,,,,,,,,,,,,,,,,,,,,,,,,,,,,,,,
jynkHtHTHfE_000004_000014.mp4,27,slicing onion,29.97,2.9,6.91,87,207,87,91,91,96,96,100,100,105,105,109,109,114,114,118,118,123,123,127,127,131,131,136,136,140,140,145,145,149,149,154,154,158,158,163,163,167,167,171,171,176,176,180,180,185,185,189,189,194,194,198,198,203,203,207,,,,,,,,,,,,,,,,,,,,,,,,,,,,,,,,,,,,,,,,,,,,,,,,,,,,,,,,,,,,,,,,,,,,,,,,,,,,,,,,,,,,,,,,
kMx_8yzxLUQ_000051_000061.mp4,35,slicing onion,29.64,0.0,9.94,0,295,0,8,8,17,17,25,25,34,34,42,42,51,51,59,59,67,67,76,76,84,84,93,93,101,101,110,110,118,118,126,126,135,135,143,143,152,152,160,160,169,169,177,177,185,185,194,194,202,202,211,211,219,219,228,228,236,236,244,244,253,253,261,261,270,270,278,278,287,287,295,,,,,,,,,,,,,,,,,,,,,,,,,,,,,,,,,,,,,,,,,,,,,,,,,,,,,,,,,,,,,,,,,,,,,,,,
kcES4ZYQn2Y_000009_000019.mp4,34,slicing onion,30.0,0.0,7.98,0,239,0,7,7,14,14,21,21,28,28,35,35,42,42,49,49,56,56,63,63,70,70,77,77,84,84,91,91,98,98,105,105,112,112,120,120,127,127,134,134,141,141,148,148,155,155,162,162,169,169,176,176,183,183,190,190,197,197,204,204,211,211,218,218,225,225,232,232,239,,,,,,,,,,,,,,,,,,,,,,,,,,,,,,,,,,,,,,,,,,,,,,,,,,,,,,,,,,,,,,,,,,,,,,,,,,
kcES4ZYQn2Y_000009_000019.mp4,14,slicing onion,30.0,7.48,10.0,224,300,224,229,229,235,235,240,240,246,246,251,251,257,257,262,262,267,267,273,273,278,278,284,284,289,289,295,295,300,,,,,,,,,,,,,,,,,,,,,,,,,,,,,,,,,,,,,,,,,,,,,,,,,,,,,,,,,,,,,,,,,,,,,,,,,,,,,,,,,,,,,,,,,,,,,,,,,,,,,,,,,,,,,,,,,,
lKPnnTGZYMs_000165_000175.mp4,4,slicing onion,30.0,1.07,10.0,32,300,32,99,99,166,166,233,233,300,,,,,,,,,,,,,,,,,,,,,,,,,,,,,,,,,,,,,,,,,,,,,,,,,,,,,,,,,,,,,,,,,,,,,,,,,,,,,,,,,,,,,,,,,,,,,,,,,,,,,,,,,,,,,,,,,,,,,,,,,,,,,,,,,,,,,,
lTJshoxjeUw_000249_000259.mp4,2,slicing onion,25.0,0.0,1.88,0,47,0,24,24,47,,,,,,,,,,,,,,,,,,,,,,,,,,,,,,,,,,,,,,,,,,,,,,,,,,,,,,,,,,,,,,,,,,,,,,,,,,,,,,,,,,,,,,,,,,,,,,,,,,,,,,,,,,,,,,,,,,,,,,,,,,,,,,,,,,,,,,,,,,
lw7X3f3Qvgw_000106_000116.mp4,14,slicing onion,30.0,0.0,7.7,0,231,0,16,16,33,33,50,50,66,66,82,82,99,99,116,116,132,132,148,148,165,165,182,182,198,198,214,214,231,,,,,,,,,,,,,,,,,,,,,,,,,,,,,,,,,,,,,,,,,,,,,,,,,,,,,,,,,,,,,,,,,,,,,,,,,,,,,,,,,,,,,,,,,,,,,,,,,,,,,,,,,,,,,,,,,,
mfIXRgPakTk_000119_000129.mp4,2,slicing onion,29.97,4.07,9.98,122,299,122,210,210,299,,,,,,,,,,,,,,,,,,,,,,,,,,,,,,,,,,,,,,,,,,,,,,,,,,,,,,,,,,,,,,,,,,,,,,,,,,,,,,,,,,,,,,,,,,,,,,,,,,,,,,,,,,,,,,,,,,,,,,,,,,,,,,,,,,,,,,,,,,
ncZKWOhFMXk_000029_000039.mp4,4,slicing onion,29.97,3.55,6.27,106,188,106,126,126,147,147,168,168,188,,,,,,,,,,,,,,,,,,,,,,,,,,,,,,,,,,,,,,,,,,,,,,,,,,,,,,,,,,,,,,,,,,,,,,,,,,,,,,,,,,,,,,,,,,,,,,,,,,,,,,,,,,,,,,,,,,,,,,,,,,,,,,,,,,,,,,
ncZKWOhFMXk_000029_000039.mp4,3,slicing onion,29.97,7.77,9.94,233,298,233,255,255,276,276,298,,,,,,,,,,,,,,,,,,,,,,,,,,,,,,,,,,,,,,,,,,,,,,,,,,,,,,,,,,,,,,,,,,,,,,,,,,,,,,,,,,,,,,,,,,,,,,,,,,,,,,,,,,,,,,,,,,,,,,,,,,,,,,,,,,,,,,,,
oQgxM2xeyBo_000059_000069.mp4,15,slicing onion,29.97,0.0,2.85,0,85,0,6,6,11,11,17,17,23,23,28,28,34,34,40,40,45,45,51,51,57,57,62,62,68,68,74,74,79,79,85,,,,,,,,,,,,,,,,,,,,,,,,,,,,,,,,,,,,,,,,,,,,,,,,,,,,,,,,,,,,,,,,,,,,,,,,,,,,,,,,,,,,,,,,,,,,,,,,,,,,,,,,,,,,,,,,
pd79irdh--8_000046_000056.mp4,8,slicing onion,30.0,0.0,3.57,0,107,0,13,13,27,27,40,40,54,54,67,67,80,80,94,94,107,,,,,,,,,,,,,,,,,,,,,,,,,,,,,,,,,,,,,,,,,,,,,,,,,,,,,,,,,,,,,,,,,,,,,,,,,,,,,,,,,,,,,,,,,,,,,,,,,,,,,,,,,,,,,,,,,,,,,,,,,,,,,,
ppGug0UyvFs_000087_000097.mp4,13,slicing onion,24.0,0.0,6.0,0,144,0,11,11,22,22,33,33,44,44,55,55,66,66,78,78,89,89,100,100,111,111,122,122,133,133,144,,,,,,,,,,,,,,,,,,,,,,,,,,,,,,,,,,,,,,,,,,,,,,,,,,,,,,,,,,,,,,,,,,,,,,,,,,,,,,,,,,,,,,,,,,,,,,,,,,,,,,,,,,,,,,,,,,,,
ppGug0UyvFs_000087_000097.mp4,8,slicing onion,24.0,7.5,10.0,180,240,180,188,188,195,195,202,202,210,210,218,218,225,225,232,232,240,,,,,,,,,,,,,,,,,,,,,,,,,,,,,,,,,,,,,,,,,,,,,,,,,,,,,,,,,,,,,,,,,,,,,,,,,,,,,,,,,,,,,,,,,,,,,,,,,,,,,,,,,,,,,,,,,,,,,,,,,,,,,,
r971Ff8NjJo_000184_000194.mp4,2,slicing onion,29.97,2.5,7.0,75,210,75,143,143,210,,,,,,,,,,,,,,,,,,,,,,,,,,,,,,,,,,,,,,,,,,,,,,,,,,,,,,,,,,,,,,,,,,,,,,,,,,,,,,,,,,,,,,,,,,,,,,,,,,,,,,,,,,,,,,,,,,,,,,,,,,,,,,,,,,,,,,,,,,
sY6runQjXlo_000078_000088.mp4,2,slicing onion,29.97,2.37,5.91,71,177,71,124,124,177,,,,,,,,,,,,,,,,,,,,,,,,,,,,,,,,,,,,,,,,,,,,,,,,,,,,,,,,,,,,,,,,,,,,,,,,,,,,,,,,,,,,,,,,,,,,,,,,,,,,,,,,,,,,,,,,,,,,,,,,,,,,,,,,,,,,,,,,,,
sp7mjp1sDCo_000000_000010.mp4,29,slicing onion,15.0,3.8,10.0,57,150,57,60,60,63,63,67,67,70,70,73,73,76,76,79,79,83,83,86,86,89,89,92,92,95,95,99,99,102,102,105,105,108,108,112,112,115,115,118,118,121,121,124,124,128,128,131,131,134,134,137,137,140,140,144,144,147,147,150,,,,,,,,,,,,,,,,,,,,,,,,,,,,,,,,,,,,,,,,,,,,,,,,,,,,,,,,,,,,,,,,,,,,,,,,,,,,,,,,,,,,
s6Xr95T0yJU_000011_000021.mp4,8,slicing onion,15.0,0.0,6.03,0,90,0,11,11,22,22,34,34,45,45,56,56,68,68,79,79,90,,,,,,,,,,,,,,,,,,,,,,,,,,,,,,,,,,,,,,,,,,,,,,,,,,,,,,,,,,,,,,,,,,,,,,,,,,,,,,,,,,,,,,,,,,,,,,,,,,,,,,,,,,,,,,,,,,,,,,,,,,,,,,
tYRLwxtvswg_000005_000015.mp4,26,slicing onion,29.97,0.0,6.32,0,189,0,7,7,15,15,22,22,29,29,36,36,44,44,51,51,58,58,65,65,73,73,80,80,87,87,94,94,102,102,109,109,116,116,124,124,131,131,138,138,145,145,153,153,160,160,167,167,174,174,182,182,189,,,,,,,,,,,,,,,,,,,,,,,,,,,,,,,,,,,,,,,,,,,,,,,,,,,,,,,,,,,,,,,,,,,,,,,,,,,,,,,,,,,,,,,,,,
tdFnvuJ8jho_000076_000086.mp4,7,slicing onion,29.97,0.0,8.51,0,255,0,36,36,73,73,109,109,146,146,182,182,219,219,255,,,,,,,,,,,,,,,,,,,,,,,,,,,,,,,,,,,,,,,,,,,,,,,,,,,,,,,,,,,,,,,,,,,,,,,,,,,,,,,,,,,,,,,,,,,,,,,,,,,,,,,,,,,,,,,,,,,,,,,,,,,,,,,,
t6PI1jUKWrI_000061_000071.mp4,11,slicing onion,23.3,0.0,2.49,0,58,0,5,5,11,11,16,16,21,21,26,26,32,32,37,37,42,42,47,47,53,53,58,,,,,,,,,,,,,,,,,,,,,,,,,,,,,,,,,,,,,,,,,,,,,,,,,,,,,,,,,,,,,,,,,,,,,,,,,,,,,,,,,,,,,,,,,,,,,,,,,,,,,,,,,,,,,,,,,,,,,,,,
t6PI1jUKWrI_000061_000071.mp4,15,slicing onion,23.3,6.3,9.94,147,232,147,153,153,158,158,164,164,170,170,175,175,181,181,187,187,192,192,198,198,204,204,209,209,215,215,221,221,226,226,232,,,,,,,,,,,,,,,,,,,,,,,,,,,,,,,,,,,,,,,,,,,,,,,,,,,,,,,,,,,,,,,,,,,,,,,,,,,,,,,,,,,,,,,,,,,,,,,,,,,,,,,,,,,,,,,,
uCn_a2zTi7w_000212_000222.mp4,12,slicing onion,29.92,0.85,4.11,25,123,25,33,33,41,41,49,49,58,58,66,66,74,74,82,82,90,90,99,99,107,107,115,115,123,,,,,,,,,,,,,,,,,,,,,,,,,,,,,,,,,,,,,,,,,,,,,,,,,,,,,,,,,,,,,,,,,,,,,,,,,,,,,,,,,,,,,,,,,,,,,,,,,,,,,,,,,,,,,,,,,,,,,,
uIlD931emW0_000055_000065.mp4,4,slicing onion,29.97,0.0,3.57,0,107,0,27,27,54,54,80,80,107,,,,,,,,,,,,,,,,,,,,,,,,,,,,,,,,,,,,,,,,,,,,,,,,,,,,,,,,,,,,,,,,,,,,,,,,,,,,,,,,,,,,,,,,,,,,,,,,,,,,,,,,,,,,,,,,,,,,,,,,,,,,,,,,,,,,,,
vkpPM_92Vlg_000020_000030.mp4,12,slicing onion,15.0,0.0,4.13,0,62,0,5,5,10,10,16,16,21,21,26,26,31,31,36,36,41,41,46,46,52,52,57,57,62,,,,,,,,,,,,,,,,,,,,,,,,,,,,,,,,,,,,,,,,,,,,,,,,,,,,,,,,,,,,,,,,,,,,,,,,,,,,,,,,,,,,,,,,,,,,,,,,,,,,,,,,,,,,,,,,,,,,,,
vz6ozqYt6w4_000010_000020.mp4,5,slicing onion,7.5,0.0,4.53,0,34,0,7,7,14,14,20,20,27,27,34,,,,,,,,,,,,,,,,,,,,,,,,,,,,,,,,,,,,,,,,,,,,,,,,,,,,,,,,,,,,,,,,,,,,,,,,,,,,,,,,,,,,,,,,,,,,,,,,,,,,,,,,,,,,,,,,,,,,,,,,,,,,,,,,,,,,
v2n-vykTMpg_000055_000065.mp4,7,slicing onion,16.05,1.37,7.1,22,114,22,35,35,48,48,61,61,75,75,88,88,101,101,114,,,,,,,,,,,,,,,,,,,,,,,,,,,,,,,,,,,,,,,,,,,,,,,,,,,,,,,,,,,,,,,,,,,,,,,,,,,,,,,,,,,,,,,,,,,,,,,,,,,,,,,,,,,,,,,,,,,,,,,,,,,,,,,,
xSYsu9Osgwk_000001_000011.mp4,10,slicing onion,30.0,0.0,1.9,0,57,0,6,6,11,11,17,17,23,23,28,28,34,34,40,40,46,46,51,51,57,,,,,,,,,,,,,,,,,,,,,,,,,,,,,,,,,,,,,,,,,,,,,,,,,,,,,,,,,,,,,,,,,,,,,,,,,,,,,,,,,,,,,,,,,,,,,,,,,,,,,,,,,,,,,,,,,,,,,,,,,,
xZyluVs0ojg_000181_000191.mp4,3,slicing onion,59.94,0.0,2.64,0,158,0,53,53,105,105,158,,,,,,,,,,,,,,,,,,,,,,,,,,,,,,,,,,,,,,,,,,,,,,,,,,,,,,,,,,,,,,,,,,,,,,,,,,,,,,,,,,,,,,,,,,,,,,,,,,,,,,,,,,,,,,,,,,,,,,,,,,,,,,,,,,,,,,,,
xkJRJ7VDAM8_000005_000015.mp4,15,slicing onion,30.0,0.0,3.47,0,104,0,7,7,14,14,21,21,28,28,35,35,42,42,49,49,55,55,62,62,69,69,76,76,83,83,90,90,97,97,104,,,,,,,,,,,,,,,,,,,,,,,,,,,,,,,,,,,,,,,,,,,,,,,,,,,,,,,,,,,,,,,,,,,,,,,,,,,,,,,,,,,,,,,,,,,,,,,,,,,,,,,,,,,,,,,,
xkJRJ7VDAM8_000005_000015.mp4,13,slicing onion,30.0,3.88,6.43,116,193,116,122,122,128,128,134,134,140,140,146,146,152,152,157,157,163,163,169,169,175,175,181,181,187,187,193,,,,,,,,,,,,,,,,,,,,,,,,,,,,,,,,,,,,,,,,,,,,,,,,,,,,,,,,,,,,,,,,,,,,,,,,,,,,,,,,,,,,,,,,,,,,,,,,,,,,,,,,,,,,,,,,,,,,
xkJRJ7VDAM8_000005_000015.mp4,10,slicing onion,30.0,8.37,10.0,251,300,251,256,256,261,261,266,266,271,271,275,275,280,280,285,285,290,290,295,295,300,,,,,,,,,,,,,,,,,,,,,,,,,,,,,,,,,,,,,,,,,,,,,,,,,,,,,,,,,,,,,,,,,,,,,,,,,,,,,,,,,,,,,,,,,,,,,,,,,,,,,,,,,,,,,,,,,,,,,,,,,,
AuwWHoPOw2w_000027_000037.mp4,13,spinning poi,29.75,0.0,9.95,0,296,0,23,23,46,46,68,68,91,91,114,114,137,137,159,159,182,182,205,205,228,228,250,250,273,273,296,,,,,,,,,,,,,,,,,,,,,,,,,,,,,,,,,,,,,,,,,,,,,,,,,,,,,,,,,,,,,,,,,,,,,,,,,,,,,,,,,,,,,,,,,,,,,,,,,,,,,,,,,,,,,,,,,,,,
BhTRzK0fwe4_000002_000012.mp4,13,spinning poi,30.0,3.67,10.0,110,300,110,125,125,139,139,154,154,168,168,183,183,198,198,212,212,227,227,242,242,256,256,271,271,285,285,300,,,,,,,,,,,,,,,,,,,,,,,,,,,,,,,,,,,,,,,,,,,,,,,,,,,,,,,,,,,,,,,,,,,,,,,,,,,,,,,,,,,,,,,,,,,,,,,,,,,,,,,,,,,,,,,,,,,,
Dke8s2HsyAw_000035_000045.mp4,2,spinning poi,30.0,0.0,2.08,0,62,0,31,31,62,,,,,,,,,,,,,,,,,,,,,,,,,,,,,,,,,,,,,,,,,,,,,,,,,,,,,,,,,,,,,,,,,,,,,,,,,,,,,,,,,,,,,,,,,,,,,,,,,,,,,,,,,,,,,,,,,,,,,,,,,,,,,,,,,,,,,,,,,,
Dke8s2HsyAw_000035_000045.mp4,8,spinning poi,30.0,5.67,10.0,170,300,170,186,186,202,202,219,219,235,235,251,251,268,268,284,284,300,,,,,,,,,,,,,,,,,,,,,,,,,,,,,,,,,,,,,,,,,,,,,,,,,,,,,,,,,,,,,,,,,,,,,,,,,,,,,,,,,,,,,,,,,,,,,,,,,,,,,,,,,,,,,,,,,,,,,,,,,,,,,,
D0hiEJPXeGs_000181_000191.mp4,13,spinning poi,29.97,0.0,9.98,0,299,0,23,23,46,46,69,69,92,92,115,115,138,138,161,161,184,184,207,207,230,230,253,253,276,276,299,,,,,,,,,,,,,,,,,,,,,,,,,,,,,,,,,,,,,,,,,,,,,,,,,,,,,,,,,,,,,,,,,,,,,,,,,,,,,,,,,,,,,,,,,,,,,,,,,,,,,,,,,,,,,,,,,,,,
EOIc8fJXJI4_000139_000149.mp4,14,spinning poi,29.97,0.0,7.97,0,239,0,17,17,34,34,51,51,68,68,85,85,102,102,120,120,137,137,154,154,171,171,188,188,205,205,222,222,239,,,,,,,,,,,,,,,,,,,,,,,,,,,,,,,,,,,,,,,,,,,,,,,,,,,,,,,,,,,,,,,,,,,,,,,,,,,,,,,,,,,,,,,,,,,,,,,,,,,,,,,,,,,,,,,,,,
EjlPF9MMVwc_000302_000312.mp4,2,spinning poi,24.0,0.75,2.08,18,50,18,34,34,50,,,,,,,,,,,,,,,,,,,,,,,,,,,,,,,,,,,,,,,,,,,,,,,,,,,,,,,,,,,,,,,,,,,,,,,,,,,,,,,,,,,,,,,,,,,,,,,,,,,,,,,,,,,,,,,,,,,,,,,,,,,,,,,,,,,,,,,,,,
FBMoSC853NU_000135_000145.mp4,3,spinning poi,30.0,8.47,10.0,254,300,254,269,269,285,285,300,,,,,,,,,,,,,,,,,,,,,,,,,,,,,,,,,,,,,,,,,,,,,,,,,,,,,,,,,,,,,,,,,,,,,,,,,,,,,,,,,,,,,,,,,,,,,,,,,,,,,,,,,,,,,,,,,,,,,,,,,,,,,,,,,,,,,,,,
FgYQVoec5cM_000041_000051.mp4,17,spinning poi,29.97,0.0,9.98,0,299,0,18,18,35,35,53,53,70,70,88,88,106,106,123,123,141,141,158,158,176,176,193,193,211,211,229,229,246,246,264,264,281,281,299,,,,,,,,,,,,,,,,,,,,,,,,,,,,,,,,,,,,,,,,,,,,,,,,,,,,,,,,,,,,,,,,,,,,,,,,,,,,,,,,,,,,,,,,,,,,,,,,,,,,,,,,,,,,
IIKAz1SSjfE_000024_000034.mp4,14,spinning poi,19.98,0.0,9.96,0,199,0,14,14,28,28,43,43,57,57,71,71,85,85,100,100,114,114,128,128,142,142,156,156,171,171,185,185,199,,,,,,,,,,,,,,,,,,,,,,,,,,,,,,,,,,,,,,,,,,,,,,,,,,,,,,,,,,,,,,,,,,,,,,,,,,,,,,,,,,,,,,,,,,,,,,,,,,,,,,,,,,,,,,,,,,
LFYIZWeyuNM_000025_000035.mp4,12,spinning poi,10.52,0.0,10.0,0,105,0,9,9,18,18,26,26,35,35,44,44,52,52,61,61,70,70,79,79,88,88,96,96,105,,,,,,,,,,,,,,,,,,,,,,,,,,,,,,,,,,,,,,,,,,,,,,,,,,,,,,,,,,,,,,,,,,,,,,,,,,,,,,,,,,,,,,,,,,,,,,,,,,,,,,,,,,,,,,,,,,,,,,
LmlvKKf_GcI_000143_000153.mp4,17,spinning poi,29.97,0.0,9.98,0,299,0,18,18,35,35,53,53,70,70,88,88,106,106,123,123,141,141,158,158,176,176,193,193,211,211,229,229,246,246,264,264,281,281,299,,,,,,,,,,,,,,,,,,,,,,,,,,,,,,,,,,,,,,,,,,,,,,,,,,,,,,,,,,,,,,,,,,,,,,,,,,,,,,,,,,,,,,,,,,,,,,,,,,,,,,,,,,,,
LyKkniLfzN0_000011_000021.mp4,27,spinning poi,24.08,0.0,9.97,0,240,0,9,9,18,18,27,27,36,36,44,44,53,53,62,62,71,71,80,80,89,89,98,98,107,107,116,116,124,124,133,133,142,142,151,151,160,160,169,169,178,178,187,187,196,196,204,204,213,213,222,222,231,231,240,,,,,,,,,,,,,,,,,,,,,,,,,,,,,,,,,,,,,,,,,,,,,,,,,,,,,,,,,,,,,,,,,,,,,,,,,,,,,,,,,,,,,,,,
ME0z2nAZeG8_000025_000035.mp4,19,spinning poi,24.99,0.0,9.97,0,249,0,13,13,26,26,39,39,52,52,66,66,79,79,92,92,105,105,118,118,131,131,144,144,157,157,170,170,183,183,197,197,210,210,223,223,236,236,249,,,,,,,,,,,,,,,,,,,,,,,,,,,,,,,,,,,,,,,,,,,,,,,,,,,,,,,,,,,,,,,,,,,,,,,,,,,,,,,,,,,,,,,,,,,,,,,,,,,,,,,,
NSNLlBk0AeA_000115_000125.mp4,16,spinning poi,25.0,0.0,10.0,0,250,0,16,16,31,31,47,47,62,62,78,78,94,94,109,109,125,125,141,141,156,156,172,172,188,188,203,203,219,219,234,234,250,,,,,,,,,,,,,,,,,,,,,,,,,,,,,,,,,,,,,,,,,,,,,,,,,,,,,,,,,,,,,,,,,,,,,,,,,,,,,,,,,,,,,,,,,,,,,,,,,,,,,,,,,,,,,,
Of9YXCsmhsc_000027_000037.mp4,15,spinning poi,30.0,0.0,10.0,0,300,0,20,20,40,40,60,60,80,80,100,100,120,120,140,140,160,160,180,180,200,200,220,220,240,240,260,260,280,280,300,,,,,,,,,,,,,,,,,,,,,,,,,,,,,,,,,,,,,,,,,,,,,,,,,,,,,,,,,,,,,,,,,,,,,,,,,,,,,,,,,,,,,,,,,,,,,,,,,,,,,,,,,,,,,,,,
PiGuTsaoE1w_000060_000070.mp4,14,spinning poi,29.97,0.0,9.94,0,298,0,21,21,43,43,64,64,85,85,106,106,128,128,149,149,170,170,192,192,213,213,234,234,255,255,277,277,298,,,,,,,,,,,,,,,,,,,,,,,,,,,,,,,,,,,,,,,,,,,,,,,,,,,,,,,,,,,,,,,,,,,,,,,,,,,,,,,,,,,,,,,,,,,,,,,,,,,,,,,,,,,,,,,,,,
QhYXjC8df18_000085_000095.mp4,18,spinning poi,29.97,0.0,9.14,0,274,0,15,15,30,30,46,46,61,61,76,76,91,91,107,107,122,122,137,137,152,152,167,167,183,183,198,198,213,213,228,228,244,244,259,259,274,,,,,,,,,,,,,,,,,,,,,,,,,,,,,,,,,,,,,,,,,,,,,,,,,,,,,,,,,,,,,,,,,,,,,,,,,,,,,,,,,,,,,,,,,,,,,,,,,,,,,,,,,,
RfBVG7kp8k4_000013_000023.mp4,21,spinning poi,29.75,0.0,9.98,0,297,0,14,14,28,28,42,42,57,57,71,71,85,85,99,99,113,113,127,127,141,141,156,156,170,170,184,184,198,198,212,212,226,226,240,240,255,255,269,269,283,283,297,,,,,,,,,,,,,,,,,,,,,,,,,,,,,,,,,,,,,,,,,,,,,,,,,,,,,,,,,,,,,,,,,,,,,,,,,,,,,,,,,,,,,,,,,,,,,,,,,,,,
R_JPHP_Q4x8_000004_000014.mp4,19,spinning poi,29.97,0.0,9.98,0,299,0,16,16,31,31,47,47,63,63,79,79,94,94,110,110,126,126,142,142,157,157,173,173,189,189,205,205,220,220,236,236,252,252,268,268,283,283,299,,,,,,,,,,,,,,,,,,,,,,,,,,,,,,,,,,,,,,,,,,,,,,,,,,,,,,,,,,,,,,,,,,,,,,,,,,,,,,,,,,,,,,,,,,,,,,,,,,,,,,,,
SLsaoaVtDc4_000027_000037.mp4,15,spinning poi,29.92,0.0,9.96,0,298,0,20,20,40,40,60,60,79,79,99,99,119,119,139,139,159,159,179,179,199,199,219,219,238,238,258,258,278,278,298,,,,,,,,,,,,,,,,,,,,,,,,,,,,,,,,,,,,,,,,,,,,,,,,,,,,,,,,,,,,,,,,,,,,,,,,,,,,,,,,,,,,,,,,,,,,,,,,,,,,,,,,,,,,,,,,
SdiJwP0_fqg_000248_000258.mp4,2,spinning poi,29.97,1.12,2.4,34,72,34,53,53,72,,,,,,,,,,,,,,,,,,,,,,,,,,,,,,,,,,,,,,,,,,,,,,,,,,,,,,,,,,,,,,,,,,,,,,,,,,,,,,,,,,,,,,,,,,,,,,,,,,,,,,,,,,,,,,,,,,,,,,,,,,,,,,,,,,,,,,,,,,
TEEg9rn5pns_000003_000013.mp4,5,spinning poi,29.97,4.17,9.98,125,299,125,160,160,195,195,229,229,264,264,299,,,,,,,,,,,,,,,,,,,,,,,,,,,,,,,,,,,,,,,,,,,,,,,,,,,,,,,,,,,,,,,,,,,,,,,,,,,,,,,,,,,,,,,,,,,,,,,,,,,,,,,,,,,,,,,,,,,,,,,,,,,,,,,,,,,,
UGCryPY25zI_000000_000010.mp4,15,spinning poi,29.97,0.0,8.5,0,255,0,17,17,34,34,51,51,68,68,85,85,102,102,119,119,136,136,153,153,170,170,187,187,204,204,221,221,238,238,255,,,,,,,,,,,,,,,,,,,,,,,,,,,,,,,,,,,,,,,,,,,,,,,,,,,,,,,,,,,,,,,,,,,,,,,,,,,,,,,,,,,,,,,,,,,,,,,,,,,,,,,,,,,,,,,,
UQNs4Jvqb-4_000109_000119.mp4,21,spinning poi,30.0,0.0,10.0,0,300,0,14,14,29,29,43,43,57,57,71,71,86,86,100,100,114,114,129,129,143,143,157,157,171,171,186,186,200,200,214,214,229,229,243,243,257,257,271,271,286,286,300,,,,,,,,,,,,,,,,,,,,,,,,,,,,,,,,,,,,,,,,,,,,,,,,,,,,,,,,,,,,,,,,,,,,,,,,,,,,,,,,,,,,,,,,,,,,,,,,,,,,
Uz1zLJphJvg_000102_000112.mp4,6,spinning poi,10.25,0.0,9.85,0,101,0,17,17,34,34,50,50,67,67,84,84,101,,,,,,,,,,,,,,,,,,,,,,,,,,,,,,,,,,,,,,,,,,,,,,,,,,,,,,,,,,,,,,,,,,,,,,,,,,,,,,,,,,,,,,,,,,,,,,,,,,,,,,,,,,,,,,,,,,,,,,,,,,,,,,,,,,
VnvTZ4BbNV0_000000_000010.mp4,12,spinning poi,15.0,0.0,10.0,0,150,0,12,12,25,25,38,38,50,50,62,62,75,75,88,88,100,100,112,112,125,125,138,138,150,,,,,,,,,,,,,,,,,,,,,,,,,,,,,,,,,,,,,,,,,,,,,,,,,,,,,,,,,,,,,,,,,,,,,,,,,,,,,,,,,,,,,,,,,,,,,,,,,,,,,,,,,,,,,,,,,,,,,,
XE-oBrBz45U_000076_000086.mp4,14,spinning poi,29.97,0.0,9.98,0,299,0,21,21,43,43,64,64,85,85,107,107,128,128,150,150,171,171,192,192,214,214,235,235,256,256,278,278,299,,,,,,,,,,,,,,,,,,,,,,,,,,,,,,,,,,,,,,,,,,,,,,,,,,,,,,,,,,,,,,,,,,,,,,,,,,,,,,,,,,,,,,,,,,,,,,,,,,,,,,,,,,,,,,,,,,
XqSto69MbEc_000026_000036.mp4,10,spinning poi,24.0,0.0,10.0,0,240,0,24,24,48,48,72,72,96,96,120,120,144,144,168,168,192,192,216,216,240,,,,,,,,,,,,,,,,,,,,,,,,,,,,,,,,,,,,,,,,,,,,,,,,,,,,,,,,,,,,,,,,,,,,,,,,,,,,,,,,,,,,,,,,,,,,,,,,,,,,,,,,,,,,,,,,,,,,,,,,,,
Yaco5TVtTek_000023_000033.mp4,7,spinning poi,14.97,0.0,4.33,0,65,0,9,9,19,19,28,28,37,37,46,46,56,56,65,,,,,,,,,,,,,,,,,,,,,,,,,,,,,,,,,,,,,,,,,,,,,,,,,,,,,,,,,,,,,,,,,,,,,,,,,,,,,,,,,,,,,,,,,,,,,,,,,,,,,,,,,,,,,,,,,,,,,,,,,,,,,,,,
acpWu6lHmWc_000000_000010.mp4,11,spinning poi,30.0,3.53,10.0,106,300,106,124,124,141,141,159,159,177,177,194,194,212,212,229,229,247,247,265,265,282,282,300,,,,,,,,,,,,,,,,,,,,,,,,,,,,,,,,,,,,,,,,,,,,,,,,,,,,,,,,,,,,,,,,,,,,,,,,,,,,,,,,,,,,,,,,,,,,,,,,,,,,,,,,,,,,,,,,,,,,,,,,
ajETWFzIr24_000203_000213.mp4,14,spinning poi,59.94,0.0,9.98,0,598,0,43,43,85,85,128,128,171,171,214,214,256,256,299,299,342,342,384,384,427,427,470,470,513,513,555,555,598,,,,,,,,,,,,,,,,,,,,,,,,,,,,,,,,,,,,,,,,,,,,,,,,,,,,,,,,,,,,,,,,,,,,,,,,,,,,,,,,,,,,,,,,,,,,,,,,,,,,,,,,,,,,,,,,,,
aqw7BZda2Qs_000004_000014.mp4,32,spinning poi,29.97,0.0,9.98,0,299,0,9,9,19,19,28,28,37,37,47,47,56,56,65,65,75,75,84,84,93,93,103,103,112,112,121,121,131,131,140,140,150,150,159,159,168,168,178,178,187,187,196,196,206,206,215,215,224,224,234,234,243,243,252,252,262,262,271,271,280,280,290,290,299,,,,,,,,,,,,,,,,,,,,,,,,,,,,,,,,,,,,,,,,,,,,,,,,,,,,,,,,,,,,,,,,,,,,,,,,,,,,,,
bo8kTTaeexI_000158_000168.mp4,17,spinning poi,29.97,0.0,9.94,0,298,0,18,18,35,35,53,53,70,70,88,88,105,105,123,123,140,140,158,158,175,175,193,193,210,210,228,228,245,245,263,263,280,280,298,,,,,,,,,,,,,,,,,,,,,,,,,,,,,,,,,,,,,,,,,,,,,,,,,,,,,,,,,,,,,,,,,,,,,,,,,,,,,,,,,,,,,,,,,,,,,,,,,,,,,,,,,,,,
bsUhuxQAi00_000050_000060.mp4,17,spinning poi,29.97,0.0,9.98,0,299,0,18,18,35,35,53,53,70,70,88,88,106,106,123,123,141,141,158,158,176,176,193,193,211,211,229,229,246,246,264,264,281,281,299,,,,,,,,,,,,,,,,,,,,,,,,,,,,,,,,,,,,,,,,,,,,,,,,,,,,,,,,,,,,,,,,,,,,,,,,,,,,,,,,,,,,,,,,,,,,,,,,,,,,,,,,,,,,
cI-Nr_STjUY_000086_000096.mp4,22,spinning poi,29.97,0.0,9.98,0,299,0,14,14,27,27,41,41,54,54,68,68,82,82,95,95,109,109,122,122,136,136,150,150,163,163,177,177,190,190,204,204,217,217,231,231,245,245,258,258,272,272,285,285,299,,,,,,,,,,,,,,,,,,,,,,,,,,,,,,,,,,,,,,,,,,,,,,,,,,,,,,,,,,,,,,,,,,,,,,,,,,,,,,,,,,,,,,,,,,,,,,,,,,
eu7kXaMQmes_000010_000020.mp4,6,spinning poi,29.97,0.0,9.98,0,299,0,50,50,100,100,150,150,199,199,249,249,299,,,,,,,,,,,,,,,,,,,,,,,,,,,,,,,,,,,,,,,,,,,,,,,,,,,,,,,,,,,,,,,,,,,,,,,,,,,,,,,,,,,,,,,,,,,,,,,,,,,,,,,,,,,,,,,,,,,,,,,,,,,,,,,,,,
fs4q03Lk8FA_000000_000010.mp4,14,spinning poi,25.0,2.84,10.0,71,250,71,84,84,97,97,109,109,122,122,135,135,148,148,161,161,173,173,186,186,199,199,212,212,224,224,237,237,250,,,,,,,,,,,,,,,,,,,,,,,,,,,,,,,,,,,,,,,,,,,,,,,,,,,,,,,,,,,,,,,,,,,,,,,,,,,,,,,,,,,,,,,,,,,,,,,,,,,,,,,,,,,,,,,,,,
fv6r_Plb7Tw_000001_000011.mp4,6,spinning poi,30.0,5.12,10.0,154,300,154,178,178,203,203,227,227,251,251,276,276,300,,,,,,,,,,,,,,,,,,,,,,,,,,,,,,,,,,,,,,,,,,,,,,,,,,,,,,,,,,,,,,,,,,,,,,,,,,,,,,,,,,,,,,,,,,,,,,,,,,,,,,,,,,,,,,,,,,,,,,,,,,,,,,,,,,
gG0osyutA9A_000029_000039.mp4,10,spinning poi,30.0,4.55,10.0,136,300,136,152,152,169,169,185,185,202,202,218,218,234,234,251,251,267,267,284,284,300,,,,,,,,,,,,,,,,,,,,,,,,,,,,,,,,,,,,,,,,,,,,,,,,,,,,,,,,,,,,,,,,,,,,,,,,,,,,,,,,,,,,,,,,,,,,,,,,,,,,,,,,,,,,,,,,,,,,,,,,,,
gnaAmBq9GLE_000048_000058.mp4,6,spinning poi,29.97,2.33,6.87,70,206,70,93,93,115,115,138,138,161,161,183,183,206,,,,,,,,,,,,,,,,,,,,,,,,,,,,,,,,,,,,,,,,,,,,,,,,,,,,,,,,,,,,,,,,,,,,,,,,,,,,,,,,,,,,,,,,,,,,,,,,,,,,,,,,,,,,,,,,,,,,,,,,,,,,,,,,,,
hji87-wv1X8_000161_000171.mp4,17,spinning poi,29.97,0.0,9.94,0,298,0,18,18,35,35,53,53,70,70,88,88,105,105,123,123,140,140,158,158,175,175,193,193,210,210,228,228,245,245,263,263,280,280,298,,,,,,,,,,,,,,,,,,,,,,,,,,,,,,,,,,,,,,,,,,,,,,,,,,,,,,,,,,,,,,,,,,,,,,,,,,,,,,,,,,,,,,,,,,,,,,,,,,,,,,,,,,,,
honEDwikuuc_000161_000171.mp4,14,spinning poi,29.97,0.0,9.94,0,298,0,21,21,43,43,64,64,85,85,106,106,128,128,149,149,170,170,192,192,213,213,234,234,255,255,277,277,298,,,,,,,,,,,,,,,,,,,,,,,,,,,,,,,,,,,,,,,,,,,,,,,,,,,,,,,,,,,,,,,,,,,,,,,,,,,,,,,,,,,,,,,,,,,,,,,,,,,,,,,,,,,,,,,,,,
iLhU8EMrUSk_000001_000011.mp4,18,spinning poi,29.97,0.0,9.98,0,299,0,17,17,33,33,50,50,66,66,83,83,100,100,116,116,133,133,150,150,166,166,183,183,199,199,216,216,233,233,249,249,266,266,282,282,299,,,,,,,,,,,,,,,,,,,,,,,,,,,,,,,,,,,,,,,,,,,,,,,,,,,,,,,,,,,,,,,,,,,,,,,,,,,,,,,,,,,,,,,,,,,,,,,,,,,,,,,,,,
iWSyaoNdlBU_000104_000114.mp4,26,spinning poi,25.0,0.0,10.0,0,250,0,10,10,19,19,29,29,38,38,48,48,58,58,67,67,77,77,87,87,96,96,106,106,115,115,125,125,135,135,144,144,154,154,163,163,173,173,183,183,192,192,202,202,212,212,221,221,231,231,240,240,250,,,,,,,,,,,,,,,,,,,,,,,,,,,,,,,,,,,,,,,,,,,,,,,,,,,,,,,,,,,,,,,,,,,,,,,,,,,,,,,,,,,,,,,,,,
kjd7_PZPdm8_000036_000046.mp4,18,spinning poi,30.0,0.0,10.0,0,300,0,17,17,33,33,50,50,67,67,83,83,100,100,117,117,133,133,150,150,167,167,183,183,200,200,217,217,233,233,250,250,267,267,283,283,300,,,,,,,,,,,,,,,,,,,,,,,,,,,,,,,,,,,,,,,,,,,,,,,,,,,,,,,,,,,,,,,,,,,,,,,,,,,,,,,,,,,,,,,,,,,,,,,,,,,,,,,,,,
nLzHQQVclQk_000008_000018.mp4,15,spinning poi,29.9,0.0,9.96,0,298,0,20,20,40,40,60,60,79,79,99,99,119,119,139,139,159,159,179,179,199,199,219,219,238,238,258,258,278,278,298,,,,,,,,,,,,,,,,,,,,,,,,,,,,,,,,,,,,,,,,,,,,,,,,,,,,,,,,,,,,,,,,,,,,,,,,,,,,,,,,,,,,,,,,,,,,,,,,,,,,,,,,,,,,,,,,
oXBzkgq-VAk_000079_000089.mp4,12,spinning poi,30.0,0.0,10.0,0,300,0,25,25,50,50,75,75,100,100,125,125,150,150,175,175,200,200,225,225,250,250,275,275,300,,,,,,,,,,,,,,,,,,,,,,,,,,,,,,,,,,,,,,,,,,,,,,,,,,,,,,,,,,,,,,,,,,,,,,,,,,,,,,,,,,,,,,,,,,,,,,,,,,,,,,,,,,,,,,,,,,,,,,
pCL97uRSlJE_000041_000051.mp4,3,spinning poi,23.98,0.0,2.46,0,59,0,20,20,39,39,59,,,,,,,,,,,,,,,,,,,,,,,,,,,,,,,,,,,,,,,,,,,,,,,,,,,,,,,,,,,,,,,,,,,,,,,,,,,,,,,,,,,,,,,,,,,,,,,,,,,,,,,,,,,,,,,,,,,,,,,,,,,,,,,,,,,,,,,,
pCL97uRSlJE_000041_000051.mp4,4,spinning poi,23.98,6.3,9.93,151,238,151,173,173,195,195,216,216,238,,,,,,,,,,,,,,,,,,,,,,,,,,,,,,,,,,,,,,,,,,,,,,,,,,,,,,,,,,,,,,,,,,,,,,,,,,,,,,,,,,,,,,,,,,,,,,,,,,,,,,,,,,,,,,,,,,,,,,,,,,,,,,,,,,,,,,
qM8PkbEyrBc_000008_000018.mp4,19,spinning poi,29.97,0.0,9.98,0,299,0,16,16,31,31,47,47,63,63,79,79,94,94,110,110,126,126,142,142,157,157,173,173,189,189,205,205,220,220,236,236,252,252,268,268,283,283,299,,,,,,,,,,,,,,,,,,,,,,,,,,,,,,,,,,,,,,,,,,,,,,,,,,,,,,,,,,,,,,,,,,,,,,,,,,,,,,,,,,,,,,,,,,,,,,,,,,,,,,,,
qcQoj4FfArQ_000195_000205.mp4,17,spinning poi,29.97,0.0,9.94,0,298,0,18,18,35,35,53,53,70,70,88,88,105,105,123,123,140,140,158,158,175,175,193,193,210,210,228,228,245,245,263,263,280,280,298,,,,,,,,,,,,,,,,,,,,,,,,,,,,,,,,,,,,,,,,,,,,,,,,,,,,,,,,,,,,,,,,,,,,,,,,,,,,,,,,,,,,,,,,,,,,,,,,,,,,,,,,,,,,
rSfFUyngo48_000019_000029.mp4,21,spinning poi,29.97,0.0,10.0,0,300,0,14,14,29,29,43,43,57,57,71,71,86,86,100,100,114,114,129,129,143,143,157,157,171,171,186,186,200,200,214,214,229,229,243,243,257,257,271,271,286,286,300,,,,,,,,,,,,,,,,,,,,,,,,,,,,,,,,,,,,,,,,,,,,,,,,,,,,,,,,,,,,,,,,,,,,,,,,,,,,,,,,,,,,,,,,,,,,,,,,,,,,
u38vaf8H27Y_000032_000042.mp4,18,spinning poi,30.0,0.0,9.98,0,299,0,17,17,33,33,50,50,66,66,83,83,100,100,116,116,133,133,150,150,166,166,183,183,199,199,216,216,233,233,249,249,266,266,282,282,299,,,,,,,,,,,,,,,,,,,,,,,,,,,,,,,,,,,,,,,,,,,,,,,,,,,,,,,,,,,,,,,,,,,,,,,,,,,,,,,,,,,,,,,,,,,,,,,,,,,,,,,,,,
0o5wIvBzVvY_000752_000762.mp4,15,spinning poi,29.97,0.0,8.14,0,244,0,16,16,33,33,49,49,65,65,81,81,98,98,114,114,130,130,146,146,163,163,179,179,195,195,211,211,228,228,244,,,,,,,,,,,,,,,,,,,,,,,,,,,,,,,,,,,,,,,,,,,,,,,,,,,,,,,,,,,,,,,,,,,,,,,,,,,,,,,,,,,,,,,,,,,,,,,,,,,,,,,,,,,,,,,,
3Vl7i3lM0f4_000003_000013.mp4,28,spinning poi,30.0,0.0,10.0,0,300,0,11,11,21,21,32,32,43,43,54,54,64,64,75,75,86,86,96,96,107,107,118,118,129,129,139,139,150,150,161,161,171,171,182,182,193,193,204,204,214,214,225,225,236,236,246,246,257,257,268,268,279,279,289,289,300,,,,,,,,,,,,,,,,,,,,,,,,,,,,,,,,,,,,,,,,,,,,,,,,,,,,,,,,,,,,,,,,,,,,,,,,,,,,,,,,,,,,,,
3nK-TGuLauY_000049_000059.mp4,3,spinning poi,30.0,0.0,10.0,0,300,0,100,100,200,200,300,,,,,,,,,,,,,,,,,,,,,,,,,,,,,,,,,,,,,,,,,,,,,,,,,,,,,,,,,,,,,,,,,,,,,,,,,,,,,,,,,,,,,,,,,,,,,,,,,,,,,,,,,,,,,,,,,,,,,,,,,,,,,,,,,,,,,,,,
32WioArS_Kw_000036_000046.mp4,20,spinning poi,29.0,0.0,10.0,0,290,0,14,14,29,29,44,44,58,58,72,72,87,87,102,102,116,116,130,130,145,145,160,160,174,174,188,188,203,203,218,218,232,232,246,246,261,261,276,276,290,,,,,,,,,,,,,,,,,,,,,,,,,,,,,,,,,,,,,,,,,,,,,,,,,,,,,,,,,,,,,,,,,,,,,,,,,,,,,,,,,,,,,,,,,,,,,,,,,,,,,,
4VrJPBkSh-Y_000039_000049.mp4,11,spinning poi,30.0,0.0,10.0,0,300,0,27,27,55,55,82,82,109,109,136,136,164,164,191,191,218,218,245,245,273,273,300,,,,,,,,,,,,,,,,,,,,,,,,,,,,,,,,,,,,,,,,,,,,,,,,,,,,,,,,,,,,,,,,,,,,,,,,,,,,,,,,,,,,,,,,,,,,,,,,,,,,,,,,,,,,,,,,,,,,,,,,
4bvFoMy6mpM_000004_000014.mp4,12,spinning poi,29.97,3.14,7.74,94,232,94,106,106,117,117,128,128,140,140,152,152,163,163,174,174,186,186,198,198,209,209,220,220,232,,,,,,,,,,,,,,,,,,,,,,,,,,,,,,,,,,,,,,,,,,,,,,,,,,,,,,,,,,,,,,,,,,,,,,,,,,,,,,,,,,,,,,,,,,,,,,,,,,,,,,,,,,,,,,,,,,,,,,
42yBtz_sIdc_000072_000082.mp4,7,spinning poi,29.97,0.0,4.14,0,124,0,18,18,35,35,53,53,71,71,89,89,106,106,124,,,,,,,,,,,,,,,,,,,,,,,,,,,,,,,,,,,,,,,,,,,,,,,,,,,,,,,,,,,,,,,,,,,,,,,,,,,,,,,,,,,,,,,,,,,,,,,,,,,,,,,,,,,,,,,,,,,,,,,,,,,,,,,,
42yBtz_sIdc_000072_000082.mp4,6,spinning poi,29.97,6.11,9.98,183,299,183,202,202,222,222,241,241,260,260,280,280,299,,,,,,,,,,,,,,,,,,,,,,,,,,,,,,,,,,,,,,,,,,,,,,,,,,,,,,,,,,,,,,,,,,,,,,,,,,,,,,,,,,,,,,,,,,,,,,,,,,,,,,,,,,,,,,,,,,,,,,,,,,,,,,,,,,
5blYSKVAxaY_000003_000013.mp4,17,spinning poi,30.0,0.0,10.0,0,300,0,18,18,35,35,53,53,71,71,88,88,106,106,124,124,141,141,159,159,176,176,194,194,212,212,229,229,247,247,265,265,282,282,300,,,,,,,,,,,,,,,,,,,,,,,,,,,,,,,,,,,,,,,,,,,,,,,,,,,,,,,,,,,,,,,,,,,,,,,,,,,,,,,,,,,,,,,,,,,,,,,,,,,,,,,,,,,,
6BNHIEHpHXw_000055_000065.mp4,11,spinning poi,30.0,0.0,10.0,0,300,0,27,27,55,55,82,82,109,109,136,136,164,164,191,191,218,218,245,245,273,273,300,,,,,,,,,,,,,,,,,,,,,,,,,,,,,,,,,,,,,,,,,,,,,,,,,,,,,,,,,,,,,,,,,,,,,,,,,,,,,,,,,,,,,,,,,,,,,,,,,,,,,,,,,,,,,,,,,,,,,,,,
6Nemhace6r8_000120_000130.mp4,18,spinning poi,29.97,0.0,9.98,0,299,0,17,17,33,33,50,50,66,66,83,83,100,100,116,116,133,133,150,150,166,166,183,183,199,199,216,216,233,233,249,249,266,266,282,282,299,,,,,,,,,,,,,,,,,,,,,,,,,,,,,,,,,,,,,,,,,,,,,,,,,,,,,,,,,,,,,,,,,,,,,,,,,,,,,,,,,,,,,,,,,,,,,,,,,,,,,,,,,,
7LOtcLB5-VA_000079_000089.mp4,22,spinning poi,29.97,0.0,9.98,0,299,0,14,14,27,27,41,41,54,54,68,68,82,82,95,95,109,109,122,122,136,136,150,150,163,163,177,177,190,190,204,204,217,217,231,231,245,245,258,258,272,272,285,285,299,,,,,,,,,,,,,,,,,,,,,,,,,,,,,,,,,,,,,,,,,,,,,,,,,,,,,,,,,,,,,,,,,,,,,,,,,,,,,,,,,,,,,,,,,,,,,,,,,,
8ftlQppcXBg_000007_000017.mp4,20,spinning poi,25.0,0.0,10.0,0,250,0,12,12,25,25,38,38,50,50,62,62,75,75,88,88,100,100,112,112,125,125,138,138,150,150,162,162,175,175,188,188,200,200,212,212,225,225,238,238,250,,,,,,,,,,,,,,,,,,,,,,,,,,,,,,,,,,,,,,,,,,,,,,,,,,,,,,,,,,,,,,,,,,,,,,,,,,,,,,,,,,,,,,,,,,,,,,,,,,,,,,
8texFmm36Go_000008_000018.mp4,20,spinning poi,23.93,0.0,9.95,0,238,0,12,12,24,24,36,36,48,48,60,60,71,71,83,83,95,95,107,107,119,119,131,131,143,143,155,155,167,167,178,178,190,190,202,202,214,214,226,226,238,,,,,,,,,,,,,,,,,,,,,,,,,,,,,,,,,,,,,,,,,,,,,,,,,,,,,,,,,,,,,,,,,,,,,,,,,,,,,,,,,,,,,,,,,,,,,,,,,,,,,,
9lQITzduKXY_000120_000130.mp4,16,spinning poi,23.98,0.0,9.09,0,218,0,14,14,27,27,41,41,54,54,68,68,82,82,95,95,109,109,123,123,136,136,150,150,164,164,177,177,191,191,204,204,218,,,,,,,,,,,,,,,,,,,,,,,,,,,,,,,,,,,,,,,,,,,,,,,,,,,,,,,,,,,,,,,,,,,,,,,,,,,,,,,,,,,,,,,,,,,,,,,,,,,,,,,,,,,,,,
9vEq6SC2-hA_000044_000054.mp4,19,spinning poi,30.0,0.0,10.0,0,300,0,16,16,32,32,47,47,63,63,79,79,95,95,111,111,126,126,142,142,158,158,174,174,189,189,205,205,221,221,237,237,253,253,268,268,284,284,300,,,,,,,,,,,,,,,,,,,,,,,,,,,,,,,,,,,,,,,,,,,,,,,,,,,,,,,,,,,,,,,,,,,,,,,,,,,,,,,,,,,,,,,,,,,,,,,,,,,,,,,,
-pHEn_wiEa8_000002_000012.mp4,26,spinning poi,20.0,0.0,10.0,0,200,0,8,8,15,15,23,23,31,31,38,38,46,46,54,54,62,62,69,69,77,77,85,85,92,92,100,100,108,108,115,115,123,123,131,131,138,138,146,146,154,154,162,162,169,169,177,177,185,185,192,192,200,,,,,,,,,,,,,,,,,,,,,,,,,,,,,,,,,,,,,,,,,,,,,,,,,,,,,,,,,,,,,,,,,,,,,,,,,,,,,,,,,,,,,,,,,,
-zbuWlBLdL8_000001_000011.mp4,21,spinning poi,24.0,0.0,10.0,0,240,0,11,11,23,23,34,34,46,46,57,57,69,69,80,80,91,91,103,103,114,114,126,126,137,137,149,149,160,160,171,171,183,183,194,194,206,206,217,217,229,229,240,,,,,,,,,,,,,,,,,,,,,,,,,,,,,,,,,,,,,,,,,,,,,,,,,,,,,,,,,,,,,,,,,,,,,,,,,,,,,,,,,,,,,,,,,,,,,,,,,,,,
-4cDS45kNJw_000277_000287.mp4,14,spinning poi,29.97,0.0,9.98,0,299,0,21,21,43,43,64,64,85,85,107,107,128,128,150,150,171,171,192,192,214,214,235,235,256,256,278,278,299,,,,,,,,,,,,,,,,,,,,,,,,,,,,,,,,,,,,,,,,,,,,,,,,,,,,,,,,,,,,,,,,,,,,,,,,,,,,,,,,,,,,,,,,,,,,,,,,,,,,,,,,,,,,,,,,,,
AZ4r-NkugiA_000052_000062.mp4,3,squat,30.0,0.0,10.0,0,300,0,100,100,200,200,300,,,,,,,,,,,,,,,,,,,,,,,,,,,,,,,,,,,,,,,,,,,,,,,,,,,,,,,,,,,,,,,,,,,,,,,,,,,,,,,,,,,,,,,,,,,,,,,,,,,,,,,,,,,,,,,,,,,,,,,,,,,,,,,,,,,,,,,,
AfPkXoJM2sY_000004_000014.mp4,3,squat,29.97,0.0,9.98,0,299,0,100,100,199,199,299,,,,,,,,,,,,,,,,,,,,,,,,,,,,,,,,,,,,,,,,,,,,,,,,,,,,,,,,,,,,,,,,,,,,,,,,,,,,,,,,,,,,,,,,,,,,,,,,,,,,,,,,,,,,,,,,,,,,,,,,,,,,,,,,,,,,,,,,
BscLFfMsNmA_000009_000019.mp4,2,squat,30.0,0.9,6.62,27,199,27,113,113,199,,,,,,,,,,,,,,,,,,,,,,,,,,,,,,,,,,,,,,,,,,,,,,,,,,,,,,,,,,,,,,,,,,,,,,,,,,,,,,,,,,,,,,,,,,,,,,,,,,,,,,,,,,,,,,,,,,,,,,,,,,,,,,,,,,,,,,,,,,
B1_fRMdW_jw_000115_000125.mp4,2,squat,30.0,5.5,10.0,165,300,165,233,233,300,,,,,,,,,,,,,,,,,,,,,,,,,,,,,,,,,,,,,,,,,,,,,,,,,,,,,,,,,,,,,,,,,,,,,,,,,,,,,,,,,,,,,,,,,,,,,,,,,,,,,,,,,,,,,,,,,,,,,,,,,,,,,,,,,,,,,,,,,,
Cm5O-P8I9DI_000007_000017.mp4,2,squat,29.0,1.33,8.57,39,249,39,144,144,249,,,,,,,,,,,,,,,,,,,,,,,,,,,,,,,,,,,,,,,,,,,,,,,,,,,,,,,,,,,,,,,,,,,,,,,,,,,,,,,,,,,,,,,,,,,,,,,,,,,,,,,,,,,,,,,,,,,,,,,,,,,,,,,,,,,,,,,,,,
DSdox52D3XY_000004_000014.mp4,3,squat,29.94,2.97,9.98,89,299,89,159,159,229,229,299,,,,,,,,,,,,,,,,,,,,,,,,,,,,,,,,,,,,,,,,,,,,,,,,,,,,,,,,,,,,,,,,,,,,,,,,,,,,,,,,,,,,,,,,,,,,,,,,,,,,,,,,,,,,,,,,,,,,,,,,,,,,,,,,,,,,,,,,
DZkyr5jQgdk_000001_000011.mp4,3,squat,29.42,4.62,9.96,136,293,136,188,188,241,241,293,,,,,,,,,,,,,,,,,,,,,,,,,,,,,,,,,,,,,,,,,,,,,,,,,,,,,,,,,,,,,,,,,,,,,,,,,,,,,,,,,,,,,,,,,,,,,,,,,,,,,,,,,,,,,,,,,,,,,,,,,,,,,,,,,,,,,,,,
EZ8YGM-OMrE_000018_000028.mp4,3,squat,16.58,0.12,9.94,2,165,2,56,56,111,111,165,,,,,,,,,,,,,,,,,,,,,,,,,,,,,,,,,,,,,,,,,,,,,,,,,,,,,,,,,,,,,,,,,,,,,,,,,,,,,,,,,,,,,,,,,,,,,,,,,,,,,,,,,,,,,,,,,,,,,,,,,,,,,,,,,,,,,,,,
E3IUD2N5iLk_000062_000072.mp4,2,squat,30.0,0.0,7.97,0,239,0,120,120,239,,,,,,,,,,,,,,,,,,,,,,,,,,,,,,,,,,,,,,,,,,,,,,,,,,,,,,,,,,,,,,,,,,,,,,,,,,,,,,,,,,,,,,,,,,,,,,,,,,,,,,,,,,,,,,,,,,,,,,,,,,,,,,,,,,,,,,,,,,
Gmp1OKmLOnE_000006_000016.mp4,3,squat,25.0,0.82,8.58,20,214,20,85,85,149,149,214,,,,,,,,,,,,,,,,,,,,,,,,,,,,,,,,,,,,,,,,,,,,,,,,,,,,,,,,,,,,,,,,,,,,,,,,,,,,,,,,,,,,,,,,,,,,,,,,,,,,,,,,,,,,,,,,,,,,,,,,,,,,,,,,,,,,,,,,
HaMW-jK8hi0_000010_000020.mp4,3,squat,30.0,0.73,10.0,22,300,22,115,115,207,207,300,,,,,,,,,,,,,,,,,,,,,,,,,,,,,,,,,,,,,,,,,,,,,,,,,,,,,,,,,,,,,,,,,,,,,,,,,,,,,,,,,,,,,,,,,,,,,,,,,,,,,,,,,,,,,,,,,,,,,,,,,,,,,,,,,,,,,,,,
JfaMPeA-Yn4_000004_000014.mp4,3,squat,29.97,0.0,8.48,0,254,0,85,85,169,169,254,,,,,,,,,,,,,,,,,,,,,,,,,,,,,,,,,,,,,,,,,,,,,,,,,,,,,,,,,,,,,,,,,,,,,,,,,,,,,,,,,,,,,,,,,,,,,,,,,,,,,,,,,,,,,,,,,,,,,,,,,,,,,,,,,,,,,,,,
Jw9MUoFY2u4_000038_000048.mp4,2,squat,29.97,1.27,9.98,38,299,38,168,168,299,,,,,,,,,,,,,,,,,,,,,,,,,,,,,,,,,,,,,,,,,,,,,,,,,,,,,,,,,,,,,,,,,,,,,,,,,,,,,,,,,,,,,,,,,,,,,,,,,,,,,,,,,,,,,,,,,,,,,,,,,,,,,,,,,,,,,,,,,,
MM4oeXm6GLU_000018_000028.mp4,2,squat,29.97,0.0,5.71,0,171,0,86,86,171,,,,,,,,,,,,,,,,,,,,,,,,,,,,,,,,,,,,,,,,,,,,,,,,,,,,,,,,,,,,,,,,,,,,,,,,,,,,,,,,,,,,,,,,,,,,,,,,,,,,,,,,,,,,,,,,,,,,,,,,,,,,,,,,,,,,,,,,,,
NCEAhU2ZLbM_000013_000023.mp4,4,squat,25.0,0.0,10.0,0,250,0,62,62,125,125,188,188,250,,,,,,,,,,,,,,,,,,,,,,,,,,,,,,,,,,,,,,,,,,,,,,,,,,,,,,,,,,,,,,,,,,,,,,,,,,,,,,,,,,,,,,,,,,,,,,,,,,,,,,,,,,,,,,,,,,,,,,,,,,,,,,,,,,,,,,
PPPZRNKPqVs_000005_000015.mp4,2,squat,29.97,0.0,5.84,0,175,0,88,88,175,,,,,,,,,,,,,,,,,,,,,,,,,,,,,,,,,,,,,,,,,,,,,,,,,,,,,,,,,,,,,,,,,,,,,,,,,,,,,,,,,,,,,,,,,,,,,,,,,,,,,,,,,,,,,,,,,,,,,,,,,,,,,,,,,,,,,,,,,,
PwC1sKdjPSM_000003_000013.mp4,3,squat,23.98,0.0,9.01,0,216,0,72,72,144,144,216,,,,,,,,,,,,,,,,,,,,,,,,,,,,,,,,,,,,,,,,,,,,,,,,,,,,,,,,,,,,,,,,,,,,,,,,,,,,,,,,,,,,,,,,,,,,,,,,,,,,,,,,,,,,,,,,,,,,,,,,,,,,,,,,,,,,,,,,
P-U9pILPUO0_000003_000013.mp4,3,squat,29.97,0.0,8.44,0,253,0,84,84,169,169,253,,,,,,,,,,,,,,,,,,,,,,,,,,,,,,,,,,,,,,,,,,,,,,,,,,,,,,,,,,,,,,,,,,,,,,,,,,,,,,,,,,,,,,,,,,,,,,,,,,,,,,,,,,,,,,,,,,,,,,,,,,,,,,,,,,,,,,,,
QQPv17nfR_E_000003_000013.mp4,6,squat,30.0,0.0,6.27,0,188,0,31,31,63,63,94,94,125,125,157,157,188,,,,,,,,,,,,,,,,,,,,,,,,,,,,,,,,,,,,,,,,,,,,,,,,,,,,,,,,,,,,,,,,,,,,,,,,,,,,,,,,,,,,,,,,,,,,,,,,,,,,,,,,,,,,,,,,,,,,,,,,,,,,,,,,,,
QUy2Aum6oTM_000004_000014.mp4,3,squat,30.0,1.13,10.0,34,300,34,123,123,211,211,300,,,,,,,,,,,,,,,,,,,,,,,,,,,,,,,,,,,,,,,,,,,,,,,,,,,,,,,,,,,,,,,,,,,,,,,,,,,,,,,,,,,,,,,,,,,,,,,,,,,,,,,,,,,,,,,,,,,,,,,,,,,,,,,,,,,,,,,,
RZeyOYnIjfM_000024_000034.mp4,2,squat,30.0,5.22,10.0,157,300,157,229,229,300,,,,,,,,,,,,,,,,,,,,,,,,,,,,,,,,,,,,,,,,,,,,,,,,,,,,,,,,,,,,,,,,,,,,,,,,,,,,,,,,,,,,,,,,,,,,,,,,,,,,,,,,,,,,,,,,,,,,,,,,,,,,,,,,,,,,,,,,,,
TYuYICQ8HwY_000035_000045.mp4,2,squat,19.58,0.0,3.11,0,61,0,30,30,61,,,,,,,,,,,,,,,,,,,,,,,,,,,,,,,,,,,,,,,,,,,,,,,,,,,,,,,,,,,,,,,,,,,,,,,,,,,,,,,,,,,,,,,,,,,,,,,,,,,,,,,,,,,,,,,,,,,,,,,,,,,,,,,,,,,,,,,,,,
VO3ts38ZCTk_000023_000033.mp4,5,squat,30.0,0.0,10.0,0,300,0,60,60,120,120,180,180,240,240,300,,,,,,,,,,,,,,,,,,,,,,,,,,,,,,,,,,,,,,,,,,,,,,,,,,,,,,,,,,,,,,,,,,,,,,,,,,,,,,,,,,,,,,,,,,,,,,,,,,,,,,,,,,,,,,,,,,,,,,,,,,,,,,,,,,,,
WHmb_QoDuIk_000014_000024.mp4,3,squat,30.0,0.0,9.7,0,291,0,97,97,194,194,291,,,,,,,,,,,,,,,,,,,,,,,,,,,,,,,,,,,,,,,,,,,,,,,,,,,,,,,,,,,,,,,,,,,,,,,,,,,,,,,,,,,,,,,,,,,,,,,,,,,,,,,,,,,,,,,,,,,,,,,,,,,,,,,,,,,,,,,,
WLaGsEOvaLo_000236_000246.mp4,3,squat,30.0,0.4,10.0,12,300,12,108,108,204,204,300,,,,,,,,,,,,,,,,,,,,,,,,,,,,,,,,,,,,,,,,,,,,,,,,,,,,,,,,,,,,,,,,,,,,,,,,,,,,,,,,,,,,,,,,,,,,,,,,,,,,,,,,,,,,,,,,,,,,,,,,,,,,,,,,,,,,,,,,
WNW4qKlqL2g_000002_000012.mp4,3,squat,30.0,5.7,10.0,171,300,171,214,214,257,257,300,,,,,,,,,,,,,,,,,,,,,,,,,,,,,,,,,,,,,,,,,,,,,,,,,,,,,,,,,,,,,,,,,,,,,,,,,,,,,,,,,,,,,,,,,,,,,,,,,,,,,,,,,,,,,,,,,,,,,,,,,,,,,,,,,,,,,,,,
Wu3MSbqdrbU_000095_000105.mp4,2,squat,25.0,0.0,3.48,0,87,0,44,44,87,,,,,,,,,,,,,,,,,,,,,,,,,,,,,,,,,,,,,,,,,,,,,,,,,,,,,,,,,,,,,,,,,,,,,,,,,,,,,,,,,,,,,,,,,,,,,,,,,,,,,,,,,,,,,,,,,,,,,,,,,,,,,,,,,,,,,,,,,,
W5Az6-Ggphk_000004_000014.mp4,3,squat,25.0,0.0,6.08,0,152,0,51,51,101,101,152,,,,,,,,,,,,,,,,,,,,,,,,,,,,,,,,,,,,,,,,,,,,,,,,,,,,,,,,,,,,,,,,,,,,,,,,,,,,,,,,,,,,,,,,,,,,,,,,,,,,,,,,,,,,,,,,,,,,,,,,,,,,,,,,,,,,,,,,
XCTh0BazyBY_000001_000011.mp4,2,squat,29.97,4.05,9.86,121,296,121,209,209,296,,,,,,,,,,,,,,,,,,,,,,,,,,,,,,,,,,,,,,,,,,,,,,,,,,,,,,,,,,,,,,,,,,,,,,,,,,,,,,,,,,,,,,,,,,,,,,,,,,,,,,,,,,,,,,,,,,,,,,,,,,,,,,,,,,,,,,,,,,
XaeNr9Ryffk_000000_000010.mp4,2,squat,29.97,3.74,9.98,112,299,112,206,206,299,,,,,,,,,,,,,,,,,,,,,,,,,,,,,,,,,,,,,,,,,,,,,,,,,,,,,,,,,,,,,,,,,,,,,,,,,,,,,,,,,,,,,,,,,,,,,,,,,,,,,,,,,,,,,,,,,,,,,,,,,,,,,,,,,,,,,,,,,,
alMQkEhX0I8_000004_000014.mp4,2,squat,29.97,0.0,3.0,0,90,0,45,45,90,,,,,,,,,,,,,,,,,,,,,,,,,,,,,,,,,,,,,,,,,,,,,,,,,,,,,,,,,,,,,,,,,,,,,,,,,,,,,,,,,,,,,,,,,,,,,,,,,,,,,,,,,,,,,,,,,,,,,,,,,,,,,,,,,,,,,,,,,,
dM1DcPC1I8c_000427_000437.mp4,2,squat,30.0,6.37,10.0,191,300,191,245,245,300,,,,,,,,,,,,,,,,,,,,,,,,,,,,,,,,,,,,,,,,,,,,,,,,,,,,,,,,,,,,,,,,,,,,,,,,,,,,,,,,,,,,,,,,,,,,,,,,,,,,,,,,,,,,,,,,,,,,,,,,,,,,,,,,,,,,,,,,,,
dptApZvEt5Y_000003_000013.mp4,6,squat,29.97,0.0,9.98,0,299,0,50,50,100,100,150,150,199,199,249,249,299,,,,,,,,,,,,,,,,,,,,,,,,,,,,,,,,,,,,,,,,,,,,,,,,,,,,,,,,,,,,,,,,,,,,,,,,,,,,,,,,,,,,,,,,,,,,,,,,,,,,,,,,,,,,,,,,,,,,,,,,,,,,,,,,,,
d9RolJ8kHQg_000160_000170.mp4,2,squat,29.97,1.13,9.94,34,298,34,166,166,298,,,,,,,,,,,,,,,,,,,,,,,,,,,,,,,,,,,,,,,,,,,,,,,,,,,,,,,,,,,,,,,,,,,,,,,,,,,,,,,,,,,,,,,,,,,,,,,,,,,,,,,,,,,,,,,,,,,,,,,,,,,,,,,,,,,,,,,,,,
eaBUsoB3ARY_000004_000014.mp4,2,squat,30.0,4.2,10.0,126,300,126,213,213,300,,,,,,,,,,,,,,,,,,,,,,,,,,,,,,,,,,,,,,,,,,,,,,,,,,,,,,,,,,,,,,,,,,,,,,,,,,,,,,,,,,,,,,,,,,,,,,,,,,,,,,,,,,,,,,,,,,,,,,,,,,,,,,,,,,,,,,,,,,
f6CxlZSWZPU_000028_000038.mp4,2,squat,29.97,0.0,8.89,0,266,0,133,133,266,,,,,,,,,,,,,,,,,,,,,,,,,,,,,,,,,,,,,,,,,,,,,,,,,,,,,,,,,,,,,,,,,,,,,,,,,,,,,,,,,,,,,,,,,,,,,,,,,,,,,,,,,,,,,,,,,,,,,,,,,,,,,,,,,,,,,,,,,,
gAxVL3K0vsg_000020_000030.mp4,3,squat,29.92,0.0,7.82,0,234,0,78,78,156,156,234,,,,,,,,,,,,,,,,,,,,,,,,,,,,,,,,,,,,,,,,,,,,,,,,,,,,,,,,,,,,,,,,,,,,,,,,,,,,,,,,,,,,,,,,,,,,,,,,,,,,,,,,,,,,,,,,,,,,,,,,,,,,,,,,,,,,,,,,
gV3dgCS0hWU_000009_000019.mp4,3,squat,29.97,0.0,9.98,0,299,0,100,100,199,199,299,,,,,,,,,,,,,,,,,,,,,,,,,,,,,,,,,,,,,,,,,,,,,,,,,,,,,,,,,,,,,,,,,,,,,,,,,,,,,,,,,,,,,,,,,,,,,,,,,,,,,,,,,,,,,,,,,,,,,,,,,,,,,,,,,,,,,,,,
i-HQaIjVsBs_000005_000015.mp4,3,squat,29.97,0.0,5.44,0,163,0,54,54,109,109,163,,,,,,,,,,,,,,,,,,,,,,,,,,,,,,,,,,,,,,,,,,,,,,,,,,,,,,,,,,,,,,,,,,,,,,,,,,,,,,,,,,,,,,,,,,,,,,,,,,,,,,,,,,,,,,,,,,,,,,,,,,,,,,,,,,,,,,,,
jMNkragWK6U_000122_000132.mp4,2,squat,29.97,2.7,9.98,81,299,81,190,190,299,,,,,,,,,,,,,,,,,,,,,,,,,,,,,,,,,,,,,,,,,,,,,,,,,,,,,,,,,,,,,,,,,,,,,,,,,,,,,,,,,,,,,,,,,,,,,,,,,,,,,,,,,,,,,,,,,,,,,,,,,,,,,,,,,,,,,,,,,,
j-D3ztzIHSc_000000_000010.mp4,2,squat,29.97,0.5,6.17,15,185,15,100,100,185,,,,,,,,,,,,,,,,,,,,,,,,,,,,,,,,,,,,,,,,,,,,,,,,,,,,,,,,,,,,,,,,,,,,,,,,,,,,,,,,,,,,,,,,,,,,,,,,,,,,,,,,,,,,,,,,,,,,,,,,,,,,,,,,,,,,,,,,,,
kJtNQRUtNL4_000003_000013.mp4,3,squat,29.0,1.28,10.0,37,290,37,121,121,206,206,290,,,,,,,,,,,,,,,,,,,,,,,,,,,,,,,,,,,,,,,,,,,,,,,,,,,,,,,,,,,,,,,,,,,,,,,,,,,,,,,,,,,,,,,,,,,,,,,,,,,,,,,,,,,,,,,,,,,,,,,,,,,,,,,,,,,,,,,,
k79oN88Q8EI_000010_000020.mp4,3,squat,29.79,0.0,9.97,0,297,0,99,99,198,198,297,,,,,,,,,,,,,,,,,,,,,,,,,,,,,,,,,,,,,,,,,,,,,,,,,,,,,,,,,,,,,,,,,,,,,,,,,,,,,,,,,,,,,,,,,,,,,,,,,,,,,,,,,,,,,,,,,,,,,,,,,,,,,,,,,,,,,,,,
lM1ttV4PIP0_000067_000077.mp4,2,squat,30.0,0.73,7.57,22,227,22,124,124,227,,,,,,,,,,,,,,,,,,,,,,,,,,,,,,,,,,,,,,,,,,,,,,,,,,,,,,,,,,,,,,,,,,,,,,,,,,,,,,,,,,,,,,,,,,,,,,,,,,,,,,,,,,,,,,,,,,,,,,,,,,,,,,,,,,,,,,,,,,
mAbnkqDC-68_000004_000014.mp4,2,squat,29.97,0.0,9.98,0,299,0,150,150,299,,,,,,,,,,,,,,,,,,,,,,,,,,,,,,,,,,,,,,,,,,,,,,,,,,,,,,,,,,,,,,,,,,,,,,,,,,,,,,,,,,,,,,,,,,,,,,,,,,,,,,,,,,,,,,,,,,,,,,,,,,,,,,,,,,,,,,,,,,
mESS6DKbbj8_000006_000016.mp4,3,squat,25.0,2.84,10.0,71,250,71,131,131,190,190,250,,,,,,,,,,,,,,,,,,,,,,,,,,,,,,,,,,,,,,,,,,,,,,,,,,,,,,,,,,,,,,,,,,,,,,,,,,,,,,,,,,,,,,,,,,,,,,,,,,,,,,,,,,,,,,,,,,,,,,,,,,,,,,,,,,,,,,,,
mU2sRSLJ1Oc_000022_000032.mp4,2,squat,30.0,0.0,10.0,0,300,0,150,150,300,,,,,,,,,,,,,,,,,,,,,,,,,,,,,,,,,,,,,,,,,,,,,,,,,,,,,,,,,,,,,,,,,,,,,,,,,,,,,,,,,,,,,,,,,,,,,,,,,,,,,,,,,,,,,,,,,,,,,,,,,,,,,,,,,,,,,,,,,,
my0E9N5VH3w_000393_000403.mp4,2,squat,23.98,0.0,6.38,0,153,0,76,76,153,,,,,,,,,,,,,,,,,,,,,,,,,,,,,,,,,,,,,,,,,,,,,,,,,,,,,,,,,,,,,,,,,,,,,,,,,,,,,,,,,,,,,,,,,,,,,,,,,,,,,,,,,,,,,,,,,,,,,,,,,,,,,,,,,,,,,,,,,,
rRUaSaoVlBc_000007_000017.mp4,8,squat,30.0,0.0,10.0,0,300,0,38,38,75,75,112,112,150,150,188,188,225,225,262,262,300,,,,,,,,,,,,,,,,,,,,,,,,,,,,,,,,,,,,,,,,,,,,,,,,,,,,,,,,,,,,,,,,,,,,,,,,,,,,,,,,,,,,,,,,,,,,,,,,,,,,,,,,,,,,,,,,,,,,,,,,,,,,,,
sw7V8nTj3Ro_000020_000030.mp4,3,squat,29.42,0.27,8.97,8,264,8,93,93,179,179,264,,,,,,,,,,,,,,,,,,,,,,,,,,,,,,,,,,,,,,,,,,,,,,,,,,,,,,,,,,,,,,,,,,,,,,,,,,,,,,,,,,,,,,,,,,,,,,,,,,,,,,,,,,,,,,,,,,,,,,,,,,,,,,,,,,,,,,,,
t3JeDQB3Vi4_000005_000015.mp4,3,squat,30.0,0.0,9.2,0,276,0,92,92,184,184,276,,,,,,,,,,,,,,,,,,,,,,,,,,,,,,,,,,,,,,,,,,,,,,,,,,,,,,,,,,,,,,,,,,,,,,,,,,,,,,,,,,,,,,,,,,,,,,,,,,,,,,,,,,,,,,,,,,,,,,,,,,,,,,,,,,,,,,,,
wPD2IXjipjo_000010_000020.mp4,3,squat,29.97,0.0,9.98,0,299,0,100,100,199,199,299,,,,,,,,,,,,,,,,,,,,,,,,,,,,,,,,,,,,,,,,,,,,,,,,,,,,,,,,,,,,,,,,,,,,,,,,,,,,,,,,,,,,,,,,,,,,,,,,,,,,,,,,,,,,,,,,,,,,,,,,,,,,,,,,,,,,,,,,
xPkqDfBEjwA_000003_000013.mp4,2,squat,30.0,2.8,10.0,84,300,84,192,192,300,,,,,,,,,,,,,,,,,,,,,,,,,,,,,,,,,,,,,,,,,,,,,,,,,,,,,,,,,,,,,,,,,,,,,,,,,,,,,,,,,,,,,,,,,,,,,,,,,,,,,,,,,,,,,,,,,,,,,,,,,,,,,,,,,,,,,,,,,,
yv2kUJpGuNU_000054_000064.mp4,2,squat,14.87,0.0,4.44,0,66,0,33,33,66,,,,,,,,,,,,,,,,,,,,,,,,,,,,,,,,,,,,,,,,,,,,,,,,,,,,,,,,,,,,,,,,,,,,,,,,,,,,,,,,,,,,,,,,,,,,,,,,,,,,,,,,,,,,,,,,,,,,,,,,,,,,,,,,,,,,,,,,,,
0NGOQJ3cBf4_000279_000289.mp4,3,squat,29.97,1.33,9.84,40,295,40,125,125,210,210,295,,,,,,,,,,,,,,,,,,,,,,,,,,,,,,,,,,,,,,,,,,,,,,,,,,,,,,,,,,,,,,,,,,,,,,,,,,,,,,,,,,,,,,,,,,,,,,,,,,,,,,,,,,,,,,,,,,,,,,,,,,,,,,,,,,,,,,,,
0cAyBAWc8lI_000002_000012.mp4,2,squat,15.0,0.0,3.53,0,53,0,26,26,53,,,,,,,,,,,,,,,,,,,,,,,,,,,,,,,,,,,,,,,,,,,,,,,,,,,,,,,,,,,,,,,,,,,,,,,,,,,,,,,,,,,,,,,,,,,,,,,,,,,,,,,,,,,,,,,,,,,,,,,,,,,,,,,,,,,,,,,,,,
1o6fXy-0uUE_000116_000126.mp4,3,squat,29.97,0.0,9.98,0,299,0,100,100,199,199,299,,,,,,,,,,,,,,,,,,,,,,,,,,,,,,,,,,,,,,,,,,,,,,,,,,,,,,,,,,,,,,,,,,,,,,,,,,,,,,,,,,,,,,,,,,,,,,,,,,,,,,,,,,,,,,,,,,,,,,,,,,,,,,,,,,,,,,,,
1vnGNr5Xy2g_000005_000015.mp4,2,squat,29.97,0.0,7.81,0,234,0,117,117,234,,,,,,,,,,,,,,,,,,,,,,,,,,,,,,,,,,,,,,,,,,,,,,,,,,,,,,,,,,,,,,,,,,,,,,,,,,,,,,,,,,,,,,,,,,,,,,,,,,,,,,,,,,,,,,,,,,,,,,,,,,,,,,,,,,,,,,,,,,
10Y2EcXnuzQ_000085_000095.mp4,3,squat,29.97,0.0,8.31,0,249,0,83,83,166,166,249,,,,,,,,,,,,,,,,,,,,,,,,,,,,,,,,,,,,,,,,,,,,,,,,,,,,,,,,,,,,,,,,,,,,,,,,,,,,,,,,,,,,,,,,,,,,,,,,,,,,,,,,,,,,,,,,,,,,,,,,,,,,,,,,,,,,,,,,
2GJMrfFCUtM_000043_000053.mp4,2,squat,30.0,0.17,8.1,5,243,5,124,124,243,,,,,,,,,,,,,,,,,,,,,,,,,,,,,,,,,,,,,,,,,,,,,,,,,,,,,,,,,,,,,,,,,,,,,,,,,,,,,,,,,,,,,,,,,,,,,,,,,,,,,,,,,,,,,,,,,,,,,,,,,,,,,,,,,,,,,,,,,,
3y8o_McqeVQ_000011_000021.mp4,2,squat,30.0,0.0,3.9,0,117,0,58,58,117,,,,,,,,,,,,,,,,,,,,,,,,,,,,,,,,,,,,,,,,,,,,,,,,,,,,,,,,,,,,,,,,,,,,,,,,,,,,,,,,,,,,,,,,,,,,,,,,,,,,,,,,,,,,,,,,,,,,,,,,,,,,,,,,,,,,,,,,,,
603q1dwfi7w_000002_000012.mp4,3,squat,25.0,2.92,10.0,73,250,73,132,132,191,191,250,,,,,,,,,,,,,,,,,,,,,,,,,,,,,,,,,,,,,,,,,,,,,,,,,,,,,,,,,,,,,,,,,,,,,,,,,,,,,,,,,,,,,,,,,,,,,,,,,,,,,,,,,,,,,,,,,,,,,,,,,,,,,,,,,,,,,,,,
7YxLkbSMcsk_000024_000034.mp4,8,squat,29.67,0.0,9.94,0,295,0,37,37,74,74,111,111,148,148,184,184,221,221,258,258,295,,,,,,,,,,,,,,,,,,,,,,,,,,,,,,,,,,,,,,,,,,,,,,,,,,,,,,,,,,,,,,,,,,,,,,,,,,,,,,,,,,,,,,,,,,,,,,,,,,,,,,,,,,,,,,,,,,,,,,,,,,,,,,
-FcDTJzptes_000000_000010.mp4,2,squat,29.93,5.31,9.99,159,299,159,229,229,299,,,,,,,,,,,,,,,,,,,,,,,,,,,,,,,,,,,,,,,,,,,,,,,,,,,,,,,,,,,,,,,,,,,,,,,,,,,,,,,,,,,,,,,,,,,,,,,,,,,,,,,,,,,,,,,,,,,,,,,,,,,,,,,,,,,,,,,,,,
AgKVrlV138U_000211_000221.mp4,2,swimming butterfly stroke,25.0,0.0,10.0,0,250,0,125,125,250,,,,,,,,,,,,,,,,,,,,,,,,,,,,,,,,,,,,,,,,,,,,,,,,,,,,,,,,,,,,,,,,,,,,,,,,,,,,,,,,,,,,,,,,,,,,,,,,,,,,,,,,,,,,,,,,,,,,,,,,,,,,,,,,,,,,,,,,,,
AtTo4I3FEtE_000014_000024.mp4,3,swimming butterfly stroke,30.0,0.67,6.33,20,190,20,77,77,133,133,190,,,,,,,,,,,,,,,,,,,,,,,,,,,,,,,,,,,,,,,,,,,,,,,,,,,,,,,,,,,,,,,,,,,,,,,,,,,,,,,,,,,,,,,,,,,,,,,,,,,,,,,,,,,,,,,,,,,,,,,,,,,,,,,,,,,,,,,,
A50UYDuqIJ8_000012_000022.mp4,6,swimming butterfly stroke,24.96,3.61,9.98,90,249,90,116,116,143,143,170,170,196,196,222,222,249,,,,,,,,,,,,,,,,,,,,,,,,,,,,,,,,,,,,,,,,,,,,,,,,,,,,,,,,,,,,,,,,,,,,,,,,,,,,,,,,,,,,,,,,,,,,,,,,,,,,,,,,,,,,,,,,,,,,,,,,,,,,,,,,,,
BY-qkH7W5dU_000064_000074.mp4,8,swimming butterfly stroke,30.0,0.0,9.4,0,282,0,35,35,70,70,106,106,141,141,176,176,212,212,247,247,282,,,,,,,,,,,,,,,,,,,,,,,,,,,,,,,,,,,,,,,,,,,,,,,,,,,,,,,,,,,,,,,,,,,,,,,,,,,,,,,,,,,,,,,,,,,,,,,,,,,,,,,,,,,,,,,,,,,,,,,,,,,,,,
DrwTRF65oVU_000181_000191.mp4,2,swimming butterfly stroke,29.97,0.0,9.98,0,299,0,150,150,299,,,,,,,,,,,,,,,,,,,,,,,,,,,,,,,,,,,,,,,,,,,,,,,,,,,,,,,,,,,,,,,,,,,,,,,,,,,,,,,,,,,,,,,,,,,,,,,,,,,,,,,,,,,,,,,,,,,,,,,,,,,,,,,,,,,,,,,,,,
D9yiPcRPbyo_000003_000013.mp4,3,swimming butterfly stroke,23.98,4.4,9.86,105,236,105,149,149,192,192,236,,,,,,,,,,,,,,,,,,,,,,,,,,,,,,,,,,,,,,,,,,,,,,,,,,,,,,,,,,,,,,,,,,,,,,,,,,,,,,,,,,,,,,,,,,,,,,,,,,,,,,,,,,,,,,,,,,,,,,,,,,,,,,,,,,,,,,,,
E-2X5HoWnGs_000013_000023.mp4,2,swimming butterfly stroke,25.0,0.0,3.88,0,97,0,48,48,97,,,,,,,,,,,,,,,,,,,,,,,,,,,,,,,,,,,,,,,,,,,,,,,,,,,,,,,,,,,,,,,,,,,,,,,,,,,,,,,,,,,,,,,,,,,,,,,,,,,,,,,,,,,,,,,,,,,,,,,,,,,,,,,,,,,,,,,,,,
FFDQSzwwaW8_000002_000012.mp4,6,swimming butterfly stroke,29.97,1.37,9.94,41,298,41,84,84,127,127,169,169,212,212,255,255,298,,,,,,,,,,,,,,,,,,,,,,,,,,,,,,,,,,,,,,,,,,,,,,,,,,,,,,,,,,,,,,,,,,,,,,,,,,,,,,,,,,,,,,,,,,,,,,,,,,,,,,,,,,,,,,,,,,,,,,,,,,,,,,,,,,
FFDQSzwwaW8_000000_000010.mp4,6,swimming front crawl,29.97,1.37,9.94,41,298,41,84,84,127,127,169,169,212,212,255,255,298,,,,,,,,,,,,,,,,,,,,,,,,,,,,,,,,,,,,,,,,,,,,,,,,,,,,,,,,,,,,,,,,,,,,,,,,,,,,,,,,,,,,,,,,,,,,,,,,,,,,,,,,,,,,,,,,,,,,,,,,,,,,,,,,,,
HI6k03MNTcI_000093_000103.mp4,6,swimming breast stroke,29.97,0.0,9.98,0,299,0,50,50,100,100,150,150,199,199,249,249,299,,,,,,,,,,,,,,,,,,,,,,,,,,,,,,,,,,,,,,,,,,,,,,,,,,,,,,,,,,,,,,,,,,,,,,,,,,,,,,,,,,,,,,,,,,,,,,,,,,,,,,,,,,,,,,,,,,,,,,,,,,,,,,,,,,
HI6k03MNTcI_000036_000046.mp4,6,swimming butterfly stroke,29.97,0.0,9.98,0,299,0,50,50,100,100,150,150,199,199,249,249,299,,,,,,,,,,,,,,,,,,,,,,,,,,,,,,,,,,,,,,,,,,,,,,,,,,,,,,,,,,,,,,,,,,,,,,,,,,,,,,,,,,,,,,,,,,,,,,,,,,,,,,,,,,,,,,,,,,,,,,,,,,,,,,,,,,
HI6k03MNTcI_000020_000030.mp4,6,swimming front crawl,29.97,0.0,9.98,0,299,0,50,50,100,100,150,150,199,199,249,249,299,,,,,,,,,,,,,,,,,,,,,,,,,,,,,,,,,,,,,,,,,,,,,,,,,,,,,,,,,,,,,,,,,,,,,,,,,,,,,,,,,,,,,,,,,,,,,,,,,,,,,,,,,,,,,,,,,,,,,,,,,,,,,,,,,,
H1OtLrfK3Ho_000020_000030.mp4,3,swimming breast stroke,29.97,0.0,5.04,0,151,0,50,50,101,101,151,,,,,,,,,,,,,,,,,,,,,,,,,,,,,,,,,,,,,,,,,,,,,,,,,,,,,,,,,,,,,,,,,,,,,,,,,,,,,,,,,,,,,,,,,,,,,,,,,,,,,,,,,,,,,,,,,,,,,,,,,,,,,,,,,,,,,,,,
H1OtLrfK3Ho_000005_000015.mp4,3,swimming butterfly stroke,29.97,0.0,5.04,0,151,0,50,50,101,101,151,,,,,,,,,,,,,,,,,,,,,,,,,,,,,,,,,,,,,,,,,,,,,,,,,,,,,,,,,,,,,,,,,,,,,,,,,,,,,,,,,,,,,,,,,,,,,,,,,,,,,,,,,,,,,,,,,,,,,,,,,,,,,,,,,,,,,,,,
H1OtLrfK3Ho_000020_000030.mp4,2,swimming breast stroke,29.97,7.61,9.98,228,299,228,264,264,299,,,,,,,,,,,,,,,,,,,,,,,,,,,,,,,,,,,,,,,,,,,,,,,,,,,,,,,,,,,,,,,,,,,,,,,,,,,,,,,,,,,,,,,,,,,,,,,,,,,,,,,,,,,,,,,,,,,,,,,,,,,,,,,,,,,,,,,,,,
H1OtLrfK3Ho_000005_000015.mp4,2,swimming butterfly stroke,29.97,7.61,9.98,228,299,228,264,264,299,,,,,,,,,,,,,,,,,,,,,,,,,,,,,,,,,,,,,,,,,,,,,,,,,,,,,,,,,,,,,,,,,,,,,,,,,,,,,,,,,,,,,,,,,,,,,,,,,,,,,,,,,,,,,,,,,,,,,,,,,,,,,,,,,,,,,,,,,,
JUuy1XZHjIY_000011_000021.mp4,5,swimming butterfly stroke,30.0,0.0,10.0,0,300,0,60,60,120,120,180,180,240,240,300,,,,,,,,,,,,,,,,,,,,,,,,,,,,,,,,,,,,,,,,,,,,,,,,,,,,,,,,,,,,,,,,,,,,,,,,,,,,,,,,,,,,,,,,,,,,,,,,,,,,,,,,,,,,,,,,,,,,,,,,,,,,,,,,,,,,
KWVLsndbSuU_000006_000016.mp4,2,swimming butterfly stroke,30.0,0.0,4.53,0,136,0,68,68,136,,,,,,,,,,,,,,,,,,,,,,,,,,,,,,,,,,,,,,,,,,,,,,,,,,,,,,,,,,,,,,,,,,,,,,,,,,,,,,,,,,,,,,,,,,,,,,,,,,,,,,,,,,,,,,,,,,,,,,,,,,,,,,,,,,,,,,,,,,
LwHF4_RXGTw_000059_000069.mp4,2,swimming butterfly stroke,15.0,3.87,7.47,58,112,58,85,85,112,,,,,,,,,,,,,,,,,,,,,,,,,,,,,,,,,,,,,,,,,,,,,,,,,,,,,,,,,,,,,,,,,,,,,,,,,,,,,,,,,,,,,,,,,,,,,,,,,,,,,,,,,,,,,,,,,,,,,,,,,,,,,,,,,,,,,,,,,,
MXpuubeQhNk_000050_000060.mp4,2,swimming butterfly stroke,30.0,0.0,5.47,0,164,0,82,82,164,,,,,,,,,,,,,,,,,,,,,,,,,,,,,,,,,,,,,,,,,,,,,,,,,,,,,,,,,,,,,,,,,,,,,,,,,,,,,,,,,,,,,,,,,,,,,,,,,,,,,,,,,,,,,,,,,,,,,,,,,,,,,,,,,,,,,,,,,,
NX1Od-6tnro_000038_000048.mp4,4,swimming butterfly stroke,29.97,0.0,9.98,0,299,0,75,75,150,150,224,224,299,,,,,,,,,,,,,,,,,,,,,,,,,,,,,,,,,,,,,,,,,,,,,,,,,,,,,,,,,,,,,,,,,,,,,,,,,,,,,,,,,,,,,,,,,,,,,,,,,,,,,,,,,,,,,,,,,,,,,,,,,,,,,,,,,,,,,,
PhKHljZjRIs_000152_000162.mp4,2,swimming breast stroke,24.0,7.58,9.98,182,240,182,211,211,240,,,,,,,,,,,,,,,,,,,,,,,,,,,,,,,,,,,,,,,,,,,,,,,,,,,,,,,,,,,,,,,,,,,,,,,,,,,,,,,,,,,,,,,,,,,,,,,,,,,,,,,,,,,,,,,,,,,,,,,,,,,,,,,,,,,,,,,,,,
PhKHljZjRIs_000109_000119.mp4,2,swimming butterfly stroke,24.0,7.58,9.98,182,240,182,211,211,240,,,,,,,,,,,,,,,,,,,,,,,,,,,,,,,,,,,,,,,,,,,,,,,,,,,,,,,,,,,,,,,,,,,,,,,,,,,,,,,,,,,,,,,,,,,,,,,,,,,,,,,,,,,,,,,,,,,,,,,,,,,,,,,,,,,,,,,,,,
P2yMabeh2Co_000007_000017.mp4,5,swimming butterfly stroke,30.0,0.0,6.0,0,180,0,36,36,72,72,108,108,144,144,180,,,,,,,,,,,,,,,,,,,,,,,,,,,,,,,,,,,,,,,,,,,,,,,,,,,,,,,,,,,,,,,,,,,,,,,,,,,,,,,,,,,,,,,,,,,,,,,,,,,,,,,,,,,,,,,,,,,,,,,,,,,,,,,,,,,,
QJg4XDa5k3o_000000_000010.mp4,5,swimming butterfly stroke,30.0,1.37,9.97,41,299,41,93,93,144,144,196,196,247,247,299,,,,,,,,,,,,,,,,,,,,,,,,,,,,,,,,,,,,,,,,,,,,,,,,,,,,,,,,,,,,,,,,,,,,,,,,,,,,,,,,,,,,,,,,,,,,,,,,,,,,,,,,,,,,,,,,,,,,,,,,,,,,,,,,,,,,
Qbv2wyo04wg_000000_000010.mp4,4,swimming butterfly stroke,30.0,3.37,10.0,101,300,101,151,151,201,201,250,250,300,,,,,,,,,,,,,,,,,,,,,,,,,,,,,,,,,,,,,,,,,,,,,,,,,,,,,,,,,,,,,,,,,,,,,,,,,,,,,,,,,,,,,,,,,,,,,,,,,,,,,,,,,,,,,,,,,,,,,,,,,,,,,,,,,,,,,,
TTRjWksItbM_000003_000013.mp4,2,swimming butterfly stroke,29.97,5.64,9.98,169,299,169,234,234,299,,,,,,,,,,,,,,,,,,,,,,,,,,,,,,,,,,,,,,,,,,,,,,,,,,,,,,,,,,,,,,,,,,,,,,,,,,,,,,,,,,,,,,,,,,,,,,,,,,,,,,,,,,,,,,,,,,,,,,,,,,,,,,,,,,,,,,,,,,
V-mZewZBSAI_000002_000012.mp4,6,swimming butterfly stroke,29.97,0.0,9.94,0,298,0,50,50,99,99,149,149,199,199,248,248,298,,,,,,,,,,,,,,,,,,,,,,,,,,,,,,,,,,,,,,,,,,,,,,,,,,,,,,,,,,,,,,,,,,,,,,,,,,,,,,,,,,,,,,,,,,,,,,,,,,,,,,,,,,,,,,,,,,,,,,,,,,,,,,,,,,
WfSvqb5UFHk_000029_000039.mp4,6,swimming butterfly stroke,25.0,0.0,10.0,0,250,0,42,42,83,83,125,125,167,167,208,208,250,,,,,,,,,,,,,,,,,,,,,,,,,,,,,,,,,,,,,,,,,,,,,,,,,,,,,,,,,,,,,,,,,,,,,,,,,,,,,,,,,,,,,,,,,,,,,,,,,,,,,,,,,,,,,,,,,,,,,,,,,,,,,,,,,,
YoOMEzKmnB8_000075_000085.mp4,3,swimming butterfly stroke,25.0,0.0,9.08,0,227,0,76,76,151,151,227,,,,,,,,,,,,,,,,,,,,,,,,,,,,,,,,,,,,,,,,,,,,,,,,,,,,,,,,,,,,,,,,,,,,,,,,,,,,,,,,,,,,,,,,,,,,,,,,,,,,,,,,,,,,,,,,,,,,,,,,,,,,,,,,,,,,,,,,
Y22OE9ZSlnY_000000_000010.mp4,6,swimming butterfly stroke,25.0,0.0,7.48,0,187,0,31,31,62,62,94,94,125,125,156,156,187,,,,,,,,,,,,,,,,,,,,,,,,,,,,,,,,,,,,,,,,,,,,,,,,,,,,,,,,,,,,,,,,,,,,,,,,,,,,,,,,,,,,,,,,,,,,,,,,,,,,,,,,,,,,,,,,,,,,,,,,,,,,,,,,,,
amab1HnHddo_000002_000012.mp4,2,swimming butterfly stroke,29.97,0.25,2.62,7,79,7,43,43,79,,,,,,,,,,,,,,,,,,,,,,,,,,,,,,,,,,,,,,,,,,,,,,,,,,,,,,,,,,,,,,,,,,,,,,,,,,,,,,,,,,,,,,,,,,,,,,,,,,,,,,,,,,,,,,,,,,,,,,,,,,,,,,,,,,,,,,,,,,
cIaABUwBI3U_000006_000016.mp4,4,swimming butterfly stroke,30.0,0.0,8.97,0,269,0,67,67,134,134,202,202,269,,,,,,,,,,,,,,,,,,,,,,,,,,,,,,,,,,,,,,,,,,,,,,,,,,,,,,,,,,,,,,,,,,,,,,,,,,,,,,,,,,,,,,,,,,,,,,,,,,,,,,,,,,,,,,,,,,,,,,,,,,,,,,,,,,,,,,
cdWDLFCj2OY_000009_000019.mp4,4,swimming front crawl,29.97,0.0,8.87,0,266,0,66,66,133,133,200,200,266,,,,,,,,,,,,,,,,,,,,,,,,,,,,,,,,,,,,,,,,,,,,,,,,,,,,,,,,,,,,,,,,,,,,,,,,,,,,,,,,,,,,,,,,,,,,,,,,,,,,,,,,,,,,,,,,,,,,,,,,,,,,,,,,,,,,,,
fEcVucjlv9w_000004_000014.mp4,4,swimming butterfly stroke,29.97,0.0,9.98,0,299,0,75,75,150,150,224,224,299,,,,,,,,,,,,,,,,,,,,,,,,,,,,,,,,,,,,,,,,,,,,,,,,,,,,,,,,,,,,,,,,,,,,,,,,,,,,,,,,,,,,,,,,,,,,,,,,,,,,,,,,,,,,,,,,,,,,,,,,,,,,,,,,,,,,,,
fJeENNNK5Iw_000014_000024.mp4,3,swimming butterfly stroke,29.97,0.5,2.7,15,81,15,37,37,59,59,81,,,,,,,,,,,,,,,,,,,,,,,,,,,,,,,,,,,,,,,,,,,,,,,,,,,,,,,,,,,,,,,,,,,,,,,,,,,,,,,,,,,,,,,,,,,,,,,,,,,,,,,,,,,,,,,,,,,,,,,,,,,,,,,,,,,,,,,,
gRWuPY9z12g_000039_000049.mp4,5,swimming butterfly stroke,25.0,1.4,7.72,35,193,35,67,67,98,98,130,130,161,161,193,,,,,,,,,,,,,,,,,,,,,,,,,,,,,,,,,,,,,,,,,,,,,,,,,,,,,,,,,,,,,,,,,,,,,,,,,,,,,,,,,,,,,,,,,,,,,,,,,,,,,,,,,,,,,,,,,,,,,,,,,,,,,,,,,,,,
g8VIqpxoQbE_000004_000014.mp4,3,swimming butterfly stroke,30.0,4.37,10.0,131,300,131,187,187,244,244,300,,,,,,,,,,,,,,,,,,,,,,,,,,,,,,,,,,,,,,,,,,,,,,,,,,,,,,,,,,,,,,,,,,,,,,,,,,,,,,,,,,,,,,,,,,,,,,,,,,,,,,,,,,,,,,,,,,,,,,,,,,,,,,,,,,,,,,,,
hYpfqDMuMIY_000020_000030.mp4,4,swimming butterfly stroke,29.97,0.3,4.42,9,132,9,40,40,71,71,101,101,132,,,,,,,,,,,,,,,,,,,,,,,,,,,,,,,,,,,,,,,,,,,,,,,,,,,,,,,,,,,,,,,,,,,,,,,,,,,,,,,,,,,,,,,,,,,,,,,,,,,,,,,,,,,,,,,,,,,,,,,,,,,,,,,,,,,,,,
hbUnMX3E2zI_000018_000028.mp4,2,swimming butterfly stroke,29.97,8.14,9.98,244,299,244,272,272,299,,,,,,,,,,,,,,,,,,,,,,,,,,,,,,,,,,,,,,,,,,,,,,,,,,,,,,,,,,,,,,,,,,,,,,,,,,,,,,,,,,,,,,,,,,,,,,,,,,,,,,,,,,,,,,,,,,,,,,,,,,,,,,,,,,,,,,,,,,
h6jhz7UisAk_000016_000026.mp4,5,swimming butterfly stroke,14.92,0.0,6.1,0,91,0,18,18,36,36,55,55,73,73,91,,,,,,,,,,,,,,,,,,,,,,,,,,,,,,,,,,,,,,,,,,,,,,,,,,,,,,,,,,,,,,,,,,,,,,,,,,,,,,,,,,,,,,,,,,,,,,,,,,,,,,,,,,,,,,,,,,,,,,,,,,,,,,,,,,,,
ibfeVJoQeAI_000005_000015.mp4,2,swimming butterfly stroke,29.95,1.84,9.98,55,299,55,177,177,299,,,,,,,,,,,,,,,,,,,,,,,,,,,,,,,,,,,,,,,,,,,,,,,,,,,,,,,,,,,,,,,,,,,,,,,,,,,,,,,,,,,,,,,,,,,,,,,,,,,,,,,,,,,,,,,,,,,,,,,,,,,,,,,,,,,,,,,,,,
iftLEWuhi9g_000004_000014.mp4,5,swimming butterfly stroke,15.0,2.67,10.0,40,150,40,62,62,84,84,106,106,128,128,150,,,,,,,,,,,,,,,,,,,,,,,,,,,,,,,,,,,,,,,,,,,,,,,,,,,,,,,,,,,,,,,,,,,,,,,,,,,,,,,,,,,,,,,,,,,,,,,,,,,,,,,,,,,,,,,,,,,,,,,,,,,,,,,,,,,,
jAI-ViB4Gvg_000007_000017.mp4,2,swimming butterfly stroke,30.0,0.0,9.6,0,288,0,144,144,288,,,,,,,,,,,,,,,,,,,,,,,,,,,,,,,,,,,,,,,,,,,,,,,,,,,,,,,,,,,,,,,,,,,,,,,,,,,,,,,,,,,,,,,,,,,,,,,,,,,,,,,,,,,,,,,,,,,,,,,,,,,,,,,,,,,,,,,,,,
jPTQ3v95w1g_000060_000070.mp4,2,swimming butterfly stroke,29.97,7.04,9.94,211,298,211,255,255,298,,,,,,,,,,,,,,,,,,,,,,,,,,,,,,,,,,,,,,,,,,,,,,,,,,,,,,,,,,,,,,,,,,,,,,,,,,,,,,,,,,,,,,,,,,,,,,,,,,,,,,,,,,,,,,,,,,,,,,,,,,,,,,,,,,,,,,,,,,
k6SNmV14PWU_000002_000012.mp4,4,swimming butterfly stroke,29.97,0.0,5.24,0,157,0,39,39,78,78,118,118,157,,,,,,,,,,,,,,,,,,,,,,,,,,,,,,,,,,,,,,,,,,,,,,,,,,,,,,,,,,,,,,,,,,,,,,,,,,,,,,,,,,,,,,,,,,,,,,,,,,,,,,,,,,,,,,,,,,,,,,,,,,,,,,,,,,,,,,
k6SNmV14PWU_000000_000010.mp4,4,swimming front crawl,29.97,0.0,5.24,0,157,0,39,39,78,78,118,118,157,,,,,,,,,,,,,,,,,,,,,,,,,,,,,,,,,,,,,,,,,,,,,,,,,,,,,,,,,,,,,,,,,,,,,,,,,,,,,,,,,,,,,,,,,,,,,,,,,,,,,,,,,,,,,,,,,,,,,,,,,,,,,,,,,,,,,,
lEbTbt1K87U_000000_000010.mp4,8,swimming butterfly stroke,25.0,0.0,10.0,0,250,0,31,31,62,62,94,94,125,125,156,156,188,188,219,219,250,,,,,,,,,,,,,,,,,,,,,,,,,,,,,,,,,,,,,,,,,,,,,,,,,,,,,,,,,,,,,,,,,,,,,,,,,,,,,,,,,,,,,,,,,,,,,,,,,,,,,,,,,,,,,,,,,,,,,,,,,,,,,,
l45vI_zjuWo_000010_000020.mp4,5,swimming butterfly stroke,59.94,0.0,9.01,0,540,0,108,108,216,216,324,324,432,432,540,,,,,,,,,,,,,,,,,,,,,,,,,,,,,,,,,,,,,,,,,,,,,,,,,,,,,,,,,,,,,,,,,,,,,,,,,,,,,,,,,,,,,,,,,,,,,,,,,,,,,,,,,,,,,,,,,,,,,,,,,,,,,,,,,,,,
l8_wHOCA10o_000013_000023.mp4,5,swimming butterfly stroke,15.0,0.0,10.0,0,150,0,30,30,60,60,90,90,120,120,150,,,,,,,,,,,,,,,,,,,,,,,,,,,,,,,,,,,,,,,,,,,,,,,,,,,,,,,,,,,,,,,,,,,,,,,,,,,,,,,,,,,,,,,,,,,,,,,,,,,,,,,,,,,,,,,,,,,,,,,,,,,,,,,,,,,,
mRBykbMm_jA_000006_000016.mp4,7,swimming butterfly stroke,30.0,0.0,9.3,0,279,0,40,40,80,80,120,120,159,159,199,199,239,239,279,,,,,,,,,,,,,,,,,,,,,,,,,,,,,,,,,,,,,,,,,,,,,,,,,,,,,,,,,,,,,,,,,,,,,,,,,,,,,,,,,,,,,,,,,,,,,,,,,,,,,,,,,,,,,,,,,,,,,,,,,,,,,,,,
maVnj-BZ7JY_000006_000016.mp4,9,swimming butterfly stroke,7.67,0.0,9.91,0,76,0,8,8,17,17,25,25,34,34,42,42,51,51,59,59,68,68,76,,,,,,,,,,,,,,,,,,,,,,,,,,,,,,,,,,,,,,,,,,,,,,,,,,,,,,,,,,,,,,,,,,,,,,,,,,,,,,,,,,,,,,,,,,,,,,,,,,,,,,,,,,,,,,,,,,,,,,,,,,,,
nkw7hZJ0LZQ_000103_000113.mp4,7,swimming butterfly stroke,23.98,0.0,9.97,0,239,0,34,34,68,68,102,102,137,137,171,171,205,205,239,,,,,,,,,,,,,,,,,,,,,,,,,,,,,,,,,,,,,,,,,,,,,,,,,,,,,,,,,,,,,,,,,,,,,,,,,,,,,,,,,,,,,,,,,,,,,,,,,,,,,,,,,,,,,,,,,,,,,,,,,,,,,,,,
pgcHd6rDgRo_000000_000010.mp4,6,swimming butterfly stroke,30.0,3.5,10.0,105,300,105,137,137,170,170,203,203,235,235,267,267,300,,,,,,,,,,,,,,,,,,,,,,,,,,,,,,,,,,,,,,,,,,,,,,,,,,,,,,,,,,,,,,,,,,,,,,,,,,,,,,,,,,,,,,,,,,,,,,,,,,,,,,,,,,,,,,,,,,,,,,,,,,,,,,,,,,
sF8yZEvLnbQ_000002_000012.mp4,7,swimming butterfly stroke,6.0,0.67,10.0,4,60,4,12,12,20,20,28,28,36,36,44,44,52,52,60,,,,,,,,,,,,,,,,,,,,,,,,,,,,,,,,,,,,,,,,,,,,,,,,,,,,,,,,,,,,,,,,,,,,,,,,,,,,,,,,,,,,,,,,,,,,,,,,,,,,,,,,,,,,,,,,,,,,,,,,,,,,,,,,
sxTHtIwXMB0_000021_000031.mp4,7,swimming butterfly stroke,29.97,0.13,9.96,4,299,4,46,46,88,88,130,130,173,173,215,215,257,257,299,,,,,,,,,,,,,,,,,,,,,,,,,,,,,,,,,,,,,,,,,,,,,,,,,,,,,,,,,,,,,,,,,,,,,,,,,,,,,,,,,,,,,,,,,,,,,,,,,,,,,,,,,,,,,,,,,,,,,,,,,,,,,,,,
s1VkhUyA7xA_000015_000025.mp4,3,swimming butterfly stroke,25.0,1.68,9.04,42,226,42,103,103,165,165,226,,,,,,,,,,,,,,,,,,,,,,,,,,,,,,,,,,,,,,,,,,,,,,,,,,,,,,,,,,,,,,,,,,,,,,,,,,,,,,,,,,,,,,,,,,,,,,,,,,,,,,,,,,,,,,,,,,,,,,,,,,,,,,,,,,,,,,,,
tOicP_u_8e4_000001_000011.mp4,4,swimming butterfly stroke,29.97,4.15,9.98,124,299,124,168,168,212,212,255,255,299,,,,,,,,,,,,,,,,,,,,,,,,,,,,,,,,,,,,,,,,,,,,,,,,,,,,,,,,,,,,,,,,,,,,,,,,,,,,,,,,,,,,,,,,,,,,,,,,,,,,,,,,,,,,,,,,,,,,,,,,,,,,,,,,,,,,,,
tbesSp7Nu0M_000033_000043.mp4,2,swimming butterfly stroke,30.0,0.0,3.78,0,113,0,56,56,113,,,,,,,,,,,,,,,,,,,,,,,,,,,,,,,,,,,,,,,,,,,,,,,,,,,,,,,,,,,,,,,,,,,,,,,,,,,,,,,,,,,,,,,,,,,,,,,,,,,,,,,,,,,,,,,,,,,,,,,,,,,,,,,,,,,,,,,,,,
t6Ny1kl7Mxs_000000_000010.mp4,4,swimming breast stroke,30.0,2.17,9.67,65,290,65,121,121,177,177,234,234,290,,,,,,,,,,,,,,,,,,,,,,,,,,,,,,,,,,,,,,,,,,,,,,,,,,,,,,,,,,,,,,,,,,,,,,,,,,,,,,,,,,,,,,,,,,,,,,,,,,,,,,,,,,,,,,,,,,,,,,,,,,,,,,,,,,,,,,
t6Ny1kl7Mxs_000007_000017.mp4,4,swimming butterfly stroke,30.0,2.17,9.67,65,290,65,121,121,177,177,234,234,290,,,,,,,,,,,,,,,,,,,,,,,,,,,,,,,,,,,,,,,,,,,,,,,,,,,,,,,,,,,,,,,,,,,,,,,,,,,,,,,,,,,,,,,,,,,,,,,,,,,,,,,,,,,,,,,,,,,,,,,,,,,,,,,,,,,,,,
ukZlCiqd6I0_000012_000022.mp4,7,swimming butterfly stroke,30.0,0.13,9.07,4,272,4,42,42,81,81,119,119,157,157,195,195,234,234,272,,,,,,,,,,,,,,,,,,,,,,,,,,,,,,,,,,,,,,,,,,,,,,,,,,,,,,,,,,,,,,,,,,,,,,,,,,,,,,,,,,,,,,,,,,,,,,,,,,,,,,,,,,,,,,,,,,,,,,,,,,,,,,,,
xfrx0E3vi1Q_000014_000024.mp4,8,swimming butterfly stroke,25.0,0.0,9.76,0,244,0,30,30,61,61,92,92,122,122,152,152,183,183,214,214,244,,,,,,,,,,,,,,,,,,,,,,,,,,,,,,,,,,,,,,,,,,,,,,,,,,,,,,,,,,,,,,,,,,,,,,,,,,,,,,,,,,,,,,,,,,,,,,,,,,,,,,,,,,,,,,,,,,,,,,,,,,,,,,
x3-Qj4EQThQ_000054_000064.mp4,3,swimming butterfly stroke,29.97,0.0,8.38,0,251,0,84,84,167,167,251,,,,,,,,,,,,,,,,,,,,,,,,,,,,,,,,,,,,,,,,,,,,,,,,,,,,,,,,,,,,,,,,,,,,,,,,,,,,,,,,,,,,,,,,,,,,,,,,,,,,,,,,,,,,,,,,,,,,,,,,,,,,,,,,,,,,,,,,
zxh_O-ethqo_000030_000040.mp4,8,swimming butterfly stroke,25.0,0.4,10.0,10,250,10,40,40,70,70,100,100,130,130,160,160,190,190,220,220,250,,,,,,,,,,,,,,,,,,,,,,,,,,,,,,,,,,,,,,,,,,,,,,,,,,,,,,,,,,,,,,,,,,,,,,,,,,,,,,,,,,,,,,,,,,,,,,,,,,,,,,,,,,,,,,,,,,,,,,,,,,,,,,
0s3dI9DaQUY_000002_000012.mp4,3,swimming butterfly stroke,29.97,0.0,9.84,0,295,0,98,98,197,197,295,,,,,,,,,,,,,,,,,,,,,,,,,,,,,,,,,,,,,,,,,,,,,,,,,,,,,,,,,,,,,,,,,,,,,,,,,,,,,,,,,,,,,,,,,,,,,,,,,,,,,,,,,,,,,,,,,,,,,,,,,,,,,,,,,,,,,,,,
1OFMICfXJvQ_000003_000013.mp4,5,swimming butterfly stroke,29.97,0.0,9.98,0,299,0,60,60,120,120,179,179,239,239,299,,,,,,,,,,,,,,,,,,,,,,,,,,,,,,,,,,,,,,,,,,,,,,,,,,,,,,,,,,,,,,,,,,,,,,,,,,,,,,,,,,,,,,,,,,,,,,,,,,,,,,,,,,,,,,,,,,,,,,,,,,,,,,,,,,,,
13EiWVOyPyI_000052_000062.mp4,9,swimming butterfly stroke,30.0,1.03,10.0,31,300,31,61,61,91,91,121,121,151,151,180,180,210,210,240,240,270,270,300,,,,,,,,,,,,,,,,,,,,,,,,,,,,,,,,,,,,,,,,,,,,,,,,,,,,,,,,,,,,,,,,,,,,,,,,,,,,,,,,,,,,,,,,,,,,,,,,,,,,,,,,,,,,,,,,,,,,,,,,,,,,
16te_x17nXs_000021_000031.mp4,5,swimming butterfly stroke,25.0,0.0,8.88,0,222,0,44,44,89,89,133,133,178,178,222,,,,,,,,,,,,,,,,,,,,,,,,,,,,,,,,,,,,,,,,,,,,,,,,,,,,,,,,,,,,,,,,,,,,,,,,,,,,,,,,,,,,,,,,,,,,,,,,,,,,,,,,,,,,,,,,,,,,,,,,,,,,,,,,,,,,
1_--09LCWLU_000000_000010.mp4,5,swimming butterfly stroke,30.0,0.0,10.0,0,300,0,60,60,120,120,180,180,240,240,300,,,,,,,,,,,,,,,,,,,,,,,,,,,,,,,,,,,,,,,,,,,,,,,,,,,,,,,,,,,,,,,,,,,,,,,,,,,,,,,,,,,,,,,,,,,,,,,,,,,,,,,,,,,,,,,,,,,,,,,,,,,,,,,,,,,,
3friRMnoE9o_000014_000024.mp4,3,swimming butterfly stroke,25.0,0.48,7.12,12,178,12,67,67,123,123,178,,,,,,,,,,,,,,,,,,,,,,,,,,,,,,,,,,,,,,,,,,,,,,,,,,,,,,,,,,,,,,,,,,,,,,,,,,,,,,,,,,,,,,,,,,,,,,,,,,,,,,,,,,,,,,,,,,,,,,,,,,,,,,,,,,,,,,,,
4ajQQQnSKQ0_000089_000099.mp4,2,swimming butterfly stroke,29.97,0.13,1.67,4,50,4,27,27,50,,,,,,,,,,,,,,,,,,,,,,,,,,,,,,,,,,,,,,,,,,,,,,,,,,,,,,,,,,,,,,,,,,,,,,,,,,,,,,,,,,,,,,,,,,,,,,,,,,,,,,,,,,,,,,,,,,,,,,,,,,,,,,,,,,,,,,,,,,
4ajQQQnSKQ0_000089_000099.mp4,3,swimming butterfly stroke,29.97,6.11,8.91,183,267,183,211,211,239,239,267,,,,,,,,,,,,,,,,,,,,,,,,,,,,,,,,,,,,,,,,,,,,,,,,,,,,,,,,,,,,,,,,,,,,,,,,,,,,,,,,,,,,,,,,,,,,,,,,,,,,,,,,,,,,,,,,,,,,,,,,,,,,,,,,,,,,,,,,
4lgbJKPMo3Y_000000_000010.mp4,3,swimming butterfly stroke,29.97,0.0,3.57,0,107,0,36,36,71,71,107,,,,,,,,,,,,,,,,,,,,,,,,,,,,,,,,,,,,,,,,,,,,,,,,,,,,,,,,,,,,,,,,,,,,,,,,,,,,,,,,,,,,,,,,,,,,,,,,,,,,,,,,,,,,,,,,,,,,,,,,,,,,,,,,,,,,,,,,
5LlwPLP6ELg_000260_000270.mp4,3,swimming butterfly stroke,29.97,3.04,6.97,91,209,91,130,130,170,170,209,,,,,,,,,,,,,,,,,,,,,,,,,,,,,,,,,,,,,,,,,,,,,,,,,,,,,,,,,,,,,,,,,,,,,,,,,,,,,,,,,,,,,,,,,,,,,,,,,,,,,,,,,,,,,,,,,,,,,,,,,,,,,,,,,,,,,,,,
6RwlNXtj6PU_000020_000030.mp4,2,swimming butterfly stroke,30.0,1.5,6.2,45,186,45,115,115,186,,,,,,,,,,,,,,,,,,,,,,,,,,,,,,,,,,,,,,,,,,,,,,,,,,,,,,,,,,,,,,,,,,,,,,,,,,,,,,,,,,,,,,,,,,,,,,,,,,,,,,,,,,,,,,,,,,,,,,,,,,,,,,,,,,,,,,,,,,
8zGgtYxbeDE_000001_000011.mp4,6,swimming butterfly stroke,30.0,1.5,9.97,45,299,45,87,87,130,130,172,172,214,214,257,257,299,,,,,,,,,,,,,,,,,,,,,,,,,,,,,,,,,,,,,,,,,,,,,,,,,,,,,,,,,,,,,,,,,,,,,,,,,,,,,,,,,,,,,,,,,,,,,,,,,,,,,,,,,,,,,,,,,,,,,,,,,,,,,,,,,,
9aCHFjdMLdY_000030_000040.mp4,4,swimming butterfly stroke,30.0,0.0,6.17,0,185,0,46,46,92,92,139,139,185,,,,,,,,,,,,,,,,,,,,,,,,,,,,,,,,,,,,,,,,,,,,,,,,,,,,,,,,,,,,,,,,,,,,,,,,,,,,,,,,,,,,,,,,,,,,,,,,,,,,,,,,,,,,,,,,,,,,,,,,,,,,,,,,,,,,,,
-h-caDqncrY_000161_000171.mp4,3,swimming butterfly stroke,15.0,1.2,10.0,18,150,18,62,62,106,106,150,,,,,,,,,,,,,,,,,,,,,,,,,,,,,,,,,,,,,,,,,,,,,,,,,,,,,,,,,,,,,,,,,,,,,,,,,,,,,,,,,,,,,,,,,,,,,,,,,,,,,,,,,,,,,,,,,,,,,,,,,,,,,,,,,,,,,,,,
AAECW6meQrA_000351_000361.mp4,8,swimming front crawl,25.0,2.36,10.0,59,250,59,83,83,107,107,131,131,155,155,178,178,202,202,226,226,250,,,,,,,,,,,,,,,,,,,,,,,,,,,,,,,,,,,,,,,,,,,,,,,,,,,,,,,,,,,,,,,,,,,,,,,,,,,,,,,,,,,,,,,,,,,,,,,,,,,,,,,,,,,,,,,,,,,,,,,,,,,,,,
Agc48ujYggo_000000_000010.mp4,6,swimming front crawl,15.0,0.0,10.0,0,150,0,25,25,50,50,75,75,100,100,125,125,150,,,,,,,,,,,,,,,,,,,,,,,,,,,,,,,,,,,,,,,,,,,,,,,,,,,,,,,,,,,,,,,,,,,,,,,,,,,,,,,,,,,,,,,,,,,,,,,,,,,,,,,,,,,,,,,,,,,,,,,,,,,,,,,,,,
AlSCMCPFlqo_000319_000329.mp4,8,swimming front crawl,29.92,1.44,9.99,43,299,43,75,75,107,107,139,139,171,171,203,203,235,235,267,267,299,,,,,,,,,,,,,,,,,,,,,,,,,,,,,,,,,,,,,,,,,,,,,,,,,,,,,,,,,,,,,,,,,,,,,,,,,,,,,,,,,,,,,,,,,,,,,,,,,,,,,,,,,,,,,,,,,,,,,,,,,,,,,,
Br_C9Iol03Q_000365_000375.mp4,3,swimming front crawl,30.0,3.2,9.97,96,299,96,164,164,231,231,299,,,,,,,,,,,,,,,,,,,,,,,,,,,,,,,,,,,,,,,,,,,,,,,,,,,,,,,,,,,,,,,,,,,,,,,,,,,,,,,,,,,,,,,,,,,,,,,,,,,,,,,,,,,,,,,,,,,,,,,,,,,,,,,,,,,,,,,,
Br_C9Iol03Q_000365_000375.mp4,3,swimming front crawl,30.0,0.0,2.3,0,69,0,23,23,46,46,69,,,,,,,,,,,,,,,,,,,,,,,,,,,,,,,,,,,,,,,,,,,,,,,,,,,,,,,,,,,,,,,,,,,,,,,,,,,,,,,,,,,,,,,,,,,,,,,,,,,,,,,,,,,,,,,,,,,,,,,,,,,,,,,,,,,,,,,,
EhPq9U2ZQLk_000203_000213.mp4,7,swimming front crawl,24.0,0.0,5.38,0,129,0,18,18,37,37,55,55,74,74,92,92,111,111,129,,,,,,,,,,,,,,,,,,,,,,,,,,,,,,,,,,,,,,,,,,,,,,,,,,,,,,,,,,,,,,,,,,,,,,,,,,,,,,,,,,,,,,,,,,,,,,,,,,,,,,,,,,,,,,,,,,,,,,,,,,,,,,,,
FFDQSzwwaW8_000002_000012.mp4,4,swimming butterfly stroke,29.97,3.64,9.78,109,293,109,155,155,201,201,247,247,293,,,,,,,,,,,,,,,,,,,,,,,,,,,,,,,,,,,,,,,,,,,,,,,,,,,,,,,,,,,,,,,,,,,,,,,,,,,,,,,,,,,,,,,,,,,,,,,,,,,,,,,,,,,,,,,,,,,,,,,,,,,,,,,,,,,,,,
FFDQSzwwaW8_000000_000010.mp4,4,swimming front crawl,29.97,3.64,9.78,109,293,109,155,155,201,201,247,247,293,,,,,,,,,,,,,,,,,,,,,,,,,,,,,,,,,,,,,,,,,,,,,,,,,,,,,,,,,,,,,,,,,,,,,,,,,,,,,,,,,,,,,,,,,,,,,,,,,,,,,,,,,,,,,,,,,,,,,,,,,,,,,,,,,,,,,,
Fn_vL74OSKg_000074_000084.mp4,2,swimming front crawl,25.0,6.08,9.64,152,241,152,196,196,241,,,,,,,,,,,,,,,,,,,,,,,,,,,,,,,,,,,,,,,,,,,,,,,,,,,,,,,,,,,,,,,,,,,,,,,,,,,,,,,,,,,,,,,,,,,,,,,,,,,,,,,,,,,,,,,,,,,,,,,,,,,,,,,,,,,,,,,,,,
Gq8Pe_lq2aw_000003_000013.mp4,11,swimming front crawl,29.97,0.0,9.98,0,299,0,27,27,54,54,82,82,109,109,136,136,163,163,190,190,217,217,245,245,272,272,299,,,,,,,,,,,,,,,,,,,,,,,,,,,,,,,,,,,,,,,,,,,,,,,,,,,,,,,,,,,,,,,,,,,,,,,,,,,,,,,,,,,,,,,,,,,,,,,,,,,,,,,,,,,,,,,,,,,,,,,,
HheTU2cN1Vk_000000_000010.mp4,4,swimming front crawl,30.0,0.0,4.0,0,120,0,30,30,60,60,90,90,120,,,,,,,,,,,,,,,,,,,,,,,,,,,,,,,,,,,,,,,,,,,,,,,,,,,,,,,,,,,,,,,,,,,,,,,,,,,,,,,,,,,,,,,,,,,,,,,,,,,,,,,,,,,,,,,,,,,,,,,,,,,,,,,,,,,,,,
IJ9fPv1EKDo_000358_000368.mp4,3,swimming front crawl,29.97,0.0,9.94,0,298,0,99,99,199,199,298,,,,,,,,,,,,,,,,,,,,,,,,,,,,,,,,,,,,,,,,,,,,,,,,,,,,,,,,,,,,,,,,,,,,,,,,,,,,,,,,,,,,,,,,,,,,,,,,,,,,,,,,,,,,,,,,,,,,,,,,,,,,,,,,,,,,,,,,
Jq4XMy3iKCo_000016_000026.mp4,11,swimming front crawl,29.97,0.0,9.98,0,299,0,27,27,54,54,82,82,109,109,136,136,163,163,190,190,217,217,245,245,272,272,299,,,,,,,,,,,,,,,,,,,,,,,,,,,,,,,,,,,,,,,,,,,,,,,,,,,,,,,,,,,,,,,,,,,,,,,,,,,,,,,,,,,,,,,,,,,,,,,,,,,,,,,,,,,,,,,,,,,,,,,,
KajruQ1hPxA_000080_000090.mp4,3,swimming front crawl,15.0,0.0,6.8,0,102,0,34,34,68,68,102,,,,,,,,,,,,,,,,,,,,,,,,,,,,,,,,,,,,,,,,,,,,,,,,,,,,,,,,,,,,,,,,,,,,,,,,,,,,,,,,,,,,,,,,,,,,,,,,,,,,,,,,,,,,,,,,,,,,,,,,,,,,,,,,,,,,,,,,
KrOuTIuIV5A_000011_000021.mp4,2,swimming front crawl,29.97,0.0,1.97,0,59,0,30,30,59,,,,,,,,,,,,,,,,,,,,,,,,,,,,,,,,,,,,,,,,,,,,,,,,,,,,,,,,,,,,,,,,,,,,,,,,,,,,,,,,,,,,,,,,,,,,,,,,,,,,,,,,,,,,,,,,,,,,,,,,,,,,,,,,,,,,,,,,,,
KrOuTIuIV5A_000011_000021.mp4,4,swimming front crawl,29.97,5.91,9.98,177,299,177,207,207,238,238,269,269,299,,,,,,,,,,,,,,,,,,,,,,,,,,,,,,,,,,,,,,,,,,,,,,,,,,,,,,,,,,,,,,,,,,,,,,,,,,,,,,,,,,,,,,,,,,,,,,,,,,,,,,,,,,,,,,,,,,,,,,,,,,,,,,,,,,,,,,
LBD_o2t9TaI_000212_000222.mp4,4,swimming front crawl,25.0,0.0,4.44,0,111,0,28,28,56,56,83,83,111,,,,,,,,,,,,,,,,,,,,,,,,,,,,,,,,,,,,,,,,,,,,,,,,,,,,,,,,,,,,,,,,,,,,,,,,,,,,,,,,,,,,,,,,,,,,,,,,,,,,,,,,,,,,,,,,,,,,,,,,,,,,,,,,,,,,,,
LBD_o2t9TaI_000212_000222.mp4,2,swimming front crawl,25.0,8.92,10.0,223,250,223,237,237,250,,,,,,,,,,,,,,,,,,,,,,,,,,,,,,,,,,,,,,,,,,,,,,,,,,,,,,,,,,,,,,,,,,,,,,,,,,,,,,,,,,,,,,,,,,,,,,,,,,,,,,,,,,,,,,,,,,,,,,,,,,,,,,,,,,,,,,,,,,
LhZ9DC-y9ks_000000_000010.mp4,11,swimming front crawl,30.0,0.0,9.97,0,299,0,27,27,54,54,82,82,109,109,136,136,163,163,190,190,217,217,245,245,272,272,299,,,,,,,,,,,,,,,,,,,,,,,,,,,,,,,,,,,,,,,,,,,,,,,,,,,,,,,,,,,,,,,,,,,,,,,,,,,,,,,,,,,,,,,,,,,,,,,,,,,,,,,,,,,,,,,,,,,,,,,,
PEAHckO2Kmc_000003_000013.mp4,9,swimming front crawl,15.0,0.0,10.0,0,150,0,17,17,33,33,50,50,67,67,83,83,100,100,117,117,133,133,150,,,,,,,,,,,,,,,,,,,,,,,,,,,,,,,,,,,,,,,,,,,,,,,,,,,,,,,,,,,,,,,,,,,,,,,,,,,,,,,,,,,,,,,,,,,,,,,,,,,,,,,,,,,,,,,,,,,,,,,,,,,,
SAWctahVgso_000000_000010.mp4,6,swimming front crawl,25.0,0.6,7.28,15,182,15,43,43,71,71,99,99,126,126,154,154,182,,,,,,,,,,,,,,,,,,,,,,,,,,,,,,,,,,,,,,,,,,,,,,,,,,,,,,,,,,,,,,,,,,,,,,,,,,,,,,,,,,,,,,,,,,,,,,,,,,,,,,,,,,,,,,,,,,,,,,,,,,,,,,,,,,
SouaG4frXaU_000003_000013.mp4,7,swimming front crawl,15.0,0.0,9.87,0,148,0,21,21,42,42,63,63,85,85,106,106,127,127,148,,,,,,,,,,,,,,,,,,,,,,,,,,,,,,,,,,,,,,,,,,,,,,,,,,,,,,,,,,,,,,,,,,,,,,,,,,,,,,,,,,,,,,,,,,,,,,,,,,,,,,,,,,,,,,,,,,,,,,,,,,,,,,,,
S4umHf9LV2o_000142_000152.mp4,10,swimming front crawl,15.0,0.0,7.67,0,115,0,12,12,23,23,34,34,46,46,58,58,69,69,80,80,92,92,104,104,115,,,,,,,,,,,,,,,,,,,,,,,,,,,,,,,,,,,,,,,,,,,,,,,,,,,,,,,,,,,,,,,,,,,,,,,,,,,,,,,,,,,,,,,,,,,,,,,,,,,,,,,,,,,,,,,,,,,,,,,,,,
TA1bwJKkK_4_000006_000016.mp4,8,swimming front crawl,29.97,1.8,9.98,54,299,54,85,85,115,115,146,146,176,176,207,207,238,238,268,268,299,,,,,,,,,,,,,,,,,,,,,,,,,,,,,,,,,,,,,,,,,,,,,,,,,,,,,,,,,,,,,,,,,,,,,,,,,,,,,,,,,,,,,,,,,,,,,,,,,,,,,,,,,,,,,,,,,,,,,,,,,,,,,,
TLKqqqCrvJY_000037_000047.mp4,4,swimming front crawl,25.0,0.0,10.0,0,250,0,62,62,125,125,188,188,250,,,,,,,,,,,,,,,,,,,,,,,,,,,,,,,,,,,,,,,,,,,,,,,,,,,,,,,,,,,,,,,,,,,,,,,,,,,,,,,,,,,,,,,,,,,,,,,,,,,,,,,,,,,,,,,,,,,,,,,,,,,,,,,,,,,,,,
VKVqOEuNmZU_000033_000043.mp4,7,swimming front crawl,25.0,0.0,10.0,0,250,0,36,36,71,71,107,107,143,143,179,179,214,214,250,,,,,,,,,,,,,,,,,,,,,,,,,,,,,,,,,,,,,,,,,,,,,,,,,,,,,,,,,,,,,,,,,,,,,,,,,,,,,,,,,,,,,,,,,,,,,,,,,,,,,,,,,,,,,,,,,,,,,,,,,,,,,,,,
VhmbGL_GSeg_000006_000016.mp4,4,swimming front crawl,30.0,2.97,10.0,89,300,89,142,142,195,195,247,247,300,,,,,,,,,,,,,,,,,,,,,,,,,,,,,,,,,,,,,,,,,,,,,,,,,,,,,,,,,,,,,,,,,,,,,,,,,,,,,,,,,,,,,,,,,,,,,,,,,,,,,,,,,,,,,,,,,,,,,,,,,,,,,,,,,,,,,,
WiMM3rliyRI_000007_000017.mp4,8,swimming front crawl,30.0,0.0,10.0,0,300,0,38,38,75,75,112,112,150,150,188,188,225,225,262,262,300,,,,,,,,,,,,,,,,,,,,,,,,,,,,,,,,,,,,,,,,,,,,,,,,,,,,,,,,,,,,,,,,,,,,,,,,,,,,,,,,,,,,,,,,,,,,,,,,,,,,,,,,,,,,,,,,,,,,,,,,,,,,,,
Xh7-rFGHYwU_000009_000019.mp4,9,swimming butterfly stroke,30.0,1.6,10.0,48,300,48,76,76,104,104,132,132,160,160,188,188,216,216,244,244,272,272,300,,,,,,,,,,,,,,,,,,,,,,,,,,,,,,,,,,,,,,,,,,,,,,,,,,,,,,,,,,,,,,,,,,,,,,,,,,,,,,,,,,,,,,,,,,,,,,,,,,,,,,,,,,,,,,,,,,,,,,,,,,,,
Xh7-rFGHYwU_000010_000020.mp4,9,swimming front crawl,30.0,1.6,10.0,48,300,48,76,76,104,104,132,132,160,160,188,188,216,216,244,244,272,272,300,,,,,,,,,,,,,,,,,,,,,,,,,,,,,,,,,,,,,,,,,,,,,,,,,,,,,,,,,,,,,,,,,,,,,,,,,,,,,,,,,,,,,,,,,,,,,,,,,,,,,,,,,,,,,,,,,,,,,,,,,,,,
X0k3M7LavlA_000016_000026.mp4,2,swimming front crawl,59.94,0.0,1.67,0,100,0,50,50,100,,,,,,,,,,,,,,,,,,,,,,,,,,,,,,,,,,,,,,,,,,,,,,,,,,,,,,,,,,,,,,,,,,,,,,,,,,,,,,,,,,,,,,,,,,,,,,,,,,,,,,,,,,,,,,,,,,,,,,,,,,,,,,,,,,,,,,,,,,
X0k3M7LavlA_000016_000026.mp4,4,swimming front crawl,59.94,5.74,9.98,344,598,344,408,408,471,471,534,534,598,,,,,,,,,,,,,,,,,,,,,,,,,,,,,,,,,,,,,,,,,,,,,,,,,,,,,,,,,,,,,,,,,,,,,,,,,,,,,,,,,,,,,,,,,,,,,,,,,,,,,,,,,,,,,,,,,,,,,,,,,,,,,,,,,,,,,,
ZNqSpDDWdXs_000013_000023.mp4,6,swimming front crawl,25.0,0.0,6.08,0,152,0,25,25,51,51,76,76,101,101,127,127,152,,,,,,,,,,,,,,,,,,,,,,,,,,,,,,,,,,,,,,,,,,,,,,,,,,,,,,,,,,,,,,,,,,,,,,,,,,,,,,,,,,,,,,,,,,,,,,,,,,,,,,,,,,,,,,,,,,,,,,,,,,,,,,,,,,
bvvmkrge_KY_000001_000011.mp4,5,swimming front crawl,29.97,0.0,5.27,0,158,0,32,32,63,63,95,95,126,126,158,,,,,,,,,,,,,,,,,,,,,,,,,,,,,,,,,,,,,,,,,,,,,,,,,,,,,,,,,,,,,,,,,,,,,,,,,,,,,,,,,,,,,,,,,,,,,,,,,,,,,,,,,,,,,,,,,,,,,,,,,,,,,,,,,,,,
cdWDLFCj2OY_000009_000019.mp4,5,swimming front crawl,29.97,0.0,9.97,0,299,0,60,60,120,120,179,179,239,239,299,,,,,,,,,,,,,,,,,,,,,,,,,,,,,,,,,,,,,,,,,,,,,,,,,,,,,,,,,,,,,,,,,,,,,,,,,,,,,,,,,,,,,,,,,,,,,,,,,,,,,,,,,,,,,,,,,,,,,,,,,,,,,,,,,,,,
g645d8It66U_000070_000080.mp4,10,swimming front crawl,29.97,0.0,9.74,0,292,0,29,29,58,58,88,88,117,117,146,146,175,175,204,204,234,234,263,263,292,,,,,,,,,,,,,,,,,,,,,,,,,,,,,,,,,,,,,,,,,,,,,,,,,,,,,,,,,,,,,,,,,,,,,,,,,,,,,,,,,,,,,,,,,,,,,,,,,,,,,,,,,,,,,,,,,,,,,,,,,,
kI21zzqxqA8_000673_000683.mp4,11,swimming breast stroke,25.0,0.0,10.0,0,250,0,23,23,45,45,68,68,91,91,114,114,136,136,159,159,182,182,205,205,227,227,250,,,,,,,,,,,,,,,,,,,,,,,,,,,,,,,,,,,,,,,,,,,,,,,,,,,,,,,,,,,,,,,,,,,,,,,,,,,,,,,,,,,,,,,,,,,,,,,,,,,,,,,,,,,,,,,,,,,,,,,,
kI21zzqxqA8_000188_000198.mp4,11,swimming front crawl,25.0,0.0,10.0,0,250,0,23,23,45,45,68,68,91,91,114,114,136,136,159,159,182,182,205,205,227,227,250,,,,,,,,,,,,,,,,,,,,,,,,,,,,,,,,,,,,,,,,,,,,,,,,,,,,,,,,,,,,,,,,,,,,,,,,,,,,,,,,,,,,,,,,,,,,,,,,,,,,,,,,,,,,,,,,,,,,,,,,
lf5ZfActbUM_000050_000060.mp4,5,swimming front crawl,29.97,0.0,4.77,0,143,0,29,29,57,57,86,86,114,114,143,,,,,,,,,,,,,,,,,,,,,,,,,,,,,,,,,,,,,,,,,,,,,,,,,,,,,,,,,,,,,,,,,,,,,,,,,,,,,,,,,,,,,,,,,,,,,,,,,,,,,,,,,,,,,,,,,,,,,,,,,,,,,,,,,,,,
oF6uQLS59J0_000000_000010.mp4,10,swimming front crawl,29.97,0.0,6.84,0,205,0,20,20,41,41,62,62,82,82,102,102,123,123,144,144,164,164,184,184,205,,,,,,,,,,,,,,,,,,,,,,,,,,,,,,,,,,,,,,,,,,,,,,,,,,,,,,,,,,,,,,,,,,,,,,,,,,,,,,,,,,,,,,,,,,,,,,,,,,,,,,,,,,,,,,,,,,,,,,,,,,
oLVqcNpPTO8_000006_000016.mp4,11,swimming front crawl,29.97,0.0,9.98,0,299,0,27,27,54,54,82,82,109,109,136,136,163,163,190,190,217,217,245,245,272,272,299,,,,,,,,,,,,,,,,,,,,,,,,,,,,,,,,,,,,,,,,,,,,,,,,,,,,,,,,,,,,,,,,,,,,,,,,,,,,,,,,,,,,,,,,,,,,,,,,,,,,,,,,,,,,,,,,,,,,,,,,
oiDXkrXlo_Y_000017_000027.mp4,5,swimming front crawl,29.97,0.0,2.84,0,85,0,17,17,34,34,51,51,68,68,85,,,,,,,,,,,,,,,,,,,,,,,,,,,,,,,,,,,,,,,,,,,,,,,,,,,,,,,,,,,,,,,,,,,,,,,,,,,,,,,,,,,,,,,,,,,,,,,,,,,,,,,,,,,,,,,,,,,,,,,,,,,,,,,,,,,,
o-OcAfhLrSg_000014_000024.mp4,11,swimming front crawl,29.97,0.0,9.98,0,299,0,27,27,54,54,82,82,109,109,136,136,163,163,190,190,217,217,245,245,272,272,299,,,,,,,,,,,,,,,,,,,,,,,,,,,,,,,,,,,,,,,,,,,,,,,,,,,,,,,,,,,,,,,,,,,,,,,,,,,,,,,,,,,,,,,,,,,,,,,,,,,,,,,,,,,,,,,,,,,,,,,,
pDyfSD2qu1I_000522_000532.mp4,7,swimming front crawl,30.0,5.2,10.0,156,300,156,177,177,197,197,218,218,238,238,259,259,279,279,300,,,,,,,,,,,,,,,,,,,,,,,,,,,,,,,,,,,,,,,,,,,,,,,,,,,,,,,,,,,,,,,,,,,,,,,,,,,,,,,,,,,,,,,,,,,,,,,,,,,,,,,,,,,,,,,,,,,,,,,,,,,,,,,,
p0TF1o4hSXs_000000_000010.mp4,3,swimming front crawl,30.0,3.83,9.53,115,286,115,172,172,229,229,286,,,,,,,,,,,,,,,,,,,,,,,,,,,,,,,,,,,,,,,,,,,,,,,,,,,,,,,,,,,,,,,,,,,,,,,,,,,,,,,,,,,,,,,,,,,,,,,,,,,,,,,,,,,,,,,,,,,,,,,,,,,,,,,,,,,,,,,,
qJ602q7UMXo_000035_000045.mp4,3,swimming front crawl,15.0,0.0,4.67,0,70,0,23,23,47,47,70,,,,,,,,,,,,,,,,,,,,,,,,,,,,,,,,,,,,,,,,,,,,,,,,,,,,,,,,,,,,,,,,,,,,,,,,,,,,,,,,,,,,,,,,,,,,,,,,,,,,,,,,,,,,,,,,,,,,,,,,,,,,,,,,,,,,,,,,
qPXMcEwHarc_000023_000033.mp4,2,swimming front crawl,25.0,3.04,5.62,76,140,76,108,108,140,,,,,,,,,,,,,,,,,,,,,,,,,,,,,,,,,,,,,,,,,,,,,,,,,,,,,,,,,,,,,,,,,,,,,,,,,,,,,,,,,,,,,,,,,,,,,,,,,,,,,,,,,,,,,,,,,,,,,,,,,,,,,,,,,,,,,,,,,,
rluogU2c11M_000140_000150.mp4,6,swimming front crawl,28.06,0.0,6.99,0,196,0,33,33,65,65,98,98,131,131,163,163,196,,,,,,,,,,,,,,,,,,,,,,,,,,,,,,,,,,,,,,,,,,,,,,,,,,,,,,,,,,,,,,,,,,,,,,,,,,,,,,,,,,,,,,,,,,,,,,,,,,,,,,,,,,,,,,,,,,,,,,,,,,,,,,,,,,
sPnvCUTYe1w_000071_000081.mp4,3,swimming front crawl,25.0,7.88,10.0,197,250,197,215,215,232,232,250,,,,,,,,,,,,,,,,,,,,,,,,,,,,,,,,,,,,,,,,,,,,,,,,,,,,,,,,,,,,,,,,,,,,,,,,,,,,,,,,,,,,,,,,,,,,,,,,,,,,,,,,,,,,,,,,,,,,,,,,,,,,,,,,,,,,,,,,
s5stimPX3h0_000000_000010.mp4,4,swimming butterfly stroke,25.0,0.0,2.56,0,64,0,16,16,32,32,48,48,64,,,,,,,,,,,,,,,,,,,,,,,,,,,,,,,,,,,,,,,,,,,,,,,,,,,,,,,,,,,,,,,,,,,,,,,,,,,,,,,,,,,,,,,,,,,,,,,,,,,,,,,,,,,,,,,,,,,,,,,,,,,,,,,,,,,,,,
s5stimPX3h0_000016_000026.mp4,4,swimming front crawl,25.0,0.0,2.56,0,64,0,16,16,32,32,48,48,64,,,,,,,,,,,,,,,,,,,,,,,,,,,,,,,,,,,,,,,,,,,,,,,,,,,,,,,,,,,,,,,,,,,,,,,,,,,,,,,,,,,,,,,,,,,,,,,,,,,,,,,,,,,,,,,,,,,,,,,,,,,,,,,,,,,,,,
t5w8M2yyElM_001371_001381.mp4,2,swimming front crawl,29.97,7.29,9.81,218,294,218,256,256,294,,,,,,,,,,,,,,,,,,,,,,,,,,,,,,,,,,,,,,,,,,,,,,,,,,,,,,,,,,,,,,,,,,,,,,,,,,,,,,,,,,,,,,,,,,,,,,,,,,,,,,,,,,,,,,,,,,,,,,,,,,,,,,,,,,,,,,,,,,
t6t93xe6lvI_000043_000053.mp4,4,swimming butterfly stroke,30.0,0.0,2.97,0,89,0,22,22,44,44,67,67,89,,,,,,,,,,,,,,,,,,,,,,,,,,,,,,,,,,,,,,,,,,,,,,,,,,,,,,,,,,,,,,,,,,,,,,,,,,,,,,,,,,,,,,,,,,,,,,,,,,,,,,,,,,,,,,,,,,,,,,,,,,,,,,,,,,,,,,
t6t93xe6lvI_000083_000093.mp4,4,swimming front crawl,30.0,0.0,2.97,0,89,0,22,22,44,44,67,67,89,,,,,,,,,,,,,,,,,,,,,,,,,,,,,,,,,,,,,,,,,,,,,,,,,,,,,,,,,,,,,,,,,,,,,,,,,,,,,,,,,,,,,,,,,,,,,,,,,,,,,,,,,,,,,,,,,,,,,,,,,,,,,,,,,,,,,,
uEm-L7vYnlo_000004_000014.mp4,10,swimming front crawl,29.97,0.37,9.41,11,282,11,38,38,65,65,92,92,119,119,147,147,174,174,201,201,228,228,255,255,282,,,,,,,,,,,,,,,,,,,,,,,,,,,,,,,,,,,,,,,,,,,,,,,,,,,,,,,,,,,,,,,,,,,,,,,,,,,,,,,,,,,,,,,,,,,,,,,,,,,,,,,,,,,,,,,,,,,,,,,,,,
vEwab0wMs9Y_000032_000042.mp4,9,swimming front crawl,29.97,0.0,9.11,0,273,0,30,30,61,61,91,91,121,121,152,152,182,182,212,212,243,243,273,,,,,,,,,,,,,,,,,,,,,,,,,,,,,,,,,,,,,,,,,,,,,,,,,,,,,,,,,,,,,,,,,,,,,,,,,,,,,,,,,,,,,,,,,,,,,,,,,,,,,,,,,,,,,,,,,,,,,,,,,,,,
v1lnNsxfXdI_000000_000010.mp4,5,swimming front crawl,15.0,0.0,5.87,0,88,0,18,18,35,35,53,53,70,70,88,,,,,,,,,,,,,,,,,,,,,,,,,,,,,,,,,,,,,,,,,,,,,,,,,,,,,,,,,,,,,,,,,,,,,,,,,,,,,,,,,,,,,,,,,,,,,,,,,,,,,,,,,,,,,,,,,,,,,,,,,,,,,,,,,,,,
w-jXPiHEIVw_000006_000016.mp4,3,swimming front crawl,29.97,0.87,3.07,26,92,26,48,48,70,70,92,,,,,,,,,,,,,,,,,,,,,,,,,,,,,,,,,,,,,,,,,,,,,,,,,,,,,,,,,,,,,,,,,,,,,,,,,,,,,,,,,,,,,,,,,,,,,,,,,,,,,,,,,,,,,,,,,,,,,,,,,,,,,,,,,,,,,,,,
yNHMQQ5LH_g_000011_000021.mp4,11,swimming front crawl,30.0,0.0,9.93,0,298,0,27,27,54,54,81,81,108,108,135,135,163,163,190,190,217,217,244,244,271,271,298,,,,,,,,,,,,,,,,,,,,,,,,,,,,,,,,,,,,,,,,,,,,,,,,,,,,,,,,,,,,,,,,,,,,,,,,,,,,,,,,,,,,,,,,,,,,,,,,,,,,,,,,,,,,,,,,,,,,,,,,
0Dpu73q3uLs_000028_000038.mp4,9,swimming front crawl,30.0,0.0,10.0,0,300,0,33,33,67,67,100,100,133,133,167,167,200,200,233,233,267,267,300,,,,,,,,,,,,,,,,,,,,,,,,,,,,,,,,,,,,,,,,,,,,,,,,,,,,,,,,,,,,,,,,,,,,,,,,,,,,,,,,,,,,,,,,,,,,,,,,,,,,,,,,,,,,,,,,,,,,,,,,,,,,
1rJKP9kWCyw_000084_000094.mp4,7,swimming front crawl,29.97,0.0,8.24,0,247,0,35,35,71,71,106,106,141,141,176,176,212,212,247,,,,,,,,,,,,,,,,,,,,,,,,,,,,,,,,,,,,,,,,,,,,,,,,,,,,,,,,,,,,,,,,,,,,,,,,,,,,,,,,,,,,,,,,,,,,,,,,,,,,,,,,,,,,,,,,,,,,,,,,,,,,,,,,
18ujtKPXRHE_000004_000014.mp4,6,swimming front crawl,29.97,3.74,9.98,112,299,112,143,143,174,174,206,206,237,237,268,268,299,,,,,,,,,,,,,,,,,,,,,,,,,,,,,,,,,,,,,,,,,,,,,,,,,,,,,,,,,,,,,,,,,,,,,,,,,,,,,,,,,,,,,,,,,,,,,,,,,,,,,,,,,,,,,,,,,,,,,,,,,,,,,,,,,,
25xL3XDClIU_000037_000047.mp4,6,swimming breast stroke,30.0,2.97,10.0,89,300,89,124,124,159,159,195,195,230,230,265,265,300,,,,,,,,,,,,,,,,,,,,,,,,,,,,,,,,,,,,,,,,,,,,,,,,,,,,,,,,,,,,,,,,,,,,,,,,,,,,,,,,,,,,,,,,,,,,,,,,,,,,,,,,,,,,,,,,,,,,,,,,,,,,,,,,,,
3XwIRQL045k_000000_000010.mp4,4,swimming front crawl,7.53,0.0,1.11,0,8,0,2,2,4,4,6,6,8,,,,,,,,,,,,,,,,,,,,,,,,,,,,,,,,,,,,,,,,,,,,,,,,,,,,,,,,,,,,,,,,,,,,,,,,,,,,,,,,,,,,,,,,,,,,,,,,,,,,,,,,,,,,,,,,,,,,,,,,,,,,,,,,,,,,,,
3tiAFzfGQU8_000058_000068.mp4,7,swimming front crawl,30.0,0.0,5.5,0,165,0,24,24,47,47,71,71,94,94,118,118,141,141,165,,,,,,,,,,,,,,,,,,,,,,,,,,,,,,,,,,,,,,,,,,,,,,,,,,,,,,,,,,,,,,,,,,,,,,,,,,,,,,,,,,,,,,,,,,,,,,,,,,,,,,,,,,,,,,,,,,,,,,,,,,,,,,,,
4uJOpRiskYg_000025_000035.mp4,2,swimming front crawl,30.0,0.0,9.07,0,272,0,136,136,272,,,,,,,,,,,,,,,,,,,,,,,,,,,,,,,,,,,,,,,,,,,,,,,,,,,,,,,,,,,,,,,,,,,,,,,,,,,,,,,,,,,,,,,,,,,,,,,,,,,,,,,,,,,,,,,,,,,,,,,,,,,,,,,,,,,,,,,,,,
5Q5h1GHidGU_000000_000010.mp4,3,swimming front crawl,25.0,0.0,1.36,0,34,0,11,11,23,23,34,,,,,,,,,,,,,,,,,,,,,,,,,,,,,,,,,,,,,,,,,,,,,,,,,,,,,,,,,,,,,,,,,,,,,,,,,,,,,,,,,,,,,,,,,,,,,,,,,,,,,,,,,,,,,,,,,,,,,,,,,,,,,,,,,,,,,,,,
7sCscz26V9E_000000_000010.mp4,7,swimming front crawl,25.0,0.0,10.0,0,250,0,36,36,71,71,107,107,143,143,179,179,214,214,250,,,,,,,,,,,,,,,,,,,,,,,,,,,,,,,,,,,,,,,,,,,,,,,,,,,,,,,,,,,,,,,,,,,,,,,,,,,,,,,,,,,,,,,,,,,,,,,,,,,,,,,,,,,,,,,,,,,,,,,,,,,,,,,,
8knXNRIJOMI_000008_000018.mp4,3,swimming front crawl,29.97,0.0,8.61,0,258,0,86,86,172,172,258,,,,,,,,,,,,,,,,,,,,,,,,,,,,,,,,,,,,,,,,,,,,,,,,,,,,,,,,,,,,,,,,,,,,,,,,,,,,,,,,,,,,,,,,,,,,,,,,,,,,,,,,,,,,,,,,,,,,,,,,,,,,,,,,,,,,,,,,
9rL8CtFFyIw_000130_000140.mp4,2,swimming front crawl,25.0,1.8,9.52,45,238,45,141,141,238,,,,,,,,,,,,,,,,,,,,,,,,,,,,,,,,,,,,,,,,,,,,,,,,,,,,,,,,,,,,,,,,,,,,,,,,,,,,,,,,,,,,,,,,,,,,,,,,,,,,,,,,,,,,,,,,,,,,,,,,,,,,,,,,,,,,,,,,,,
_hKtDp9F5Bw_000015_000025.mp4,4,swimming front crawl,29.97,0.0,3.0,0,90,0,22,22,45,45,68,68,90,,,,,,,,,,,,,,,,,,,,,,,,,,,,,,,,,,,,,,,,,,,,,,,,,,,,,,,,,,,,,,,,,,,,,,,,,,,,,,,,,,,,,,,,,,,,,,,,,,,,,,,,,,,,,,,,,,,,,,,,,,,,,,,,,,,,,,
_hKtDp9F5Bw_000015_000025.mp4,2,swimming front crawl,29.97,7.19,9.41,215,282,215,249,249,282,,,,,,,,,,,,,,,,,,,,,,,,,,,,,,,,,,,,,,,,,,,,,,,,,,,,,,,,,,,,,,,,,,,,,,,,,,,,,,,,,,,,,,,,,,,,,,,,,,,,,,,,,,,,,,,,,,,,,,,,,,,,,,,,,,,,,,,,,,
_yXwFfdD7es_000122_000132.mp4,7,swimming front crawl,30.0,2.13,9.97,64,299,64,98,98,131,131,165,165,198,198,232,232,265,265,299,,,,,,,,,,,,,,,,,,,,,,,,,,,,,,,,,,,,,,,,,,,,,,,,,,,,,,,,,,,,,,,,,,,,,,,,,,,,,,,,,,,,,,,,,,,,,,,,,,,,,,,,,,,,,,,,,,,,,,,,,,,,,,,,
_zypTZtS9og_000014_000024.mp4,2,swimming front crawl,30.0,0.0,9.93,0,298,0,149,149,298,,,,,,,,,,,,,,,,,,,,,,,,,,,,,,,,,,,,,,,,,,,,,,,,,,,,,,,,,,,,,,,,,,,,,,,,,,,,,,,,,,,,,,,,,,,,,,,,,,,,,,,,,,,,,,,,,,,,,,,,,,,,,,,,,,,,,,,,,,
AGpU3WkBXHw_000016_000026.mp4,3,swinging on something,16.57,0.0,9.9,0,164,0,55,55,109,109,164,,,,,,,,,,,,,,,,,,,,,,,,,,,,,,,,,,,,,,,,,,,,,,,,,,,,,,,,,,,,,,,,,,,,,,,,,,,,,,,,,,,,,,,,,,,,,,,,,,,,,,,,,,,,,,,,,,,,,,,,,,,,,,,,,,,,,,,,
A66QRNxRpwM_000000_000010.mp4,3,swinging on something,30.0,1.57,10.0,47,300,47,131,131,216,216,300,,,,,,,,,,,,,,,,,,,,,,,,,,,,,,,,,,,,,,,,,,,,,,,,,,,,,,,,,,,,,,,,,,,,,,,,,,,,,,,,,,,,,,,,,,,,,,,,,,,,,,,,,,,,,,,,,,,,,,,,,,,,,,,,,,,,,,,,
BmDnFqqp6Xk_000133_000143.mp4,2,swinging on something,25.0,5.12,10.0,128,250,128,189,189,250,,,,,,,,,,,,,,,,,,,,,,,,,,,,,,,,,,,,,,,,,,,,,,,,,,,,,,,,,,,,,,,,,,,,,,,,,,,,,,,,,,,,,,,,,,,,,,,,,,,,,,,,,,,,,,,,,,,,,,,,,,,,,,,,,,,,,,,,,,
B98ekYEC8Wk_000000_000010.mp4,4,swinging on something,24.91,0.0,9.99,0,249,0,62,62,124,124,187,187,249,,,,,,,,,,,,,,,,,,,,,,,,,,,,,,,,,,,,,,,,,,,,,,,,,,,,,,,,,,,,,,,,,,,,,,,,,,,,,,,,,,,,,,,,,,,,,,,,,,,,,,,,,,,,,,,,,,,,,,,,,,,,,,,,,,,,,,
DB4VkR08n6I_000000_000010.mp4,6,swinging on something,29.97,0.0,8.94,0,268,0,45,45,89,89,134,134,179,179,223,223,268,,,,,,,,,,,,,,,,,,,,,,,,,,,,,,,,,,,,,,,,,,,,,,,,,,,,,,,,,,,,,,,,,,,,,,,,,,,,,,,,,,,,,,,,,,,,,,,,,,,,,,,,,,,,,,,,,,,,,,,,,,,,,,,,,,
Ef8mv9zrlKA_000018_000028.mp4,5,swinging on something,30.0,0.0,10.0,0,300,0,60,60,120,120,180,180,240,240,300,,,,,,,,,,,,,,,,,,,,,,,,,,,,,,,,,,,,,,,,,,,,,,,,,,,,,,,,,,,,,,,,,,,,,,,,,,,,,,,,,,,,,,,,,,,,,,,,,,,,,,,,,,,,,,,,,,,,,,,,,,,,,,,,,,,,
E66-ijxmEHo_000000_000010.mp4,3,swinging on something,30.0,4.63,10.0,139,300,139,193,193,246,246,300,,,,,,,,,,,,,,,,,,,,,,,,,,,,,,,,,,,,,,,,,,,,,,,,,,,,,,,,,,,,,,,,,,,,,,,,,,,,,,,,,,,,,,,,,,,,,,,,,,,,,,,,,,,,,,,,,,,,,,,,,,,,,,,,,,,,,,,,
Fa1GgZVbKEI_000000_000010.mp4,3,swinging on something,29.97,0.0,7.41,0,222,0,74,74,148,148,222,,,,,,,,,,,,,,,,,,,,,,,,,,,,,,,,,,,,,,,,,,,,,,,,,,,,,,,,,,,,,,,,,,,,,,,,,,,,,,,,,,,,,,,,,,,,,,,,,,,,,,,,,,,,,,,,,,,,,,,,,,,,,,,,,,,,,,,,
H1l9Hlj53NA_000018_000028.mp4,4,swinging on something,29.97,0.0,9.98,0,299,0,75,75,150,150,224,224,299,,,,,,,,,,,,,,,,,,,,,,,,,,,,,,,,,,,,,,,,,,,,,,,,,,,,,,,,,,,,,,,,,,,,,,,,,,,,,,,,,,,,,,,,,,,,,,,,,,,,,,,,,,,,,,,,,,,,,,,,,,,,,,,,,,,,,,
I7eKDHCykzo_000066_000076.mp4,3,swinging on something,30.0,0.0,6.47,0,194,0,65,65,129,129,194,,,,,,,,,,,,,,,,,,,,,,,,,,,,,,,,,,,,,,,,,,,,,,,,,,,,,,,,,,,,,,,,,,,,,,,,,,,,,,,,,,,,,,,,,,,,,,,,,,,,,,,,,,,,,,,,,,,,,,,,,,,,,,,,,,,,,,,,
JDKqJBWm4nw_000029_000039.mp4,4,swinging on something,29.92,0.0,9.96,0,298,0,74,74,149,149,224,224,298,,,,,,,,,,,,,,,,,,,,,,,,,,,,,,,,,,,,,,,,,,,,,,,,,,,,,,,,,,,,,,,,,,,,,,,,,,,,,,,,,,,,,,,,,,,,,,,,,,,,,,,,,,,,,,,,,,,,,,,,,,,,,,,,,,,,,,
J8q0cHXN8nw_000013_000023.mp4,2,swinging on something,20.0,0.0,10.0,0,200,0,100,100,200,,,,,,,,,,,,,,,,,,,,,,,,,,,,,,,,,,,,,,,,,,,,,,,,,,,,,,,,,,,,,,,,,,,,,,,,,,,,,,,,,,,,,,,,,,,,,,,,,,,,,,,,,,,,,,,,,,,,,,,,,,,,,,,,,,,,,,,,,,
KekjO2oYAcI_000202_000212.mp4,7,swinging on something,24.0,0.0,10.0,0,240,0,34,34,69,69,103,103,137,137,171,171,206,206,240,,,,,,,,,,,,,,,,,,,,,,,,,,,,,,,,,,,,,,,,,,,,,,,,,,,,,,,,,,,,,,,,,,,,,,,,,,,,,,,,,,,,,,,,,,,,,,,,,,,,,,,,,,,,,,,,,,,,,,,,,,,,,,,,
K15QGBHZhIk_000000_000010.mp4,4,swinging on something,30.0,0.0,10.0,0,300,0,75,75,150,150,225,225,300,,,,,,,,,,,,,,,,,,,,,,,,,,,,,,,,,,,,,,,,,,,,,,,,,,,,,,,,,,,,,,,,,,,,,,,,,,,,,,,,,,,,,,,,,,,,,,,,,,,,,,,,,,,,,,,,,,,,,,,,,,,,,,,,,,,,,,
LdrjBwNQpAM_000350_000360.mp4,3,swinging on something,25.0,0.0,10.0,0,250,0,83,83,167,167,250,,,,,,,,,,,,,,,,,,,,,,,,,,,,,,,,,,,,,,,,,,,,,,,,,,,,,,,,,,,,,,,,,,,,,,,,,,,,,,,,,,,,,,,,,,,,,,,,,,,,,,,,,,,,,,,,,,,,,,,,,,,,,,,,,,,,,,,,
LgV9b_lPuIs_000023_000033.mp4,3,swinging on something,30.0,0.0,9.13,0,274,0,91,91,183,183,274,,,,,,,,,,,,,,,,,,,,,,,,,,,,,,,,,,,,,,,,,,,,,,,,,,,,,,,,,,,,,,,,,,,,,,,,,,,,,,,,,,,,,,,,,,,,,,,,,,,,,,,,,,,,,,,,,,,,,,,,,,,,,,,,,,,,,,,,
L5lRmOC-HkY_000002_000012.mp4,4,swinging on something,14.72,0.0,10.0,0,147,0,37,37,74,74,110,110,147,,,,,,,,,,,,,,,,,,,,,,,,,,,,,,,,,,,,,,,,,,,,,,,,,,,,,,,,,,,,,,,,,,,,,,,,,,,,,,,,,,,,,,,,,,,,,,,,,,,,,,,,,,,,,,,,,,,,,,,,,,,,,,,,,,,,,,
NDqXTDZVQfI_000093_000103.mp4,4,swinging on something,24.98,0.0,9.97,0,249,0,62,62,124,124,187,187,249,,,,,,,,,,,,,,,,,,,,,,,,,,,,,,,,,,,,,,,,,,,,,,,,,,,,,,,,,,,,,,,,,,,,,,,,,,,,,,,,,,,,,,,,,,,,,,,,,,,,,,,,,,,,,,,,,,,,,,,,,,,,,,,,,,,,,,
NXtlmCDsFTI_000014_000024.mp4,7,swinging on something,30.0,0.0,10.0,0,300,0,43,43,86,86,129,129,171,171,214,214,257,257,300,,,,,,,,,,,,,,,,,,,,,,,,,,,,,,,,,,,,,,,,,,,,,,,,,,,,,,,,,,,,,,,,,,,,,,,,,,,,,,,,,,,,,,,,,,,,,,,,,,,,,,,,,,,,,,,,,,,,,,,,,,,,,,,,
NhSZ5lHTVds_000003_000013.mp4,2,swinging on something,30.0,0.0,4.83,0,145,0,72,72,145,,,,,,,,,,,,,,,,,,,,,,,,,,,,,,,,,,,,,,,,,,,,,,,,,,,,,,,,,,,,,,,,,,,,,,,,,,,,,,,,,,,,,,,,,,,,,,,,,,,,,,,,,,,,,,,,,,,,,,,,,,,,,,,,,,,,,,,,,,
NhSZ5lHTVds_000003_000013.mp4,2,swinging on something,30.0,5.1,9.17,153,275,153,214,214,275,,,,,,,,,,,,,,,,,,,,,,,,,,,,,,,,,,,,,,,,,,,,,,,,,,,,,,,,,,,,,,,,,,,,,,,,,,,,,,,,,,,,,,,,,,,,,,,,,,,,,,,,,,,,,,,,,,,,,,,,,,,,,,,,,,,,,,,,,,
OIOisD64XWs_000001_000011.mp4,5,swinging on something,30.0,0.0,10.0,0,300,0,60,60,120,120,180,180,240,240,300,,,,,,,,,,,,,,,,,,,,,,,,,,,,,,,,,,,,,,,,,,,,,,,,,,,,,,,,,,,,,,,,,,,,,,,,,,,,,,,,,,,,,,,,,,,,,,,,,,,,,,,,,,,,,,,,,,,,,,,,,,,,,,,,,,,,
Oc4ZI-Egtlw_000009_000019.mp4,3,swinging on something,30.0,0.0,9.73,0,292,0,97,97,195,195,292,,,,,,,,,,,,,,,,,,,,,,,,,,,,,,,,,,,,,,,,,,,,,,,,,,,,,,,,,,,,,,,,,,,,,,,,,,,,,,,,,,,,,,,,,,,,,,,,,,,,,,,,,,,,,,,,,,,,,,,,,,,,,,,,,,,,,,,,
O3wdgldYfKs_000000_000010.mp4,4,swinging on something,30.0,0.0,9.97,0,299,0,75,75,150,150,224,224,299,,,,,,,,,,,,,,,,,,,,,,,,,,,,,,,,,,,,,,,,,,,,,,,,,,,,,,,,,,,,,,,,,,,,,,,,,,,,,,,,,,,,,,,,,,,,,,,,,,,,,,,,,,,,,,,,,,,,,,,,,,,,,,,,,,,,,,
O-nxXRGMjks_000046_000056.mp4,4,swinging on something,29.09,0.0,9.05,0,263,0,66,66,132,132,197,197,263,,,,,,,,,,,,,,,,,,,,,,,,,,,,,,,,,,,,,,,,,,,,,,,,,,,,,,,,,,,,,,,,,,,,,,,,,,,,,,,,,,,,,,,,,,,,,,,,,,,,,,,,,,,,,,,,,,,,,,,,,,,,,,,,,,,,,,
PKQbwpEDfUY_000160_000170.mp4,3,swinging on something,25.0,0.0,10.0,0,250,0,83,83,167,167,250,,,,,,,,,,,,,,,,,,,,,,,,,,,,,,,,,,,,,,,,,,,,,,,,,,,,,,,,,,,,,,,,,,,,,,,,,,,,,,,,,,,,,,,,,,,,,,,,,,,,,,,,,,,,,,,,,,,,,,,,,,,,,,,,,,,,,,,,
P2dGw9EKzv8_000014_000024.mp4,7,swinging on something,30.0,0.0,10.0,0,300,0,43,43,86,86,129,129,171,171,214,214,257,257,300,,,,,,,,,,,,,,,,,,,,,,,,,,,,,,,,,,,,,,,,,,,,,,,,,,,,,,,,,,,,,,,,,,,,,,,,,,,,,,,,,,,,,,,,,,,,,,,,,,,,,,,,,,,,,,,,,,,,,,,,,,,,,,,,
QIpdgdAP3_s_000002_000012.mp4,4,swinging on something,29.97,0.0,9.54,0,286,0,72,72,143,143,214,214,286,,,,,,,,,,,,,,,,,,,,,,,,,,,,,,,,,,,,,,,,,,,,,,,,,,,,,,,,,,,,,,,,,,,,,,,,,,,,,,,,,,,,,,,,,,,,,,,,,,,,,,,,,,,,,,,,,,,,,,,,,,,,,,,,,,,,,,
QsZaQqIhBs0_000010_000020.mp4,4,swinging on something,25.0,0.0,10.0,0,250,0,62,62,125,125,188,188,250,,,,,,,,,,,,,,,,,,,,,,,,,,,,,,,,,,,,,,,,,,,,,,,,,,,,,,,,,,,,,,,,,,,,,,,,,,,,,,,,,,,,,,,,,,,,,,,,,,,,,,,,,,,,,,,,,,,,,,,,,,,,,,,,,,,,,,
RAMmrPGea3Y_000011_000021.mp4,2,swinging on something,25.0,0.0,8.04,0,201,0,100,100,201,,,,,,,,,,,,,,,,,,,,,,,,,,,,,,,,,,,,,,,,,,,,,,,,,,,,,,,,,,,,,,,,,,,,,,,,,,,,,,,,,,,,,,,,,,,,,,,,,,,,,,,,,,,,,,,,,,,,,,,,,,,,,,,,,,,,,,,,,,
RhDOFjvPRWc_000016_000026.mp4,5,swinging on something,30.0,0.0,10.0,0,300,0,60,60,120,120,180,180,240,240,300,,,,,,,,,,,,,,,,,,,,,,,,,,,,,,,,,,,,,,,,,,,,,,,,,,,,,,,,,,,,,,,,,,,,,,,,,,,,,,,,,,,,,,,,,,,,,,,,,,,,,,,,,,,,,,,,,,,,,,,,,,,,,,,,,,,,
R2QDgcMBk2Y_000006_000016.mp4,4,swinging on something,15.0,0.0,10.0,0,150,0,38,38,75,75,112,112,150,,,,,,,,,,,,,,,,,,,,,,,,,,,,,,,,,,,,,,,,,,,,,,,,,,,,,,,,,,,,,,,,,,,,,,,,,,,,,,,,,,,,,,,,,,,,,,,,,,,,,,,,,,,,,,,,,,,,,,,,,,,,,,,,,,,,,,
ZcSi0-GVh_I_000093_000103.mp4,5,swinging on something,29.97,4.44,9.94,133,298,133,166,166,199,199,232,232,265,265,298,,,,,,,,,,,,,,,,,,,,,,,,,,,,,,,,,,,,,,,,,,,,,,,,,,,,,,,,,,,,,,,,,,,,,,,,,,,,,,,,,,,,,,,,,,,,,,,,,,,,,,,,,,,,,,,,,,,,,,,,,,,,,,,,,,,,
aD9epIN61yc_000005_000015.mp4,3,swinging on something,30.0,0.0,10.0,0,300,0,100,100,200,200,300,,,,,,,,,,,,,,,,,,,,,,,,,,,,,,,,,,,,,,,,,,,,,,,,,,,,,,,,,,,,,,,,,,,,,,,,,,,,,,,,,,,,,,,,,,,,,,,,,,,,,,,,,,,,,,,,,,,,,,,,,,,,,,,,,,,,,,,,
ayATBZf_Rwk_000006_000016.mp4,5,swinging on something,30.0,0.0,10.0,0,300,0,60,60,120,120,180,180,240,240,300,,,,,,,,,,,,,,,,,,,,,,,,,,,,,,,,,,,,,,,,,,,,,,,,,,,,,,,,,,,,,,,,,,,,,,,,,,,,,,,,,,,,,,,,,,,,,,,,,,,,,,,,,,,,,,,,,,,,,,,,,,,,,,,,,,,,
bdkJaitwb3M_000006_000016.mp4,6,swinging on something,29.97,0.0,9.98,0,299,0,50,50,100,100,150,150,199,199,249,249,299,,,,,,,,,,,,,,,,,,,,,,,,,,,,,,,,,,,,,,,,,,,,,,,,,,,,,,,,,,,,,,,,,,,,,,,,,,,,,,,,,,,,,,,,,,,,,,,,,,,,,,,,,,,,,,,,,,,,,,,,,,,,,,,,,,
b51my3ree3I_000001_000011.mp4,2,swinging on something,30.0,0.0,9.75,0,292,0,146,146,292,,,,,,,,,,,,,,,,,,,,,,,,,,,,,,,,,,,,,,,,,,,,,,,,,,,,,,,,,,,,,,,,,,,,,,,,,,,,,,,,,,,,,,,,,,,,,,,,,,,,,,,,,,,,,,,,,,,,,,,,,,,,,,,,,,,,,,,,,,
cCUsVUa0VnM_000060_000070.mp4,2,swinging on something,29.97,0.0,5.0,0,150,0,75,75,150,,,,,,,,,,,,,,,,,,,,,,,,,,,,,,,,,,,,,,,,,,,,,,,,,,,,,,,,,,,,,,,,,,,,,,,,,,,,,,,,,,,,,,,,,,,,,,,,,,,,,,,,,,,,,,,,,,,,,,,,,,,,,,,,,,,,,,,,,,
cfpDr07leo8_000009_000019.mp4,3,swinging on something,25.0,0.0,9.68,0,242,0,81,81,161,161,242,,,,,,,,,,,,,,,,,,,,,,,,,,,,,,,,,,,,,,,,,,,,,,,,,,,,,,,,,,,,,,,,,,,,,,,,,,,,,,,,,,,,,,,,,,,,,,,,,,,,,,,,,,,,,,,,,,,,,,,,,,,,,,,,,,,,,,,,
c4001cHyszE_000012_000022.mp4,5,swinging on something,29.97,0.0,9.98,0,299,0,60,60,120,120,179,179,239,239,299,,,,,,,,,,,,,,,,,,,,,,,,,,,,,,,,,,,,,,,,,,,,,,,,,,,,,,,,,,,,,,,,,,,,,,,,,,,,,,,,,,,,,,,,,,,,,,,,,,,,,,,,,,,,,,,,,,,,,,,,,,,,,,,,,,,,
dKCdpsuJtA4_000000_000010.mp4,7,swinging on something,30.0,0.0,10.0,0,300,0,43,43,86,86,129,129,171,171,214,214,257,257,300,,,,,,,,,,,,,,,,,,,,,,,,,,,,,,,,,,,,,,,,,,,,,,,,,,,,,,,,,,,,,,,,,,,,,,,,,,,,,,,,,,,,,,,,,,,,,,,,,,,,,,,,,,,,,,,,,,,,,,,,,,,,,,,,
e2GUFqHzlIk_000371_000381.mp4,2,swinging on something,29.97,0.0,9.98,0,299,0,150,150,299,,,,,,,,,,,,,,,,,,,,,,,,,,,,,,,,,,,,,,,,,,,,,,,,,,,,,,,,,,,,,,,,,,,,,,,,,,,,,,,,,,,,,,,,,,,,,,,,,,,,,,,,,,,,,,,,,,,,,,,,,,,,,,,,,,,,,,,,,,
e9vJVuPEEf0_000037_000047.mp4,3,swinging on something,30.0,0.0,10.0,0,300,0,100,100,200,200,300,,,,,,,,,,,,,,,,,,,,,,,,,,,,,,,,,,,,,,,,,,,,,,,,,,,,,,,,,,,,,,,,,,,,,,,,,,,,,,,,,,,,,,,,,,,,,,,,,,,,,,,,,,,,,,,,,,,,,,,,,,,,,,,,,,,,,,,,
fc35Dj60Jks_000010_000020.mp4,5,swinging on something,30.0,0.0,10.0,0,300,0,60,60,120,120,180,180,240,240,300,,,,,,,,,,,,,,,,,,,,,,,,,,,,,,,,,,,,,,,,,,,,,,,,,,,,,,,,,,,,,,,,,,,,,,,,,,,,,,,,,,,,,,,,,,,,,,,,,,,,,,,,,,,,,,,,,,,,,,,,,,,,,,,,,,,,
g0V1L215-Hs_000000_000010.mp4,3,swinging on something,29.97,0.0,7.71,0,231,0,77,77,154,154,231,,,,,,,,,,,,,,,,,,,,,,,,,,,,,,,,,,,,,,,,,,,,,,,,,,,,,,,,,,,,,,,,,,,,,,,,,,,,,,,,,,,,,,,,,,,,,,,,,,,,,,,,,,,,,,,,,,,,,,,,,,,,,,,,,,,,,,,,
g8127lVZ_Zg_000009_000019.mp4,4,swinging on something,30.0,0.0,10.0,0,300,0,75,75,150,150,225,225,300,,,,,,,,,,,,,,,,,,,,,,,,,,,,,,,,,,,,,,,,,,,,,,,,,,,,,,,,,,,,,,,,,,,,,,,,,,,,,,,,,,,,,,,,,,,,,,,,,,,,,,,,,,,,,,,,,,,,,,,,,,,,,,,,,,,,,,
g9vMgZM2S1k_000060_000070.mp4,3,swinging on something,30.0,1.4,10.0,42,300,42,128,128,214,214,300,,,,,,,,,,,,,,,,,,,,,,,,,,,,,,,,,,,,,,,,,,,,,,,,,,,,,,,,,,,,,,,,,,,,,,,,,,,,,,,,,,,,,,,,,,,,,,,,,,,,,,,,,,,,,,,,,,,,,,,,,,,,,,,,,,,,,,,,
hsRAhW2EJc0_000016_000026.mp4,3,swinging on something,30.0,0.0,8.6,0,258,0,86,86,172,172,258,,,,,,,,,,,,,,,,,,,,,,,,,,,,,,,,,,,,,,,,,,,,,,,,,,,,,,,,,,,,,,,,,,,,,,,,,,,,,,,,,,,,,,,,,,,,,,,,,,,,,,,,,,,,,,,,,,,,,,,,,,,,,,,,,,,,,,,,
h9QIcv3vPLQ_000009_000019.mp4,4,swinging on something,30.0,0.0,9.5,0,285,0,71,71,142,142,214,214,285,,,,,,,,,,,,,,,,,,,,,,,,,,,,,,,,,,,,,,,,,,,,,,,,,,,,,,,,,,,,,,,,,,,,,,,,,,,,,,,,,,,,,,,,,,,,,,,,,,,,,,,,,,,,,,,,,,,,,,,,,,,,,,,,,,,,,,
iTxu3Yj3n04_000000_000010.mp4,3,swinging on something,30.0,0.0,10.0,0,300,0,100,100,200,200,300,,,,,,,,,,,,,,,,,,,,,,,,,,,,,,,,,,,,,,,,,,,,,,,,,,,,,,,,,,,,,,,,,,,,,,,,,,,,,,,,,,,,,,,,,,,,,,,,,,,,,,,,,,,,,,,,,,,,,,,,,,,,,,,,,,,,,,,,
icw3-WjGurQ_000025_000035.mp4,4,swinging on something,30.0,0.0,10.0,0,300,0,75,75,150,150,225,225,300,,,,,,,,,,,,,,,,,,,,,,,,,,,,,,,,,,,,,,,,,,,,,,,,,,,,,,,,,,,,,,,,,,,,,,,,,,,,,,,,,,,,,,,,,,,,,,,,,,,,,,,,,,,,,,,,,,,,,,,,,,,,,,,,,,,,,,
j13fzsaaWbY_000010_000020.mp4,4,swinging on something,30.0,1.67,10.0,50,300,50,112,112,175,175,238,238,300,,,,,,,,,,,,,,,,,,,,,,,,,,,,,,,,,,,,,,,,,,,,,,,,,,,,,,,,,,,,,,,,,,,,,,,,,,,,,,,,,,,,,,,,,,,,,,,,,,,,,,,,,,,,,,,,,,,,,,,,,,,,,,,,,,,,,,
kef6SIGW9kc_000078_000088.mp4,4,swinging on something,30.0,0.0,10.0,0,300,0,75,75,150,150,225,225,300,,,,,,,,,,,,,,,,,,,,,,,,,,,,,,,,,,,,,,,,,,,,,,,,,,,,,,,,,,,,,,,,,,,,,,,,,,,,,,,,,,,,,,,,,,,,,,,,,,,,,,,,,,,,,,,,,,,,,,,,,,,,,,,,,,,,,,
k9PfKnAxOIk_000173_000183.mp4,2,swinging on something,29.97,0.0,9.98,0,299,0,150,150,299,,,,,,,,,,,,,,,,,,,,,,,,,,,,,,,,,,,,,,,,,,,,,,,,,,,,,,,,,,,,,,,,,,,,,,,,,,,,,,,,,,,,,,,,,,,,,,,,,,,,,,,,,,,,,,,,,,,,,,,,,,,,,,,,,,,,,,,,,,
lDGBLgj-24I_000004_000014.mp4,3,swinging on something,30.0,0.0,10.0,0,300,0,100,100,200,200,300,,,,,,,,,,,,,,,,,,,,,,,,,,,,,,,,,,,,,,,,,,,,,,,,,,,,,,,,,,,,,,,,,,,,,,,,,,,,,,,,,,,,,,,,,,,,,,,,,,,,,,,,,,,,,,,,,,,,,,,,,,,,,,,,,,,,,,,,
lqTPCSt6kG4_000056_000066.mp4,2,swinging on something,23.98,0.0,9.97,0,239,0,120,120,239,,,,,,,,,,,,,,,,,,,,,,,,,,,,,,,,,,,,,,,,,,,,,,,,,,,,,,,,,,,,,,,,,,,,,,,,,,,,,,,,,,,,,,,,,,,,,,,,,,,,,,,,,,,,,,,,,,,,,,,,,,,,,,,,,,,,,,,,,,
mBIaNaLU9VY_000275_000285.mp4,2,swinging on something,29.97,0.0,9.98,0,299,0,150,150,299,,,,,,,,,,,,,,,,,,,,,,,,,,,,,,,,,,,,,,,,,,,,,,,,,,,,,,,,,,,,,,,,,,,,,,,,,,,,,,,,,,,,,,,,,,,,,,,,,,,,,,,,,,,,,,,,,,,,,,,,,,,,,,,,,,,,,,,,,,
nriUuDDrTew_000019_000029.mp4,2,swinging on something,30.0,7.9,8.13,237,244,237,241,241,244,,,,,,,,,,,,,,,,,,,,,,,,,,,,,,,,,,,,,,,,,,,,,,,,,,,,,,,,,,,,,,,,,,,,,,,,,,,,,,,,,,,,,,,,,,,,,,,,,,,,,,,,,,,,,,,,,,,,,,,,,,,,,,,,,,,,,,,,,,
n8OOkIsA1yQ_000014_000024.mp4,2,swinging on something,30.0,0.0,10.0,0,300,0,150,150,300,,,,,,,,,,,,,,,,,,,,,,,,,,,,,,,,,,,,,,,,,,,,,,,,,,,,,,,,,,,,,,,,,,,,,,,,,,,,,,,,,,,,,,,,,,,,,,,,,,,,,,,,,,,,,,,,,,,,,,,,,,,,,,,,,,,,,,,,,,
n-CC7rXMGcw_000004_000014.mp4,4,swinging on something,30.0,0.0,10.0,0,300,0,75,75,150,150,225,225,300,,,,,,,,,,,,,,,,,,,,,,,,,,,,,,,,,,,,,,,,,,,,,,,,,,,,,,,,,,,,,,,,,,,,,,,,,,,,,,,,,,,,,,,,,,,,,,,,,,,,,,,,,,,,,,,,,,,,,,,,,,,,,,,,,,,,,,
oL7WEzav6Aw_000038_000048.mp4,2,swinging on something,29.97,1.1,9.98,33,299,33,166,166,299,,,,,,,,,,,,,,,,,,,,,,,,,,,,,,,,,,,,,,,,,,,,,,,,,,,,,,,,,,,,,,,,,,,,,,,,,,,,,,,,,,,,,,,,,,,,,,,,,,,,,,,,,,,,,,,,,,,,,,,,,,,,,,,,,,,,,,,,,,
oVJtOpo1GhU_000037_000047.mp4,4,swinging on something,30.0,0.0,9.87,0,296,0,74,74,148,148,222,222,296,,,,,,,,,,,,,,,,,,,,,,,,,,,,,,,,,,,,,,,,,,,,,,,,,,,,,,,,,,,,,,,,,,,,,,,,,,,,,,,,,,,,,,,,,,,,,,,,,,,,,,,,,,,,,,,,,,,,,,,,,,,,,,,,,,,,,,
pEKLC7yiyrE_000005_000015.mp4,4,swinging on something,20.0,0.0,10.0,0,200,0,50,50,100,100,150,150,200,,,,,,,,,,,,,,,,,,,,,,,,,,,,,,,,,,,,,,,,,,,,,,,,,,,,,,,,,,,,,,,,,,,,,,,,,,,,,,,,,,,,,,,,,,,,,,,,,,,,,,,,,,,,,,,,,,,,,,,,,,,,,,,,,,,,,,
pbbt3E1Xp8A_000071_000081.mp4,2,swinging on something,29.97,1.67,9.11,50,273,50,162,162,273,,,,,,,,,,,,,,,,,,,,,,,,,,,,,,,,,,,,,,,,,,,,,,,,,,,,,,,,,,,,,,,,,,,,,,,,,,,,,,,,,,,,,,,,,,,,,,,,,,,,,,,,,,,,,,,,,,,,,,,,,,,,,,,,,,,,,,,,,,
qCIEKVQ-YbI_000000_000010.mp4,4,swinging on something,29.86,0.0,9.99,0,298,0,74,74,149,149,224,224,298,,,,,,,,,,,,,,,,,,,,,,,,,,,,,,,,,,,,,,,,,,,,,,,,,,,,,,,,,,,,,,,,,,,,,,,,,,,,,,,,,,,,,,,,,,,,,,,,,,,,,,,,,,,,,,,,,,,,,,,,,,,,,,,,,,,,,,
qGhR_6jgG4M_000002_000012.mp4,5,swinging on something,28.91,0.0,9.96,0,288,0,58,58,115,115,173,173,230,230,288,,,,,,,,,,,,,,,,,,,,,,,,,,,,,,,,,,,,,,,,,,,,,,,,,,,,,,,,,,,,,,,,,,,,,,,,,,,,,,,,,,,,,,,,,,,,,,,,,,,,,,,,,,,,,,,,,,,,,,,,,,,,,,,,,,,,
rcSIBuzwVmo_000000_000010.mp4,3,swinging on something,29.97,5.74,9.98,172,299,172,214,214,257,257,299,,,,,,,,,,,,,,,,,,,,,,,,,,,,,,,,,,,,,,,,,,,,,,,,,,,,,,,,,,,,,,,,,,,,,,,,,,,,,,,,,,,,,,,,,,,,,,,,,,,,,,,,,,,,,,,,,,,,,,,,,,,,,,,,,,,,,,,,
rvn3Npp4zC8_000075_000085.mp4,3,swinging on something,25.0,0.0,10.0,0,250,0,83,83,167,167,250,,,,,,,,,,,,,,,,,,,,,,,,,,,,,,,,,,,,,,,,,,,,,,,,,,,,,,,,,,,,,,,,,,,,,,,,,,,,,,,,,,,,,,,,,,,,,,,,,,,,,,,,,,,,,,,,,,,,,,,,,,,,,,,,,,,,,,,,
r7P4TG5IiHE_000057_000067.mp4,2,swinging on something,24.0,0.0,3.58,0,86,0,43,43,86,,,,,,,,,,,,,,,,,,,,,,,,,,,,,,,,,,,,,,,,,,,,,,,,,,,,,,,,,,,,,,,,,,,,,,,,,,,,,,,,,,,,,,,,,,,,,,,,,,,,,,,,,,,,,,,,,,,,,,,,,,,,,,,,,,,,,,,,,,
t244qbTx3SI_000018_000028.mp4,3,swinging on something,28.75,0.0,9.81,0,282,0,94,94,188,188,282,,,,,,,,,,,,,,,,,,,,,,,,,,,,,,,,,,,,,,,,,,,,,,,,,,,,,,,,,,,,,,,,,,,,,,,,,,,,,,,,,,,,,,,,,,,,,,,,,,,,,,,,,,,,,,,,,,,,,,,,,,,,,,,,,,,,,,,,
uCbnnQMab5Y_000020_000030.mp4,5,swinging on something,30.0,0.0,10.0,0,300,0,60,60,120,120,180,180,240,240,300,,,,,,,,,,,,,,,,,,,,,,,,,,,,,,,,,,,,,,,,,,,,,,,,,,,,,,,,,,,,,,,,,,,,,,,,,,,,,,,,,,,,,,,,,,,,,,,,,,,,,,,,,,,,,,,,,,,,,,,,,,,,,,,,,,,,
vAFADFVh8DI_000018_000028.mp4,3,swinging on something,29.97,0.0,5.54,0,166,0,55,55,111,111,166,,,,,,,,,,,,,,,,,,,,,,,,,,,,,,,,,,,,,,,,,,,,,,,,,,,,,,,,,,,,,,,,,,,,,,,,,,,,,,,,,,,,,,,,,,,,,,,,,,,,,,,,,,,,,,,,,,,,,,,,,,,,,,,,,,,,,,,,
x8t3MsM-W0U_000145_000155.mp4,3,swinging on something,29.97,0.0,9.98,0,299,0,100,100,199,199,299,,,,,,,,,,,,,,,,,,,,,,,,,,,,,,,,,,,,,,,,,,,,,,,,,,,,,,,,,,,,,,,,,,,,,,,,,,,,,,,,,,,,,,,,,,,,,,,,,,,,,,,,,,,,,,,,,,,,,,,,,,,,,,,,,,,,,,,,
0kxWcF0Zt3M_000004_000014.mp4,7,swinging on something,30.0,0.0,10.0,0,300,0,43,43,86,86,129,129,171,171,214,214,257,257,300,,,,,,,,,,,,,,,,,,,,,,,,,,,,,,,,,,,,,,,,,,,,,,,,,,,,,,,,,,,,,,,,,,,,,,,,,,,,,,,,,,,,,,,,,,,,,,,,,,,,,,,,,,,,,,,,,,,,,,,,,,,,,,,,
0o-tdfnv3Cw_000010_000020.mp4,4,swinging on something,30.0,0.0,10.0,0,300,0,75,75,150,150,225,225,300,,,,,,,,,,,,,,,,,,,,,,,,,,,,,,,,,,,,,,,,,,,,,,,,,,,,,,,,,,,,,,,,,,,,,,,,,,,,,,,,,,,,,,,,,,,,,,,,,,,,,,,,,,,,,,,,,,,,,,,,,,,,,,,,,,,,,,
1BJlhD2AhbI_000001_000011.mp4,4,swinging on something,30.0,0.0,10.0,0,300,0,75,75,150,150,225,225,300,,,,,,,,,,,,,,,,,,,,,,,,,,,,,,,,,,,,,,,,,,,,,,,,,,,,,,,,,,,,,,,,,,,,,,,,,,,,,,,,,,,,,,,,,,,,,,,,,,,,,,,,,,,,,,,,,,,,,,,,,,,,,,,,,,,,,,
1FdeAyAWiHE_000047_000057.mp4,4,swinging on something,17.33,0.87,9.63,15,167,15,53,53,91,91,129,129,167,,,,,,,,,,,,,,,,,,,,,,,,,,,,,,,,,,,,,,,,,,,,,,,,,,,,,,,,,,,,,,,,,,,,,,,,,,,,,,,,,,,,,,,,,,,,,,,,,,,,,,,,,,,,,,,,,,,,,,,,,,,,,,,,,,,,,,
2F483QyhmUc_000037_000047.mp4,4,swinging on something,29.97,0.0,9.98,0,299,0,75,75,150,150,224,224,299,,,,,,,,,,,,,,,,,,,,,,,,,,,,,,,,,,,,,,,,,,,,,,,,,,,,,,,,,,,,,,,,,,,,,,,,,,,,,,,,,,,,,,,,,,,,,,,,,,,,,,,,,,,,,,,,,,,,,,,,,,,,,,,,,,,,,,
2QeFt-2QcQw_000012_000022.mp4,2,swinging on something,30.0,0.0,10.0,0,300,0,150,150,300,,,,,,,,,,,,,,,,,,,,,,,,,,,,,,,,,,,,,,,,,,,,,,,,,,,,,,,,,,,,,,,,,,,,,,,,,,,,,,,,,,,,,,,,,,,,,,,,,,,,,,,,,,,,,,,,,,,,,,,,,,,,,,,,,,,,,,,,,,
2a5uXs135ls_000013_000023.mp4,4,swinging on something,30.0,0.0,9.98,0,299,0,75,75,150,150,224,224,299,,,,,,,,,,,,,,,,,,,,,,,,,,,,,,,,,,,,,,,,,,,,,,,,,,,,,,,,,,,,,,,,,,,,,,,,,,,,,,,,,,,,,,,,,,,,,,,,,,,,,,,,,,,,,,,,,,,,,,,,,,,,,,,,,,,,,,
3MHPmSy4Gic_000014_000024.mp4,5,swinging on something,29.97,0.0,8.98,0,269,0,54,54,108,108,161,161,215,215,269,,,,,,,,,,,,,,,,,,,,,,,,,,,,,,,,,,,,,,,,,,,,,,,,,,,,,,,,,,,,,,,,,,,,,,,,,,,,,,,,,,,,,,,,,,,,,,,,,,,,,,,,,,,,,,,,,,,,,,,,,,,,,,,,,,,,
3VIr6mwDqp8_000033_000043.mp4,4,swinging on something,29.83,0.0,9.96,0,297,0,74,74,148,148,223,223,297,,,,,,,,,,,,,,,,,,,,,,,,,,,,,,,,,,,,,,,,,,,,,,,,,,,,,,,,,,,,,,,,,,,,,,,,,,,,,,,,,,,,,,,,,,,,,,,,,,,,,,,,,,,,,,,,,,,,,,,,,,,,,,,,,,,,,,
4GCVXvqEpEI_000000_000010.mp4,4,swinging on something,30.0,0.0,10.0,0,300,0,75,75,150,150,225,225,300,,,,,,,,,,,,,,,,,,,,,,,,,,,,,,,,,,,,,,,,,,,,,,,,,,,,,,,,,,,,,,,,,,,,,,,,,,,,,,,,,,,,,,,,,,,,,,,,,,,,,,,,,,,,,,,,,,,,,,,,,,,,,,,,,,,,,,
4bfpPnWaNuA_000039_000049.mp4,4,swinging on something,30.0,1.83,10.0,55,300,55,116,116,177,177,239,239,300,,,,,,,,,,,,,,,,,,,,,,,,,,,,,,,,,,,,,,,,,,,,,,,,,,,,,,,,,,,,,,,,,,,,,,,,,,,,,,,,,,,,,,,,,,,,,,,,,,,,,,,,,,,,,,,,,,,,,,,,,,,,,,,,,,,,,,
4oGv-e3u0EM_000000_000010.mp4,3,swinging on something,30.0,3.47,10.0,104,300,104,169,169,235,235,300,,,,,,,,,,,,,,,,,,,,,,,,,,,,,,,,,,,,,,,,,,,,,,,,,,,,,,,,,,,,,,,,,,,,,,,,,,,,,,,,,,,,,,,,,,,,,,,,,,,,,,,,,,,,,,,,,,,,,,,,,,,,,,,,,,,,,,,,
49h718cuVic_000011_000021.mp4,5,swinging on something,29.97,0.0,9.98,0,299,0,60,60,120,120,179,179,239,239,299,,,,,,,,,,,,,,,,,,,,,,,,,,,,,,,,,,,,,,,,,,,,,,,,,,,,,,,,,,,,,,,,,,,,,,,,,,,,,,,,,,,,,,,,,,,,,,,,,,,,,,,,,,,,,,,,,,,,,,,,,,,,,,,,,,,,
5iXLrbEOm2U_000000_000010.mp4,3,swinging on something,30.0,0.0,6.53,0,196,0,65,65,131,131,196,,,,,,,,,,,,,,,,,,,,,,,,,,,,,,,,,,,,,,,,,,,,,,,,,,,,,,,,,,,,,,,,,,,,,,,,,,,,,,,,,,,,,,,,,,,,,,,,,,,,,,,,,,,,,,,,,,,,,,,,,,,,,,,,,,,,,,,,
5s4yWs8Shlc_000017_000027.mp4,4,swinging on something,30.0,2.4,10.0,72,300,72,129,129,186,186,243,243,300,,,,,,,,,,,,,,,,,,,,,,,,,,,,,,,,,,,,,,,,,,,,,,,,,,,,,,,,,,,,,,,,,,,,,,,,,,,,,,,,,,,,,,,,,,,,,,,,,,,,,,,,,,,,,,,,,,,,,,,,,,,,,,,,,,,,,,
5935FMLIFSI_000001_000011.mp4,4,swinging on something,15.0,0.0,9.33,0,140,0,35,35,70,70,105,105,140,,,,,,,,,,,,,,,,,,,,,,,,,,,,,,,,,,,,,,,,,,,,,,,,,,,,,,,,,,,,,,,,,,,,,,,,,,,,,,,,,,,,,,,,,,,,,,,,,,,,,,,,,,,,,,,,,,,,,,,,,,,,,,,,,,,,,,
7b4OKcbBWDs_000010_000020.mp4,4,swinging on something,29.97,0.0,9.98,0,299,0,75,75,150,150,224,224,299,,,,,,,,,,,,,,,,,,,,,,,,,,,,,,,,,,,,,,,,,,,,,,,,,,,,,,,,,,,,,,,,,,,,,,,,,,,,,,,,,,,,,,,,,,,,,,,,,,,,,,,,,,,,,,,,,,,,,,,,,,,,,,,,,,,,,,
8HsGcZoq08c_000011_000021.mp4,5,swinging on something,30.0,0.0,10.0,0,300,0,60,60,120,120,180,180,240,240,300,,,,,,,,,,,,,,,,,,,,,,,,,,,,,,,,,,,,,,,,,,,,,,,,,,,,,,,,,,,,,,,,,,,,,,,,,,,,,,,,,,,,,,,,,,,,,,,,,,,,,,,,,,,,,,,,,,,,,,,,,,,,,,,,,,,,
80HeJ5-2Muw_000021_000031.mp4,4,swinging on something,29.97,0.0,9.98,0,299,0,75,75,150,150,224,224,299,,,,,,,,,,,,,,,,,,,,,,,,,,,,,,,,,,,,,,,,,,,,,,,,,,,,,,,,,,,,,,,,,,,,,,,,,,,,,,,,,,,,,,,,,,,,,,,,,,,,,,,,,,,,,,,,,,,,,,,,,,,,,,,,,,,,,,
9GO0EkwOUJc_000019_000029.mp4,3,swinging on something,30.0,0.0,6.97,0,209,0,70,70,139,139,209,,,,,,,,,,,,,,,,,,,,,,,,,,,,,,,,,,,,,,,,,,,,,,,,,,,,,,,,,,,,,,,,,,,,,,,,,,,,,,,,,,,,,,,,,,,,,,,,,,,,,,,,,,,,,,,,,,,,,,,,,,,,,,,,,,,,,,,,
9Nq05Skl6hQ_000056_000066.mp4,3,swinging on something,29.97,0.0,9.98,0,299,0,100,100,199,199,299,,,,,,,,,,,,,,,,,,,,,,,,,,,,,,,,,,,,,,,,,,,,,,,,,,,,,,,,,,,,,,,,,,,,,,,,,,,,,,,,,,,,,,,,,,,,,,,,,,,,,,,,,,,,,,,,,,,,,,,,,,,,,,,,,,,,,,,,
986Ag_j4lXM_000009_000019.mp4,4,swinging on something,30.0,0.0,10.0,0,300,0,75,75,150,150,225,225,300,,,,,,,,,,,,,,,,,,,,,,,,,,,,,,,,,,,,,,,,,,,,,,,,,,,,,,,,,,,,,,,,,,,,,,,,,,,,,,,,,,,,,,,,,,,,,,,,,,,,,,,,,,,,,,,,,,,,,,,,,,,,,,,,,,,,,,
-722mkcyHOQ_000001_000011.mp4,4,swinging on something,30.0,0.0,10.0,0,300,0,75,75,150,150,225,225,300,,,,,,,,,,,,,,,,,,,,,,,,,,,,,,,,,,,,,,,,,,,,,,,,,,,,,,,,,,,,,,,,,,,,,,,,,,,,,,,,,,,,,,,,,,,,,,,,,,,,,,,,,,,,,,,,,,,,,,,,,,,,,,,,,,,,,,
GA1p9iU0HlY_000132_000142.mp4,3,tapping pen,23.95,0.0,1.25,0,30,0,10,10,20,20,30,,,,,,,,,,,,,,,,,,,,,,,,,,,,,,,,,,,,,,,,,,,,,,,,,,,,,,,,,,,,,,,,,,,,,,,,,,,,,,,,,,,,,,,,,,,,,,,,,,,,,,,,,,,,,,,,,,,,,,,,,,,,,,,,,,,,,,,,
GA1p9iU0HlY_000132_000142.mp4,13,tapping pen,23.95,4.56,9.99,109,239,109,119,119,129,129,139,139,149,149,159,159,169,169,179,179,189,189,199,199,209,209,219,219,229,229,239,,,,,,,,,,,,,,,,,,,,,,,,,,,,,,,,,,,,,,,,,,,,,,,,,,,,,,,,,,,,,,,,,,,,,,,,,,,,,,,,,,,,,,,,,,,,,,,,,,,,,,,,,,,,,,,,,,,,
HeD22cFly80_000036_000046.mp4,6,tapping pen,30.0,0.0,3.67,0,110,0,18,18,37,37,55,55,73,73,92,92,110,,,,,,,,,,,,,,,,,,,,,,,,,,,,,,,,,,,,,,,,,,,,,,,,,,,,,,,,,,,,,,,,,,,,,,,,,,,,,,,,,,,,,,,,,,,,,,,,,,,,,,,,,,,,,,,,,,,,,,,,,,,,,,,,,,
HeD22cFly80_000036_000046.mp4,13,tapping pen,30.0,6.03,10.0,181,300,181,190,190,199,199,208,208,218,218,227,227,236,236,245,245,254,254,263,263,273,273,282,282,291,291,300,,,,,,,,,,,,,,,,,,,,,,,,,,,,,,,,,,,,,,,,,,,,,,,,,,,,,,,,,,,,,,,,,,,,,,,,,,,,,,,,,,,,,,,,,,,,,,,,,,,,,,,,,,,,,,,,,,,,
H_G-GIsvQl0_000109_000119.mp4,17,tapping pen,27.0,0.0,9.96,0,269,0,16,16,32,32,47,47,63,63,79,79,95,95,111,111,127,127,142,142,158,158,174,174,190,190,206,206,222,222,237,237,253,253,269,,,,,,,,,,,,,,,,,,,,,,,,,,,,,,,,,,,,,,,,,,,,,,,,,,,,,,,,,,,,,,,,,,,,,,,,,,,,,,,,,,,,,,,,,,,,,,,,,,,,,,,,,,,,
IH2j9jCLSMo_000092_000102.mp4,27,tapping pen,29.67,0.0,9.98,0,296,0,11,11,22,22,33,33,44,44,55,55,66,66,77,77,88,88,99,99,110,110,121,121,132,132,143,143,153,153,164,164,175,175,186,186,197,197,208,208,219,219,230,230,241,241,252,252,263,263,274,274,285,285,296,,,,,,,,,,,,,,,,,,,,,,,,,,,,,,,,,,,,,,,,,,,,,,,,,,,,,,,,,,,,,,,,,,,,,,,,,,,,,,,,,,,,,,,,
IUJx0juUPKQ_000003_000013.mp4,18,tapping pen,25.0,0.0,10.0,0,250,0,14,14,28,28,42,42,56,56,69,69,83,83,97,97,111,111,125,125,139,139,153,153,167,167,181,181,194,194,208,208,222,222,236,236,250,,,,,,,,,,,,,,,,,,,,,,,,,,,,,,,,,,,,,,,,,,,,,,,,,,,,,,,,,,,,,,,,,,,,,,,,,,,,,,,,,,,,,,,,,,,,,,,,,,,,,,,,,,
MIKMSrs-H0Q_000069_000079.mp4,30,tapping pen,16.49,0.0,9.94,0,164,0,5,5,11,11,16,16,22,22,27,27,33,33,38,38,44,44,49,49,55,55,60,60,66,66,71,71,77,77,82,82,87,87,93,93,98,98,104,104,109,109,115,115,120,120,126,126,131,131,137,137,142,142,148,148,153,153,159,159,164,,,,,,,,,,,,,,,,,,,,,,,,,,,,,,,,,,,,,,,,,,,,,,,,,,,,,,,,,,,,,,,,,,,,,,,,,,,,,,,,,,
Mfrl8pPJeoY_000029_000039.mp4,14,tapping pen,30.0,0.0,10.0,0,300,0,21,21,43,43,64,64,86,86,107,107,129,129,150,150,171,171,193,193,214,214,236,236,257,257,279,279,300,,,,,,,,,,,,,,,,,,,,,,,,,,,,,,,,,,,,,,,,,,,,,,,,,,,,,,,,,,,,,,,,,,,,,,,,,,,,,,,,,,,,,,,,,,,,,,,,,,,,,,,,,,,,,,,,,,
NzIe5WsVAl0_000024_000034.mp4,7,tapping pen,25.0,0.0,3.56,0,89,0,13,13,25,25,38,38,51,51,64,64,76,76,89,,,,,,,,,,,,,,,,,,,,,,,,,,,,,,,,,,,,,,,,,,,,,,,,,,,,,,,,,,,,,,,,,,,,,,,,,,,,,,,,,,,,,,,,,,,,,,,,,,,,,,,,,,,,,,,,,,,,,,,,,,,,,,,,
NzIe5WsVAl0_000024_000034.mp4,9,tapping pen,25.0,7.8,10.0,195,250,195,201,201,207,207,213,213,219,219,226,226,232,232,238,238,244,244,250,,,,,,,,,,,,,,,,,,,,,,,,,,,,,,,,,,,,,,,,,,,,,,,,,,,,,,,,,,,,,,,,,,,,,,,,,,,,,,,,,,,,,,,,,,,,,,,,,,,,,,,,,,,,,,,,,,,,,,,,,,,,
OACASzdpZEU_000023_000033.mp4,5,tapping pen,30.0,3.47,7.87,104,236,104,130,130,157,157,183,183,210,210,236,,,,,,,,,,,,,,,,,,,,,,,,,,,,,,,,,,,,,,,,,,,,,,,,,,,,,,,,,,,,,,,,,,,,,,,,,,,,,,,,,,,,,,,,,,,,,,,,,,,,,,,,,,,,,,,,,,,,,,,,,,,,,,,,,,,,
PEmbX-fnBRw_000002_000012.mp4,41,tapping pen,24.0,0.0,10.0,0,240,0,6,6,12,12,18,18,23,23,29,29,35,35,41,41,47,47,53,53,59,59,64,64,70,70,76,76,82,82,88,88,94,94,100,100,105,105,111,111,117,117,123,123,129,129,135,135,140,140,146,146,152,152,158,158,164,164,170,170,176,176,181,181,187,187,193,193,199,199,205,205,211,211,217,217,222,222,228,228,234,234,240,,,,,,,,,,,,,,,,,,,,,,,,,,,,,,,,,,,,,,,,,,,,,,,,,,,,,,,,,,,,
SD1cqWqjgik_000012_000022.mp4,4,tapping pen,29.92,5.52,9.06,165,271,165,191,191,218,218,245,245,271,,,,,,,,,,,,,,,,,,,,,,,,,,,,,,,,,,,,,,,,,,,,,,,,,,,,,,,,,,,,,,,,,,,,,,,,,,,,,,,,,,,,,,,,,,,,,,,,,,,,,,,,,,,,,,,,,,,,,,,,,,,,,,,,,,,,,,
WDyjkTYLpCM_000014_000024.mp4,20,tapping pen,15.0,0.0,10.0,0,150,0,8,8,15,15,22,22,30,30,38,38,45,45,52,52,60,60,68,68,75,75,82,82,90,90,98,98,105,105,112,112,120,120,128,128,135,135,142,142,150,,,,,,,,,,,,,,,,,,,,,,,,,,,,,,,,,,,,,,,,,,,,,,,,,,,,,,,,,,,,,,,,,,,,,,,,,,,,,,,,,,,,,,,,,,,,,,,,,,,,,,
W5k9Iu6YL6o_000024_000034.mp4,4,tapping pen,15.0,0.0,2.73,0,41,0,10,10,20,20,31,31,41,,,,,,,,,,,,,,,,,,,,,,,,,,,,,,,,,,,,,,,,,,,,,,,,,,,,,,,,,,,,,,,,,,,,,,,,,,,,,,,,,,,,,,,,,,,,,,,,,,,,,,,,,,,,,,,,,,,,,,,,,,,,,,,,,,,,,,
W5k9Iu6YL6o_000024_000034.mp4,4,tapping pen,15.0,9.2,10.0,138,150,138,141,141,144,144,147,147,150,,,,,,,,,,,,,,,,,,,,,,,,,,,,,,,,,,,,,,,,,,,,,,,,,,,,,,,,,,,,,,,,,,,,,,,,,,,,,,,,,,,,,,,,,,,,,,,,,,,,,,,,,,,,,,,,,,,,,,,,,,,,,,,,,,,,,,
ZWkYTgyNXBk_000013_000023.mp4,7,tapping pen,23.55,0.0,2.51,0,59,0,8,8,17,17,25,25,34,34,42,42,51,51,59,,,,,,,,,,,,,,,,,,,,,,,,,,,,,,,,,,,,,,,,,,,,,,,,,,,,,,,,,,,,,,,,,,,,,,,,,,,,,,,,,,,,,,,,,,,,,,,,,,,,,,,,,,,,,,,,,,,,,,,,,,,,,,,,
bcirsloW_MI_000018_000028.mp4,48,tapping pen,30.0,0.0,10.0,0,300,0,6,6,12,12,19,19,25,25,31,31,38,38,44,44,50,50,56,56,62,62,69,69,75,75,81,81,88,88,94,94,100,100,106,106,112,112,119,119,125,125,131,131,138,138,144,144,150,150,156,156,162,162,169,169,175,175,181,181,188,188,194,194,200,200,206,206,212,212,219,219,225,225,231,231,238,238,244,244,250,250,256,256,262,262,269,269,275,275,281,281,288,288,294,294,300,,,,,,,,,,,,,,,,,,,,,,,,,,,,,,,,,,,,,,,,,,,,,,
dCUsS5m3eGM_000008_000018.mp4,30,tapping pen,30.0,0.0,10.0,0,300,0,10,10,20,20,30,30,40,40,50,50,60,60,70,70,80,80,90,90,100,100,110,110,120,120,130,130,140,140,150,150,160,160,170,170,180,180,190,190,200,200,210,210,220,220,230,230,240,240,250,250,260,260,270,270,280,280,290,290,300,,,,,,,,,,,,,,,,,,,,,,,,,,,,,,,,,,,,,,,,,,,,,,,,,,,,,,,,,,,,,,,,,,,,,,,,,,,,,,,,,,
fUp3aOpCmiE_000145_000155.mp4,30,tapping pen,11.0,0.0,10.0,0,110,0,4,4,7,7,11,11,15,15,18,18,22,22,26,26,29,29,33,33,37,37,40,40,44,44,48,48,51,51,55,55,59,59,62,62,66,66,70,70,73,73,77,77,81,81,84,84,88,88,92,92,95,95,99,99,103,103,106,106,110,,,,,,,,,,,,,,,,,,,,,,,,,,,,,,,,,,,,,,,,,,,,,,,,,,,,,,,,,,,,,,,,,,,,,,,,,,,,,,,,,,
fcRLi1SXovs_000004_000014.mp4,40,tapping pen,12.58,0.0,9.92,0,125,0,3,3,6,6,9,9,12,12,16,16,19,19,22,22,25,25,28,28,31,31,34,34,38,38,41,41,44,44,47,47,50,50,53,53,56,56,59,59,62,62,66,66,69,69,72,72,75,75,78,78,81,81,84,84,88,88,91,91,94,94,97,97,100,100,103,103,106,106,109,109,112,112,116,116,119,119,122,122,125,,,,,,,,,,,,,,,,,,,,,,,,,,,,,,,,,,,,,,,,,,,,,,,,,,,,,,,,,,,,,,
haXLj3W0Qlc_000089_000099.mp4,10,tapping pen,7.13,0.0,9.82,0,70,0,7,7,14,14,21,21,28,28,35,35,42,42,49,49,56,56,63,63,70,,,,,,,,,,,,,,,,,,,,,,,,,,,,,,,,,,,,,,,,,,,,,,,,,,,,,,,,,,,,,,,,,,,,,,,,,,,,,,,,,,,,,,,,,,,,,,,,,,,,,,,,,,,,,,,,,,,,,,,,,,
h9uV5jzG3Ls_000050_000060.mp4,36,tapping pen,30.0,0.0,7.52,0,226,0,6,6,13,13,19,19,25,25,31,31,38,38,44,44,50,50,56,56,63,63,69,69,75,75,82,82,88,88,94,94,100,100,107,107,113,113,119,119,126,126,132,132,138,138,144,144,151,151,157,157,163,163,170,170,176,176,182,182,188,188,195,195,201,201,207,207,213,213,220,220,226,,,,,,,,,,,,,,,,,,,,,,,,,,,,,,,,,,,,,,,,,,,,,,,,,,,,,,,,,,,,,,,,,,,,,,
nF3qTMrKLG0_000001_000011.mp4,5,tapping pen,29.92,1.0,6.37,30,191,30,62,62,94,94,127,127,159,159,191,,,,,,,,,,,,,,,,,,,,,,,,,,,,,,,,,,,,,,,,,,,,,,,,,,,,,,,,,,,,,,,,,,,,,,,,,,,,,,,,,,,,,,,,,,,,,,,,,,,,,,,,,,,,,,,,,,,,,,,,,,,,,,,,,,,,
pc-a-gyr1jA_000060_000070.mp4,4,tapping pen,30.0,3.37,5.63,101,169,101,118,118,135,135,152,152,169,,,,,,,,,,,,,,,,,,,,,,,,,,,,,,,,,,,,,,,,,,,,,,,,,,,,,,,,,,,,,,,,,,,,,,,,,,,,,,,,,,,,,,,,,,,,,,,,,,,,,,,,,,,,,,,,,,,,,,,,,,,,,,,,,,,,,,
rqKDdTCHPes_000016_000026.mp4,17,tapping pen,25.0,0.0,10.0,0,250,0,15,15,29,29,44,44,59,59,74,74,88,88,103,103,118,118,132,132,147,147,162,162,176,176,191,191,206,206,221,221,235,235,250,,,,,,,,,,,,,,,,,,,,,,,,,,,,,,,,,,,,,,,,,,,,,,,,,,,,,,,,,,,,,,,,,,,,,,,,,,,,,,,,,,,,,,,,,,,,,,,,,,,,,,,,,,,,
r8BFfD71Ppo_000063_000073.mp4,3,tapping pen,29.88,3.03,3.92,91,117,91,100,100,108,108,117,,,,,,,,,,,,,,,,,,,,,,,,,,,,,,,,,,,,,,,,,,,,,,,,,,,,,,,,,,,,,,,,,,,,,,,,,,,,,,,,,,,,,,,,,,,,,,,,,,,,,,,,,,,,,,,,,,,,,,,,,,,,,,,,,,,,,,,,
r8BFfD71Ppo_000063_000073.mp4,5,tapping pen,29.88,5.54,8.23,166,246,166,182,182,198,198,214,214,230,230,246,,,,,,,,,,,,,,,,,,,,,,,,,,,,,,,,,,,,,,,,,,,,,,,,,,,,,,,,,,,,,,,,,,,,,,,,,,,,,,,,,,,,,,,,,,,,,,,,,,,,,,,,,,,,,,,,,,,,,,,,,,,,,,,,,,,,
tAi-VepyuYw_000046_000056.mp4,30,tapping pen,23.92,0.0,9.93,0,237,0,8,8,16,16,24,24,32,32,40,40,47,47,55,55,63,63,71,71,79,79,87,87,95,95,103,103,111,111,118,118,126,126,134,134,142,142,150,150,158,158,166,166,174,174,182,182,190,190,198,198,205,205,213,213,221,221,229,229,237,,,,,,,,,,,,,,,,,,,,,,,,,,,,,,,,,,,,,,,,,,,,,,,,,,,,,,,,,,,,,,,,,,,,,,,,,,,,,,,,,,
xABhatYaaV8_000026_000036.mp4,13,tapping pen,30.0,0.0,10.0,0,300,0,23,23,46,46,69,69,92,92,115,115,138,138,162,162,185,185,208,208,231,231,254,254,277,277,300,,,,,,,,,,,,,,,,,,,,,,,,,,,,,,,,,,,,,,,,,,,,,,,,,,,,,,,,,,,,,,,,,,,,,,,,,,,,,,,,,,,,,,,,,,,,,,,,,,,,,,,,,,,,,,,,,,,,
1DJfEcp0xVo_000061_000071.mp4,28,tapping pen,29.92,1.07,9.99,32,299,32,42,42,51,51,61,61,70,70,80,80,89,89,99,99,108,108,118,118,127,127,137,137,146,146,156,156,166,166,175,175,185,185,194,194,204,204,213,213,223,223,232,232,242,242,251,251,261,261,270,270,280,280,289,289,299,,,,,,,,,,,,,,,,,,,,,,,,,,,,,,,,,,,,,,,,,,,,,,,,,,,,,,,,,,,,,,,,,,,,,,,,,,,,,,,,,,,,,,
44BjrMNQJ0Q_000074_000084.mp4,24,tapping pen,17.08,0.0,9.95,0,170,0,7,7,14,14,21,21,28,28,35,35,42,42,50,50,57,57,64,64,71,71,78,78,85,85,92,92,99,99,106,106,113,113,120,120,128,128,135,135,142,142,149,149,156,156,163,163,170,,,,,,,,,,,,,,,,,,,,,,,,,,,,,,,,,,,,,,,,,,,,,,,,,,,,,,,,,,,,,,,,,,,,,,,,,,,,,,,,,,,,,,,,,,,,,,
5AeHhG6SZBY_000097_000107.mp4,17,tapping pen,29.97,1.23,9.94,37,298,37,52,52,68,68,83,83,98,98,114,114,129,129,144,144,160,160,175,175,191,191,206,206,221,221,237,237,252,252,267,267,283,283,298,,,,,,,,,,,,,,,,,,,,,,,,,,,,,,,,,,,,,,,,,,,,,,,,,,,,,,,,,,,,,,,,,,,,,,,,,,,,,,,,,,,,,,,,,,,,,,,,,,,,,,,,,,,,
75i1IdP3hAM_000025_000035.mp4,26,tapping pen,29.93,0.0,9.96,0,298,0,11,11,23,23,34,34,46,46,57,57,69,69,80,80,92,92,103,103,115,115,126,126,138,138,149,149,160,160,172,172,183,183,195,195,206,206,218,218,229,229,241,241,252,252,264,264,275,275,287,287,298,,,,,,,,,,,,,,,,,,,,,,,,,,,,,,,,,,,,,,,,,,,,,,,,,,,,,,,,,,,,,,,,,,,,,,,,,,,,,,,,,,,,,,,,,,
-TQ_pI1z4Bo_000111_000121.mp4,26,tapping pen,27.0,0.0,9.96,0,269,0,10,10,21,21,31,31,41,41,52,52,62,62,72,72,83,83,93,93,103,103,114,114,124,124,134,134,145,145,155,155,166,166,176,176,186,186,197,197,207,207,217,217,228,228,238,238,248,248,259,259,269,,,,,,,,,,,,,,,,,,,,,,,,,,,,,,,,,,,,,,,,,,,,,,,,,,,,,,,,,,,,,,,,,,,,,,,,,,,,,,,,,,,,,,,,,,
-kBCX4HmGrE_000032_000042.mp4,30,tapping pen,30.0,0.0,10.0,0,300,0,10,10,20,20,30,30,40,40,50,50,60,60,70,70,80,80,90,90,100,100,110,110,120,120,130,130,140,140,150,150,160,160,170,170,180,180,190,190,200,200,210,210,220,220,230,230,240,240,250,250,260,260,270,270,280,280,290,290,300,,,,,,,,,,,,,,,,,,,,,,,,,,,,,,,,,,,,,,,,,,,,,,,,,,,,,,,,,,,,,,,,,,,,,,,,,,,,,,,,,,
-50rKj9WZgA_000028_000038.mp4,32,tapping pen,30.0,0.0,8.43,0,253,0,8,8,16,16,24,24,32,32,40,40,47,47,55,55,63,63,71,71,79,79,87,87,95,95,103,103,111,111,119,119,126,126,134,134,142,142,150,150,158,158,166,166,174,174,182,182,190,190,198,198,206,206,213,213,221,221,229,229,237,237,245,245,253,,,,,,,,,,,,,,,,,,,,,,,,,,,,,,,,,,,,,,,,,,,,,,,,,,,,,,,,,,,,,,,,,,,,,,,,,,,,,,
_HC33hHTbvE_000004_000014.mp4,14,tapping pen,30.0,0.0,10.0,0,300,0,21,21,43,43,64,64,86,86,107,107,129,129,150,150,171,171,193,193,214,214,236,236,257,257,279,279,300,,,,,,,,,,,,,,,,,,,,,,,,,,,,,,,,,,,,,,,,,,,,,,,,,,,,,,,,,,,,,,,,,,,,,,,,,,,,,,,,,,,,,,,,,,,,,,,,,,,,,,,,,,,,,,,,,,
EuyGJAr7WXg_000026_000036.mp4,2,triple jump,29.92,2.24,9.99,67,299,67,183,183,299,,,,,,,,,,,,,,,,,,,,,,,,,,,,,,,,,,,,,,,,,,,,,,,,,,,,,,,,,,,,,,,,,,,,,,,,,,,,,,,,,,,,,,,,,,,,,,,,,,,,,,,,,,,,,,,,,,,,,,,,,,,,,,,,,,,,,,,,,,
GQ9xQzD5j6U_000003_000013.mp4,2,triple jump,29.97,0.0,8.48,0,254,0,127,127,254,,,,,,,,,,,,,,,,,,,,,,,,,,,,,,,,,,,,,,,,,,,,,,,,,,,,,,,,,,,,,,,,,,,,,,,,,,,,,,,,,,,,,,,,,,,,,,,,,,,,,,,,,,,,,,,,,,,,,,,,,,,,,,,,,,,,,,,,,,
eTnrlMfRZ_g_000002_000012.mp4,2,triple jump,30.0,0.9,8.27,27,248,27,137,137,248,,,,,,,,,,,,,,,,,,,,,,,,,,,,,,,,,,,,,,,,,,,,,,,,,,,,,,,,,,,,,,,,,,,,,,,,,,,,,,,,,,,,,,,,,,,,,,,,,,,,,,,,,,,,,,,,,,,,,,,,,,,,,,,,,,,,,,,,,,
i2ozgCMAIrE_000009_000019.mp4,2,triple jump,29.97,0.72,9.11,22,273,22,148,148,273,,,,,,,,,,,,,,,,,,,,,,,,,,,,,,,,,,,,,,,,,,,,,,,,,,,,,,,,,,,,,,,,,,,,,,,,,,,,,,,,,,,,,,,,,,,,,,,,,,,,,,,,,,,,,,,,,,,,,,,,,,,,,,,,,,,,,,,,,,
yF_8vwv0Wwc_000028_000038.mp4,2,triple jump,30.0,0.0,8.63,0,259,0,130,130,259,,,,,,,,,,,,,,,,,,,,,,,,,,,,,,,,,,,,,,,,,,,,,,,,,,,,,,,,,,,,,,,,,,,,,,,,,,,,,,,,,,,,,,,,,,,,,,,,,,,,,,,,,,,,,,,,,,,,,,,,,,,,,,,,,,,,,,,,,,
4HH2NsDWPEc_000014_000024.mp4,2,triple jump,29.51,2.34,9.66,69,285,69,177,177,285,,,,,,,,,,,,,,,,,,,,,,,,,,,,,,,,,,,,,,,,,,,,,,,,,,,,,,,,,,,,,,,,,,,,,,,,,,,,,,,,,,,,,,,,,,,,,,,,,,,,,,,,,,,,,,,,,,,,,,,,,,,,,,,,,,,,,,,,,,
_3ztluiUVk4_000018_000028.mp4,2,triple jump,30.0,1.28,9.73,38,292,38,165,165,292,,,,,,,,,,,,,,,,,,,,,,,,,,,,,,,,,,,,,,,,,,,,,,,,,,,,,,,,,,,,,,,,,,,,,,,,,,,,,,,,,,,,,,,,,,,,,,,,,,,,,,,,,,,,,,,,,,,,,,,,,,,,,,,,,,,,,,,,,,
AGWmkpG3mGY_000061_000071.mp4,2,using a wrench,29.97,1.03,4.5,31,135,31,83,83,135,,,,,,,,,,,,,,,,,,,,,,,,,,,,,,,,,,,,,,,,,,,,,,,,,,,,,,,,,,,,,,,,,,,,,,,,,,,,,,,,,,,,,,,,,,,,,,,,,,,,,,,,,,,,,,,,,,,,,,,,,,,,,,,,,,,,,,,,,,
ANWAa3zvxfk_000007_000017.mp4,2,using a wrench,23.98,4.59,8.47,110,203,110,156,156,203,,,,,,,,,,,,,,,,,,,,,,,,,,,,,,,,,,,,,,,,,,,,,,,,,,,,,,,,,,,,,,,,,,,,,,,,,,,,,,,,,,,,,,,,,,,,,,,,,,,,,,,,,,,,,,,,,,,,,,,,,,,,,,,,,,,,,,,,,,
EiGL761Kwls_000017_000027.mp4,2,using a wrench,29.97,7.67,9.98,230,299,230,264,264,299,,,,,,,,,,,,,,,,,,,,,,,,,,,,,,,,,,,,,,,,,,,,,,,,,,,,,,,,,,,,,,,,,,,,,,,,,,,,,,,,,,,,,,,,,,,,,,,,,,,,,,,,,,,,,,,,,,,,,,,,,,,,,,,,,,,,,,,,,,
FkVyi_weLoo_000032_000042.mp4,5,using a wrench,29.97,0.0,4.0,0,120,0,24,24,48,48,72,72,96,96,120,,,,,,,,,,,,,,,,,,,,,,,,,,,,,,,,,,,,,,,,,,,,,,,,,,,,,,,,,,,,,,,,,,,,,,,,,,,,,,,,,,,,,,,,,,,,,,,,,,,,,,,,,,,,,,,,,,,,,,,,,,,,,,,,,,,,
GqdrTtQelZU_000303_000313.mp4,3,using a wrench,29.97,1.2,9.98,36,299,36,124,124,211,211,299,,,,,,,,,,,,,,,,,,,,,,,,,,,,,,,,,,,,,,,,,,,,,,,,,,,,,,,,,,,,,,,,,,,,,,,,,,,,,,,,,,,,,,,,,,,,,,,,,,,,,,,,,,,,,,,,,,,,,,,,,,,,,,,,,,,,,,,,
G6-Bxm5n3fg_000181_000191.mp4,3,using a wrench,29.97,3.34,8.04,100,241,100,147,147,194,194,241,,,,,,,,,,,,,,,,,,,,,,,,,,,,,,,,,,,,,,,,,,,,,,,,,,,,,,,,,,,,,,,,,,,,,,,,,,,,,,,,,,,,,,,,,,,,,,,,,,,,,,,,,,,,,,,,,,,,,,,,,,,,,,,,,,,,,,,,
HUaP_jNjEdM_000039_000049.mp4,3,using a wrench,23.92,8.94,9.97,214,238,214,222,222,230,230,238,,,,,,,,,,,,,,,,,,,,,,,,,,,,,,,,,,,,,,,,,,,,,,,,,,,,,,,,,,,,,,,,,,,,,,,,,,,,,,,,,,,,,,,,,,,,,,,,,,,,,,,,,,,,,,,,,,,,,,,,,,,,,,,,,,,,,,,,
IGX_dPqe4DY_000012_000022.mp4,4,using a wrench,29.97,0.0,8.21,0,246,0,62,62,123,123,184,184,246,,,,,,,,,,,,,,,,,,,,,,,,,,,,,,,,,,,,,,,,,,,,,,,,,,,,,,,,,,,,,,,,,,,,,,,,,,,,,,,,,,,,,,,,,,,,,,,,,,,,,,,,,,,,,,,,,,,,,,,,,,,,,,,,,,,,,,
ITbq0JX0tr0_000055_000065.mp4,2,using a wrench,25.0,0.96,5.24,24,131,24,78,78,131,,,,,,,,,,,,,,,,,,,,,,,,,,,,,,,,,,,,,,,,,,,,,,,,,,,,,,,,,,,,,,,,,,,,,,,,,,,,,,,,,,,,,,,,,,,,,,,,,,,,,,,,,,,,,,,,,,,,,,,,,,,,,,,,,,,,,,,,,,
LEcEvdhimFU_000000_000010.mp4,12,using a wrench,29.97,2.04,9.98,61,299,61,81,81,101,101,121,121,140,140,160,160,180,180,200,200,220,220,239,239,259,259,279,279,299,,,,,,,,,,,,,,,,,,,,,,,,,,,,,,,,,,,,,,,,,,,,,,,,,,,,,,,,,,,,,,,,,,,,,,,,,,,,,,,,,,,,,,,,,,,,,,,,,,,,,,,,,,,,,,,,,,,,,,
NKPfLgQYBpE_000000_000010.mp4,5,using a wrench,29.97,0.0,8.51,0,255,0,51,51,102,102,153,153,204,204,255,,,,,,,,,,,,,,,,,,,,,,,,,,,,,,,,,,,,,,,,,,,,,,,,,,,,,,,,,,,,,,,,,,,,,,,,,,,,,,,,,,,,,,,,,,,,,,,,,,,,,,,,,,,,,,,,,,,,,,,,,,,,,,,,,,,,
OoDdT9Wkb0g_000028_000038.mp4,5,using a wrench,29.97,0.0,8.86,0,266,0,53,53,106,106,160,160,213,213,266,,,,,,,,,,,,,,,,,,,,,,,,,,,,,,,,,,,,,,,,,,,,,,,,,,,,,,,,,,,,,,,,,,,,,,,,,,,,,,,,,,,,,,,,,,,,,,,,,,,,,,,,,,,,,,,,,,,,,,,,,,,,,,,,,,,,
Px_gubKWXPU_000335_000345.mp4,4,using a wrench,15.0,0.0,2.87,0,43,0,11,11,22,22,32,32,43,,,,,,,,,,,,,,,,,,,,,,,,,,,,,,,,,,,,,,,,,,,,,,,,,,,,,,,,,,,,,,,,,,,,,,,,,,,,,,,,,,,,,,,,,,,,,,,,,,,,,,,,,,,,,,,,,,,,,,,,,,,,,,,,,,,,,,
UZLXA4RN9ts_000021_000031.mp4,3,using a wrench,29.97,0.0,2.0,0,60,0,20,20,40,40,60,,,,,,,,,,,,,,,,,,,,,,,,,,,,,,,,,,,,,,,,,,,,,,,,,,,,,,,,,,,,,,,,,,,,,,,,,,,,,,,,,,,,,,,,,,,,,,,,,,,,,,,,,,,,,,,,,,,,,,,,,,,,,,,,,,,,,,,,
UZLXA4RN9ts_000021_000031.mp4,7,using a wrench,29.97,6.04,9.98,181,299,181,198,198,215,215,232,232,248,248,265,265,282,282,299,,,,,,,,,,,,,,,,,,,,,,,,,,,,,,,,,,,,,,,,,,,,,,,,,,,,,,,,,,,,,,,,,,,,,,,,,,,,,,,,,,,,,,,,,,,,,,,,,,,,,,,,,,,,,,,,,,,,,,,,,,,,,,,,
UflQkpjXd-A_000360_000370.mp4,20,using a wrench,29.97,2.74,9.94,82,298,82,93,93,104,104,114,114,125,125,136,136,147,147,158,158,168,168,179,179,190,190,201,201,212,212,222,222,233,233,244,244,255,255,266,266,276,276,287,287,298,,,,,,,,,,,,,,,,,,,,,,,,,,,,,,,,,,,,,,,,,,,,,,,,,,,,,,,,,,,,,,,,,,,,,,,,,,,,,,,,,,,,,,,,,,,,,,,,,,,,,,
Xq8T8-nbVcY_000073_000083.mp4,6,using a wrench,29.97,0.0,5.71,0,171,0,28,28,57,57,86,86,114,114,142,142,171,,,,,,,,,,,,,,,,,,,,,,,,,,,,,,,,,,,,,,,,,,,,,,,,,,,,,,,,,,,,,,,,,,,,,,,,,,,,,,,,,,,,,,,,,,,,,,,,,,,,,,,,,,,,,,,,,,,,,,,,,,,,,,,,,,
bAKoACFBi6w_000115_000125.mp4,2,using a wrench,29.97,0.0,2.04,0,61,0,30,30,61,,,,,,,,,,,,,,,,,,,,,,,,,,,,,,,,,,,,,,,,,,,,,,,,,,,,,,,,,,,,,,,,,,,,,,,,,,,,,,,,,,,,,,,,,,,,,,,,,,,,,,,,,,,,,,,,,,,,,,,,,,,,,,,,,,,,,,,,,,
bAKoACFBi6w_000115_000125.mp4,3,using a wrench,29.97,3.97,7.84,119,235,119,158,158,196,196,235,,,,,,,,,,,,,,,,,,,,,,,,,,,,,,,,,,,,,,,,,,,,,,,,,,,,,,,,,,,,,,,,,,,,,,,,,,,,,,,,,,,,,,,,,,,,,,,,,,,,,,,,,,,,,,,,,,,,,,,,,,,,,,,,,,,,,,,,
bfrSqX2Kp1s_000042_000052.mp4,2,using a wrench,30.0,2.33,8.27,70,248,70,159,159,248,,,,,,,,,,,,,,,,,,,,,,,,,,,,,,,,,,,,,,,,,,,,,,,,,,,,,,,,,,,,,,,,,,,,,,,,,,,,,,,,,,,,,,,,,,,,,,,,,,,,,,,,,,,,,,,,,,,,,,,,,,,,,,,,,,,,,,,,,,
cH8DGAQvGQM_000154_000164.mp4,3,using a wrench,29.97,0.73,4.04,22,121,22,55,55,88,88,121,,,,,,,,,,,,,,,,,,,,,,,,,,,,,,,,,,,,,,,,,,,,,,,,,,,,,,,,,,,,,,,,,,,,,,,,,,,,,,,,,,,,,,,,,,,,,,,,,,,,,,,,,,,,,,,,,,,,,,,,,,,,,,,,,,,,,,,,
dDyScQP4eLg_000048_000058.mp4,2,using a wrench,29.97,4.3,9.01,129,270,129,199,199,270,,,,,,,,,,,,,,,,,,,,,,,,,,,,,,,,,,,,,,,,,,,,,,,,,,,,,,,,,,,,,,,,,,,,,,,,,,,,,,,,,,,,,,,,,,,,,,,,,,,,,,,,,,,,,,,,,,,,,,,,,,,,,,,,,,,,,,,,,,
fbr_1XEoaTY_000076_000086.mp4,2,using a wrench,29.97,0.97,9.11,29,273,29,151,151,273,,,,,,,,,,,,,,,,,,,,,,,,,,,,,,,,,,,,,,,,,,,,,,,,,,,,,,,,,,,,,,,,,,,,,,,,,,,,,,,,,,,,,,,,,,,,,,,,,,,,,,,,,,,,,,,,,,,,,,,,,,,,,,,,,,,,,,,,,,
gV40x7ZY5Rw_000194_000204.mp4,2,using a wrench,30.0,0.0,1.43,0,43,0,22,22,43,,,,,,,,,,,,,,,,,,,,,,,,,,,,,,,,,,,,,,,,,,,,,,,,,,,,,,,,,,,,,,,,,,,,,,,,,,,,,,,,,,,,,,,,,,,,,,,,,,,,,,,,,,,,,,,,,,,,,,,,,,,,,,,,,,,,,,,,,,
hPDgpkZorA0_000043_000053.mp4,2,using a wrench,25.0,0.0,2.82,0,70,0,35,35,70,,,,,,,,,,,,,,,,,,,,,,,,,,,,,,,,,,,,,,,,,,,,,,,,,,,,,,,,,,,,,,,,,,,,,,,,,,,,,,,,,,,,,,,,,,,,,,,,,,,,,,,,,,,,,,,,,,,,,,,,,,,,,,,,,,,,,,,,,,
hPDgpkZorA0_000043_000053.mp4,3,using a wrench,25.0,7.44,10.0,186,250,186,207,207,229,229,250,,,,,,,,,,,,,,,,,,,,,,,,,,,,,,,,,,,,,,,,,,,,,,,,,,,,,,,,,,,,,,,,,,,,,,,,,,,,,,,,,,,,,,,,,,,,,,,,,,,,,,,,,,,,,,,,,,,,,,,,,,,,,,,,,,,,,,,,
hhmtKa7OnLw_000016_000026.mp4,5,using a wrench,29.97,0.0,5.87,0,176,0,35,35,70,70,106,106,141,141,176,,,,,,,,,,,,,,,,,,,,,,,,,,,,,,,,,,,,,,,,,,,,,,,,,,,,,,,,,,,,,,,,,,,,,,,,,,,,,,,,,,,,,,,,,,,,,,,,,,,,,,,,,,,,,,,,,,,,,,,,,,,,,,,,,,,,
iJf436LnH_s_000028_000038.mp4,6,using a wrench,25.0,0.0,9.92,0,248,0,41,41,83,83,124,124,165,165,207,207,248,,,,,,,,,,,,,,,,,,,,,,,,,,,,,,,,,,,,,,,,,,,,,,,,,,,,,,,,,,,,,,,,,,,,,,,,,,,,,,,,,,,,,,,,,,,,,,,,,,,,,,,,,,,,,,,,,,,,,,,,,,,,,,,,,,
kJlifg6tH4w_000145_000155.mp4,5,using a wrench,28.61,4.65,9.96,133,285,133,163,163,194,194,224,224,255,255,285,,,,,,,,,,,,,,,,,,,,,,,,,,,,,,,,,,,,,,,,,,,,,,,,,,,,,,,,,,,,,,,,,,,,,,,,,,,,,,,,,,,,,,,,,,,,,,,,,,,,,,,,,,,,,,,,,,,,,,,,,,,,,,,,,,,,
kZEZTOrhxKE_000064_000074.mp4,3,using a wrench,29.97,0.0,9.94,0,298,0,99,99,199,199,298,,,,,,,,,,,,,,,,,,,,,,,,,,,,,,,,,,,,,,,,,,,,,,,,,,,,,,,,,,,,,,,,,,,,,,,,,,,,,,,,,,,,,,,,,,,,,,,,,,,,,,,,,,,,,,,,,,,,,,,,,,,,,,,,,,,,,,,,
oBa3505kR_4_000019_000029.mp4,2,using a wrench,25.0,0.0,3.64,0,91,0,46,46,91,,,,,,,,,,,,,,,,,,,,,,,,,,,,,,,,,,,,,,,,,,,,,,,,,,,,,,,,,,,,,,,,,,,,,,,,,,,,,,,,,,,,,,,,,,,,,,,,,,,,,,,,,,,,,,,,,,,,,,,,,,,,,,,,,,,,,,,,,,
ohFIeba3k8k_000012_000022.mp4,4,using a wrench,23.98,3.13,9.97,75,239,75,116,116,157,157,198,198,239,,,,,,,,,,,,,,,,,,,,,,,,,,,,,,,,,,,,,,,,,,,,,,,,,,,,,,,,,,,,,,,,,,,,,,,,,,,,,,,,,,,,,,,,,,,,,,,,,,,,,,,,,,,,,,,,,,,,,,,,,,,,,,,,,,,,,,
o0SUUzVG7HI_000010_000020.mp4,4,using a wrench,25.0,1.68,10.0,42,250,42,94,94,146,146,198,198,250,,,,,,,,,,,,,,,,,,,,,,,,,,,,,,,,,,,,,,,,,,,,,,,,,,,,,,,,,,,,,,,,,,,,,,,,,,,,,,,,,,,,,,,,,,,,,,,,,,,,,,,,,,,,,,,,,,,,,,,,,,,,,,,,,,,,,,
rdop7pCFGec_000064_000074.mp4,2,using a wrench,25.0,3.36,7.6,84,190,84,137,137,190,,,,,,,,,,,,,,,,,,,,,,,,,,,,,,,,,,,,,,,,,,,,,,,,,,,,,,,,,,,,,,,,,,,,,,,,,,,,,,,,,,,,,,,,,,,,,,,,,,,,,,,,,,,,,,,,,,,,,,,,,,,,,,,,,,,,,,,,,,
r7MqeU9xWZw_000007_000017.mp4,2,using a wrench,23.98,8.07,9.97,193,239,193,216,216,239,,,,,,,,,,,,,,,,,,,,,,,,,,,,,,,,,,,,,,,,,,,,,,,,,,,,,,,,,,,,,,,,,,,,,,,,,,,,,,,,,,,,,,,,,,,,,,,,,,,,,,,,,,,,,,,,,,,,,,,,,,,,,,,,,,,,,,,,,,
sKk6tQ095qQ_000051_000061.mp4,3,using a wrench,25.0,4.2,8.44,105,211,105,140,140,176,176,211,,,,,,,,,,,,,,,,,,,,,,,,,,,,,,,,,,,,,,,,,,,,,,,,,,,,,,,,,,,,,,,,,,,,,,,,,,,,,,,,,,,,,,,,,,,,,,,,,,,,,,,,,,,,,,,,,,,,,,,,,,,,,,,,,,,,,,,,
sUMkDTCSinU_000178_000188.mp4,2,using a wrench,29.97,2.15,9.98,64,299,64,182,182,299,,,,,,,,,,,,,,,,,,,,,,,,,,,,,,,,,,,,,,,,,,,,,,,,,,,,,,,,,,,,,,,,,,,,,,,,,,,,,,,,,,,,,,,,,,,,,,,,,,,,,,,,,,,,,,,,,,,,,,,,,,,,,,,,,,,,,,,,,,
tJy5NEoXGrI_000005_000015.mp4,10,using a wrench,30.0,0.0,9.0,0,270,0,27,27,54,54,81,81,108,108,135,135,162,162,189,189,216,216,243,243,270,,,,,,,,,,,,,,,,,,,,,,,,,,,,,,,,,,,,,,,,,,,,,,,,,,,,,,,,,,,,,,,,,,,,,,,,,,,,,,,,,,,,,,,,,,,,,,,,,,,,,,,,,,,,,,,,,,,,,,,,,,
t-8-Nttywpg_000019_000029.mp4,3,using a wrench,29.95,0.97,8.03,29,240,29,99,99,170,170,240,,,,,,,,,,,,,,,,,,,,,,,,,,,,,,,,,,,,,,,,,,,,,,,,,,,,,,,,,,,,,,,,,,,,,,,,,,,,,,,,,,,,,,,,,,,,,,,,,,,,,,,,,,,,,,,,,,,,,,,,,,,,,,,,,,,,,,,,
t-8-Nttywpg_000019_000029.mp4,2,using a wrench,29.95,6.95,9.95,208,298,208,253,253,298,,,,,,,,,,,,,,,,,,,,,,,,,,,,,,,,,,,,,,,,,,,,,,,,,,,,,,,,,,,,,,,,,,,,,,,,,,,,,,,,,,,,,,,,,,,,,,,,,,,,,,,,,,,,,,,,,,,,,,,,,,,,,,,,,,,,,,,,,,
vXShCUFMAa0_000020_000030.mp4,5,using a wrench,29.97,0.97,5.84,29,175,29,58,58,87,87,117,117,146,146,175,,,,,,,,,,,,,,,,,,,,,,,,,,,,,,,,,,,,,,,,,,,,,,,,,,,,,,,,,,,,,,,,,,,,,,,,,,,,,,,,,,,,,,,,,,,,,,,,,,,,,,,,,,,,,,,,,,,,,,,,,,,,,,,,,,,,
vXShCUFMAa0_000020_000030.mp4,3,using a wrench,29.97,7.67,9.98,230,299,230,253,253,276,276,299,,,,,,,,,,,,,,,,,,,,,,,,,,,,,,,,,,,,,,,,,,,,,,,,,,,,,,,,,,,,,,,,,,,,,,,,,,,,,,,,,,,,,,,,,,,,,,,,,,,,,,,,,,,,,,,,,,,,,,,,,,,,,,,,,,,,,,,,
veygnIT-TAI_000020_000030.mp4,2,using a wrench,59.94,0.0,3.04,0,182,0,91,91,182,,,,,,,,,,,,,,,,,,,,,,,,,,,,,,,,,,,,,,,,,,,,,,,,,,,,,,,,,,,,,,,,,,,,,,,,,,,,,,,,,,,,,,,,,,,,,,,,,,,,,,,,,,,,,,,,,,,,,,,,,,,,,,,,,,,,,,,,,,
0s2rjhugfyo_000123_000133.mp4,3,using a wrench,29.97,0.0,3.9,0,117,0,39,39,78,78,117,,,,,,,,,,,,,,,,,,,,,,,,,,,,,,,,,,,,,,,,,,,,,,,,,,,,,,,,,,,,,,,,,,,,,,,,,,,,,,,,,,,,,,,,,,,,,,,,,,,,,,,,,,,,,,,,,,,,,,,,,,,,,,,,,,,,,,,,
04Pcw0e3g8c_000014_000024.mp4,3,using a wrench,30.0,1.43,4.95,43,148,43,78,78,113,113,148,,,,,,,,,,,,,,,,,,,,,,,,,,,,,,,,,,,,,,,,,,,,,,,,,,,,,,,,,,,,,,,,,,,,,,,,,,,,,,,,,,,,,,,,,,,,,,,,,,,,,,,,,,,,,,,,,,,,,,,,,,,,,,,,,,,,,,,,
04Pcw0e3g8c_000014_000024.mp4,2,using a wrench,30.0,5.95,7.67,178,230,178,204,204,230,,,,,,,,,,,,,,,,,,,,,,,,,,,,,,,,,,,,,,,,,,,,,,,,,,,,,,,,,,,,,,,,,,,,,,,,,,,,,,,,,,,,,,,,,,,,,,,,,,,,,,,,,,,,,,,,,,,,,,,,,,,,,,,,,,,,,,,,,,
1TbjMYvZqjw_000042_000052.mp4,2,using a wrench,30.0,3.97,10.0,119,300,119,209,209,300,,,,,,,,,,,,,,,,,,,,,,,,,,,,,,,,,,,,,,,,,,,,,,,,,,,,,,,,,,,,,,,,,,,,,,,,,,,,,,,,,,,,,,,,,,,,,,,,,,,,,,,,,,,,,,,,,,,,,,,,,,,,,,,,,,,,,,,,,,
3DLrTTC1V5Y_000043_000053.mp4,2,using a wrench,29.97,0.0,7.87,0,236,0,118,118,236,,,,,,,,,,,,,,,,,,,,,,,,,,,,,,,,,,,,,,,,,,,,,,,,,,,,,,,,,,,,,,,,,,,,,,,,,,,,,,,,,,,,,,,,,,,,,,,,,,,,,,,,,,,,,,,,,,,,,,,,,,,,,,,,,,,,,,,,,,
6kdEx-3_Qk8_000049_000059.mp4,5,using a wrench,25.0,0.0,5.28,0,132,0,26,26,53,53,79,79,106,106,132,,,,,,,,,,,,,,,,,,,,,,,,,,,,,,,,,,,,,,,,,,,,,,,,,,,,,,,,,,,,,,,,,,,,,,,,,,,,,,,,,,,,,,,,,,,,,,,,,,,,,,,,,,,,,,,,,,,,,,,,,,,,,,,,,,,,
7Rx3uFSR1Lw_000000_000010.mp4,14,using a wrench,30.0,1.83,10.0,55,300,55,73,73,90,90,107,107,125,125,143,143,160,160,177,177,195,195,213,213,230,230,247,247,265,265,283,283,300,,,,,,,,,,,,,,,,,,,,,,,,,,,,,,,,,,,,,,,,,,,,,,,,,,,,,,,,,,,,,,,,,,,,,,,,,,,,,,,,,,,,,,,,,,,,,,,,,,,,,,,,,,,,,,,,,,
8BNjzoqYn3M_000037_000047.mp4,2,using a wrench,25.0,0.0,1.92,0,48,0,24,24,48,,,,,,,,,,,,,,,,,,,,,,,,,,,,,,,,,,,,,,,,,,,,,,,,,,,,,,,,,,,,,,,,,,,,,,,,,,,,,,,,,,,,,,,,,,,,,,,,,,,,,,,,,,,,,,,,,,,,,,,,,,,,,,,,,,,,,,,,,,
-gOdpBRMoAM_000028_000038.mp4,6,using a wrench,29.53,0.0,3.59,0,106,0,18,18,35,35,53,53,71,71,88,88,106,,,,,,,,,,,,,,,,,,,,,,,,,,,,,,,,,,,,,,,,,,,,,,,,,,,,,,,,,,,,,,,,,,,,,,,,,,,,,,,,,,,,,,,,,,,,,,,,,,,,,,,,,,,,,,,,,,,,,,,,,,,,,,,,,,
AhFJbRtcsPs_000016_000026.mp4,2,using a sledge hammer,30.0,0.0,4.13,0,124,0,62,62,124,,,,,,,,,,,,,,,,,,,,,,,,,,,,,,,,,,,,,,,,,,,,,,,,,,,,,,,,,,,,,,,,,,,,,,,,,,,,,,,,,,,,,,,,,,,,,,,,,,,,,,,,,,,,,,,,,,,,,,,,,,,,,,,,,,,,,,,,,,
AhFJbRtcsPs_000016_000026.mp4,2,using a sledge hammer,30.0,7.77,10.0,233,300,233,267,267,300,,,,,,,,,,,,,,,,,,,,,,,,,,,,,,,,,,,,,,,,,,,,,,,,,,,,,,,,,,,,,,,,,,,,,,,,,,,,,,,,,,,,,,,,,,,,,,,,,,,,,,,,,,,,,,,,,,,,,,,,,,,,,,,,,,,,,,,,,,
BSTOBzOcoqE_000193_000203.mp4,32,using a sledge hammer,50.0,0.0,3.84,0,192,0,6,6,12,12,18,18,24,24,30,30,36,36,42,42,48,48,54,54,60,60,66,66,72,72,78,78,84,84,90,90,96,96,102,102,108,108,114,114,120,120,126,126,132,132,138,138,144,144,150,150,156,156,162,162,168,168,174,174,180,180,186,186,192,,,,,,,,,,,,,,,,,,,,,,,,,,,,,,,,,,,,,,,,,,,,,,,,,,,,,,,,,,,,,,,,,,,,,,,,,,,,,,
BxSryaEe9sM_000003_000013.mp4,9,using a sledge hammer,24.0,0.0,10.0,0,240,0,27,27,53,53,80,80,107,107,133,133,160,160,187,187,213,213,240,,,,,,,,,,,,,,,,,,,,,,,,,,,,,,,,,,,,,,,,,,,,,,,,,,,,,,,,,,,,,,,,,,,,,,,,,,,,,,,,,,,,,,,,,,,,,,,,,,,,,,,,,,,,,,,,,,,,,,,,,,,,
Byd4hzhe8NQ_000009_000019.mp4,7,using a sledge hammer,30.0,0.17,7.9,5,237,5,38,38,71,71,104,104,138,138,171,171,204,204,237,,,,,,,,,,,,,,,,,,,,,,,,,,,,,,,,,,,,,,,,,,,,,,,,,,,,,,,,,,,,,,,,,,,,,,,,,,,,,,,,,,,,,,,,,,,,,,,,,,,,,,,,,,,,,,,,,,,,,,,,,,,,,,,,
CQpEbHDPJpg_000004_000014.mp4,4,using a sledge hammer,29.97,0.0,8.07,0,242,0,60,60,121,121,182,182,242,,,,,,,,,,,,,,,,,,,,,,,,,,,,,,,,,,,,,,,,,,,,,,,,,,,,,,,,,,,,,,,,,,,,,,,,,,,,,,,,,,,,,,,,,,,,,,,,,,,,,,,,,,,,,,,,,,,,,,,,,,,,,,,,,,,,,,
CZ6mzd4Zu6s_000021_000031.mp4,6,using a sledge hammer,15.0,0.0,10.0,0,150,0,25,25,50,50,75,75,100,100,125,125,150,,,,,,,,,,,,,,,,,,,,,,,,,,,,,,,,,,,,,,,,,,,,,,,,,,,,,,,,,,,,,,,,,,,,,,,,,,,,,,,,,,,,,,,,,,,,,,,,,,,,,,,,,,,,,,,,,,,,,,,,,,,,,,,,,,
CwZx6J4vU84_000012_000022.mp4,6,using a sledge hammer,29.92,0.0,9.99,0,299,0,50,50,100,100,150,150,199,199,249,249,299,,,,,,,,,,,,,,,,,,,,,,,,,,,,,,,,,,,,,,,,,,,,,,,,,,,,,,,,,,,,,,,,,,,,,,,,,,,,,,,,,,,,,,,,,,,,,,,,,,,,,,,,,,,,,,,,,,,,,,,,,,,,,,,,,,
DMws6AXx45o_000012_000022.mp4,7,using a sledge hammer,29.97,0.0,9.98,0,299,0,43,43,85,85,128,128,171,171,214,214,256,256,299,,,,,,,,,,,,,,,,,,,,,,,,,,,,,,,,,,,,,,,,,,,,,,,,,,,,,,,,,,,,,,,,,,,,,,,,,,,,,,,,,,,,,,,,,,,,,,,,,,,,,,,,,,,,,,,,,,,,,,,,,,,,,,,,
Fhrb3hpiv10_000011_000021.mp4,6,using a sledge hammer,29.97,0.53,9.98,16,299,16,63,63,110,110,158,158,205,205,252,252,299,,,,,,,,,,,,,,,,,,,,,,,,,,,,,,,,,,,,,,,,,,,,,,,,,,,,,,,,,,,,,,,,,,,,,,,,,,,,,,,,,,,,,,,,,,,,,,,,,,,,,,,,,,,,,,,,,,,,,,,,,,,,,,,,,,
FqSUMXBj9K0_000025_000035.mp4,6,using a sledge hammer,6.0,0.0,10.0,0,60,0,10,10,20,20,30,30,40,40,50,50,60,,,,,,,,,,,,,,,,,,,,,,,,,,,,,,,,,,,,,,,,,,,,,,,,,,,,,,,,,,,,,,,,,,,,,,,,,,,,,,,,,,,,,,,,,,,,,,,,,,,,,,,,,,,,,,,,,,,,,,,,,,,,,,,,,,
GPvOQ-kB5qM_000091_000101.mp4,5,using a sledge hammer,29.92,0.0,9.99,0,299,0,60,60,120,120,179,179,239,239,299,,,,,,,,,,,,,,,,,,,,,,,,,,,,,,,,,,,,,,,,,,,,,,,,,,,,,,,,,,,,,,,,,,,,,,,,,,,,,,,,,,,,,,,,,,,,,,,,,,,,,,,,,,,,,,,,,,,,,,,,,,,,,,,,,,,,
GyXbdrtAlHY_000145_000155.mp4,4,using a sledge hammer,29.97,1.02,7.05,31,211,31,76,76,121,121,166,166,211,,,,,,,,,,,,,,,,,,,,,,,,,,,,,,,,,,,,,,,,,,,,,,,,,,,,,,,,,,,,,,,,,,,,,,,,,,,,,,,,,,,,,,,,,,,,,,,,,,,,,,,,,,,,,,,,,,,,,,,,,,,,,,,,,,,,,,
IiLY0NUwQfU_000000_000010.mp4,4,using a sledge hammer,24.03,4.58,9.99,110,240,110,142,142,175,175,208,208,240,,,,,,,,,,,,,,,,,,,,,,,,,,,,,,,,,,,,,,,,,,,,,,,,,,,,,,,,,,,,,,,,,,,,,,,,,,,,,,,,,,,,,,,,,,,,,,,,,,,,,,,,,,,,,,,,,,,,,,,,,,,,,,,,,,,,,,
IlofJ9MRGn0_000010_000020.mp4,5,using a sledge hammer,24.0,0.0,9.75,0,234,0,47,47,94,94,140,140,187,187,234,,,,,,,,,,,,,,,,,,,,,,,,,,,,,,,,,,,,,,,,,,,,,,,,,,,,,,,,,,,,,,,,,,,,,,,,,,,,,,,,,,,,,,,,,,,,,,,,,,,,,,,,,,,,,,,,,,,,,,,,,,,,,,,,,,,,
Io2qPmyvb0g_000016_000026.mp4,7,using a sledge hammer,29.97,0.0,9.98,0,299,0,43,43,85,85,128,128,171,171,214,214,256,256,299,,,,,,,,,,,,,,,,,,,,,,,,,,,,,,,,,,,,,,,,,,,,,,,,,,,,,,,,,,,,,,,,,,,,,,,,,,,,,,,,,,,,,,,,,,,,,,,,,,,,,,,,,,,,,,,,,,,,,,,,,,,,,,,,
I07oWjU6oIg_000028_000038.mp4,3,using a sledge hammer,29.97,0.0,7.14,0,214,0,71,71,143,143,214,,,,,,,,,,,,,,,,,,,,,,,,,,,,,,,,,,,,,,,,,,,,,,,,,,,,,,,,,,,,,,,,,,,,,,,,,,,,,,,,,,,,,,,,,,,,,,,,,,,,,,,,,,,,,,,,,,,,,,,,,,,,,,,,,,,,,,,,
JEf7uNNMgw4_000000_000010.mp4,3,using a sledge hammer,30.0,4.97,10.0,149,300,149,199,199,250,250,300,,,,,,,,,,,,,,,,,,,,,,,,,,,,,,,,,,,,,,,,,,,,,,,,,,,,,,,,,,,,,,,,,,,,,,,,,,,,,,,,,,,,,,,,,,,,,,,,,,,,,,,,,,,,,,,,,,,,,,,,,,,,,,,,,,,,,,,,
JveCgAAxjnQ_000157_000167.mp4,6,using a sledge hammer,30.0,0.0,10.0,0,300,0,50,50,100,100,150,150,200,200,250,250,300,,,,,,,,,,,,,,,,,,,,,,,,,,,,,,,,,,,,,,,,,,,,,,,,,,,,,,,,,,,,,,,,,,,,,,,,,,,,,,,,,,,,,,,,,,,,,,,,,,,,,,,,,,,,,,,,,,,,,,,,,,,,,,,,,,
KkmchU9B-P8_000306_000316.mp4,7,using a sledge hammer,25.0,0.0,10.0,0,250,0,36,36,71,71,107,107,143,143,179,179,214,214,250,,,,,,,,,,,,,,,,,,,,,,,,,,,,,,,,,,,,,,,,,,,,,,,,,,,,,,,,,,,,,,,,,,,,,,,,,,,,,,,,,,,,,,,,,,,,,,,,,,,,,,,,,,,,,,,,,,,,,,,,,,,,,,,,
LcrPOdwPcy0_000003_000013.mp4,6,using a sledge hammer,29.97,0.0,9.98,0,299,0,50,50,100,100,150,150,199,199,249,249,299,,,,,,,,,,,,,,,,,,,,,,,,,,,,,,,,,,,,,,,,,,,,,,,,,,,,,,,,,,,,,,,,,,,,,,,,,,,,,,,,,,,,,,,,,,,,,,,,,,,,,,,,,,,,,,,,,,,,,,,,,,,,,,,,,,
MqPBZFPTfy4_000000_000010.mp4,8,using a sledge hammer,23.98,0.0,9.97,0,239,0,30,30,60,60,90,90,120,120,149,149,179,179,209,209,239,,,,,,,,,,,,,,,,,,,,,,,,,,,,,,,,,,,,,,,,,,,,,,,,,,,,,,,,,,,,,,,,,,,,,,,,,,,,,,,,,,,,,,,,,,,,,,,,,,,,,,,,,,,,,,,,,,,,,,,,,,,,,,
NFknmZw5Oiw_000009_000019.mp4,6,using a sledge hammer,30.0,0.0,9.2,0,276,0,46,46,92,92,138,138,184,184,230,230,276,,,,,,,,,,,,,,,,,,,,,,,,,,,,,,,,,,,,,,,,,,,,,,,,,,,,,,,,,,,,,,,,,,,,,,,,,,,,,,,,,,,,,,,,,,,,,,,,,,,,,,,,,,,,,,,,,,,,,,,,,,,,,,,,,,
NKFFhmefVjM_000064_000074.mp4,6,using a sledge hammer,29.97,0.53,9.41,16,282,16,60,60,105,105,149,149,193,193,238,238,282,,,,,,,,,,,,,,,,,,,,,,,,,,,,,,,,,,,,,,,,,,,,,,,,,,,,,,,,,,,,,,,,,,,,,,,,,,,,,,,,,,,,,,,,,,,,,,,,,,,,,,,,,,,,,,,,,,,,,,,,,,,,,,,,,,
N8t72kiTeOg_000171_000181.mp4,3,using a sledge hammer,30.0,0.0,5.43,0,163,0,54,54,109,109,163,,,,,,,,,,,,,,,,,,,,,,,,,,,,,,,,,,,,,,,,,,,,,,,,,,,,,,,,,,,,,,,,,,,,,,,,,,,,,,,,,,,,,,,,,,,,,,,,,,,,,,,,,,,,,,,,,,,,,,,,,,,,,,,,,,,,,,,,
OjoS1QJ7x7M_000000_000010.mp4,3,using a sledge hammer,14.78,0.0,9.4,0,139,0,46,46,93,93,139,,,,,,,,,,,,,,,,,,,,,,,,,,,,,,,,,,,,,,,,,,,,,,,,,,,,,,,,,,,,,,,,,,,,,,,,,,,,,,,,,,,,,,,,,,,,,,,,,,,,,,,,,,,,,,,,,,,,,,,,,,,,,,,,,,,,,,,,
Px2ukiMmaqY_000219_000229.mp4,6,using a sledge hammer,29.97,0.0,9.98,0,299,0,50,50,100,100,150,150,199,199,249,249,299,,,,,,,,,,,,,,,,,,,,,,,,,,,,,,,,,,,,,,,,,,,,,,,,,,,,,,,,,,,,,,,,,,,,,,,,,,,,,,,,,,,,,,,,,,,,,,,,,,,,,,,,,,,,,,,,,,,,,,,,,,,,,,,,,,
RjbU5O_kqjk_000101_000111.mp4,5,using a sledge hammer,29.92,0.0,9.98,0,299,0,60,60,120,120,179,179,239,239,299,,,,,,,,,,,,,,,,,,,,,,,,,,,,,,,,,,,,,,,,,,,,,,,,,,,,,,,,,,,,,,,,,,,,,,,,,,,,,,,,,,,,,,,,,,,,,,,,,,,,,,,,,,,,,,,,,,,,,,,,,,,,,,,,,,,,
TuJW74tvO7E_000034_000044.mp4,4,using a sledge hammer,27.97,0.0,6.67,0,187,0,47,47,94,94,140,140,187,,,,,,,,,,,,,,,,,,,,,,,,,,,,,,,,,,,,,,,,,,,,,,,,,,,,,,,,,,,,,,,,,,,,,,,,,,,,,,,,,,,,,,,,,,,,,,,,,,,,,,,,,,,,,,,,,,,,,,,,,,,,,,,,,,,,,,
TxaF9cBQk88_000003_000013.mp4,4,using a sledge hammer,29.97,0.0,7.51,0,225,0,56,56,112,112,169,169,225,,,,,,,,,,,,,,,,,,,,,,,,,,,,,,,,,,,,,,,,,,,,,,,,,,,,,,,,,,,,,,,,,,,,,,,,,,,,,,,,,,,,,,,,,,,,,,,,,,,,,,,,,,,,,,,,,,,,,,,,,,,,,,,,,,,,,,
VGG00jtOLjw_000023_000033.mp4,3,using a sledge hammer,29.97,0.0,5.07,0,152,0,51,51,101,101,152,,,,,,,,,,,,,,,,,,,,,,,,,,,,,,,,,,,,,,,,,,,,,,,,,,,,,,,,,,,,,,,,,,,,,,,,,,,,,,,,,,,,,,,,,,,,,,,,,,,,,,,,,,,,,,,,,,,,,,,,,,,,,,,,,,,,,,,,
WLPqZ0tCqhg_000086_000096.mp4,5,using a sledge hammer,28.17,0.0,9.55,0,269,0,54,54,108,108,161,161,215,215,269,,,,,,,,,,,,,,,,,,,,,,,,,,,,,,,,,,,,,,,,,,,,,,,,,,,,,,,,,,,,,,,,,,,,,,,,,,,,,,,,,,,,,,,,,,,,,,,,,,,,,,,,,,,,,,,,,,,,,,,,,,,,,,,,,,,,
XeO238hQwKI_000050_000060.mp4,7,using a sledge hammer,30.0,0.0,10.0,0,300,0,43,43,86,86,129,129,171,171,214,214,257,257,300,,,,,,,,,,,,,,,,,,,,,,,,,,,,,,,,,,,,,,,,,,,,,,,,,,,,,,,,,,,,,,,,,,,,,,,,,,,,,,,,,,,,,,,,,,,,,,,,,,,,,,,,,,,,,,,,,,,,,,,,,,,,,,,,
YMNiDtlH7j4_000013_000023.mp4,4,using a sledge hammer,29.97,1.0,9.98,30,299,30,97,97,164,164,232,232,299,,,,,,,,,,,,,,,,,,,,,,,,,,,,,,,,,,,,,,,,,,,,,,,,,,,,,,,,,,,,,,,,,,,,,,,,,,,,,,,,,,,,,,,,,,,,,,,,,,,,,,,,,,,,,,,,,,,,,,,,,,,,,,,,,,,,,,
ZppIGvb9bsE_000023_000033.mp4,2,using a sledge hammer,29.97,7.29,9.96,218,299,218,258,258,299,,,,,,,,,,,,,,,,,,,,,,,,,,,,,,,,,,,,,,,,,,,,,,,,,,,,,,,,,,,,,,,,,,,,,,,,,,,,,,,,,,,,,,,,,,,,,,,,,,,,,,,,,,,,,,,,,,,,,,,,,,,,,,,,,,,,,,,,,,
ZvDdpWs0JQk_000015_000025.mp4,7,using a sledge hammer,10.22,0.0,10.0,0,102,0,15,15,29,29,44,44,58,58,73,73,87,87,102,,,,,,,,,,,,,,,,,,,,,,,,,,,,,,,,,,,,,,,,,,,,,,,,,,,,,,,,,,,,,,,,,,,,,,,,,,,,,,,,,,,,,,,,,,,,,,,,,,,,,,,,,,,,,,,,,,,,,,,,,,,,,,,,
aYte5JHw4NM_000014_000024.mp4,2,using a sledge hammer,25.0,0.44,5.64,11,141,11,76,76,141,,,,,,,,,,,,,,,,,,,,,,,,,,,,,,,,,,,,,,,,,,,,,,,,,,,,,,,,,,,,,,,,,,,,,,,,,,,,,,,,,,,,,,,,,,,,,,,,,,,,,,,,,,,,,,,,,,,,,,,,,,,,,,,,,,,,,,,,,,
bGVZxz35dX4_000049_000059.mp4,5,using a sledge hammer,23.98,0.0,8.51,0,204,0,41,41,82,82,122,122,163,163,204,,,,,,,,,,,,,,,,,,,,,,,,,,,,,,,,,,,,,,,,,,,,,,,,,,,,,,,,,,,,,,,,,,,,,,,,,,,,,,,,,,,,,,,,,,,,,,,,,,,,,,,,,,,,,,,,,,,,,,,,,,,,,,,,,,,,
cI3KuI33DaY_000048_000058.mp4,7,using a sledge hammer,29.97,0.0,9.98,0,299,0,43,43,85,85,128,128,171,171,214,214,256,256,299,,,,,,,,,,,,,,,,,,,,,,,,,,,,,,,,,,,,,,,,,,,,,,,,,,,,,,,,,,,,,,,,,,,,,,,,,,,,,,,,,,,,,,,,,,,,,,,,,,,,,,,,,,,,,,,,,,,,,,,,,,,,,,,,
c9hcHBlDwx8_000004_000014.mp4,7,using a sledge hammer,14.97,0.0,9.34,0,140,0,20,20,40,40,60,60,80,80,100,100,120,120,140,,,,,,,,,,,,,,,,,,,,,,,,,,,,,,,,,,,,,,,,,,,,,,,,,,,,,,,,,,,,,,,,,,,,,,,,,,,,,,,,,,,,,,,,,,,,,,,,,,,,,,,,,,,,,,,,,,,,,,,,,,,,,,,,
dDWHxNdIqMY_000004_000014.mp4,6,using a sledge hammer,29.97,0.0,9.04,0,271,0,45,45,90,90,136,136,181,181,226,226,271,,,,,,,,,,,,,,,,,,,,,,,,,,,,,,,,,,,,,,,,,,,,,,,,,,,,,,,,,,,,,,,,,,,,,,,,,,,,,,,,,,,,,,,,,,,,,,,,,,,,,,,,,,,,,,,,,,,,,,,,,,,,,,,,,,
dTbtaxcHiTI_000049_000059.mp4,2,using a sledge hammer,29.97,0.0,3.4,0,102,0,51,51,102,,,,,,,,,,,,,,,,,,,,,,,,,,,,,,,,,,,,,,,,,,,,,,,,,,,,,,,,,,,,,,,,,,,,,,,,,,,,,,,,,,,,,,,,,,,,,,,,,,,,,,,,,,,,,,,,,,,,,,,,,,,,,,,,,,,,,,,,,,
dTbtaxcHiTI_000049_000059.mp4,2,using a sledge hammer,29.97,6.54,9.98,196,299,196,248,248,299,,,,,,,,,,,,,,,,,,,,,,,,,,,,,,,,,,,,,,,,,,,,,,,,,,,,,,,,,,,,,,,,,,,,,,,,,,,,,,,,,,,,,,,,,,,,,,,,,,,,,,,,,,,,,,,,,,,,,,,,,,,,,,,,,,,,,,,,,,
en9-qib5Bs4_000433_000443.mp4,5,using a sledge hammer,29.97,1.27,9.94,38,298,38,90,90,142,142,194,194,246,246,298,,,,,,,,,,,,,,,,,,,,,,,,,,,,,,,,,,,,,,,,,,,,,,,,,,,,,,,,,,,,,,,,,,,,,,,,,,,,,,,,,,,,,,,,,,,,,,,,,,,,,,,,,,,,,,,,,,,,,,,,,,,,,,,,,,,,
euOq5JzjL58_000020_000030.mp4,6,using a sledge hammer,30.0,0.0,8.23,0,247,0,41,41,82,82,124,124,165,165,206,206,247,,,,,,,,,,,,,,,,,,,,,,,,,,,,,,,,,,,,,,,,,,,,,,,,,,,,,,,,,,,,,,,,,,,,,,,,,,,,,,,,,,,,,,,,,,,,,,,,,,,,,,,,,,,,,,,,,,,,,,,,,,,,,,,,,,
e09OFyVlQBI_000009_000019.mp4,2,using a sledge hammer,29.64,1.32,9.31,39,276,39,157,157,276,,,,,,,,,,,,,,,,,,,,,,,,,,,,,,,,,,,,,,,,,,,,,,,,,,,,,,,,,,,,,,,,,,,,,,,,,,,,,,,,,,,,,,,,,,,,,,,,,,,,,,,,,,,,,,,,,,,,,,,,,,,,,,,,,,,,,,,,,,
gIEpkQeVgFk_000007_000017.mp4,6,using a sledge hammer,29.92,0.0,9.54,0,285,0,48,48,95,95,142,142,190,190,238,238,285,,,,,,,,,,,,,,,,,,,,,,,,,,,,,,,,,,,,,,,,,,,,,,,,,,,,,,,,,,,,,,,,,,,,,,,,,,,,,,,,,,,,,,,,,,,,,,,,,,,,,,,,,,,,,,,,,,,,,,,,,,,,,,,,,,
hfMRIydOxfQ_000016_000026.mp4,7,using a sledge hammer,30.0,0.0,9.73,0,292,0,42,42,83,83,125,125,167,167,209,209,250,250,292,,,,,,,,,,,,,,,,,,,,,,,,,,,,,,,,,,,,,,,,,,,,,,,,,,,,,,,,,,,,,,,,,,,,,,,,,,,,,,,,,,,,,,,,,,,,,,,,,,,,,,,,,,,,,,,,,,,,,,,,,,,,,,,,
h6IOUsonq0c_000000_000010.mp4,2,using a sledge hammer,29.97,5.91,9.64,177,289,177,233,233,289,,,,,,,,,,,,,,,,,,,,,,,,,,,,,,,,,,,,,,,,,,,,,,,,,,,,,,,,,,,,,,,,,,,,,,,,,,,,,,,,,,,,,,,,,,,,,,,,,,,,,,,,,,,,,,,,,,,,,,,,,,,,,,,,,,,,,,,,,,
iV681QKVjUo_000239_000249.mp4,5,using a sledge hammer,30.0,0.0,9.63,0,289,0,58,58,116,116,173,173,231,231,289,,,,,,,,,,,,,,,,,,,,,,,,,,,,,,,,,,,,,,,,,,,,,,,,,,,,,,,,,,,,,,,,,,,,,,,,,,,,,,,,,,,,,,,,,,,,,,,,,,,,,,,,,,,,,,,,,,,,,,,,,,,,,,,,,,,,
i9FKedxWuF0_000048_000058.mp4,7,using a sledge hammer,30.0,0.0,10.0,0,300,0,43,43,86,86,129,129,171,171,214,214,257,257,300,,,,,,,,,,,,,,,,,,,,,,,,,,,,,,,,,,,,,,,,,,,,,,,,,,,,,,,,,,,,,,,,,,,,,,,,,,,,,,,,,,,,,,,,,,,,,,,,,,,,,,,,,,,,,,,,,,,,,,,,,,,,,,,,
jHNtaevN6Bo_000000_000010.mp4,4,using a sledge hammer,29.97,1.33,10.0,40,300,40,105,105,170,170,235,235,300,,,,,,,,,,,,,,,,,,,,,,,,,,,,,,,,,,,,,,,,,,,,,,,,,,,,,,,,,,,,,,,,,,,,,,,,,,,,,,,,,,,,,,,,,,,,,,,,,,,,,,,,,,,,,,,,,,,,,,,,,,,,,,,,,,,,,,
jOvqlMkUqik_000000_000010.mp4,2,using a sledge hammer,12.5,0.48,7.92,6,99,6,52,52,99,,,,,,,,,,,,,,,,,,,,,,,,,,,,,,,,,,,,,,,,,,,,,,,,,,,,,,,,,,,,,,,,,,,,,,,,,,,,,,,,,,,,,,,,,,,,,,,,,,,,,,,,,,,,,,,,,,,,,,,,,,,,,,,,,,,,,,,,,,
jWyTaePZGTs_000016_000026.mp4,4,using a sledge hammer,30.0,3.8,9.97,114,299,114,160,160,206,206,253,253,299,,,,,,,,,,,,,,,,,,,,,,,,,,,,,,,,,,,,,,,,,,,,,,,,,,,,,,,,,,,,,,,,,,,,,,,,,,,,,,,,,,,,,,,,,,,,,,,,,,,,,,,,,,,,,,,,,,,,,,,,,,,,,,,,,,,,,,
kUHzF53gv_U_000024_000034.mp4,5,using a sledge hammer,29.97,0.43,9.94,13,298,13,70,70,127,127,184,184,241,241,298,,,,,,,,,,,,,,,,,,,,,,,,,,,,,,,,,,,,,,,,,,,,,,,,,,,,,,,,,,,,,,,,,,,,,,,,,,,,,,,,,,,,,,,,,,,,,,,,,,,,,,,,,,,,,,,,,,,,,,,,,,,,,,,,,,,,
l7wG9vmG77E_000000_000010.mp4,6,using a sledge hammer,24.95,0.0,9.99,0,249,0,42,42,83,83,124,124,166,166,208,208,249,,,,,,,,,,,,,,,,,,,,,,,,,,,,,,,,,,,,,,,,,,,,,,,,,,,,,,,,,,,,,,,,,,,,,,,,,,,,,,,,,,,,,,,,,,,,,,,,,,,,,,,,,,,,,,,,,,,,,,,,,,,,,,,,,,
oe7UkI9DZcM_000000_000010.mp4,5,using a sledge hammer,30.0,0.4,9.27,12,278,12,65,65,118,118,172,172,225,225,278,,,,,,,,,,,,,,,,,,,,,,,,,,,,,,,,,,,,,,,,,,,,,,,,,,,,,,,,,,,,,,,,,,,,,,,,,,,,,,,,,,,,,,,,,,,,,,,,,,,,,,,,,,,,,,,,,,,,,,,,,,,,,,,,,,,,
o6_-QKn_AaM_000029_000039.mp4,6,using a sledge hammer,15.0,0.0,8.4,0,126,0,21,21,42,42,63,63,84,84,105,105,126,,,,,,,,,,,,,,,,,,,,,,,,,,,,,,,,,,,,,,,,,,,,,,,,,,,,,,,,,,,,,,,,,,,,,,,,,,,,,,,,,,,,,,,,,,,,,,,,,,,,,,,,,,,,,,,,,,,,,,,,,,,,,,,,,,
p_JXi4r0Aiw_000000_000010.mp4,4,using a sledge hammer,29.93,0.84,9.99,25,299,25,93,93,162,162,231,231,299,,,,,,,,,,,,,,,,,,,,,,,,,,,,,,,,,,,,,,,,,,,,,,,,,,,,,,,,,,,,,,,,,,,,,,,,,,,,,,,,,,,,,,,,,,,,,,,,,,,,,,,,,,,,,,,,,,,,,,,,,,,,,,,,,,,,,,
qGHmoCMsS-s_000000_000010.mp4,3,using a sledge hammer,29.97,4.04,9.54,121,286,121,176,176,231,231,286,,,,,,,,,,,,,,,,,,,,,,,,,,,,,,,,,,,,,,,,,,,,,,,,,,,,,,,,,,,,,,,,,,,,,,,,,,,,,,,,,,,,,,,,,,,,,,,,,,,,,,,,,,,,,,,,,,,,,,,,,,,,,,,,,,,,,,,,
qKj1u8ZS3T4_000027_000037.mp4,4,using a sledge hammer,30.0,0.0,6.37,0,191,0,48,48,96,96,143,143,191,,,,,,,,,,,,,,,,,,,,,,,,,,,,,,,,,,,,,,,,,,,,,,,,,,,,,,,,,,,,,,,,,,,,,,,,,,,,,,,,,,,,,,,,,,,,,,,,,,,,,,,,,,,,,,,,,,,,,,,,,,,,,,,,,,,,,,
rGMVsfoI3Qo_000033_000043.mp4,7,using a sledge hammer,15.0,0.0,10.0,0,150,0,21,21,43,43,64,64,86,86,107,107,129,129,150,,,,,,,,,,,,,,,,,,,,,,,,,,,,,,,,,,,,,,,,,,,,,,,,,,,,,,,,,,,,,,,,,,,,,,,,,,,,,,,,,,,,,,,,,,,,,,,,,,,,,,,,,,,,,,,,,,,,,,,,,,,,,,,,
rNw7OqsZXRg_000019_000029.mp4,6,using a sledge hammer,30.0,0.4,10.0,12,300,12,60,60,108,108,156,156,204,204,252,252,300,,,,,,,,,,,,,,,,,,,,,,,,,,,,,,,,,,,,,,,,,,,,,,,,,,,,,,,,,,,,,,,,,,,,,,,,,,,,,,,,,,,,,,,,,,,,,,,,,,,,,,,,,,,,,,,,,,,,,,,,,,,,,,,,,,
rvz2WXrY_ww_000008_000018.mp4,11,using a sledge hammer,16.58,0.0,9.95,0,165,0,15,15,30,30,45,45,60,60,75,75,90,90,105,105,120,120,135,135,150,150,165,,,,,,,,,,,,,,,,,,,,,,,,,,,,,,,,,,,,,,,,,,,,,,,,,,,,,,,,,,,,,,,,,,,,,,,,,,,,,,,,,,,,,,,,,,,,,,,,,,,,,,,,,,,,,,,,,,,,,,,,
sbTH0fk6B5g_000094_000104.mp4,2,using a sledge hammer,29.97,0.0,3.7,0,111,0,56,56,111,,,,,,,,,,,,,,,,,,,,,,,,,,,,,,,,,,,,,,,,,,,,,,,,,,,,,,,,,,,,,,,,,,,,,,,,,,,,,,,,,,,,,,,,,,,,,,,,,,,,,,,,,,,,,,,,,,,,,,,,,,,,,,,,,,,,,,,,,,
suUWVTsXqKA_000040_000050.mp4,5,using a sledge hammer,30.0,0.0,10.0,0,300,0,60,60,120,120,180,180,240,240,300,,,,,,,,,,,,,,,,,,,,,,,,,,,,,,,,,,,,,,,,,,,,,,,,,,,,,,,,,,,,,,,,,,,,,,,,,,,,,,,,,,,,,,,,,,,,,,,,,,,,,,,,,,,,,,,,,,,,,,,,,,,,,,,,,,,,
tHsmYtd4guM_000000_000010.mp4,5,using a sledge hammer,30.0,0.0,9.57,0,287,0,57,57,115,115,172,172,230,230,287,,,,,,,,,,,,,,,,,,,,,,,,,,,,,,,,,,,,,,,,,,,,,,,,,,,,,,,,,,,,,,,,,,,,,,,,,,,,,,,,,,,,,,,,,,,,,,,,,,,,,,,,,,,,,,,,,,,,,,,,,,,,,,,,,,,,
udx-smG0wmo_000017_000027.mp4,6,using a sledge hammer,15.0,1.93,8.8,29,132,29,46,46,63,63,81,81,98,98,115,115,132,,,,,,,,,,,,,,,,,,,,,,,,,,,,,,,,,,,,,,,,,,,,,,,,,,,,,,,,,,,,,,,,,,,,,,,,,,,,,,,,,,,,,,,,,,,,,,,,,,,,,,,,,,,,,,,,,,,,,,,,,,,,,,,,,,
vv9BUgClN7k_000011_000021.mp4,5,using a sledge hammer,30.0,0.0,8.57,0,257,0,51,51,103,103,154,154,206,206,257,,,,,,,,,,,,,,,,,,,,,,,,,,,,,,,,,,,,,,,,,,,,,,,,,,,,,,,,,,,,,,,,,,,,,,,,,,,,,,,,,,,,,,,,,,,,,,,,,,,,,,,,,,,,,,,,,,,,,,,,,,,,,,,,,,,,
v2kSzN5hkPU_000000_000010.mp4,5,using a sledge hammer,29.97,0.0,8.27,0,248,0,50,50,99,99,149,149,198,198,248,,,,,,,,,,,,,,,,,,,,,,,,,,,,,,,,,,,,,,,,,,,,,,,,,,,,,,,,,,,,,,,,,,,,,,,,,,,,,,,,,,,,,,,,,,,,,,,,,,,,,,,,,,,,,,,,,,,,,,,,,,,,,,,,,,,,
wULy0VP1qTk_000014_000024.mp4,4,using a sledge hammer,29.97,0.0,7.74,0,232,0,58,58,116,116,174,174,232,,,,,,,,,,,,,,,,,,,,,,,,,,,,,,,,,,,,,,,,,,,,,,,,,,,,,,,,,,,,,,,,,,,,,,,,,,,,,,,,,,,,,,,,,,,,,,,,,,,,,,,,,,,,,,,,,,,,,,,,,,,,,,,,,,,,,,
xGHgYwaKPo0_000000_000010.mp4,4,using a sledge hammer,30.0,0.0,7.57,0,227,0,57,57,114,114,170,170,227,,,,,,,,,,,,,,,,,,,,,,,,,,,,,,,,,,,,,,,,,,,,,,,,,,,,,,,,,,,,,,,,,,,,,,,,,,,,,,,,,,,,,,,,,,,,,,,,,,,,,,,,,,,,,,,,,,,,,,,,,,,,,,,,,,,,,,
xaA6Z-1ENUo_000089_000099.mp4,3,battle rope training,29.97,0.0,4.2,0,126,0,42,42,84,84,126,,,,,,,,,,,,,,,,,,,,,,,,,,,,,,,,,,,,,,,,,,,,,,,,,,,,,,,,,,,,,,,,,,,,,,,,,,,,,,,,,,,,,,,,,,,,,,,,,,,,,,,,,,,,,,,,,,,,,,,,,,,,,,,,,,,,,,,,
xaA6Z-1ENUo_000016_000026.mp4,3,using a sledge hammer,29.97,0.0,4.2,0,126,0,42,42,84,84,126,,,,,,,,,,,,,,,,,,,,,,,,,,,,,,,,,,,,,,,,,,,,,,,,,,,,,,,,,,,,,,,,,,,,,,,,,,,,,,,,,,,,,,,,,,,,,,,,,,,,,,,,,,,,,,,,,,,,,,,,,,,,,,,,,,,,,,,,
xzZOQQSKuaA_000148_000158.mp4,2,using a sledge hammer,30.0,0.98,7.47,29,224,29,127,127,224,,,,,,,,,,,,,,,,,,,,,,,,,,,,,,,,,,,,,,,,,,,,,,,,,,,,,,,,,,,,,,,,,,,,,,,,,,,,,,,,,,,,,,,,,,,,,,,,,,,,,,,,,,,,,,,,,,,,,,,,,,,,,,,,,,,,,,,,,,
x8vixLBjag0_000015_000025.mp4,6,using a sledge hammer,29.97,0.0,9.61,0,288,0,48,48,96,96,144,144,192,192,240,240,288,,,,,,,,,,,,,,,,,,,,,,,,,,,,,,,,,,,,,,,,,,,,,,,,,,,,,,,,,,,,,,,,,,,,,,,,,,,,,,,,,,,,,,,,,,,,,,,,,,,,,,,,,,,,,,,,,,,,,,,,,,,,,,,,,,
x9D3OKeeTI4_000024_000034.mp4,7,using a sledge hammer,29.97,0.0,9.94,0,298,0,43,43,85,85,128,128,170,170,213,213,255,255,298,,,,,,,,,,,,,,,,,,,,,,,,,,,,,,,,,,,,,,,,,,,,,,,,,,,,,,,,,,,,,,,,,,,,,,,,,,,,,,,,,,,,,,,,,,,,,,,,,,,,,,,,,,,,,,,,,,,,,,,,,,,,,,,,
yPrWqM2y5LY_000003_000013.mp4,5,using a sledge hammer,30.0,0.0,10.0,0,300,0,60,60,120,120,180,180,240,240,300,,,,,,,,,,,,,,,,,,,,,,,,,,,,,,,,,,,,,,,,,,,,,,,,,,,,,,,,,,,,,,,,,,,,,,,,,,,,,,,,,,,,,,,,,,,,,,,,,,,,,,,,,,,,,,,,,,,,,,,,,,,,,,,,,,,,
1Yz_txBZjbw_000014_000024.mp4,3,using a sledge hammer,25.0,0.0,9.08,0,227,0,76,76,151,151,227,,,,,,,,,,,,,,,,,,,,,,,,,,,,,,,,,,,,,,,,,,,,,,,,,,,,,,,,,,,,,,,,,,,,,,,,,,,,,,,,,,,,,,,,,,,,,,,,,,,,,,,,,,,,,,,,,,,,,,,,,,,,,,,,,,,,,,,,
2rCLDJWJvSY_000001_000011.mp4,2,using a sledge hammer,25.0,5.0,6.96,125,174,125,149,149,174,,,,,,,,,,,,,,,,,,,,,,,,,,,,,,,,,,,,,,,,,,,,,,,,,,,,,,,,,,,,,,,,,,,,,,,,,,,,,,,,,,,,,,,,,,,,,,,,,,,,,,,,,,,,,,,,,,,,,,,,,,,,,,,,,,,,,,,,,,
3J0nLfaoPCY_000054_000064.mp4,2,using a sledge hammer,29.81,0.0,2.21,0,66,0,33,33,66,,,,,,,,,,,,,,,,,,,,,,,,,,,,,,,,,,,,,,,,,,,,,,,,,,,,,,,,,,,,,,,,,,,,,,,,,,,,,,,,,,,,,,,,,,,,,,,,,,,,,,,,,,,,,,,,,,,,,,,,,,,,,,,,,,,,,,,,,,
5UyE53HSiGg_000031_000041.mp4,5,using a sledge hammer,30.0,0.8,10.0,24,300,24,79,79,134,134,190,190,245,245,300,,,,,,,,,,,,,,,,,,,,,,,,,,,,,,,,,,,,,,,,,,,,,,,,,,,,,,,,,,,,,,,,,,,,,,,,,,,,,,,,,,,,,,,,,,,,,,,,,,,,,,,,,,,,,,,,,,,,,,,,,,,,,,,,,,,,
6AahLIz_aOE_000000_000010.mp4,7,using a sledge hammer,29.97,0.0,8.24,0,247,0,35,35,71,71,106,106,141,141,176,176,212,212,247,,,,,,,,,,,,,,,,,,,,,,,,,,,,,,,,,,,,,,,,,,,,,,,,,,,,,,,,,,,,,,,,,,,,,,,,,,,,,,,,,,,,,,,,,,,,,,,,,,,,,,,,,,,,,,,,,,,,,,,,,,,,,,,,
8BR4GfnMczQ_000017_000027.mp4,2,using a sledge hammer,20.67,0.0,2.81,0,58,0,29,29,58,,,,,,,,,,,,,,,,,,,,,,,,,,,,,,,,,,,,,,,,,,,,,,,,,,,,,,,,,,,,,,,,,,,,,,,,,,,,,,,,,,,,,,,,,,,,,,,,,,,,,,,,,,,,,,,,,,,,,,,,,,,,,,,,,,,,,,,,,,
8CfaRPwU5mI_000003_000013.mp4,4,battle rope training,29.97,2.2,9.31,66,279,66,119,119,172,172,226,226,279,,,,,,,,,,,,,,,,,,,,,,,,,,,,,,,,,,,,,,,,,,,,,,,,,,,,,,,,,,,,,,,,,,,,,,,,,,,,,,,,,,,,,,,,,,,,,,,,,,,,,,,,,,,,,,,,,,,,,,,,,,,,,,,,,,,,,,
8CfaRPwU5mI_000021_000031.mp4,4,using a sledge hammer,29.97,2.2,9.31,66,279,66,119,119,172,172,226,226,279,,,,,,,,,,,,,,,,,,,,,,,,,,,,,,,,,,,,,,,,,,,,,,,,,,,,,,,,,,,,,,,,,,,,,,,,,,,,,,,,,,,,,,,,,,,,,,,,,,,,,,,,,,,,,,,,,,,,,,,,,,,,,,,,,,,,,,
8KuGsXtv0bc_000047_000057.mp4,5,using a sledge hammer,29.0,0.0,8.83,0,256,0,51,51,102,102,154,154,205,205,256,,,,,,,,,,,,,,,,,,,,,,,,,,,,,,,,,,,,,,,,,,,,,,,,,,,,,,,,,,,,,,,,,,,,,,,,,,,,,,,,,,,,,,,,,,,,,,,,,,,,,,,,,,,,,,,,,,,,,,,,,,,,,,,,,,,,
80k_ejNEeOY_000011_000021.mp4,4,using a sledge hammer,29.97,5.84,9.98,175,299,175,206,206,237,237,268,268,299,,,,,,,,,,,,,,,,,,,,,,,,,,,,,,,,,,,,,,,,,,,,,,,,,,,,,,,,,,,,,,,,,,,,,,,,,,,,,,,,,,,,,,,,,,,,,,,,,,,,,,,,,,,,,,,,,,,,,,,,,,,,,,,,,,,,,,
9Kve3ydDCuc_000000_000010.mp4,5,using a sledge hammer,30.0,0.73,10.0,22,300,22,78,78,133,133,189,189,244,244,300,,,,,,,,,,,,,,,,,,,,,,,,,,,,,,,,,,,,,,,,,,,,,,,,,,,,,,,,,,,,,,,,,,,,,,,,,,,,,,,,,,,,,,,,,,,,,,,,,,,,,,,,,,,,,,,,,,,,,,,,,,,,,,,,,,,,
9-yL_3D13Rg_000010_000020.mp4,5,using a sledge hammer,29.97,0.0,10.0,0,300,0,60,60,120,120,180,180,240,240,300,,,,,,,,,,,,,,,,,,,,,,,,,,,,,,,,,,,,,,,,,,,,,,,,,,,,,,,,,,,,,,,,,,,,,,,,,,,,,,,,,,,,,,,,,,,,,,,,,,,,,,,,,,,,,,,,,,,,,,,,,,,,,,,,,,,,
-DrsyI5Dk1I_000083_000093.mp4,4,using a sledge hammer,25.0,0.48,10.0,12,250,12,72,72,131,131,190,190,250,,,,,,,,,,,,,,,,,,,,,,,,,,,,,,,,,,,,,,,,,,,,,,,,,,,,,,,,,,,,,,,,,,,,,,,,,,,,,,,,,,,,,,,,,,,,,,,,,,,,,,,,,,,,,,,,,,,,,,,,,,,,,,,,,,,,,,
