video_name,count,class,description,fps,kinetics_start_sec,kinetics_end_sec,repetition_segment_start_sec,repetition_segment_end_sec,repetition_segment_start_frame,repetition_segment_end_frame,rep_1_start_frame,rep_1_end_frame,rep_2_start_frame,rep_2_end_frame,rep_3_start_frame,rep_3_end_frame,rep_4_start_frame,rep_4_end_frame,rep_5_start_frame,rep_5_end_frame,rep_6_start_frame,rep_6_end_frame,rep_7_start_frame,rep_7_end_frame,rep_8_start_frame,rep_8_end_frame,rep_9_start_frame,rep_9_end_frame,rep_10_start_frame,rep_10_end_frame,rep_11_start_frame,rep_11_end_frame,rep_12_start_frame,rep_12_end_frame,rep_13_start_frame,rep_13_end_frame,rep_14_start_frame,rep_14_end_frame,rep_15_start_frame,rep_15_end_frame,rep_16_start_frame,rep_16_end_frame,rep_17_start_frame,rep_17_end_frame,rep_18_start_frame,rep_18_end_frame,rep_19_start_frame,rep_19_end_frame,rep_20_start_frame,rep_20_end_frame,rep_21_start_frame,rep_21_end_frame,rep_22_start_frame,rep_22_end_frame,rep_23_start_frame,rep_23_end_frame,rep_24_start_frame,rep_24_end_frame,rep_25_start_frame,rep_25_end_frame,rep_26_start_frame,rep_26_end_frame,rep_27_start_frame,rep_27_end_frame,rep_28_start_frame,rep_28_end_frame,rep_29_start_frame,rep_29_end_frame,rep_30_start_frame,rep_30_end_frame,rep_31_start_frame,rep_31_end_frame,rep_32_start_frame,rep_32_end_frame,rep_33_start_frame,rep_33_end_frame,rep_34_start_frame,rep_34_end_frame,rep_35_start_frame,rep_35_end_frame,rep_36_start_frame,rep_36_end_frame,rep_37_start_frame,rep_37_end_frame,rep_38_start_frame,rep_38_end_frame,rep_39_start_frame,rep_39_end_frame,rep_40_start_frame,rep_40_end_frame,rep_41_start_frame,rep_41_end_frame,rep_42_start_frame,rep_42_end_frame,rep_43_start_frame,rep_43_end_frame,rep_44_start_frame,rep_44_end_frame,rep_45_start_frame,rep_45_end_frame,rep_46_start_frame,rep_46_end_frame,rep_47_start_frame,rep_47_end_frame,rep_48_start_frame,rep_48_end_frame,rep_49_start_frame,rep_49_end_frame,rep_50_start_frame,rep_50_end_frame,rep_51_start_frame,rep_51_end_frame,rep_52_start_frame,rep_52_end_frame,rep_53_start_frame,rep_53_end_frame,rep_54_start_frame,rep_54_end_frame,rep_55_start_frame,rep_55_end_frame,rep_56_start_frame,rep_56_end_frame,rep_57_start_frame,rep_57_end_frame,rep_58_start_frame,rep_58_end_frame,rep_59_start_frame,rep_59_end_frame,rep_60_start_frame,rep_60_end_frame,rep_61_start_frame,rep_61_end_frame,rep_62_start_frame,rep_62_end_frame,rep_63_start_frame,rep_63_end_frame,rep_64_start_frame,rep_64_end_frame,rep_65_start_frame,rep_65_end_frame,rep_66_start_frame,rep_66_end_frame,rep_67_start_frame,rep_67_end_frame,rep_68_start_frame,rep_68_end_frame,rep_69_start_frame,rep_69_end_frame,rep_70_start_frame,rep_70_end_frame,rep_71_start_frame,rep_71_end_frame
AxqS66ZHG0k.mp4,5,ski ballet,A person is rotating in the snow,29.97002997002997,0.0,10.01,0.03,3.44,1,103,1,22,22,42,42,62,62,83,83,103,,,,,,,,,,,,,,,,,,,,,,,,,,,,,,,,,,,,,,,,,,,,,,,,,,,,,,,,,,,,,,,,,,,,,,,,,,,,,,,,,,,,,,,,,,,,,,,,,,,,,,,,,,,,,,,,,,,,,,,,,,,,,,,,,,,,
13QnV9YMYf0.mp4,12,sharpening pencil,A person is rolling an object,30.0,0.0,4.83,0.03,3.73,1,112,1,10,10,20,20,29,29,38,38,47,47,56,56,66,66,75,75,84,84,93,93,102,102,112,,,,,,,,,,,,,,,,,,,,,,,,,,,,,,,,,,,,,,,,,,,,,,,,,,,,,,,,,,,,,,,,,,,,,,,,,,,,,,,,,,,,,,,,,,,,,,,,,,,,,,,,,,,,,,,,,,,,,,
esdm2Ovwyts.mp4,5,fly tying,A person is rotating the thread,30.0,0.0,10.0,6.57,9.13,197,274,197,212,212,228,228,243,243,258,258,274,,,,,,,,,,,,,,,,,,,,,,,,,,,,,,,,,,,,,,,,,,,,,,,,,,,,,,,,,,,,,,,,,,,,,,,,,,,,,,,,,,,,,,,,,,,,,,,,,,,,,,,,,,,,,,,,,,,,,,,,,,,,,,,,,,,,
Uignm5o_DQo.mp4,7,counting money,A person is counting notes,7.937,0.0,10.08,0.25,6.17,2,49,2,9,9,15,15,22,22,29,29,35,35,42,42,49,,,,,,,,,,,,,,,,,,,,,,,,,,,,,,,,,,,,,,,,,,,,,,,,,,,,,,,,,,,,,,,,,,,,,,,,,,,,,,,,,,,,,,,,,,,,,,,,,,,,,,,,,,,,,,,,,,,,,,,,,,,,,,,,
lfEXcqwGT7k.mp4,4,backflip (human),A person is jumping on a trampoline,28.97102897102897,0.0,10.01,7.32,9.8,212,284,212,230,230,248,248,266,266,284,,,,,,,,,,,,,,,,,,,,,,,,,,,,,,,,,,,,,,,,,,,,,,,,,,,,,,,,,,,,,,,,,,,,,,,,,,,,,,,,,,,,,,,,,,,,,,,,,,,,,,,,,,,,,,,,,,,,,,,,,,,,,,,,,,,,,,
PY6pxGlGvL0.mp4,5,cooking scallops,A person is shaking the pan,30.0,0.0,10.0,8.67,10.0,260,300,260,268,268,276,276,284,284,292,292,300,,,,,,,,,,,,,,,,,,,,,,,,,,,,,,,,,,,,,,,,,,,,,,,,,,,,,,,,,,,,,,,,,,,,,,,,,,,,,,,,,,,,,,,,,,,,,,,,,,,,,,,,,,,,,,,,,,,,,,,,,,,,,,,,,,,,
Jm8UbJ-WRfo.mp4,4,blasting sand,A person is painting on the wall,29.97002997002997,0.0,10.01,0.53,5.07,16,152,16,50,50,84,84,118,118,152,,,,,,,,,,,,,,,,,,,,,,,,,,,,,,,,,,,,,,,,,,,,,,,,,,,,,,,,,,,,,,,,,,,,,,,,,,,,,,,,,,,,,,,,,,,,,,,,,,,,,,,,,,,,,,,,,,,,,,,,,,,,,,,,,,,,,,
IzW5tbQw4h0.mp4,2,planing wood,A person is smoothing the wood,15.0,0.0,10.0,0.13,3.13,2,47,2,25,25,47,,,,,,,,,,,,,,,,,,,,,,,,,,,,,,,,,,,,,,,,,,,,,,,,,,,,,,,,,,,,,,,,,,,,,,,,,,,,,,,,,,,,,,,,,,,,,,,,,,,,,,,,,,,,,,,,,,,,,,,,,,,,,,,,,,,,,,,,,,
jEEGYtq_zpY.mp4,4,swinging on something,A person is swinging,25.0,0.0,10.0,0.04,10.0,1,250,1,63,63,126,126,188,188,250,,,,,,,,,,,,,,,,,,,,,,,,,,,,,,,,,,,,,,,,,,,,,,,,,,,,,,,,,,,,,,,,,,,,,,,,,,,,,,,,,,,,,,,,,,,,,,,,,,,,,,,,,,,,,,,,,,,,,,,,,,,,,,,,,,,,,,
F7BPBC6x_G0.mp4,9,clapping,A person is tapping with the fingers on the hand,30.0,0.0,2.43,0.23,2.4,7,72,7,14,14,22,22,29,29,36,36,43,43,50,50,58,58,65,65,72,,,,,,,,,,,,,,,,,,,,,,,,,,,,,,,,,,,,,,,,,,,,,,,,,,,,,,,,,,,,,,,,,,,,,,,,,,,,,,,,,,,,,,,,,,,,,,,,,,,,,,,,,,,,,,,,,,,,,,,,,,,,
e9eMi4fTgQE.mp4,7,push up,A kid doing push-ups,29.0,0.0,10.0,0.03,10.0,1,290,1,42,42,84,84,125,125,166,166,207,207,249,249,290,,,,,,,,,,,,,,,,,,,,,,,,,,,,,,,,,,,,,,,,,,,,,,,,,,,,,,,,,,,,,,,,,,,,,,,,,,,,,,,,,,,,,,,,,,,,,,,,,,,,,,,,,,,,,,,,,,,,,,,,,,,,,,,,
SuPMsYHeVPk.mp4,3,chiseling stone,A person is hitting with a hammer,10.0,0.0,10.0,8.1,10.0,81,100,81,87,87,94,94,100,,,,,,,,,,,,,,,,,,,,,,,,,,,,,,,,,,,,,,,,,,,,,,,,,,,,,,,,,,,,,,,,,,,,,,,,,,,,,,,,,,,,,,,,,,,,,,,,,,,,,,,,,,,,,,,,,,,,,,,,,,,,,,,,,,,,,,,,
qc2Mf0WAmTc.mp4,4,skiing mono,A person is moving in the snow,30.0,0.0,10.0,1.83,7.83,55,235,55,100,100,145,145,190,190,235,,,,,,,,,,,,,,,,,,,,,,,,,,,,,,,,,,,,,,,,,,,,,,,,,,,,,,,,,,,,,,,,,,,,,,,,,,,,,,,,,,,,,,,,,,,,,,,,,,,,,,,,,,,,,,,,,,,,,,,,,,,,,,,,,,,,,,
g7YlogE08_c.mp4,4,swinging on something,A person is swinging in the cradle,15.0,0.0,10.0,0.07,9.8,1,147,1,38,38,74,74,111,111,147,,,,,,,,,,,,,,,,,,,,,,,,,,,,,,,,,,,,,,,,,,,,,,,,,,,,,,,,,,,,,,,,,,,,,,,,,,,,,,,,,,,,,,,,,,,,,,,,,,,,,,,,,,,,,,,,,,,,,,,,,,,,,,,,,,,,,,
Ikj3Oh1l7gk.mp4,2,waiting in line,A woman is waving her hand,30.0,0.0,10.0,7.73,8.27,232,248,232,240,240,248,,,,,,,,,,,,,,,,,,,,,,,,,,,,,,,,,,,,,,,,,,,,,,,,,,,,,,,,,,,,,,,,,,,,,,,,,,,,,,,,,,,,,,,,,,,,,,,,,,,,,,,,,,,,,,,,,,,,,,,,,,,,,,,,,,,,,,,,,,
W_cYDcqyC74.mp4,2,cosplaying,A person is playing with a neon stick,30.0,0.0,10.0,4.87,7.63,146,229,146,188,188,229,,,,,,,,,,,,,,,,,,,,,,,,,,,,,,,,,,,,,,,,,,,,,,,,,,,,,,,,,,,,,,,,,,,,,,,,,,,,,,,,,,,,,,,,,,,,,,,,,,,,,,,,,,,,,,,,,,,,,,,,,,,,,,,,,,,,,,,,,,
h4hp0ZO9aMs.mp4,2,dancing gangnam style,A person is dancing,30.0,0.0,9.43,0.97,1.83,29,55,29,42,42,55,,,,,,,,,,,,,,,,,,,,,,,,,,,,,,,,,,,,,,,,,,,,,,,,,,,,,,,,,,,,,,,,,,,,,,,,,,,,,,,,,,,,,,,,,,,,,,,,,,,,,,,,,,,,,,,,,,,,,,,,,,,,,,,,,,,,,,,,,,
wK_wUUFDncU.mp4,4,tie dying,A person is doing mud art,29.97002997002997,0.0,10.01,6.31,7.24,189,217,189,196,196,203,203,210,210,217,,,,,,,,,,,,,,,,,,,,,,,,,,,,,,,,,,,,,,,,,,,,,,,,,,,,,,,,,,,,,,,,,,,,,,,,,,,,,,,,,,,,,,,,,,,,,,,,,,,,,,,,,,,,,,,,,,,,,,,,,,,,,,,,,,,,,,
wRIUnlxuRSo.mp4,2,swimming backstroke,A person is swimming,30.0,0.0,7.3,0.33,5.97,10,179,10,94,94,179,,,,,,,,,,,,,,,,,,,,,,,,,,,,,,,,,,,,,,,,,,,,,,,,,,,,,,,,,,,,,,,,,,,,,,,,,,,,,,,,,,,,,,,,,,,,,,,,,,,,,,,,,,,,,,,,,,,,,,,,,,,,,,,,,,,,,,,,,,
c3i14VUn1r4.mp4,5,bouncing ball (not juggling),A person playing with the ball,29.97002997002997,0.0,10.01,6.61,9.21,198,276,198,213,213,229,229,245,245,260,260,276,,,,,,,,,,,,,,,,,,,,,,,,,,,,,,,,,,,,,,,,,,,,,,,,,,,,,,,,,,,,,,,,,,,,,,,,,,,,,,,,,,,,,,,,,,,,,,,,,,,,,,,,,,,,,,,,,,,,,,,,,,,,,,,,,,,,
IVZaUVRYCrY.mp4,2,throwing knife,A person is throwing a knife,25.0,0.0,10.0,0.04,2.64,1,66,1,34,34,66,,,,,,,,,,,,,,,,,,,,,,,,,,,,,,,,,,,,,,,,,,,,,,,,,,,,,,,,,,,,,,,,,,,,,,,,,,,,,,,,,,,,,,,,,,,,,,,,,,,,,,,,,,,,,,,,,,,,,,,,,,,,,,,,,,,,,,,,,,
mrWR1uiL4_c.mp4,9,yarn spinning,A person is moving his hand,30.0,0.0,8.87,1.2,8.87,36,266,36,62,62,87,87,113,113,138,138,164,164,190,190,215,215,241,241,266,,,,,,,,,,,,,,,,,,,,,,,,,,,,,,,,,,,,,,,,,,,,,,,,,,,,,,,,,,,,,,,,,,,,,,,,,,,,,,,,,,,,,,,,,,,,,,,,,,,,,,,,,,,,,,,,,,,,,,,,,,,,
yFBiAIlr2d8.mp4,5,trimming shrubs,A person cutting the plants,29.905,0.0,10.03,0.84,3.54,25,106,25,41,41,58,58,74,74,90,90,106,,,,,,,,,,,,,,,,,,,,,,,,,,,,,,,,,,,,,,,,,,,,,,,,,,,,,,,,,,,,,,,,,,,,,,,,,,,,,,,,,,,,,,,,,,,,,,,,,,,,,,,,,,,,,,,,,,,,,,,,,,,,,,,,,,,,
H0p9DWYwFMo.mp4,3,breaking boards,A person is hitting the tile,15.0,0.0,10.0,4.33,6.6,65,99,65,77,77,88,88,99,,,,,,,,,,,,,,,,,,,,,,,,,,,,,,,,,,,,,,,,,,,,,,,,,,,,,,,,,,,,,,,,,,,,,,,,,,,,,,,,,,,,,,,,,,,,,,,,,,,,,,,,,,,,,,,,,,,,,,,,,,,,,,,,,,,,,,,,
arzd8HX0puA.mp4,3,dealing cards,A person is arranging cards,15.0,0.0,10.0,3.87,5.53,58,83,58,66,66,75,75,83,,,,,,,,,,,,,,,,,,,,,,,,,,,,,,,,,,,,,,,,,,,,,,,,,,,,,,,,,,,,,,,,,,,,,,,,,,,,,,,,,,,,,,,,,,,,,,,,,,,,,,,,,,,,,,,,,,,,,,,,,,,,,,,,,,,,,,,,
ZabJtResoWc.mp4,2,cutting nails,A person is cutting the nails,29.97002997002997,0.0,10.01,4.2,8.21,126,246,126,186,186,246,,,,,,,,,,,,,,,,,,,,,,,,,,,,,,,,,,,,,,,,,,,,,,,,,,,,,,,,,,,,,,,,,,,,,,,,,,,,,,,,,,,,,,,,,,,,,,,,,,,,,,,,,,,,,,,,,,,,,,,,,,,,,,,,,,,,,,,,,,
9mw-58jsdig.mp4,11,jumping sofa,A child is jumping,30.0,0.0,10.0,5.13,10.0,154,300,154,167,167,180,180,194,194,207,207,220,220,233,233,247,247,260,260,273,273,287,287,300,,,,,,,,,,,,,,,,,,,,,,,,,,,,,,,,,,,,,,,,,,,,,,,,,,,,,,,,,,,,,,,,,,,,,,,,,,,,,,,,,,,,,,,,,,,,,,,,,,,,,,,,,,,,,,,,,,,,,,,,
YsMw2yFs1IQ.mp4,5,sword swallowing,A man is doing push-ups,30.0,0.0,10.0,4.13,8.67,124,260,124,151,151,178,178,206,206,233,233,260,,,,,,,,,,,,,,,,,,,,,,,,,,,,,,,,,,,,,,,,,,,,,,,,,,,,,,,,,,,,,,,,,,,,,,,,,,,,,,,,,,,,,,,,,,,,,,,,,,,,,,,,,,,,,,,,,,,,,,,,,,,,,,,,,,,,
A-gYHor5TYk.mp4,3,playing keyboard,A person is playing the piano,30.0,0.0,10.0,0.53,3.77,16,113,16,48,48,80,80,113,,,,,,,,,,,,,,,,,,,,,,,,,,,,,,,,,,,,,,,,,,,,,,,,,,,,,,,,,,,,,,,,,,,,,,,,,,,,,,,,,,,,,,,,,,,,,,,,,,,,,,,,,,,,,,,,,,,,,,,,,,,,,,,,,,,,,,,,
sbDpaGgemns.mp4,5,playing hand clapping games,A person is playing with their hands,24.0,0.0,10.0,0.54,7.42,13,178,13,46,46,79,79,112,112,145,145,178,,,,,,,,,,,,,,,,,,,,,,,,,,,,,,,,,,,,,,,,,,,,,,,,,,,,,,,,,,,,,,,,,,,,,,,,,,,,,,,,,,,,,,,,,,,,,,,,,,,,,,,,,,,,,,,,,,,,,,,,,,,,,,,,,,,,
K1rfza7aXQ8.mp4,2,making cheese,A person is pushing with their hands,29.97002997002997,0.0,10.01,5.41,9.38,162,281,162,221,221,281,,,,,,,,,,,,,,,,,,,,,,,,,,,,,,,,,,,,,,,,,,,,,,,,,,,,,,,,,,,,,,,,,,,,,,,,,,,,,,,,,,,,,,,,,,,,,,,,,,,,,,,,,,,,,,,,,,,,,,,,,,,,,,,,,,,,,,,,,,
aiqG1l4C12o.mp4,10,tapping pen,A person is tapping the table with sticks,12.0,0.0,9.17,1.17,4.83,14,58,14,18,18,23,23,27,27,31,31,36,36,40,40,44,44,49,49,53,53,58,,,,,,,,,,,,,,,,,,,,,,,,,,,,,,,,,,,,,,,,,,,,,,,,,,,,,,,,,,,,,,,,,,,,,,,,,,,,,,,,,,,,,,,,,,,,,,,,,,,,,,,,,,,,,,,,,,,,,,,,,,
r8mX_-kfcXc.mp4,4,playing hand clapping games,A person is rolling the hands of a baby,15.0,0.0,10.0,2.67,3.93,40,59,40,45,45,50,50,55,55,59,,,,,,,,,,,,,,,,,,,,,,,,,,,,,,,,,,,,,,,,,,,,,,,,,,,,,,,,,,,,,,,,,,,,,,,,,,,,,,,,,,,,,,,,,,,,,,,,,,,,,,,,,,,,,,,,,,,,,,,,,,,,,,,,,,,,,,
976O0_Ya2-4.mp4,4,making pizza,A person is pouring milk,25.0,0.0,10.0,1.2,7.24,30,181,30,68,68,106,106,143,143,181,,,,,,,,,,,,,,,,,,,,,,,,,,,,,,,,,,,,,,,,,,,,,,,,,,,,,,,,,,,,,,,,,,,,,,,,,,,,,,,,,,,,,,,,,,,,,,,,,,,,,,,,,,,,,,,,,,,,,,,,,,,,,,,,,,,,,,
siHDEsJmfZY.mp4,3,cooking scallops,A person is turning the food up and down,30.0,0.0,10.0,2.17,6.73,65,202,65,110,110,156,156,202,,,,,,,,,,,,,,,,,,,,,,,,,,,,,,,,,,,,,,,,,,,,,,,,,,,,,,,,,,,,,,,,,,,,,,,,,,,,,,,,,,,,,,,,,,,,,,,,,,,,,,,,,,,,,,,,,,,,,,,,,,,,,,,,,,,,,,,,
K2Fn28js5hg.mp4,10,belly dancing,A person is dancing,29.916666666666668,0.0,10.03,0.6,5.65,18,169,18,33,33,48,48,63,63,78,78,93,93,108,108,123,123,139,139,154,154,169,,,,,,,,,,,,,,,,,,,,,,,,,,,,,,,,,,,,,,,,,,,,,,,,,,,,,,,,,,,,,,,,,,,,,,,,,,,,,,,,,,,,,,,,,,,,,,,,,,,,,,,,,,,,,,,,,,,,,,,,,,
m44OfQ4ESWA.mp4,4,smashing,A person tapping the guitar,15.0,0.0,9.73,2.87,4.73,43,71,43,50,50,57,57,64,64,71,,,,,,,,,,,,,,,,,,,,,,,,,,,,,,,,,,,,,,,,,,,,,,,,,,,,,,,,,,,,,,,,,,,,,,,,,,,,,,,,,,,,,,,,,,,,,,,,,,,,,,,,,,,,,,,,,,,,,,,,,,,,,,,,,,,,,,
98U_H6RE9jA.mp4,3,tying knot (not on a tie),A person is pulling the rope,30.0,0.0,10.0,7.37,9.23,221,277,221,240,240,258,258,277,,,,,,,,,,,,,,,,,,,,,,,,,,,,,,,,,,,,,,,,,,,,,,,,,,,,,,,,,,,,,,,,,,,,,,,,,,,,,,,,,,,,,,,,,,,,,,,,,,,,,,,,,,,,,,,,,,,,,,,,,,,,,,,,,,,,,,,,
-Et8BXPqSck.mp4,2,photobombing,A person is moving his right hand,29.97002997002997,0.0,10.01,4.17,5.17,125,155,125,140,140,155,,,,,,,,,,,,,,,,,,,,,,,,,,,,,,,,,,,,,,,,,,,,,,,,,,,,,,,,,,,,,,,,,,,,,,,,,,,,,,,,,,,,,,,,,,,,,,,,,,,,,,,,,,,,,,,,,,,,,,,,,,,,,,,,,,,,,,,,,,
8Gmc4e5w8Lk.mp4,3,tapping pen,A person is waving the left hand,30.0,0.0,10.0,8.33,9.43,250,283,250,261,261,272,272,283,,,,,,,,,,,,,,,,,,,,,,,,,,,,,,,,,,,,,,,,,,,,,,,,,,,,,,,,,,,,,,,,,,,,,,,,,,,,,,,,,,,,,,,,,,,,,,,,,,,,,,,,,,,,,,,,,,,,,,,,,,,,,,,,,,,,,,,,
lh9Iz3h4FYo.mp4,2,putting on sari,A person is adjusting the saree's pleats,30.0,0.0,10.0,5.33,6.53,160,196,160,178,178,196,,,,,,,,,,,,,,,,,,,,,,,,,,,,,,,,,,,,,,,,,,,,,,,,,,,,,,,,,,,,,,,,,,,,,,,,,,,,,,,,,,,,,,,,,,,,,,,,,,,,,,,,,,,,,,,,,,,,,,,,,,,,,,,,,,,,,,,,,,
cdM3Q88Eqn8.mp4,4,catching or throwing softball,A person is practicing catching,29.97002997002997,0.0,10.01,1.13,9.48,34,284,34,96,96,159,159,221,221,284,,,,,,,,,,,,,,,,,,,,,,,,,,,,,,,,,,,,,,,,,,,,,,,,,,,,,,,,,,,,,,,,,,,,,,,,,,,,,,,,,,,,,,,,,,,,,,,,,,,,,,,,,,,,,,,,,,,,,,,,,,,,,,,,,,,,,,
hVI6VQIS2Yo.mp4,6,squat,A man is doing an exercise,29.917,0.0,10.03,0.03,9.13,1,273,1,46,46,92,92,137,137,182,182,228,228,273,,,,,,,,,,,,,,,,,,,,,,,,,,,,,,,,,,,,,,,,,,,,,,,,,,,,,,,,,,,,,,,,,,,,,,,,,,,,,,,,,,,,,,,,,,,,,,,,,,,,,,,,,,,,,,,,,,,,,,,,,,,,,,,,,,
H8oZ53ikDSA.mp4,9,juggling soccer ball,A boy is playing with a football,29.97002997002997,0.0,10.01,1.0,9.51,30,285,30,58,58,87,87,115,115,143,143,172,172,200,200,229,229,257,257,285,,,,,,,,,,,,,,,,,,,,,,,,,,,,,,,,,,,,,,,,,,,,,,,,,,,,,,,,,,,,,,,,,,,,,,,,,,,,,,,,,,,,,,,,,,,,,,,,,,,,,,,,,,,,,,,,,,,,,,,,,,,,
gfPqEIYd_nU.mp4,16,ironing hair,A girl is combing her hair,29.97002997002997,0.0,10.01,0.37,9.78,11,293,11,28,28,46,46,64,64,81,81,99,99,116,116,134,134,152,152,169,169,187,187,204,204,222,222,240,240,257,257,275,275,293,,,,,,,,,,,,,,,,,,,,,,,,,,,,,,,,,,,,,,,,,,,,,,,,,,,,,,,,,,,,,,,,,,,,,,,,,,,,,,,,,,,,,,,,,,,,,,,,,,,,,,,,,,,,,,
i5oQAHVPk7E.mp4,2,falling off bike,A person is moving a cycle with legs,24.0,0.0,9.54,0.58,2.13,14,51,14,33,33,51,,,,,,,,,,,,,,,,,,,,,,,,,,,,,,,,,,,,,,,,,,,,,,,,,,,,,,,,,,,,,,,,,,,,,,,,,,,,,,,,,,,,,,,,,,,,,,,,,,,,,,,,,,,,,,,,,,,,,,,,,,,,,,,,,,,,,,,,,,
9df6GFjJhGE.mp4,2,breakdancing,A man is moving his hands while dancing on the floor,30.0,0.0,10.0,0.27,4.83,8,145,8,77,77,145,,,,,,,,,,,,,,,,,,,,,,,,,,,,,,,,,,,,,,,,,,,,,,,,,,,,,,,,,,,,,,,,,,,,,,,,,,,,,,,,,,,,,,,,,,,,,,,,,,,,,,,,,,,,,,,,,,,,,,,,,,,,,,,,,,,,,,,,,,
qIuiFYcRv48.mp4,9,applauding,A person is clapping hisher hands,29.97002997002997,0.0,9.64,3.4,5.21,102,156,102,108,108,114,114,120,120,126,126,132,132,138,138,144,144,150,150,156,,,,,,,,,,,,,,,,,,,,,,,,,,,,,,,,,,,,,,,,,,,,,,,,,,,,,,,,,,,,,,,,,,,,,,,,,,,,,,,,,,,,,,,,,,,,,,,,,,,,,,,,,,,,,,,,,,,,,,,,,,,,
fuWUe2B4Kgk.mp4,2,moon walking,A person is doing the moonwalk,29.97002997002997,0.0,10.01,4.47,6.24,134,187,134,161,161,187,,,,,,,,,,,,,,,,,,,,,,,,,,,,,,,,,,,,,,,,,,,,,,,,,,,,,,,,,,,,,,,,,,,,,,,,,,,,,,,,,,,,,,,,,,,,,,,,,,,,,,,,,,,,,,,,,,,,,,,,,,,,,,,,,,,,,,,,,,
9r67eUNFS78.mp4,2,tap dancing,A person is jumping,29.97002997002997,0.0,10.01,7.61,8.61,228,258,228,243,243,258,,,,,,,,,,,,,,,,,,,,,,,,,,,,,,,,,,,,,,,,,,,,,,,,,,,,,,,,,,,,,,,,,,,,,,,,,,,,,,,,,,,,,,,,,,,,,,,,,,,,,,,,,,,,,,,,,,,,,,,,,,,,,,,,,,,,,,,,,,
i6KdrZIH_IA.mp4,2,curling hair,A person is combing hair,29.97002997002997,0.0,10.01,1.97,2.27,59,68,59,64,64,68,,,,,,,,,,,,,,,,,,,,,,,,,,,,,,,,,,,,,,,,,,,,,,,,,,,,,,,,,,,,,,,,,,,,,,,,,,,,,,,,,,,,,,,,,,,,,,,,,,,,,,,,,,,,,,,,,,,,,,,,,,,,,,,,,,,,,,,,,,
CAjBhfTnafc.mp4,3,climbing a rope,A man is climbing a rope,15.0,0.0,10.0,0.47,4.4,7,66,7,26,26,46,46,66,,,,,,,,,,,,,,,,,,,,,,,,,,,,,,,,,,,,,,,,,,,,,,,,,,,,,,,,,,,,,,,,,,,,,,,,,,,,,,,,,,,,,,,,,,,,,,,,,,,,,,,,,,,,,,,,,,,,,,,,,,,,,,,,,,,,,,,,
6ZcLrAjM7lk.mp4,4,moving child,A person is kicking with the leg,30.0,0.0,10.0,0.03,2.83,1,85,1,22,22,43,43,64,64,85,,,,,,,,,,,,,,,,,,,,,,,,,,,,,,,,,,,,,,,,,,,,,,,,,,,,,,,,,,,,,,,,,,,,,,,,,,,,,,,,,,,,,,,,,,,,,,,,,,,,,,,,,,,,,,,,,,,,,,,,,,,,,,,,,,,,,,
IR2B9X7izTo.mp4,2,mosh pit dancing,A person is dancing,30.0,0.0,10.0,0.33,1.77,10,53,10,31,31,53,,,,,,,,,,,,,,,,,,,,,,,,,,,,,,,,,,,,,,,,,,,,,,,,,,,,,,,,,,,,,,,,,,,,,,,,,,,,,,,,,,,,,,,,,,,,,,,,,,,,,,,,,,,,,,,,,,,,,,,,,,,,,,,,,,,,,,,,,,
f0lePIU82nY.mp4,2,moon walking,A kid is dancing,30.0,0.0,9.07,2.4,4.37,72,131,72,101,101,131,,,,,,,,,,,,,,,,,,,,,,,,,,,,,,,,,,,,,,,,,,,,,,,,,,,,,,,,,,,,,,,,,,,,,,,,,,,,,,,,,,,,,,,,,,,,,,,,,,,,,,,,,,,,,,,,,,,,,,,,,,,,,,,,,,,,,,,,,,
OaXQdr9pnd8.mp4,5,tiptoeing,A person is waving the right hand,25.0,0.0,10.0,3.0,7.08,75,177,75,95,95,116,116,136,136,157,157,177,,,,,,,,,,,,,,,,,,,,,,,,,,,,,,,,,,,,,,,,,,,,,,,,,,,,,,,,,,,,,,,,,,,,,,,,,,,,,,,,,,,,,,,,,,,,,,,,,,,,,,,,,,,,,,,,,,,,,,,,,,,,,,,,,,,,
i1dANwO_TNQ.mp4,6,throwing knife,A person is throwing an object,29.97002997002997,0.0,10.01,0.07,8.81,2,264,2,46,46,90,90,133,133,177,177,220,220,264,,,,,,,,,,,,,,,,,,,,,,,,,,,,,,,,,,,,,,,,,,,,,,,,,,,,,,,,,,,,,,,,,,,,,,,,,,,,,,,,,,,,,,,,,,,,,,,,,,,,,,,,,,,,,,,,,,,,,,,,,,,,,,,,,,
AGbMsTotcuY.mp4,3,sieving,A person is cleaning,29.97002997002997,0.0,10.01,1.84,3.57,55,107,55,72,72,90,90,107,,,,,,,,,,,,,,,,,,,,,,,,,,,,,,,,,,,,,,,,,,,,,,,,,,,,,,,,,,,,,,,,,,,,,,,,,,,,,,,,,,,,,,,,,,,,,,,,,,,,,,,,,,,,,,,,,,,,,,,,,,,,,,,,,,,,,,,,
Uls-ddNbu80.mp4,18,jogging,A person is working out,14.922,0.0,10.05,0.07,9.72,1,145,1,9,9,17,17,25,25,33,33,41,41,49,49,57,57,65,65,73,73,81,81,89,89,97,97,105,105,113,113,121,121,129,129,137,137,145,,,,,,,,,,,,,,,,,,,,,,,,,,,,,,,,,,,,,,,,,,,,,,,,,,,,,,,,,,,,,,,,,,,,,,,,,,,,,,,,,,,,,,,,,,,,,,,,,,,,,,,,,,
mGsoxfrdvqI.mp4,7,flint knapping,A person is rubbing,15.0,0.0,10.0,3.73,5.13,56,77,56,59,59,62,62,65,65,68,68,71,71,74,74,77,,,,,,,,,,,,,,,,,,,,,,,,,,,,,,,,,,,,,,,,,,,,,,,,,,,,,,,,,,,,,,,,,,,,,,,,,,,,,,,,,,,,,,,,,,,,,,,,,,,,,,,,,,,,,,,,,,,,,,,,,,,,,,,,
vmTPg565gjE.mp4,3,changing oil,A person is rotating the cap,25.0,0.0,10.0,2.56,4.4,64,110,64,79,79,95,95,110,,,,,,,,,,,,,,,,,,,,,,,,,,,,,,,,,,,,,,,,,,,,,,,,,,,,,,,,,,,,,,,,,,,,,,,,,,,,,,,,,,,,,,,,,,,,,,,,,,,,,,,,,,,,,,,,,,,,,,,,,,,,,,,,,,,,,,,,
5AHhV008HuQ.mp4,3,flipping pancake,A person is playing with a pan,29.97002997002997,0.0,9.68,1.4,5.44,42,163,42,82,82,123,123,163,,,,,,,,,,,,,,,,,,,,,,,,,,,,,,,,,,,,,,,,,,,,,,,,,,,,,,,,,,,,,,,,,,,,,,,,,,,,,,,,,,,,,,,,,,,,,,,,,,,,,,,,,,,,,,,,,,,,,,,,,,,,,,,,,,,,,,,,
3V-hi2VGfDk.mp4,4,cooking chicken,A person is mixing the food,29.97002997002997,0.0,10.01,1.97,6.51,59,195,59,93,93,127,127,161,161,195,,,,,,,,,,,,,,,,,,,,,,,,,,,,,,,,,,,,,,,,,,,,,,,,,,,,,,,,,,,,,,,,,,,,,,,,,,,,,,,,,,,,,,,,,,,,,,,,,,,,,,,,,,,,,,,,,,,,,,,,,,,,,,,,,,,,,,
rac2EWZexFk.mp4,6,swimming butterfly stroke,A person is swimming,29.97002997002997,0.0,9.44,0.03,8.01,1,240,1,41,41,81,81,120,120,160,160,200,200,240,,,,,,,,,,,,,,,,,,,,,,,,,,,,,,,,,,,,,,,,,,,,,,,,,,,,,,,,,,,,,,,,,,,,,,,,,,,,,,,,,,,,,,,,,,,,,,,,,,,,,,,,,,,,,,,,,,,,,,,,,,,,,,,,,,
hiwmrWPmZaE.mp4,7,steering car,A person is rotating the steering wheel,25.0,0.0,10.0,3.24,6.72,81,168,81,93,93,106,106,118,118,131,131,143,143,156,156,168,,,,,,,,,,,,,,,,,,,,,,,,,,,,,,,,,,,,,,,,,,,,,,,,,,,,,,,,,,,,,,,,,,,,,,,,,,,,,,,,,,,,,,,,,,,,,,,,,,,,,,,,,,,,,,,,,,,,,,,,,,,,,,,,
YHDV2u0B2og.mp4,3,shuffling cards,A man is mixing the cards,30.0,0.0,10.0,0.03,9.87,1,296,1,100,100,198,198,296,,,,,,,,,,,,,,,,,,,,,,,,,,,,,,,,,,,,,,,,,,,,,,,,,,,,,,,,,,,,,,,,,,,,,,,,,,,,,,,,,,,,,,,,,,,,,,,,,,,,,,,,,,,,,,,,,,,,,,,,,,,,,,,,,,,,,,,,
FiWb_KGPnG0.mp4,2,high kick,A person is moving the left leg,30.0,0.0,10.0,0.63,2.87,19,86,19,53,53,86,,,,,,,,,,,,,,,,,,,,,,,,,,,,,,,,,,,,,,,,,,,,,,,,,,,,,,,,,,,,,,,,,,,,,,,,,,,,,,,,,,,,,,,,,,,,,,,,,,,,,,,,,,,,,,,,,,,,,,,,,,,,,,,,,,,,,,,,,,
dRAP-SfSVCg.mp4,7,shaking head,A person is moving his head,30.0,0.0,5.93,0.03,2.4,1,72,1,11,11,21,21,32,32,42,42,52,52,62,62,72,,,,,,,,,,,,,,,,,,,,,,,,,,,,,,,,,,,,,,,,,,,,,,,,,,,,,,,,,,,,,,,,,,,,,,,,,,,,,,,,,,,,,,,,,,,,,,,,,,,,,,,,,,,,,,,,,,,,,,,,,,,,,,,,
a5I0FH4vCN0.mp4,2,slicing onion,A person is slicing the onion,29.97002997002997,0.0,10.01,7.91,10.01,237,300,237,269,269,300,,,,,,,,,,,,,,,,,,,,,,,,,,,,,,,,,,,,,,,,,,,,,,,,,,,,,,,,,,,,,,,,,,,,,,,,,,,,,,,,,,,,,,,,,,,,,,,,,,,,,,,,,,,,,,,,,,,,,,,,,,,,,,,,,,,,,,,,,,
l6DU3Jdz6CE.mp4,12,marching,A person is playing the drums,29.97002997002997,0.0,10.01,4.67,7.41,140,222,140,147,147,154,154,161,161,167,167,174,174,181,181,188,188,195,195,201,201,208,208,215,215,222,,,,,,,,,,,,,,,,,,,,,,,,,,,,,,,,,,,,,,,,,,,,,,,,,,,,,,,,,,,,,,,,,,,,,,,,,,,,,,,,,,,,,,,,,,,,,,,,,,,,,,,,,,,,,,,,,,,,,,
shtyVWKhV04.mp4,6,marching,A person is moving their legs,29.97002997002997,0.0,10.01,0.03,4.7,1,141,1,25,25,48,48,71,71,95,95,118,118,141,,,,,,,,,,,,,,,,,,,,,,,,,,,,,,,,,,,,,,,,,,,,,,,,,,,,,,,,,,,,,,,,,,,,,,,,,,,,,,,,,,,,,,,,,,,,,,,,,,,,,,,,,,,,,,,,,,,,,,,,,,,,,,,,,,
vnwiHJglf30.mp4,2,sign language interpreting,A person is moving their hands,30.0,0.0,10.0,3.73,4.83,112,145,112,128,128,145,,,,,,,,,,,,,,,,,,,,,,,,,,,,,,,,,,,,,,,,,,,,,,,,,,,,,,,,,,,,,,,,,,,,,,,,,,,,,,,,,,,,,,,,,,,,,,,,,,,,,,,,,,,,,,,,,,,,,,,,,,,,,,,,,,,,,,,,,,
C6YB_EwE2oI.mp4,5,waxing armpits,A person is applying wax,23.858,0.0,10.02,0.04,4.61,1,110,1,23,23,44,44,66,66,88,88,110,,,,,,,,,,,,,,,,,,,,,,,,,,,,,,,,,,,,,,,,,,,,,,,,,,,,,,,,,,,,,,,,,,,,,,,,,,,,,,,,,,,,,,,,,,,,,,,,,,,,,,,,,,,,,,,,,,,,,,,,,,,,,,,,,,,,
IdHxOe9i5v0.mp4,4,scuba diving,A person is scuba diving,25.0,0.0,10.0,0.68,6.8,17,170,17,55,55,94,94,132,132,170,,,,,,,,,,,,,,,,,,,,,,,,,,,,,,,,,,,,,,,,,,,,,,,,,,,,,,,,,,,,,,,,,,,,,,,,,,,,,,,,,,,,,,,,,,,,,,,,,,,,,,,,,,,,,,,,,,,,,,,,,,,,,,,,,,,,,,
lPKcBM0m_aY.mp4,6,drumming fingers,A person is tapping their fingers on the table,29.97002997002997,0.0,5.41,0.43,5.07,13,152,13,36,36,60,60,83,83,106,106,129,129,152,,,,,,,,,,,,,,,,,,,,,,,,,,,,,,,,,,,,,,,,,,,,,,,,,,,,,,,,,,,,,,,,,,,,,,,,,,,,,,,,,,,,,,,,,,,,,,,,,,,,,,,,,,,,,,,,,,,,,,,,,,,,,,,,,,
nV88x38DCJA.mp4,2,applauding,A person is clapping,30.0,0.0,9.63,2.93,4.33,88,130,88,109,109,130,,,,,,,,,,,,,,,,,,,,,,,,,,,,,,,,,,,,,,,,,,,,,,,,,,,,,,,,,,,,,,,,,,,,,,,,,,,,,,,,,,,,,,,,,,,,,,,,,,,,,,,,,,,,,,,,,,,,,,,,,,,,,,,,,,,,,,,,,,
gct1JkyrBEE.mp4,3,playing xylophone,A person is hitting the object,30.0,0.0,10.0,5.57,6.8,167,204,167,179,179,192,192,204,,,,,,,,,,,,,,,,,,,,,,,,,,,,,,,,,,,,,,,,,,,,,,,,,,,,,,,,,,,,,,,,,,,,,,,,,,,,,,,,,,,,,,,,,,,,,,,,,,,,,,,,,,,,,,,,,,,,,,,,,,,,,,,,,,,,,,,,
lKN3YyJiuxo.mp4,2,using inhaler,A woman is rotating her head,23.0,0.0,10.0,0.26,6.17,6,142,6,74,74,142,,,,,,,,,,,,,,,,,,,,,,,,,,,,,,,,,,,,,,,,,,,,,,,,,,,,,,,,,,,,,,,,,,,,,,,,,,,,,,,,,,,,,,,,,,,,,,,,,,,,,,,,,,,,,,,,,,,,,,,,,,,,,,,,,,,,,,,,,,
nFNLa8mJCtc.mp4,4,playing violin,A person is playing a violin,29.97002997002997,0.0,10.01,0.6,8.41,18,252,18,76,76,135,135,193,193,252,,,,,,,,,,,,,,,,,,,,,,,,,,,,,,,,,,,,,,,,,,,,,,,,,,,,,,,,,,,,,,,,,,,,,,,,,,,,,,,,,,,,,,,,,,,,,,,,,,,,,,,,,,,,,,,,,,,,,,,,,,,,,,,,,,,,,,
XS8pDhEGYJ4.mp4,2,making sushi,A person is mixing the flour,30.0,0.0,10.0,5.17,6.53,155,196,155,175,175,196,,,,,,,,,,,,,,,,,,,,,,,,,,,,,,,,,,,,,,,,,,,,,,,,,,,,,,,,,,,,,,,,,,,,,,,,,,,,,,,,,,,,,,,,,,,,,,,,,,,,,,,,,,,,,,,,,,,,,,,,,,,,,,,,,,,,,,,,,,
dBinq7_YwRg.mp4,2,shooting basketball,A kid is playing volleyball,14.667,0.0,9.34,1.23,2.25,18,33,18,25,25,33,,,,,,,,,,,,,,,,,,,,,,,,,,,,,,,,,,,,,,,,,,,,,,,,,,,,,,,,,,,,,,,,,,,,,,,,,,,,,,,,,,,,,,,,,,,,,,,,,,,,,,,,,,,,,,,,,,,,,,,,,,,,,,,,,,,,,,,,,,
ARHQOqF_DiE.mp4,3,playing harp,The girl is playing an instrument,29.97002997002997,0.0,10.01,0.63,3.87,19,116,19,52,52,84,84,116,,,,,,,,,,,,,,,,,,,,,,,,,,,,,,,,,,,,,,,,,,,,,,,,,,,,,,,,,,,,,,,,,,,,,,,,,,,,,,,,,,,,,,,,,,,,,,,,,,,,,,,,,,,,,,,,,,,,,,,,,,,,,,,,,,,,,,,,
G7ItKBVAb70.mp4,5,skiing crosscountry,A person is moving his legs,29.97002997002997,0.0,10.01,0.03,7.31,1,219,1,45,45,88,88,132,132,176,176,219,,,,,,,,,,,,,,,,,,,,,,,,,,,,,,,,,,,,,,,,,,,,,,,,,,,,,,,,,,,,,,,,,,,,,,,,,,,,,,,,,,,,,,,,,,,,,,,,,,,,,,,,,,,,,,,,,,,,,,,,,,,,,,,,,,,,
l7KZBP03OQI.mp4,2,exercising with an exercise ball,A person is waving both hands,30.0,0.0,10.0,2.43,2.97,73,89,73,81,81,89,,,,,,,,,,,,,,,,,,,,,,,,,,,,,,,,,,,,,,,,,,,,,,,,,,,,,,,,,,,,,,,,,,,,,,,,,,,,,,,,,,,,,,,,,,,,,,,,,,,,,,,,,,,,,,,,,,,,,,,,,,,,,,,,,,,,,,,,,,
vXnnGyln9M0.mp4,4,using a sledge hammer,A person is hitting a tyre,10.0,0.0,9.1,0.6,7.2,6,72,6,22,22,39,39,55,55,72,,,,,,,,,,,,,,,,,,,,,,,,,,,,,,,,,,,,,,,,,,,,,,,,,,,,,,,,,,,,,,,,,,,,,,,,,,,,,,,,,,,,,,,,,,,,,,,,,,,,,,,,,,,,,,,,,,,,,,,,,,,,,,,,,,,,,,
hb07Y9Ay9ks.mp4,5,clapping,A child is clapping,20.0,0.0,10.0,0.05,2.0,1,40,1,9,9,16,16,24,24,32,32,40,,,,,,,,,,,,,,,,,,,,,,,,,,,,,,,,,,,,,,,,,,,,,,,,,,,,,,,,,,,,,,,,,,,,,,,,,,,,,,,,,,,,,,,,,,,,,,,,,,,,,,,,,,,,,,,,,,,,,,,,,,,,,,,,,,,,
kgZKEGAvEXg.mp4,2,combing hair,A person is combing the hair,30.0,0.0,9.23,3.57,5.57,107,167,107,137,137,167,,,,,,,,,,,,,,,,,,,,,,,,,,,,,,,,,,,,,,,,,,,,,,,,,,,,,,,,,,,,,,,,,,,,,,,,,,,,,,,,,,,,,,,,,,,,,,,,,,,,,,,,,,,,,,,,,,,,,,,,,,,,,,,,,,,,,,,,,,
nV88x38DCJA.mp4,2,applauding,A person with jersey number 15 is clapping,30.0,0.0,9.63,2.53,3.97,76,119,76,97,97,119,,,,,,,,,,,,,,,,,,,,,,,,,,,,,,,,,,,,,,,,,,,,,,,,,,,,,,,,,,,,,,,,,,,,,,,,,,,,,,,,,,,,,,,,,,,,,,,,,,,,,,,,,,,,,,,,,,,,,,,,,,,,,,,,,,,,,,,,,,
G6hTargh4Lc.mp4,5,brushing hair,A woman is combing her hair,30.0,0.0,10.0,0.77,2.8,23,84,23,35,35,47,47,60,60,72,72,84,,,,,,,,,,,,,,,,,,,,,,,,,,,,,,,,,,,,,,,,,,,,,,,,,,,,,,,,,,,,,,,,,,,,,,,,,,,,,,,,,,,,,,,,,,,,,,,,,,,,,,,,,,,,,,,,,,,,,,,,,,,,,,,,,,,,
P5GN-2Dv44M.mp4,4,needle felting,A person is rubbing the eye of the doll,29.97002997002997,0.0,10.01,2.34,3.6,70,108,70,79,79,89,89,98,98,108,,,,,,,,,,,,,,,,,,,,,,,,,,,,,,,,,,,,,,,,,,,,,,,,,,,,,,,,,,,,,,,,,,,,,,,,,,,,,,,,,,,,,,,,,,,,,,,,,,,,,,,,,,,,,,,,,,,,,,,,,,,,,,,,,,,,,,
pt0aczytkuI.mp4,11,hand washing clothes,A person is pressing the cloth,29.97002997002997,0.0,10.01,0.2,7.17,6,215,6,25,25,44,44,63,63,82,82,101,101,120,120,139,139,158,158,177,177,196,196,215,,,,,,,,,,,,,,,,,,,,,,,,,,,,,,,,,,,,,,,,,,,,,,,,,,,,,,,,,,,,,,,,,,,,,,,,,,,,,,,,,,,,,,,,,,,,,,,,,,,,,,,,,,,,,,,,,,,,,,,,
j3dkCfMtTnE.mp4,5,doing nails,A person is doing nail polish,30.0,0.0,10.0,6.87,8.93,206,268,206,219,219,231,231,243,243,255,255,268,,,,,,,,,,,,,,,,,,,,,,,,,,,,,,,,,,,,,,,,,,,,,,,,,,,,,,,,,,,,,,,,,,,,,,,,,,,,,,,,,,,,,,,,,,,,,,,,,,,,,,,,,,,,,,,,,,,,,,,,,,,,,,,,,,,,
j90GGQtagkg.mp4,5,chopping wood,A person is breaking the wood,15.0,0.0,10.0,0.93,9.67,14,145,14,40,40,66,66,93,93,119,119,145,,,,,,,,,,,,,,,,,,,,,,,,,,,,,,,,,,,,,,,,,,,,,,,,,,,,,,,,,,,,,,,,,,,,,,,,,,,,,,,,,,,,,,,,,,,,,,,,,,,,,,,,,,,,,,,,,,,,,,,,,,,,,,,,,,,,
eflhm70fnkc.mp4,2,playing cricket,A person is hitting a bat to the ground,14.25,0.0,10.04,6.04,8.49,86,121,86,103,103,121,,,,,,,,,,,,,,,,,,,,,,,,,,,,,,,,,,,,,,,,,,,,,,,,,,,,,,,,,,,,,,,,,,,,,,,,,,,,,,,,,,,,,,,,,,,,,,,,,,,,,,,,,,,,,,,,,,,,,,,,,,,,,,,,,,,,,,,,,,
l6o5uEXDgC8.mp4,2,mountain climber (exercise),A person is doing exercise,23.976023976023978,0.0,10.01,3.5,9.01,84,216,84,150,150,216,,,,,,,,,,,,,,,,,,,,,,,,,,,,,,,,,,,,,,,,,,,,,,,,,,,,,,,,,,,,,,,,,,,,,,,,,,,,,,,,,,,,,,,,,,,,,,,,,,,,,,,,,,,,,,,,,,,,,,,,,,,,,,,,,,,,,,,,,,
ipEzR3-V2lI.mp4,2,putting on foundation,A woman is rotating the brush on her cheeks,23.976023976023978,0.0,10.01,3.96,4.63,95,111,95,103,103,111,,,,,,,,,,,,,,,,,,,,,,,,,,,,,,,,,,,,,,,,,,,,,,,,,,,,,,,,,,,,,,,,,,,,,,,,,,,,,,,,,,,,,,,,,,,,,,,,,,,,,,,,,,,,,,,,,,,,,,,,,,,,,,,,,,,,,,,,,,
gd0FXdvcMTo.mp4,2,jumping jacks,A person is jumping,23.91708743024183,0.0,8.95,5.6,7.19,134,172,134,153,153,172,,,,,,,,,,,,,,,,,,,,,,,,,,,,,,,,,,,,,,,,,,,,,,,,,,,,,,,,,,,,,,,,,,,,,,,,,,,,,,,,,,,,,,,,,,,,,,,,,,,,,,,,,,,,,,,,,,,,,,,,,,,,,,,,,,,,,,,,,,
ABdcQV4Zp2o.mp4,2,embroidering,A person is stitching,25.0,0.0,10.0,0.04,3.68,1,92,1,46,46,92,,,,,,,,,,,,,,,,,,,,,,,,,,,,,,,,,,,,,,,,,,,,,,,,,,,,,,,,,,,,,,,,,,,,,,,,,,,,,,,,,,,,,,,,,,,,,,,,,,,,,,,,,,,,,,,,,,,,,,,,,,,,,,,,,,,,,,,,,,
arO1rcMQvSU.mp4,2,curling eyelashes,A person is pressing an object,30.0,0.0,10.0,0.6,5.2,18,156,18,87,87,156,,,,,,,,,,,,,,,,,,,,,,,,,,,,,,,,,,,,,,,,,,,,,,,,,,,,,,,,,,,,,,,,,,,,,,,,,,,,,,,,,,,,,,,,,,,,,,,,,,,,,,,,,,,,,,,,,,,,,,,,,,,,,,,,,,,,,,,,,,
Ccs-oUnbDxA.mp4,14,bouncing ball (not juggling),A girl is jumping up and down,30.0,0.0,10.0,1.33,9.4,40,282,40,57,57,74,74,92,92,109,109,126,126,143,143,161,161,178,178,195,195,213,213,230,230,247,247,265,265,282,,,,,,,,,,,,,,,,,,,,,,,,,,,,,,,,,,,,,,,,,,,,,,,,,,,,,,,,,,,,,,,,,,,,,,,,,,,,,,,,,,,,,,,,,,,,,,,,,,,,,,,,,,,,,,,,,,
dG5wk1Ns6WE.mp4,2,fixing bicycle,A person is rotating the cycle pedal,30.0,0.0,10.0,5.47,8.8,164,264,164,214,214,264,,,,,,,,,,,,,,,,,,,,,,,,,,,,,,,,,,,,,,,,,,,,,,,,,,,,,,,,,,,,,,,,,,,,,,,,,,,,,,,,,,,,,,,,,,,,,,,,,,,,,,,,,,,,,,,,,,,,,,,,,,,,,,,,,,,,,,,,,,
lfepTaVhsZI.mp4,2,hammer throw,A person is turning around,30.0,0.0,2.2,0.03,1.23,1,37,1,19,19,37,,,,,,,,,,,,,,,,,,,,,,,,,,,,,,,,,,,,,,,,,,,,,,,,,,,,,,,,,,,,,,,,,,,,,,,,,,,,,,,,,,,,,,,,,,,,,,,,,,,,,,,,,,,,,,,,,,,,,,,,,,,,,,,,,,,,,,,,,,
HhiGySYdL44.mp4,3,playing beer pong,A person is rotating hisher hand,24.996,0.0,10.0,6.6,8.24,165,206,165,179,179,192,192,206,,,,,,,,,,,,,,,,,,,,,,,,,,,,,,,,,,,,,,,,,,,,,,,,,,,,,,,,,,,,,,,,,,,,,,,,,,,,,,,,,,,,,,,,,,,,,,,,,,,,,,,,,,,,,,,,,,,,,,,,,,,,,,,,,,,,,,,,
sD2xkGzQpSo.mp4,2,opening wine bottle,A woman is hitting the shoe with a bottle inside the wall,30.0,0.0,9.23,0.07,1.6,2,48,2,25,25,48,,,,,,,,,,,,,,,,,,,,,,,,,,,,,,,,,,,,,,,,,,,,,,,,,,,,,,,,,,,,,,,,,,,,,,,,,,,,,,,,,,,,,,,,,,,,,,,,,,,,,,,,,,,,,,,,,,,,,,,,,,,,,,,,,,,,,,,,,,
8TvBFSgwsV8.mp4,2,bending metal,A person is rotating the machine's wheel,20.251,0.0,6.47,1.63,4.54,33,92,33,63,63,92,,,,,,,,,,,,,,,,,,,,,,,,,,,,,,,,,,,,,,,,,,,,,,,,,,,,,,,,,,,,,,,,,,,,,,,,,,,,,,,,,,,,,,,,,,,,,,,,,,,,,,,,,,,,,,,,,,,,,,,,,,,,,,,,,,,,,,,,,,
J5mmnwyf-Ec.mp4,6,blowing bubble gum,A boy is tapping the bubble gum,30.0,0.0,6.9,2.77,5.47,83,164,83,96,96,110,110,124,124,137,137,151,151,164,,,,,,,,,,,,,,,,,,,,,,,,,,,,,,,,,,,,,,,,,,,,,,,,,,,,,,,,,,,,,,,,,,,,,,,,,,,,,,,,,,,,,,,,,,,,,,,,,,,,,,,,,,,,,,,,,,,,,,,,,,,,,,,,,,
KFioFKlryCw.mp4,15,putting on mascara,A person is applying mascara,15.0,0.0,10.0,1.67,9.93,25,149,25,33,33,42,42,50,50,58,58,67,67,75,75,83,83,91,91,100,100,108,108,116,116,125,125,133,133,141,141,149,,,,,,,,,,,,,,,,,,,,,,,,,,,,,,,,,,,,,,,,,,,,,,,,,,,,,,,,,,,,,,,,,,,,,,,,,,,,,,,,,,,,,,,,,,,,,,,,,,,,,,,,,,,,,,,,
LVzS5yg_fhQ.mp4,11,drumming fingers,A person is playing the tabla,30.0,0.0,10.0,1.67,4.2,50,126,50,57,57,64,64,71,71,78,78,85,85,92,92,99,99,105,105,112,112,119,119,126,,,,,,,,,,,,,,,,,,,,,,,,,,,,,,,,,,,,,,,,,,,,,,,,,,,,,,,,,,,,,,,,,,,,,,,,,,,,,,,,,,,,,,,,,,,,,,,,,,,,,,,,,,,,,,,,,,,,,,,,
t9m1ltLXP_E.mp4,3,trimming shrubs,A man is cutting the plants with a machine,25.0,0.0,9.76,0.08,3.68,2,92,2,32,32,62,62,92,,,,,,,,,,,,,,,,,,,,,,,,,,,,,,,,,,,,,,,,,,,,,,,,,,,,,,,,,,,,,,,,,,,,,,,,,,,,,,,,,,,,,,,,,,,,,,,,,,,,,,,,,,,,,,,,,,,,,,,,,,,,,,,,,,,,,,,,
PdEsqzAFV0k.mp4,4,folding clothes,A person is smoothing a cloth,29.97002997002997,0.0,10.01,2.84,4.1,85,123,85,95,95,104,104,114,114,123,,,,,,,,,,,,,,,,,,,,,,,,,,,,,,,,,,,,,,,,,,,,,,,,,,,,,,,,,,,,,,,,,,,,,,,,,,,,,,,,,,,,,,,,,,,,,,,,,,,,,,,,,,,,,,,,,,,,,,,,,,,,,,,,,,,,,,
ULkWqZPxXm4.mp4,2,bookbinding,A person is tying the rubber band to the book,30.0,0.0,10.0,1.03,2.97,31,89,31,60,60,89,,,,,,,,,,,,,,,,,,,,,,,,,,,,,,,,,,,,,,,,,,,,,,,,,,,,,,,,,,,,,,,,,,,,,,,,,,,,,,,,,,,,,,,,,,,,,,,,,,,,,,,,,,,,,,,,,,,,,,,,,,,,,,,,,,,,,,,,,,
amQO7nfWEQs.mp4,3,putting in contact lenses,A person is blinking eyelashes,30.0,0.0,10.0,1.4,2.8,42,84,42,56,56,70,70,84,,,,,,,,,,,,,,,,,,,,,,,,,,,,,,,,,,,,,,,,,,,,,,,,,,,,,,,,,,,,,,,,,,,,,,,,,,,,,,,,,,,,,,,,,,,,,,,,,,,,,,,,,,,,,,,,,,,,,,,,,,,,,,,,,,,,,,,,
9LT3BCByI34.mp4,4,home roasting coffee,A person is shaking the pan,30.0,0.0,10.0,7.23,9.53,217,286,217,234,234,251,251,268,268,286,,,,,,,,,,,,,,,,,,,,,,,,,,,,,,,,,,,,,,,,,,,,,,,,,,,,,,,,,,,,,,,,,,,,,,,,,,,,,,,,,,,,,,,,,,,,,,,,,,,,,,,,,,,,,,,,,,,,,,,,,,,,,,,,,,,,,,
Ioo_X-Aez3w.mp4,5,using a wrench,A person is rotating the rod,30.0,0.0,9.57,6.07,9.37,182,281,182,202,202,222,222,241,241,261,261,281,,,,,,,,,,,,,,,,,,,,,,,,,,,,,,,,,,,,,,,,,,,,,,,,,,,,,,,,,,,,,,,,,,,,,,,,,,,,,,,,,,,,,,,,,,,,,,,,,,,,,,,,,,,,,,,,,,,,,,,,,,,,,,,,,,,,
Q7GXs2i2P4k.mp4,3,massaging feet,A person is moving the leg upside down,29.654036243822077,0.0,10.02,0.94,3.14,28,93,28,50,50,71,71,93,,,,,,,,,,,,,,,,,,,,,,,,,,,,,,,,,,,,,,,,,,,,,,,,,,,,,,,,,,,,,,,,,,,,,,,,,,,,,,,,,,,,,,,,,,,,,,,,,,,,,,,,,,,,,,,,,,,,,,,,,,,,,,,,,,,,,,,,
hPYGgv_75SY.mp4,3,hammer throw,A woman is rotating,29.97002997002997,0.0,10.01,1.07,2.64,32,79,32,48,48,64,64,79,,,,,,,,,,,,,,,,,,,,,,,,,,,,,,,,,,,,,,,,,,,,,,,,,,,,,,,,,,,,,,,,,,,,,,,,,,,,,,,,,,,,,,,,,,,,,,,,,,,,,,,,,,,,,,,,,,,,,,,,,,,,,,,,,,,,,,,,
KEjNu97KFb4.mp4,4,exercising with an exercise ball,A person is doing the exercise,29.97002997002997,0.0,10.01,0.17,8.84,5,265,5,70,70,135,135,200,200,265,,,,,,,,,,,,,,,,,,,,,,,,,,,,,,,,,,,,,,,,,,,,,,,,,,,,,,,,,,,,,,,,,,,,,,,,,,,,,,,,,,,,,,,,,,,,,,,,,,,,,,,,,,,,,,,,,,,,,,,,,,,,,,,,,,,,,,
lY_Ui598fv4.mp4,2,eating hotdog,A person is moving the hands,29.97002997002997,0.0,10.01,0.47,2.64,14,79,14,47,47,79,,,,,,,,,,,,,,,,,,,,,,,,,,,,,,,,,,,,,,,,,,,,,,,,,,,,,,,,,,,,,,,,,,,,,,,,,,,,,,,,,,,,,,,,,,,,,,,,,,,,,,,,,,,,,,,,,,,,,,,,,,,,,,,,,,,,,,,,,,
cHus4HjnriI.mp4,4,cheerleading,A group of people waving their hands,25.0,0.0,10.0,0.04,1.88,1,47,1,12,12,24,24,36,36,47,,,,,,,,,,,,,,,,,,,,,,,,,,,,,,,,,,,,,,,,,,,,,,,,,,,,,,,,,,,,,,,,,,,,,,,,,,,,,,,,,,,,,,,,,,,,,,,,,,,,,,,,,,,,,,,,,,,,,,,,,,,,,,,,,,,,,,
tKyqXBjScds.mp4,5,contact juggling,A person is rolling balls in his hands,25.0,0.0,10.0,3.44,6.8,86,170,86,103,103,120,120,136,136,153,153,170,,,,,,,,,,,,,,,,,,,,,,,,,,,,,,,,,,,,,,,,,,,,,,,,,,,,,,,,,,,,,,,,,,,,,,,,,,,,,,,,,,,,,,,,,,,,,,,,,,,,,,,,,,,,,,,,,,,,,,,,,,,,,,,,,,,,
sM0D_NhLNsY.mp4,4,waving hand,A baby is waving his hand,30.0,0.0,10.0,4.63,7.63,139,229,139,162,162,184,184,207,207,229,,,,,,,,,,,,,,,,,,,,,,,,,,,,,,,,,,,,,,,,,,,,,,,,,,,,,,,,,,,,,,,,,,,,,,,,,,,,,,,,,,,,,,,,,,,,,,,,,,,,,,,,,,,,,,,,,,,,,,,,,,,,,,,,,,,,,,
KEjNu97KFb4.mp4,4,exercising with an exercise ball,A person is doing exercise,29.97002997002997,0.0,10.01,1.4,10.01,42,300,42,106,106,171,171,235,235,300,,,,,,,,,,,,,,,,,,,,,,,,,,,,,,,,,,,,,,,,,,,,,,,,,,,,,,,,,,,,,,,,,,,,,,,,,,,,,,,,,,,,,,,,,,,,,,,,,,,,,,,,,,,,,,,,,,,,,,,,,,,,,,,,,,,,,,
JAVe-XHC6XY.mp4,5,milking cow,A person is taking the milk into the bucket,30.0,0.0,10.0,1.4,9.63,42,289,42,91,91,141,141,190,190,240,240,289,,,,,,,,,,,,,,,,,,,,,,,,,,,,,,,,,,,,,,,,,,,,,,,,,,,,,,,,,,,,,,,,,,,,,,,,,,,,,,,,,,,,,,,,,,,,,,,,,,,,,,,,,,,,,,,,,,,,,,,,,,,,,,,,,,,,
7MZD90wIQrs.mp4,3,playing oboe,A person is shaking the instrument,30.0,0.0,10.0,0.53,2.53,16,76,16,36,36,56,56,76,,,,,,,,,,,,,,,,,,,,,,,,,,,,,,,,,,,,,,,,,,,,,,,,,,,,,,,,,,,,,,,,,,,,,,,,,,,,,,,,,,,,,,,,,,,,,,,,,,,,,,,,,,,,,,,,,,,,,,,,,,,,,,,,,,,,,,,,
hb07Y9Ay9ks.mp4,5,clapping,A child is clapping hisher hands,20.0,0.0,10.0,0.05,1.9,1,38,1,8,8,16,16,23,23,30,30,38,,,,,,,,,,,,,,,,,,,,,,,,,,,,,,,,,,,,,,,,,,,,,,,,,,,,,,,,,,,,,,,,,,,,,,,,,,,,,,,,,,,,,,,,,,,,,,,,,,,,,,,,,,,,,,,,,,,,,,,,,,,,,,,,,,,,
6ON1fwaP05s.mp4,3,riding mechanical bull,A woman is playing on an object,23.917,0.0,10.03,3.68,9.7,88,232,88,136,136,184,184,232,,,,,,,,,,,,,,,,,,,,,,,,,,,,,,,,,,,,,,,,,,,,,,,,,,,,,,,,,,,,,,,,,,,,,,,,,,,,,,,,,,,,,,,,,,,,,,,,,,,,,,,,,,,,,,,,,,,,,,,,,,,,,,,,,,,,,,,,
NyMU_sFIEVQ.mp4,3,playing hand clapping games,A person is tapping the head,29.944388270980788,0.0,10.02,1.9,2.37,57,71,57,62,62,66,66,71,,,,,,,,,,,,,,,,,,,,,,,,,,,,,,,,,,,,,,,,,,,,,,,,,,,,,,,,,,,,,,,,,,,,,,,,,,,,,,,,,,,,,,,,,,,,,,,,,,,,,,,,,,,,,,,,,,,,,,,,,,,,,,,,,,,,,,,,
LJB7TcC38Is.mp4,4,cutting apple,A person is cutting a vegetable,10.0,0.0,10.0,0.8,5.4,8,54,8,19,19,31,31,42,42,54,,,,,,,,,,,,,,,,,,,,,,,,,,,,,,,,,,,,,,,,,,,,,,,,,,,,,,,,,,,,,,,,,,,,,,,,,,,,,,,,,,,,,,,,,,,,,,,,,,,,,,,,,,,,,,,,,,,,,,,,,,,,,,,,,,,,,,
n1GboxXJ1aU.mp4,5,shaving head,A person is trimming the hair,30.0,0.0,10.0,1.37,5.23,41,157,41,64,64,87,87,111,111,134,134,157,,,,,,,,,,,,,,,,,,,,,,,,,,,,,,,,,,,,,,,,,,,,,,,,,,,,,,,,,,,,,,,,,,,,,,,,,,,,,,,,,,,,,,,,,,,,,,,,,,,,,,,,,,,,,,,,,,,,,,,,,,,,,,,,,,,,
8lm4C9dwvfk.mp4,3,breakdancing,A person is dancing,29.916666666666668,0.0,10.03,0.13,3.58,4,107,4,38,38,72,72,107,,,,,,,,,,,,,,,,,,,,,,,,,,,,,,,,,,,,,,,,,,,,,,,,,,,,,,,,,,,,,,,,,,,,,,,,,,,,,,,,,,,,,,,,,,,,,,,,,,,,,,,,,,,,,,,,,,,,,,,,,,,,,,,,,,,,,,,,
jIA6LIyIgnw.mp4,11,playing controller,A light is blinking on a digital game board,29.97002997002997,0.0,10.01,0.27,3.47,8,104,8,17,17,26,26,35,35,43,43,52,52,61,61,69,69,78,78,87,87,96,96,104,,,,,,,,,,,,,,,,,,,,,,,,,,,,,,,,,,,,,,,,,,,,,,,,,,,,,,,,,,,,,,,,,,,,,,,,,,,,,,,,,,,,,,,,,,,,,,,,,,,,,,,,,,,,,,,,,,,,,,,,
K9MoDTJqEO0.mp4,2,auctioning,A person is waving hands,25.0,0.0,9.28,3.0,4.6,75,115,75,95,95,115,,,,,,,,,,,,,,,,,,,,,,,,,,,,,,,,,,,,,,,,,,,,,,,,,,,,,,,,,,,,,,,,,,,,,,,,,,,,,,,,,,,,,,,,,,,,,,,,,,,,,,,,,,,,,,,,,,,,,,,,,,,,,,,,,,,,,,,,,,
8tfcIXTnssc.mp4,2,stacking cups,A person is stacking the glasses,29.97002997002997,0.0,10.01,1.13,4.4,34,132,34,83,83,132,,,,,,,,,,,,,,,,,,,,,,,,,,,,,,,,,,,,,,,,,,,,,,,,,,,,,,,,,,,,,,,,,,,,,,,,,,,,,,,,,,,,,,,,,,,,,,,,,,,,,,,,,,,,,,,,,,,,,,,,,,,,,,,,,,,,,,,,,,
D3qWsxGAHJ8.mp4,4,blowing out candles,The baby boy is blowing out the candles,15.0,0.0,10.0,3.27,8.4,49,126,49,68,68,87,87,107,107,126,,,,,,,,,,,,,,,,,,,,,,,,,,,,,,,,,,,,,,,,,,,,,,,,,,,,,,,,,,,,,,,,,,,,,,,,,,,,,,,,,,,,,,,,,,,,,,,,,,,,,,,,,,,,,,,,,,,,,,,,,,,,,,,,,,,,,,
eljVGRG9C-E.mp4,3,carving pumpkin,A person is cutting with the knife,23.976023976023978,0.0,10.01,8.59,9.51,206,228,206,214,214,221,221,228,,,,,,,,,,,,,,,,,,,,,,,,,,,,,,,,,,,,,,,,,,,,,,,,,,,,,,,,,,,,,,,,,,,,,,,,,,,,,,,,,,,,,,,,,,,,,,,,,,,,,,,,,,,,,,,,,,,,,,,,,,,,,,,,,,,,,,,,
zCDSC_4juhs.mp4,2,making a sandwich,A person is preparing food,29.97002997002997,0.0,10.01,3.34,3.77,100,113,100,106,106,113,,,,,,,,,,,,,,,,,,,,,,,,,,,,,,,,,,,,,,,,,,,,,,,,,,,,,,,,,,,,,,,,,,,,,,,,,,,,,,,,,,,,,,,,,,,,,,,,,,,,,,,,,,,,,,,,,,,,,,,,,,,,,,,,,,,,,,,,,,
f19ewNGkwJs.mp4,6,trimming or shaving beard,A person is shaving with the tool,30.0,0.0,10.0,0.8,7.87,24,236,24,59,59,95,95,130,130,166,166,201,201,236,,,,,,,,,,,,,,,,,,,,,,,,,,,,,,,,,,,,,,,,,,,,,,,,,,,,,,,,,,,,,,,,,,,,,,,,,,,,,,,,,,,,,,,,,,,,,,,,,,,,,,,,,,,,,,,,,,,,,,,,,,,,,,,,,,
f0cl5063ApE.mp4,2,clapping,A person is clapping hisher hands,25.0,0.0,10.0,1.4,2.08,35,52,35,44,44,52,,,,,,,,,,,,,,,,,,,,,,,,,,,,,,,,,,,,,,,,,,,,,,,,,,,,,,,,,,,,,,,,,,,,,,,,,,,,,,,,,,,,,,,,,,,,,,,,,,,,,,,,,,,,,,,,,,,,,,,,,,,,,,,,,,,,,,,,,,
abY-JTk62pE.mp4,3,rope pushdown,A person is doing exercise,30.0,0.0,10.0,0.23,8.87,7,266,7,94,94,180,180,266,,,,,,,,,,,,,,,,,,,,,,,,,,,,,,,,,,,,,,,,,,,,,,,,,,,,,,,,,,,,,,,,,,,,,,,,,,,,,,,,,,,,,,,,,,,,,,,,,,,,,,,,,,,,,,,,,,,,,,,,,,,,,,,,,,,,,,,,
hGZ9DibLaaI.mp4,3,shining shoes,A person is polishing the shoe,29.97002997002997,0.0,10.01,0.03,0.67,1,20,1,8,8,14,14,20,,,,,,,,,,,,,,,,,,,,,,,,,,,,,,,,,,,,,,,,,,,,,,,,,,,,,,,,,,,,,,,,,,,,,,,,,,,,,,,,,,,,,,,,,,,,,,,,,,,,,,,,,,,,,,,,,,,,,,,,,,,,,,,,,,,,,,,,
gbl163SO_CQ.mp4,3,beatboxing,A child is dancing,29.97002997002997,0.0,10.01,7.77,9.98,233,299,233,255,255,277,277,299,,,,,,,,,,,,,,,,,,,,,,,,,,,,,,,,,,,,,,,,,,,,,,,,,,,,,,,,,,,,,,,,,,,,,,,,,,,,,,,,,,,,,,,,,,,,,,,,,,,,,,,,,,,,,,,,,,,,,,,,,,,,,,,,,,,,,,,,
EH2j0ERUPrY.mp4,3,playing bass guitar,A person is playing guitar,25.0,0.0,10.0,2.84,3.56,71,89,71,77,77,83,83,89,,,,,,,,,,,,,,,,,,,,,,,,,,,,,,,,,,,,,,,,,,,,,,,,,,,,,,,,,,,,,,,,,,,,,,,,,,,,,,,,,,,,,,,,,,,,,,,,,,,,,,,,,,,,,,,,,,,,,,,,,,,,,,,,,,,,,,,,
pRQlkFiB-zg.mp4,2,setting table,A person is placing the glass on the table,29.97002997002997,0.0,10.01,3.9,8.61,117,258,117,188,188,258,,,,,,,,,,,,,,,,,,,,,,,,,,,,,,,,,,,,,,,,,,,,,,,,,,,,,,,,,,,,,,,,,,,,,,,,,,,,,,,,,,,,,,,,,,,,,,,,,,,,,,,,,,,,,,,,,,,,,,,,,,,,,,,,,,,,,,,,,,
5If3p2EoC08.mp4,4,roller skating,A person is skating on the floor near a pool,23.976023976023978,0.0,10.01,1.29,6.34,31,152,31,61,61,92,92,122,122,152,,,,,,,,,,,,,,,,,,,,,,,,,,,,,,,,,,,,,,,,,,,,,,,,,,,,,,,,,,,,,,,,,,,,,,,,,,,,,,,,,,,,,,,,,,,,,,,,,,,,,,,,,,,,,,,,,,,,,,,,,,,,,,,,,,,,,,
JSB_XqAJCUI.mp4,11,massaging person's head,A person is doing massage,29.0,0.0,10.0,0.03,3.0,1,87,1,9,9,17,17,25,25,32,32,40,40,48,48,56,56,64,64,71,71,79,79,87,,,,,,,,,,,,,,,,,,,,,,,,,,,,,,,,,,,,,,,,,,,,,,,,,,,,,,,,,,,,,,,,,,,,,,,,,,,,,,,,,,,,,,,,,,,,,,,,,,,,,,,,,,,,,,,,,,,,,,,,
JbIKun1x_BY.mp4,4,playing rubiks cube,A person is jumping,23.976023976023978,0.0,10.01,0.58,2.34,14,56,14,25,25,35,35,45,45,56,,,,,,,,,,,,,,,,,,,,,,,,,,,,,,,,,,,,,,,,,,,,,,,,,,,,,,,,,,,,,,,,,,,,,,,,,,,,,,,,,,,,,,,,,,,,,,,,,,,,,,,,,,,,,,,,,,,,,,,,,,,,,,,,,,,,,,
-U2frOP59dc.mp4,4,air drumming,A person is moving his hand,29.97002997002997,0.0,5.51,0.07,1.43,2,43,2,13,13,23,23,33,33,43,,,,,,,,,,,,,,,,,,,,,,,,,,,,,,,,,,,,,,,,,,,,,,,,,,,,,,,,,,,,,,,,,,,,,,,,,,,,,,,,,,,,,,,,,,,,,,,,,,,,,,,,,,,,,,,,,,,,,,,,,,,,,,,,,,,,,,
6Nhu53-vZZo.mp4,10,doing aerobics,A person is dancing,25.0,0.0,10.0,2.8,10.0,70,250,70,88,88,106,106,124,124,142,142,160,160,178,178,196,196,214,214,232,232,250,,,,,,,,,,,,,,,,,,,,,,,,,,,,,,,,,,,,,,,,,,,,,,,,,,,,,,,,,,,,,,,,,,,,,,,,,,,,,,,,,,,,,,,,,,,,,,,,,,,,,,,,,,,,,,,,,,,,,,,,,,
hggjGDItPe0.mp4,2,throwing snowballs,A person is throwing the snow,29.97002997002997,0.0,10.01,1.53,7.24,46,217,46,131,131,217,,,,,,,,,,,,,,,,,,,,,,,,,,,,,,,,,,,,,,,,,,,,,,,,,,,,,,,,,,,,,,,,,,,,,,,,,,,,,,,,,,,,,,,,,,,,,,,,,,,,,,,,,,,,,,,,,,,,,,,,,,,,,,,,,,,,,,,,,,
JmuH-TcoCBQ.mp4,3,stacking dice,A person is moving the glass with the dice inside on the table,25.0,0.0,10.0,7.08,8.68,177,217,177,190,190,204,204,217,,,,,,,,,,,,,,,,,,,,,,,,,,,,,,,,,,,,,,,,,,,,,,,,,,,,,,,,,,,,,,,,,,,,,,,,,,,,,,,,,,,,,,,,,,,,,,,,,,,,,,,,,,,,,,,,,,,,,,,,,,,,,,,,,,,,,,,,
ipEzR3-V2lI.mp4,2,putting on foundation,A lady is using a brush on her face,23.976023976023978,0.0,10.01,3.67,4.55,88,109,88,99,99,109,,,,,,,,,,,,,,,,,,,,,,,,,,,,,,,,,,,,,,,,,,,,,,,,,,,,,,,,,,,,,,,,,,,,,,,,,,,,,,,,,,,,,,,,,,,,,,,,,,,,,,,,,,,,,,,,,,,,,,,,,,,,,,,,,,,,,,,,,,
qc2Mf0WAmTc.mp4,5,skiing mono,A person is placing the sticks in the snow,30.0,0.0,10.0,0.57,8.57,17,257,17,65,65,113,113,161,161,209,209,257,,,,,,,,,,,,,,,,,,,,,,,,,,,,,,,,,,,,,,,,,,,,,,,,,,,,,,,,,,,,,,,,,,,,,,,,,,,,,,,,,,,,,,,,,,,,,,,,,,,,,,,,,,,,,,,,,,,,,,,,,,,,,,,,,,,,
KWcB_TQV4L8.mp4,2,shaping bread dough,A person is tapping the dough with his hand,30.0,0.0,9.57,2.07,2.6,62,78,62,70,70,78,,,,,,,,,,,,,,,,,,,,,,,,,,,,,,,,,,,,,,,,,,,,,,,,,,,,,,,,,,,,,,,,,,,,,,,,,,,,,,,,,,,,,,,,,,,,,,,,,,,,,,,,,,,,,,,,,,,,,,,,,,,,,,,,,,,,,,,,,,
9BlJwflR6aA.mp4,3,plastering,A person is smoothing the wall,7.805555555555555,0.0,10.12,7.05,9.99,55,78,55,63,63,70,70,78,,,,,,,,,,,,,,,,,,,,,,,,,,,,,,,,,,,,,,,,,,,,,,,,,,,,,,,,,,,,,,,,,,,,,,,,,,,,,,,,,,,,,,,,,,,,,,,,,,,,,,,,,,,,,,,,,,,,,,,,,,,,,,,,,,,,,,,,
FVObpIuZ7RY.mp4,5,putting on foundation,A woman is applying makeup to her face,25.0,0.0,9.92,1.96,2.92,49,73,49,54,54,59,59,63,63,68,68,73,,,,,,,,,,,,,,,,,,,,,,,,,,,,,,,,,,,,,,,,,,,,,,,,,,,,,,,,,,,,,,,,,,,,,,,,,,,,,,,,,,,,,,,,,,,,,,,,,,,,,,,,,,,,,,,,,,,,,,,,,,,,,,,,,,,,
BgfAVGrJNLo.mp4,3,cooking sausages (not on barbeque),A person is cutting the food with a knife,9.863,0.0,9.73,2.23,4.77,22,47,22,31,31,39,39,47,,,,,,,,,,,,,,,,,,,,,,,,,,,,,,,,,,,,,,,,,,,,,,,,,,,,,,,,,,,,,,,,,,,,,,,,,,,,,,,,,,,,,,,,,,,,,,,,,,,,,,,,,,,,,,,,,,,,,,,,,,,,,,,,,,,,,,,,
gbFeAGZQzOw.mp4,2,swinging on something,A person is swinging,25.0,0.0,10.0,0.08,7.96,2,199,2,100,100,199,,,,,,,,,,,,,,,,,,,,,,,,,,,,,,,,,,,,,,,,,,,,,,,,,,,,,,,,,,,,,,,,,,,,,,,,,,,,,,,,,,,,,,,,,,,,,,,,,,,,,,,,,,,,,,,,,,,,,,,,,,,,,,,,,,,,,,,,,,
kveCWxjYL_E.mp4,2,throwing discus,A person is rotating,29.97002997002997,0.0,10.01,6.41,7.77,192,233,192,212,212,233,,,,,,,,,,,,,,,,,,,,,,,,,,,,,,,,,,,,,,,,,,,,,,,,,,,,,,,,,,,,,,,,,,,,,,,,,,,,,,,,,,,,,,,,,,,,,,,,,,,,,,,,,,,,,,,,,,,,,,,,,,,,,,,,,,,,,,,,,,
ARHQOqF_DiE.mp4,3,playing harp,A person is playing a musical instrument,29.97002997002997,0.0,10.01,0.53,4.04,16,121,16,51,51,86,86,121,,,,,,,,,,,,,,,,,,,,,,,,,,,,,,,,,,,,,,,,,,,,,,,,,,,,,,,,,,,,,,,,,,,,,,,,,,,,,,,,,,,,,,,,,,,,,,,,,,,,,,,,,,,,,,,,,,,,,,,,,,,,,,,,,,,,,,,,
lOuPF0ozSHE.mp4,2,shining shoes,A person is cleaning a bag,17.0,0.0,10.0,4.06,6.06,69,103,69,86,86,103,,,,,,,,,,,,,,,,,,,,,,,,,,,,,,,,,,,,,,,,,,,,,,,,,,,,,,,,,,,,,,,,,,,,,,,,,,,,,,,,,,,,,,,,,,,,,,,,,,,,,,,,,,,,,,,,,,,,,,,,,,,,,,,,,,,,,,,,,,
dIzJgbNANzk.mp4,2,digging,A person is picking some potatoes,30.0,0.0,10.0,4.8,5.4,144,162,144,153,153,162,,,,,,,,,,,,,,,,,,,,,,,,,,,,,,,,,,,,,,,,,,,,,,,,,,,,,,,,,,,,,,,,,,,,,,,,,,,,,,,,,,,,,,,,,,,,,,,,,,,,,,,,,,,,,,,,,,,,,,,,,,,,,,,,,,,,,,,,,,
nOtgdRuNrJE.mp4,4,massaging neck,A person is pressing the neck,23.976023976023978,0.0,10.01,0.13,6.3,3,151,3,40,40,77,77,114,114,151,,,,,,,,,,,,,,,,,,,,,,,,,,,,,,,,,,,,,,,,,,,,,,,,,,,,,,,,,,,,,,,,,,,,,,,,,,,,,,,,,,,,,,,,,,,,,,,,,,,,,,,,,,,,,,,,,,,,,,,,,,,,,,,,,,,,,,
L4KnpWOsAr4.mp4,4,playing cello,A person is playing the cello,29.97002997002997,0.0,10.01,2.6,10.01,78,300,78,133,133,189,189,244,244,300,,,,,,,,,,,,,,,,,,,,,,,,,,,,,,,,,,,,,,,,,,,,,,,,,,,,,,,,,,,,,,,,,,,,,,,,,,,,,,,,,,,,,,,,,,,,,,,,,,,,,,,,,,,,,,,,,,,,,,,,,,,,,,,,,,,,,,
Ikj3Oh1l7gk.mp4,2,waiting in line,A person with red hair is shaking the hand,30.0,0.0,10.0,7.73,8.33,232,250,232,241,241,250,,,,,,,,,,,,,,,,,,,,,,,,,,,,,,,,,,,,,,,,,,,,,,,,,,,,,,,,,,,,,,,,,,,,,,,,,,,,,,,,,,,,,,,,,,,,,,,,,,,,,,,,,,,,,,,,,,,,,,,,,,,,,,,,,,,,,,,,,,
ZBtfgwQ0gS8.mp4,3,steer roping,A person is rotating the rope,29.916666666666668,0.0,10.03,4.55,6.05,136,181,136,151,151,166,166,181,,,,,,,,,,,,,,,,,,,,,,,,,,,,,,,,,,,,,,,,,,,,,,,,,,,,,,,,,,,,,,,,,,,,,,,,,,,,,,,,,,,,,,,,,,,,,,,,,,,,,,,,,,,,,,,,,,,,,,,,,,,,,,,,,,,,,,,,
A7kUIKN3p14.mp4,2,snatch weight lifting,A person is lifting weights,29.97002997002997,0.0,10.01,1.27,10.01,38,300,38,169,169,300,,,,,,,,,,,,,,,,,,,,,,,,,,,,,,,,,,,,,,,,,,,,,,,,,,,,,,,,,,,,,,,,,,,,,,,,,,,,,,,,,,,,,,,,,,,,,,,,,,,,,,,,,,,,,,,,,,,,,,,,,,,,,,,,,,,,,,,,,,
xqB7XzNAWGA.mp4,7,sharpening pencil,A person is sketching,25.0,0.0,10.0,0.12,3.08,3,77,3,14,14,24,24,35,35,45,45,56,56,66,66,77,,,,,,,,,,,,,,,,,,,,,,,,,,,,,,,,,,,,,,,,,,,,,,,,,,,,,,,,,,,,,,,,,,,,,,,,,,,,,,,,,,,,,,,,,,,,,,,,,,,,,,,,,,,,,,,,,,,,,,,,,,,,,,,,
t13Y6OSvIYg.mp4,2,playing hand clapping games,A person on the right is dancing,30.0,0.0,10.0,0.13,5.67,4,170,4,87,87,170,,,,,,,,,,,,,,,,,,,,,,,,,,,,,,,,,,,,,,,,,,,,,,,,,,,,,,,,,,,,,,,,,,,,,,,,,,,,,,,,,,,,,,,,,,,,,,,,,,,,,,,,,,,,,,,,,,,,,,,,,,,,,,,,,,,,,,,,,,
z2vZ998eQaU.mp4,2,bench pressing,A person is lifting weights in the gym,25.0,0.0,10.0,0.6,5.0,15,125,15,70,70,125,,,,,,,,,,,,,,,,,,,,,,,,,,,,,,,,,,,,,,,,,,,,,,,,,,,,,,,,,,,,,,,,,,,,,,,,,,,,,,,,,,,,,,,,,,,,,,,,,,,,,,,,,,,,,,,,,,,,,,,,,,,,,,,,,,,,,,,,,,
oxZtMawAYMc.mp4,4,whistling,A person is rotating with his hand,29.97002997002997,0.0,8.98,5.71,8.48,171,254,171,192,192,213,213,233,233,254,,,,,,,,,,,,,,,,,,,,,,,,,,,,,,,,,,,,,,,,,,,,,,,,,,,,,,,,,,,,,,,,,,,,,,,,,,,,,,,,,,,,,,,,,,,,,,,,,,,,,,,,,,,,,,,,,,,,,,,,,,,,,,,,,,,,,,
BzovptkWJwE.mp4,2,treating wood,A person is painting on the wood,25.0,0.0,10.0,6.64,7.92,166,198,166,182,182,198,,,,,,,,,,,,,,,,,,,,,,,,,,,,,,,,,,,,,,,,,,,,,,,,,,,,,,,,,,,,,,,,,,,,,,,,,,,,,,,,,,,,,,,,,,,,,,,,,,,,,,,,,,,,,,,,,,,,,,,,,,,,,,,,,,,,,,,,,,
t99ArOLIuNY.mp4,2,using remote controller (not gaming),A person is pressing the remote control,30.0,0.0,10.0,4.8,7.13,144,214,144,179,179,214,,,,,,,,,,,,,,,,,,,,,,,,,,,,,,,,,,,,,,,,,,,,,,,,,,,,,,,,,,,,,,,,,,,,,,,,,,,,,,,,,,,,,,,,,,,,,,,,,,,,,,,,,,,,,,,,,,,,,,,,,,,,,,,,,,,,,,,,,,
FiWb_KGPnG0.mp4,2,high kick,A person is moving his left leg,30.0,0.0,10.0,0.6,2.83,18,85,18,52,52,85,,,,,,,,,,,,,,,,,,,,,,,,,,,,,,,,,,,,,,,,,,,,,,,,,,,,,,,,,,,,,,,,,,,,,,,,,,,,,,,,,,,,,,,,,,,,,,,,,,,,,,,,,,,,,,,,,,,,,,,,,,,,,,,,,,,,,,,,,,
BWyeST2Yzfc.mp4,3,cutting cake,A person is cutting the cake with a knife,30.0,0.0,10.0,0.33,3.37,10,101,10,40,40,70,70,101,,,,,,,,,,,,,,,,,,,,,,,,,,,,,,,,,,,,,,,,,,,,,,,,,,,,,,,,,,,,,,,,,,,,,,,,,,,,,,,,,,,,,,,,,,,,,,,,,,,,,,,,,,,,,,,,,,,,,,,,,,,,,,,,,,,,,,,,
a4UxYe_0ie8.mp4,16,sanding wood,A man is cleaning the table,29.97002997002997,0.0,10.01,3.04,9.88,91,296,91,104,104,117,117,130,130,142,142,155,155,168,168,181,181,194,194,206,206,219,219,232,232,245,245,258,258,270,270,283,283,296,,,,,,,,,,,,,,,,,,,,,,,,,,,,,,,,,,,,,,,,,,,,,,,,,,,,,,,,,,,,,,,,,,,,,,,,,,,,,,,,,,,,,,,,,,,,,,,,,,,,,,,,,,,,,,
A-_dQhXhqCE.mp4,2,being in zero gravity,A person is moving his hand,25.0,0.0,10.0,0.48,2.28,12,57,12,34,34,57,,,,,,,,,,,,,,,,,,,,,,,,,,,,,,,,,,,,,,,,,,,,,,,,,,,,,,,,,,,,,,,,,,,,,,,,,,,,,,,,,,,,,,,,,,,,,,,,,,,,,,,,,,,,,,,,,,,,,,,,,,,,,,,,,,,,,,,,,,
KeI7JYQHbxQ.mp4,3,casting fishing line,A boy is rotating the fishing pole,29.916666666666668,0.0,9.29,5.85,8.49,175,254,175,201,201,227,227,254,,,,,,,,,,,,,,,,,,,,,,,,,,,,,,,,,,,,,,,,,,,,,,,,,,,,,,,,,,,,,,,,,,,,,,,,,,,,,,,,,,,,,,,,,,,,,,,,,,,,,,,,,,,,,,,,,,,,,,,,,,,,,,,,,,,,,,,,
thEEsipDYgg.mp4,3,playing bass guitar,A man is playing a guitar,29.97002997002997,0.0,10.01,0.33,1.23,10,37,10,19,19,28,28,37,,,,,,,,,,,,,,,,,,,,,,,,,,,,,,,,,,,,,,,,,,,,,,,,,,,,,,,,,,,,,,,,,,,,,,,,,,,,,,,,,,,,,,,,,,,,,,,,,,,,,,,,,,,,,,,,,,,,,,,,,,,,,,,,,,,,,,,,
sOul9QaVqk8.mp4,2,whistling,A person is moving his hand,30.0,0.0,8.17,6.13,7.4,184,222,184,203,203,222,,,,,,,,,,,,,,,,,,,,,,,,,,,,,,,,,,,,,,,,,,,,,,,,,,,,,,,,,,,,,,,,,,,,,,,,,,,,,,,,,,,,,,,,,,,,,,,,,,,,,,,,,,,,,,,,,,,,,,,,,,,,,,,,,,,,,,,,,,
8BZ4H1oIjg0.mp4,2,clean and jerk,A person is moving legs,30.0,0.0,6.73,0.77,1.97,23,59,23,41,41,59,,,,,,,,,,,,,,,,,,,,,,,,,,,,,,,,,,,,,,,,,,,,,,,,,,,,,,,,,,,,,,,,,,,,,,,,,,,,,,,,,,,,,,,,,,,,,,,,,,,,,,,,,,,,,,,,,,,,,,,,,,,,,,,,,,,,,,,,,,
iIkTaMqRvfA.mp4,2,dancing gangnam style,A child is dancing on the stage,29.97002997002997,0.0,10.01,2.64,3.24,79,97,79,88,88,97,,,,,,,,,,,,,,,,,,,,,,,,,,,,,,,,,,,,,,,,,,,,,,,,,,,,,,,,,,,,,,,,,,,,,,,,,,,,,,,,,,,,,,,,,,,,,,,,,,,,,,,,,,,,,,,,,,,,,,,,,,,,,,,,,,,,,,,,,,
EsyX_V2EnTg.mp4,9,juggling fire,A person is playing with a fire stick,11.607,0.0,10.08,0.0,6.81,0,79,0,9,9,18,18,27,27,35,35,44,44,53,53,61,61,70,70,79,,,,,,,,,,,,,,,,,,,,,,,,,,,,,,,,,,,,,,,,,,,,,,,,,,,,,,,,,,,,,,,,,,,,,,,,,,,,,,,,,,,,,,,,,,,,,,,,,,,,,,,,,,,,,,,,,,,,,,,,,,,,
jIA6LIyIgnw.mp4,11,playing controller,A round light is blinking,29.97002997002997,0.0,10.01,0.27,3.37,8,101,8,17,17,25,25,34,34,42,42,50,50,59,59,67,67,76,76,84,84,92,92,101,,,,,,,,,,,,,,,,,,,,,,,,,,,,,,,,,,,,,,,,,,,,,,,,,,,,,,,,,,,,,,,,,,,,,,,,,,,,,,,,,,,,,,,,,,,,,,,,,,,,,,,,,,,,,,,,,,,,,,,,
h15RDDfnI2g.mp4,6,playing drums,A person is playing the drums,25.0,0.0,10.0,0.04,2.76,1,69,1,12,12,24,24,35,35,46,46,58,58,69,,,,,,,,,,,,,,,,,,,,,,,,,,,,,,,,,,,,,,,,,,,,,,,,,,,,,,,,,,,,,,,,,,,,,,,,,,,,,,,,,,,,,,,,,,,,,,,,,,,,,,,,,,,,,,,,,,,,,,,,,,,,,,,,,,
wfgJCvwxyHg.mp4,7,spinning poi,A person is juggling with fire,30.0,0.0,10.0,1.53,7.0,46,210,46,69,69,93,93,116,116,140,140,163,163,187,187,210,,,,,,,,,,,,,,,,,,,,,,,,,,,,,,,,,,,,,,,,,,,,,,,,,,,,,,,,,,,,,,,,,,,,,,,,,,,,,,,,,,,,,,,,,,,,,,,,,,,,,,,,,,,,,,,,,,,,,,,,,,,,,,,,
N5TNIoFFylc.mp4,17,counting money,A person is counting the money,29.796610169491526,0.0,9.83,0.13,9.56,4,285,4,20,20,37,37,53,53,70,70,86,86,103,103,119,119,136,136,152,152,169,169,186,186,202,202,219,219,235,235,252,252,268,268,285,,,,,,,,,,,,,,,,,,,,,,,,,,,,,,,,,,,,,,,,,,,,,,,,,,,,,,,,,,,,,,,,,,,,,,,,,,,,,,,,,,,,,,,,,,,,,,,,,,,,,,,,,,,,
qLNLQ26iu9s.mp4,3,pushing wheelchair,A person is pulling the wheelchair,28.102,0.0,10.03,0.04,2.81,1,79,1,27,27,53,53,79,,,,,,,,,,,,,,,,,,,,,,,,,,,,,,,,,,,,,,,,,,,,,,,,,,,,,,,,,,,,,,,,,,,,,,,,,,,,,,,,,,,,,,,,,,,,,,,,,,,,,,,,,,,,,,,,,,,,,,,,,,,,,,,,,,,,,,,,
JB159KmrK9I.mp4,7,throwing knife,A person is spinning,11.988011988011989,0.0,10.01,0.83,10.01,10,120,10,25,25,41,41,57,57,73,73,88,88,104,104,120,,,,,,,,,,,,,,,,,,,,,,,,,,,,,,,,,,,,,,,,,,,,,,,,,,,,,,,,,,,,,,,,,,,,,,,,,,,,,,,,,,,,,,,,,,,,,,,,,,,,,,,,,,,,,,,,,,,,,,,,,,,,,,,,
pRxYL8WV4Oo.mp4,6,eating burger,A person is eating a burger,29.97002997002997,0.0,10.01,2.64,5.27,79,158,79,92,92,105,105,119,119,132,132,145,145,158,,,,,,,,,,,,,,,,,,,,,,,,,,,,,,,,,,,,,,,,,,,,,,,,,,,,,,,,,,,,,,,,,,,,,,,,,,,,,,,,,,,,,,,,,,,,,,,,,,,,,,,,,,,,,,,,,,,,,,,,,,,,,,,,,,
5qXsSRuhEcg.mp4,5,exercising arm,A person is doing a workout,30.0,0.0,10.0,0.17,8.97,5,269,5,58,58,110,110,163,163,216,216,269,,,,,,,,,,,,,,,,,,,,,,,,,,,,,,,,,,,,,,,,,,,,,,,,,,,,,,,,,,,,,,,,,,,,,,,,,,,,,,,,,,,,,,,,,,,,,,,,,,,,,,,,,,,,,,,,,,,,,,,,,,,,,,,,,,,,
Z2SbsUX0Fg4.mp4,3,waxing back,A person is rubbing the paper,29.97002997002997,0.0,10.01,3.27,4.64,98,139,98,112,112,125,125,139,,,,,,,,,,,,,,,,,,,,,,,,,,,,,,,,,,,,,,,,,,,,,,,,,,,,,,,,,,,,,,,,,,,,,,,,,,,,,,,,,,,,,,,,,,,,,,,,,,,,,,,,,,,,,,,,,,,,,,,,,,,,,,,,,,,,,,,,
-eGnPDG5Pxs.mp4,5,air drumming,A person is moving his hand,29.97002997002997,0.0,10.01,7.17,9.91,215,297,215,231,231,248,248,264,264,281,281,297,,,,,,,,,,,,,,,,,,,,,,,,,,,,,,,,,,,,,,,,,,,,,,,,,,,,,,,,,,,,,,,,,,,,,,,,,,,,,,,,,,,,,,,,,,,,,,,,,,,,,,,,,,,,,,,,,,,,,,,,,,,,,,,,,,,,
GANHEnYBgOY.mp4,2,moon walking,A person is moving their legs on the floor,14.414,0.0,7.98,2.29,7.28,33,105,33,69,69,105,,,,,,,,,,,,,,,,,,,,,,,,,,,,,,,,,,,,,,,,,,,,,,,,,,,,,,,,,,,,,,,,,,,,,,,,,,,,,,,,,,,,,,,,,,,,,,,,,,,,,,,,,,,,,,,,,,,,,,,,,,,,,,,,,,,,,,,,,,
NTtZ-pwgPxs.mp4,5,grinding meat,A person is pressing an object,29.97002997002997,0.0,10.01,0.57,7.41,17,222,17,58,58,99,99,140,140,181,181,222,,,,,,,,,,,,,,,,,,,,,,,,,,,,,,,,,,,,,,,,,,,,,,,,,,,,,,,,,,,,,,,,,,,,,,,,,,,,,,,,,,,,,,,,,,,,,,,,,,,,,,,,,,,,,,,,,,,,,,,,,,,,,,,,,,,,
c_WswugLr7Y.mp4,28,carving marble,A person is smoothing an object,29.916666666666668,0.0,10.03,0.03,9.99,1,299,1,12,12,22,22,33,33,44,44,54,54,65,65,76,76,86,86,97,97,108,108,118,118,129,129,140,140,150,150,161,161,171,171,182,182,193,193,203,203,214,214,225,225,235,235,246,246,257,257,267,267,278,278,289,289,299,,,,,,,,,,,,,,,,,,,,,,,,,,,,,,,,,,,,,,,,,,,,,,,,,,,,,,,,,,,,,,,,,,,,,,,,,,,,,,,,,,,,,,
BZpScevi730.mp4,6,cleaning shoes,A person is cleaning the shoe,29.97002997002997,0.0,10.01,0.4,3.04,12,91,12,25,25,38,38,52,52,65,65,78,78,91,,,,,,,,,,,,,,,,,,,,,,,,,,,,,,,,,,,,,,,,,,,,,,,,,,,,,,,,,,,,,,,,,,,,,,,,,,,,,,,,,,,,,,,,,,,,,,,,,,,,,,,,,,,,,,,,,,,,,,,,,,,,,,,,,,
L7AhMZDVMW4.mp4,6,sharpening pencil,A person is sharpening the object,29.459,0.0,10.01,0.03,3.39,1,100,1,18,18,34,34,51,51,67,67,84,84,100,,,,,,,,,,,,,,,,,,,,,,,,,,,,,,,,,,,,,,,,,,,,,,,,,,,,,,,,,,,,,,,,,,,,,,,,,,,,,,,,,,,,,,,,,,,,,,,,,,,,,,,,,,,,,,,,,,,,,,,,,,,,,,,,,,
l9YSnzfl2YI.mp4,5,needle felting,A person is tapping with the tool,29.97002997002997,0.0,10.01,6.67,10.01,200,300,200,220,220,240,240,260,260,280,280,300,,,,,,,,,,,,,,,,,,,,,,,,,,,,,,,,,,,,,,,,,,,,,,,,,,,,,,,,,,,,,,,,,,,,,,,,,,,,,,,,,,,,,,,,,,,,,,,,,,,,,,,,,,,,,,,,,,,,,,,,,,,,,,,,,,,,
IzW5tbQw4h0.mp4,2,planing wood,A person is rubbing the wooden stick,15.0,0.0,10.0,0.13,3.4,2,51,2,26,26,51,,,,,,,,,,,,,,,,,,,,,,,,,,,,,,,,,,,,,,,,,,,,,,,,,,,,,,,,,,,,,,,,,,,,,,,,,,,,,,,,,,,,,,,,,,,,,,,,,,,,,,,,,,,,,,,,,,,,,,,,,,,,,,,,,,,,,,,,,,
Nw6rOZzftYo.mp4,7,whistling,A boy is clapping his hands,30.0,0.0,10.0,2.27,6.2,68,186,68,85,85,102,102,119,119,136,136,152,152,169,169,186,,,,,,,,,,,,,,,,,,,,,,,,,,,,,,,,,,,,,,,,,,,,,,,,,,,,,,,,,,,,,,,,,,,,,,,,,,,,,,,,,,,,,,,,,,,,,,,,,,,,,,,,,,,,,,,,,,,,,,,,,,,,,,,,
fOcfIbaEipc.mp4,3,playing xylophone,A person is playing an instrument,16.666666666666668,0.0,10.02,4.86,5.64,81,94,81,85,85,90,90,94,,,,,,,,,,,,,,,,,,,,,,,,,,,,,,,,,,,,,,,,,,,,,,,,,,,,,,,,,,,,,,,,,,,,,,,,,,,,,,,,,,,,,,,,,,,,,,,,,,,,,,,,,,,,,,,,,,,,,,,,,,,,,,,,,,,,,,,,
SfNzYILGaXY.mp4,2,tie dying,A person is painting on a t-shirt,29.97002997002997,0.0,10.01,0.43,2.17,13,65,13,39,39,65,,,,,,,,,,,,,,,,,,,,,,,,,,,,,,,,,,,,,,,,,,,,,,,,,,,,,,,,,,,,,,,,,,,,,,,,,,,,,,,,,,,,,,,,,,,,,,,,,,,,,,,,,,,,,,,,,,,,,,,,,,,,,,,,,,,,,,,,,,
EmjxfaAZ2Uk.mp4,3,playing cymbals,A person is playing the drums,29.97002997002997,0.0,9.44,0.17,1.6,5,48,5,19,19,34,34,48,,,,,,,,,,,,,,,,,,,,,,,,,,,,,,,,,,,,,,,,,,,,,,,,,,,,,,,,,,,,,,,,,,,,,,,,,,,,,,,,,,,,,,,,,,,,,,,,,,,,,,,,,,,,,,,,,,,,,,,,,,,,,,,,,,,,,,,,
OQ7IIjSiEZY.mp4,3,playing darts,A girl is throwing arrows,30.0,0.0,9.77,1.53,9.13,46,274,46,122,122,198,198,274,,,,,,,,,,,,,,,,,,,,,,,,,,,,,,,,,,,,,,,,,,,,,,,,,,,,,,,,,,,,,,,,,,,,,,,,,,,,,,,,,,,,,,,,,,,,,,,,,,,,,,,,,,,,,,,,,,,,,,,,,,,,,,,,,,,,,,,,
Qvan1CUnAWs.mp4,3,canoeing or kayaking,A person rowing the boat,30.0,0.0,10.0,0.73,6.67,22,200,22,81,81,141,141,200,,,,,,,,,,,,,,,,,,,,,,,,,,,,,,,,,,,,,,,,,,,,,,,,,,,,,,,,,,,,,,,,,,,,,,,,,,,,,,,,,,,,,,,,,,,,,,,,,,,,,,,,,,,,,,,,,,,,,,,,,,,,,,,,,,,,,,,,
iWe4UQuN4X8.mp4,3,laying tiles,A person is applying the cement,30.0,0.0,10.0,0.37,3.13,11,94,11,38,38,66,66,94,,,,,,,,,,,,,,,,,,,,,,,,,,,,,,,,,,,,,,,,,,,,,,,,,,,,,,,,,,,,,,,,,,,,,,,,,,,,,,,,,,,,,,,,,,,,,,,,,,,,,,,,,,,,,,,,,,,,,,,,,,,,,,,,,,,,,,,,
9gJeNlt5ems.mp4,2,curling eyelashes,A person is brushing the eye lashes,30.0,0.0,10.0,0.03,2.13,1,64,1,32,32,64,,,,,,,,,,,,,,,,,,,,,,,,,,,,,,,,,,,,,,,,,,,,,,,,,,,,,,,,,,,,,,,,,,,,,,,,,,,,,,,,,,,,,,,,,,,,,,,,,,,,,,,,,,,,,,,,,,,,,,,,,,,,,,,,,,,,,,,,,,
4rOOszniWCU.mp4,2,roller skating,The boy is skating,28.97102897102897,0.0,9.01,0.69,2.83,20,82,20,51,51,82,,,,,,,,,,,,,,,,,,,,,,,,,,,,,,,,,,,,,,,,,,,,,,,,,,,,,,,,,,,,,,,,,,,,,,,,,,,,,,,,,,,,,,,,,,,,,,,,,,,,,,,,,,,,,,,,,,,,,,,,,,,,,,,,,,,,,,,,,,
iMq9Hz-Ikdc.mp4,2,waxing chest,A person is rubbing a wax strip,19.981,0.0,10.01,0.3,1.4,6,28,6,17,17,28,,,,,,,,,,,,,,,,,,,,,,,,,,,,,,,,,,,,,,,,,,,,,,,,,,,,,,,,,,,,,,,,,,,,,,,,,,,,,,,,,,,,,,,,,,,,,,,,,,,,,,,,,,,,,,,,,,,,,,,,,,,,,,,,,,,,,,,,,,
amxhhrqx9PQ.mp4,5,playing slot machine,A person is waving fingers,30.0,0.0,10.0,0.43,2.2,13,66,13,24,24,34,34,45,45,55,55,66,,,,,,,,,,,,,,,,,,,,,,,,,,,,,,,,,,,,,,,,,,,,,,,,,,,,,,,,,,,,,,,,,,,,,,,,,,,,,,,,,,,,,,,,,,,,,,,,,,,,,,,,,,,,,,,,,,,,,,,,,,,,,,,,,,,,
fwygd7kUqyY.mp4,2,cartwheeling,A person is moving their hands,15.0,0.0,9.87,8.13,9.47,122,142,122,132,132,142,,,,,,,,,,,,,,,,,,,,,,,,,,,,,,,,,,,,,,,,,,,,,,,,,,,,,,,,,,,,,,,,,,,,,,,,,,,,,,,,,,,,,,,,,,,,,,,,,,,,,,,,,,,,,,,,,,,,,,,,,,,,,,,,,,,,,,,,,,
FZ5dIbUso84.mp4,3,putting on foundation,A person is cleaning the face with cotton,24.0,0.0,10.0,2.46,3.88,59,93,59,70,70,82,82,93,,,,,,,,,,,,,,,,,,,,,,,,,,,,,,,,,,,,,,,,,,,,,,,,,,,,,,,,,,,,,,,,,,,,,,,,,,,,,,,,,,,,,,,,,,,,,,,,,,,,,,,,,,,,,,,,,,,,,,,,,,,,,,,,,,,,,,,,
rcfaRJS90aY.mp4,4,washing dishes,A person is cleaning with a sponge,29.97002997002997,0.0,10.01,0.23,4.24,7,127,7,37,37,67,67,97,97,127,,,,,,,,,,,,,,,,,,,,,,,,,,,,,,,,,,,,,,,,,,,,,,,,,,,,,,,,,,,,,,,,,,,,,,,,,,,,,,,,,,,,,,,,,,,,,,,,,,,,,,,,,,,,,,,,,,,,,,,,,,,,,,,,,,,,,,
7E1_W_rN_MY.mp4,7,dribbling basketball,A person is hitting the ball,30.0,0.0,10.0,1.67,4.2,50,126,50,61,61,72,72,83,83,94,94,104,104,115,115,126,,,,,,,,,,,,,,,,,,,,,,,,,,,,,,,,,,,,,,,,,,,,,,,,,,,,,,,,,,,,,,,,,,,,,,,,,,,,,,,,,,,,,,,,,,,,,,,,,,,,,,,,,,,,,,,,,,,,,,,,,,,,,,,,
O90rjheAQEY.mp4,3,applauding,A person is clapping,23.976023976023978,0.0,2.21,0.13,1.21,3,29,3,12,12,20,20,29,,,,,,,,,,,,,,,,,,,,,,,,,,,,,,,,,,,,,,,,,,,,,,,,,,,,,,,,,,,,,,,,,,,,,,,,,,,,,,,,,,,,,,,,,,,,,,,,,,,,,,,,,,,,,,,,,,,,,,,,,,,,,,,,,,,,,,,,
fPBGz5XWT3w.mp4,2,ironing hair,A person is straightening the hair,29.97002997002997,0.0,10.01,2.14,3.5,64,105,64,85,85,105,,,,,,,,,,,,,,,,,,,,,,,,,,,,,,,,,,,,,,,,,,,,,,,,,,,,,,,,,,,,,,,,,,,,,,,,,,,,,,,,,,,,,,,,,,,,,,,,,,,,,,,,,,,,,,,,,,,,,,,,,,,,,,,,,,,,,,,,,,
MmQSRYIvzig.mp4,6,filling cake,A person is applying the cream to a cake with a spoon,24.0,0.0,10.0,3.17,4.25,76,102,76,80,80,84,84,89,89,93,93,97,97,102,,,,,,,,,,,,,,,,,,,,,,,,,,,,,,,,,,,,,,,,,,,,,,,,,,,,,,,,,,,,,,,,,,,,,,,,,,,,,,,,,,,,,,,,,,,,,,,,,,,,,,,,,,,,,,,,,,,,,,,,,,,,,,,,,,
LB7Pj__Msgg.mp4,2,baby waking up,A person is rubbing the forehead of a baby,25.0,0.0,10.0,2.04,8.84,51,221,51,136,136,221,,,,,,,,,,,,,,,,,,,,,,,,,,,,,,,,,,,,,,,,,,,,,,,,,,,,,,,,,,,,,,,,,,,,,,,,,,,,,,,,,,,,,,,,,,,,,,,,,,,,,,,,,,,,,,,,,,,,,,,,,,,,,,,,,,,,,,,,,,
d0Is1OQkvKo.mp4,3,swing dancing,A person is rotating the girl,25.0,0.0,9.8,3.16,6.84,79,171,79,110,110,140,140,171,,,,,,,,,,,,,,,,,,,,,,,,,,,,,,,,,,,,,,,,,,,,,,,,,,,,,,,,,,,,,,,,,,,,,,,,,,,,,,,,,,,,,,,,,,,,,,,,,,,,,,,,,,,,,,,,,,,,,,,,,,,,,,,,,,,,,,,,
CEMJE_5aPaA.mp4,2,treating wood,A person is cleaning the table with a paintbrush,25.0,0.0,10.0,1.76,2.72,44,68,44,56,56,68,,,,,,,,,,,,,,,,,,,,,,,,,,,,,,,,,,,,,,,,,,,,,,,,,,,,,,,,,,,,,,,,,,,,,,,,,,,,,,,,,,,,,,,,,,,,,,,,,,,,,,,,,,,,,,,,,,,,,,,,,,,,,,,,,,,,,,,,,,
OaXQdr9pnd8.mp4,4,tiptoeing,A person is moving their right hand,25.0,0.0,10.0,2.88,6.4,72,160,72,94,94,116,116,138,138,160,,,,,,,,,,,,,,,,,,,,,,,,,,,,,,,,,,,,,,,,,,,,,,,,,,,,,,,,,,,,,,,,,,,,,,,,,,,,,,,,,,,,,,,,,,,,,,,,,,,,,,,,,,,,,,,,,,,,,,,,,,,,,,,,,,,,,,
yAH3y7MjP_4.mp4,2,writing,A person is marking the lines,30.0,0.0,10.0,0.13,0.77,4,23,4,13,13,23,,,,,,,,,,,,,,,,,,,,,,,,,,,,,,,,,,,,,,,,,,,,,,,,,,,,,,,,,,,,,,,,,,,,,,,,,,,,,,,,,,,,,,,,,,,,,,,,,,,,,,,,,,,,,,,,,,,,,,,,,,,,,,,,,,,,,,,,,,
Ua0a-IWIhiQ.mp4,3,making a cake,A person is mixing the eggs,29.97002997002997,0.0,10.01,7.31,8.21,219,246,219,228,228,237,237,246,,,,,,,,,,,,,,,,,,,,,,,,,,,,,,,,,,,,,,,,,,,,,,,,,,,,,,,,,,,,,,,,,,,,,,,,,,,,,,,,,,,,,,,,,,,,,,,,,,,,,,,,,,,,,,,,,,,,,,,,,,,,,,,,,,,,,,,,
e374Mb4Bhjo.mp4,3,playing cymbals,A person is tightening the screw,29.97002997002997,0.0,10.01,4.8,6.87,144,206,144,165,165,185,185,206,,,,,,,,,,,,,,,,,,,,,,,,,,,,,,,,,,,,,,,,,,,,,,,,,,,,,,,,,,,,,,,,,,,,,,,,,,,,,,,,,,,,,,,,,,,,,,,,,,,,,,,,,,,,,,,,,,,,,,,,,,,,,,,,,,,,,,,,
qINjUiSQIps.mp4,22,playing bass guitar,A person is playing the drums,30.0,0.0,10.0,0.33,9.93,10,298,10,23,23,36,36,49,49,62,62,75,75,88,88,101,101,114,114,127,127,141,141,154,154,167,167,180,180,193,193,206,206,219,219,232,232,245,245,258,258,271,271,285,285,298,,,,,,,,,,,,,,,,,,,,,,,,,,,,,,,,,,,,,,,,,,,,,,,,,,,,,,,,,,,,,,,,,,,,,,,,,,,,,,,,,,,,,,,,,,,,,,,,,,
CcdohtqCKm4.mp4,2,juggling fire,A person is juggling,25.0,0.0,10.0,3.2,4.72,80,118,80,99,99,118,,,,,,,,,,,,,,,,,,,,,,,,,,,,,,,,,,,,,,,,,,,,,,,,,,,,,,,,,,,,,,,,,,,,,,,,,,,,,,,,,,,,,,,,,,,,,,,,,,,,,,,,,,,,,,,,,,,,,,,,,,,,,,,,,,,,,,,,,,
MEvHiRupOOc.mp4,3,applauding,A person is clapping,29.933,0.0,10.02,5.08,8.89,152,266,152,190,190,228,228,266,,,,,,,,,,,,,,,,,,,,,,,,,,,,,,,,,,,,,,,,,,,,,,,,,,,,,,,,,,,,,,,,,,,,,,,,,,,,,,,,,,,,,,,,,,,,,,,,,,,,,,,,,,,,,,,,,,,,,,,,,,,,,,,,,,,,,,,,
BKYXXAgMIog.mp4,5,dealing cards,A person is counting the cards,30.0,0.0,10.0,0.03,3.6,1,108,1,23,23,44,44,65,65,87,87,108,,,,,,,,,,,,,,,,,,,,,,,,,,,,,,,,,,,,,,,,,,,,,,,,,,,,,,,,,,,,,,,,,,,,,,,,,,,,,,,,,,,,,,,,,,,,,,,,,,,,,,,,,,,,,,,,,,,,,,,,,,,,,,,,,,,,
f0lePIU82nY.mp4,2,moon walking,A baby is dancing,30.0,0.0,9.07,2.33,4.4,70,132,70,101,101,132,,,,,,,,,,,,,,,,,,,,,,,,,,,,,,,,,,,,,,,,,,,,,,,,,,,,,,,,,,,,,,,,,,,,,,,,,,,,,,,,,,,,,,,,,,,,,,,,,,,,,,,,,,,,,,,,,,,,,,,,,,,,,,,,,,,,,,,,,,
NWJoiMmfXB8.mp4,2,drop kicking,A girl is jumping on the bed,30.0,0.0,7.3,0.2,1.37,6,41,6,23,23,41,,,,,,,,,,,,,,,,,,,,,,,,,,,,,,,,,,,,,,,,,,,,,,,,,,,,,,,,,,,,,,,,,,,,,,,,,,,,,,,,,,,,,,,,,,,,,,,,,,,,,,,,,,,,,,,,,,,,,,,,,,,,,,,,,,,,,,,,,,
LRKyL9nJvlc.mp4,2,using inhaler,A kid is using an oxygen mask,25.0,0.0,10.0,0.8,4.8,20,120,20,70,70,120,,,,,,,,,,,,,,,,,,,,,,,,,,,,,,,,,,,,,,,,,,,,,,,,,,,,,,,,,,,,,,,,,,,,,,,,,,,,,,,,,,,,,,,,,,,,,,,,,,,,,,,,,,,,,,,,,,,,,,,,,,,,,,,,,,,,,,,,,,
Tpn9XoaVsMA.mp4,2,washing dishes,A person is pouring liquid,30.0,0.0,10.0,6.13,6.57,184,197,184,190,190,197,,,,,,,,,,,,,,,,,,,,,,,,,,,,,,,,,,,,,,,,,,,,,,,,,,,,,,,,,,,,,,,,,,,,,,,,,,,,,,,,,,,,,,,,,,,,,,,,,,,,,,,,,,,,,,,,,,,,,,,,,,,,,,,,,,,,,,,,,,
4VoT5LBYfbQ.mp4,17,blowing nose,A person is cleaning the nose,30.0,0.0,10.0,2.87,6.63,86,199,86,93,93,100,100,106,106,113,113,120,120,126,126,133,133,139,139,146,146,153,153,159,159,166,166,173,173,179,179,186,186,193,193,199,,,,,,,,,,,,,,,,,,,,,,,,,,,,,,,,,,,,,,,,,,,,,,,,,,,,,,,,,,,,,,,,,,,,,,,,,,,,,,,,,,,,,,,,,,,,,,,,,,,,,,,,,,,,
4-YmQKoHYmw.mp4,3,exercising arm,A person is lifting the weights,29.97002997002997,0.0,10.01,6.47,10.01,194,300,194,229,229,265,265,300,,,,,,,,,,,,,,,,,,,,,,,,,,,,,,,,,,,,,,,,,,,,,,,,,,,,,,,,,,,,,,,,,,,,,,,,,,,,,,,,,,,,,,,,,,,,,,,,,,,,,,,,,,,,,,,,,,,,,,,,,,,,,,,,,,,,,,,,
fzC1RSy2CBo.mp4,6,hopscotch,A person is jumping in the sand,29.97002997002997,0.0,10.01,0.87,8.21,26,246,26,63,63,100,100,136,136,173,173,209,209,246,,,,,,,,,,,,,,,,,,,,,,,,,,,,,,,,,,,,,,,,,,,,,,,,,,,,,,,,,,,,,,,,,,,,,,,,,,,,,,,,,,,,,,,,,,,,,,,,,,,,,,,,,,,,,,,,,,,,,,,,,,,,,,,,,,
9PbbBlKKfiM.mp4,2,being excited,A baby is shaking hisher legs,29.97002997002997,0.0,8.98,2.27,3.2,68,96,68,82,82,96,,,,,,,,,,,,,,,,,,,,,,,,,,,,,,,,,,,,,,,,,,,,,,,,,,,,,,,,,,,,,,,,,,,,,,,,,,,,,,,,,,,,,,,,,,,,,,,,,,,,,,,,,,,,,,,,,,,,,,,,,,,,,,,,,,,,,,,,,,
s7ToPArz2Rs.mp4,2,folding napkins,A person is folding the paper,25.0,0.0,9.32,2.0,2.64,50,66,50,58,58,66,,,,,,,,,,,,,,,,,,,,,,,,,,,,,,,,,,,,,,,,,,,,,,,,,,,,,,,,,,,,,,,,,,,,,,,,,,,,,,,,,,,,,,,,,,,,,,,,,,,,,,,,,,,,,,,,,,,,,,,,,,,,,,,,,,,,,,,,,,
FJNuJzVu2Nk.mp4,5,shining shoes,A boy is doing the shoe polishing,29.97002997002997,0.0,10.01,0.07,1.2,2,36,2,9,9,16,16,23,23,29,29,36,,,,,,,,,,,,,,,,,,,,,,,,,,,,,,,,,,,,,,,,,,,,,,,,,,,,,,,,,,,,,,,,,,,,,,,,,,,,,,,,,,,,,,,,,,,,,,,,,,,,,,,,,,,,,,,,,,,,,,,,,,,,,,,,,,,,
KsTnNqhZaHg.mp4,3,crossing eyes,A girl is moving her eyes,22.166666666666668,0.0,9.52,0.86,3.52,19,78,19,38,38,58,58,78,,,,,,,,,,,,,,,,,,,,,,,,,,,,,,,,,,,,,,,,,,,,,,,,,,,,,,,,,,,,,,,,,,,,,,,,,,,,,,,,,,,,,,,,,,,,,,,,,,,,,,,,,,,,,,,,,,,,,,,,,,,,,,,,,,,,,,,,
tVbBs6n3lTE.mp4,2,playing darts,A person is playing darts,29.97002997002997,0.0,9.38,0.4,4.37,12,131,12,71,71,131,,,,,,,,,,,,,,,,,,,,,,,,,,,,,,,,,,,,,,,,,,,,,,,,,,,,,,,,,,,,,,,,,,,,,,,,,,,,,,,,,,,,,,,,,,,,,,,,,,,,,,,,,,,,,,,,,,,,,,,,,,,,,,,,,,,,,,,,,,
YN-IdSS5XxU.mp4,2,reading newspaper,A person is using a pen on the newspaper,30.0,0.0,10.0,6.53,9.97,196,299,196,247,247,299,,,,,,,,,,,,,,,,,,,,,,,,,,,,,,,,,,,,,,,,,,,,,,,,,,,,,,,,,,,,,,,,,,,,,,,,,,,,,,,,,,,,,,,,,,,,,,,,,,,,,,,,,,,,,,,,,,,,,,,,,,,,,,,,,,,,,,,,,,
INJ44ypBaX4.mp4,2,building sandcastle,A person is digging in the sand,29.97002997002997,0.0,10.01,7.41,8.41,222,252,222,237,237,252,,,,,,,,,,,,,,,,,,,,,,,,,,,,,,,,,,,,,,,,,,,,,,,,,,,,,,,,,,,,,,,,,,,,,,,,,,,,,,,,,,,,,,,,,,,,,,,,,,,,,,,,,,,,,,,,,,,,,,,,,,,,,,,,,,,,,,,,,,
wYK_7na0Jns.mp4,4,belly dancing,A woman is waving her hands,14.0,0.0,10.0,2.21,4.0,31,56,31,37,37,43,43,50,50,56,,,,,,,,,,,,,,,,,,,,,,,,,,,,,,,,,,,,,,,,,,,,,,,,,,,,,,,,,,,,,,,,,,,,,,,,,,,,,,,,,,,,,,,,,,,,,,,,,,,,,,,,,,,,,,,,,,,,,,,,,,,,,,,,,,,,,,
lfEXcqwGT7k.mp4,5,backflip (human),A person is jumping,28.97102897102897,0.0,10.01,7.21,9.73,209,282,209,223,223,238,238,252,252,267,267,282,,,,,,,,,,,,,,,,,,,,,,,,,,,,,,,,,,,,,,,,,,,,,,,,,,,,,,,,,,,,,,,,,,,,,,,,,,,,,,,,,,,,,,,,,,,,,,,,,,,,,,,,,,,,,,,,,,,,,,,,,,,,,,,,,,,,
kdYDs9W3nn4.mp4,16,doing nails,A person polishing nails,29.97002997002997,0.0,10.01,0.13,4.37,4,131,4,12,12,19,19,27,27,35,35,43,43,51,51,59,59,67,67,75,75,83,83,91,91,99,99,107,107,115,115,123,123,131,,,,,,,,,,,,,,,,,,,,,,,,,,,,,,,,,,,,,,,,,,,,,,,,,,,,,,,,,,,,,,,,,,,,,,,,,,,,,,,,,,,,,,,,,,,,,,,,,,,,,,,,,,,,,,
KHb7hZ1VfLk.mp4,2,smashing,A girl hitting the guitar on the floor,10.0,0.0,10.0,1.4,7.8,14,78,14,46,46,78,,,,,,,,,,,,,,,,,,,,,,,,,,,,,,,,,,,,,,,,,,,,,,,,,,,,,,,,,,,,,,,,,,,,,,,,,,,,,,,,,,,,,,,,,,,,,,,,,,,,,,,,,,,,,,,,,,,,,,,,,,,,,,,,,,,,,,,,,,
kbpr1K_UAk4.mp4,4,leatherworking,A person is drawing lines with the tool,29.881,0.0,10.01,0.03,1.37,1,41,1,11,11,21,21,31,31,41,,,,,,,,,,,,,,,,,,,,,,,,,,,,,,,,,,,,,,,,,,,,,,,,,,,,,,,,,,,,,,,,,,,,,,,,,,,,,,,,,,,,,,,,,,,,,,,,,,,,,,,,,,,,,,,,,,,,,,,,,,,,,,,,,,,,,,
LOZ3wXKeMqs.mp4,3,massaging neck,A person is massaging the neck,30.0,0.0,10.0,0.03,4.93,1,148,1,50,50,99,99,148,,,,,,,,,,,,,,,,,,,,,,,,,,,,,,,,,,,,,,,,,,,,,,,,,,,,,,,,,,,,,,,,,,,,,,,,,,,,,,,,,,,,,,,,,,,,,,,,,,,,,,,,,,,,,,,,,,,,,,,,,,,,,,,,,,,,,,,,
SF0HhSNiQVI.mp4,5,swimming breast stroke,A person is swimming in the water,30.0,0.0,9.47,0.23,9.27,7,278,7,61,61,116,116,170,170,224,224,278,,,,,,,,,,,,,,,,,,,,,,,,,,,,,,,,,,,,,,,,,,,,,,,,,,,,,,,,,,,,,,,,,,,,,,,,,,,,,,,,,,,,,,,,,,,,,,,,,,,,,,,,,,,,,,,,,,,,,,,,,,,,,,,,,,,,
B5D9ZypiF9s.mp4,3,waxing back,A person is applying the wax,30.0,0.0,10.0,1.6,3.6,48,108,48,68,68,88,88,108,,,,,,,,,,,,,,,,,,,,,,,,,,,,,,,,,,,,,,,,,,,,,,,,,,,,,,,,,,,,,,,,,,,,,,,,,,,,,,,,,,,,,,,,,,,,,,,,,,,,,,,,,,,,,,,,,,,,,,,,,,,,,,,,,,,,,,,,
dDSl17_lJrM.mp4,6,breathing fire,A person is moving their hands,30.0,0.0,10.0,6.73,7.77,202,233,202,207,207,212,212,217,217,222,222,228,228,233,,,,,,,,,,,,,,,,,,,,,,,,,,,,,,,,,,,,,,,,,,,,,,,,,,,,,,,,,,,,,,,,,,,,,,,,,,,,,,,,,,,,,,,,,,,,,,,,,,,,,,,,,,,,,,,,,,,,,,,,,,,,,,,,,,
hLU9EBADYUc.mp4,2,moon walking,A person is dancing,9.7125,0.0,9.47,3.19,4.84,31,47,31,39,39,47,,,,,,,,,,,,,,,,,,,,,,,,,,,,,,,,,,,,,,,,,,,,,,,,,,,,,,,,,,,,,,,,,,,,,,,,,,,,,,,,,,,,,,,,,,,,,,,,,,,,,,,,,,,,,,,,,,,,,,,,,,,,,,,,,,,,,,,,,,
t9OE3nxnI2Y.mp4,4,using a sledge hammer,A person is hitting the tire with the hammer,29.5,0.0,10.0,1.25,8.85,37,261,37,93,93,149,149,205,205,261,,,,,,,,,,,,,,,,,,,,,,,,,,,,,,,,,,,,,,,,,,,,,,,,,,,,,,,,,,,,,,,,,,,,,,,,,,,,,,,,,,,,,,,,,,,,,,,,,,,,,,,,,,,,,,,,,,,,,,,,,,,,,,,,,,,,,,
v3_VEU0ZvWA.mp4,3,pushing wheelbarrow,A kid with a white shirt is moving his right hand,30.0,0.0,10.0,4.6,6.07,138,182,138,153,153,168,168,182,,,,,,,,,,,,,,,,,,,,,,,,,,,,,,,,,,,,,,,,,,,,,,,,,,,,,,,,,,,,,,,,,,,,,,,,,,,,,,,,,,,,,,,,,,,,,,,,,,,,,,,,,,,,,,,,,,,,,,,,,,,,,,,,,,,,,,,,
PI1HNV0Mzwc.mp4,4,sawing wood,A person is cutting the wood,23.976023976023978,0.0,10.01,4.38,6.26,105,150,105,117,117,128,128,139,139,150,,,,,,,,,,,,,,,,,,,,,,,,,,,,,,,,,,,,,,,,,,,,,,,,,,,,,,,,,,,,,,,,,,,,,,,,,,,,,,,,,,,,,,,,,,,,,,,,,,,,,,,,,,,,,,,,,,,,,,,,,,,,,,,,,,,,,,
Py0nNRluCZU.mp4,4,fixing hair,A person is knotting the hair of a girl,30.0,0.0,10.0,3.2,8.63,96,259,96,137,137,178,178,218,218,259,,,,,,,,,,,,,,,,,,,,,,,,,,,,,,,,,,,,,,,,,,,,,,,,,,,,,,,,,,,,,,,,,,,,,,,,,,,,,,,,,,,,,,,,,,,,,,,,,,,,,,,,,,,,,,,,,,,,,,,,,,,,,,,,,,,,,,
tdaUT3ua7GM.mp4,4,cutting pineapple,A person is cutting the fruit with a knife,30.0,0.0,10.0,0.07,2.2,2,66,2,18,18,34,34,50,50,66,,,,,,,,,,,,,,,,,,,,,,,,,,,,,,,,,,,,,,,,,,,,,,,,,,,,,,,,,,,,,,,,,,,,,,,,,,,,,,,,,,,,,,,,,,,,,,,,,,,,,,,,,,,,,,,,,,,,,,,,,,,,,,,,,,,,,,
AeTM7Yfpr0c.mp4,5,sanding wood,A person is filling in the colors,30.0,0.0,9.27,0.73,2.83,22,85,22,34,34,47,47,60,60,72,72,85,,,,,,,,,,,,,,,,,,,,,,,,,,,,,,,,,,,,,,,,,,,,,,,,,,,,,,,,,,,,,,,,,,,,,,,,,,,,,,,,,,,,,,,,,,,,,,,,,,,,,,,,,,,,,,,,,,,,,,,,,,,,,,,,,,,,
90Pt2nbHlsI.mp4,2,plastering,A person is placing cement on his hand,7.528,0.0,9.7,1.06,3.19,8,24,8,16,16,24,,,,,,,,,,,,,,,,,,,,,,,,,,,,,,,,,,,,,,,,,,,,,,,,,,,,,,,,,,,,,,,,,,,,,,,,,,,,,,,,,,,,,,,,,,,,,,,,,,,,,,,,,,,,,,,,,,,,,,,,,,,,,,,,,,,,,,,,,,
9Jf7DviWEik.mp4,2,doing sudoku,A person is drawing the line,25.0,0.0,10.0,4.04,4.68,101,117,101,109,109,117,,,,,,,,,,,,,,,,,,,,,,,,,,,,,,,,,,,,,,,,,,,,,,,,,,,,,,,,,,,,,,,,,,,,,,,,,,,,,,,,,,,,,,,,,,,,,,,,,,,,,,,,,,,,,,,,,,,,,,,,,,,,,,,,,,,,,,,,,,
pRxYL8WV4Oo.mp4,6,eating burger,A person is eating some food,29.97002997002997,0.0,10.01,2.87,5.27,86,158,86,98,98,110,110,122,122,134,134,146,146,158,,,,,,,,,,,,,,,,,,,,,,,,,,,,,,,,,,,,,,,,,,,,,,,,,,,,,,,,,,,,,,,,,,,,,,,,,,,,,,,,,,,,,,,,,,,,,,,,,,,,,,,,,,,,,,,,,,,,,,,,,,,,,,,,,,
nRzzEdzcV4c.mp4,2,casting fishing line,A ball is dipping in the water,30.0,0.0,10.0,4.83,5.6,145,168,145,157,157,168,,,,,,,,,,,,,,,,,,,,,,,,,,,,,,,,,,,,,,,,,,,,,,,,,,,,,,,,,,,,,,,,,,,,,,,,,,,,,,,,,,,,,,,,,,,,,,,,,,,,,,,,,,,,,,,,,,,,,,,,,,,,,,,,,,,,,,,,,,
5VekLCNuGR8.mp4,8,splashing water,A person is playing with his hands,29.916666666666668,0.0,10.03,3.81,8.39,114,251,114,131,131,148,148,165,165,182,182,200,200,217,217,234,234,251,,,,,,,,,,,,,,,,,,,,,,,,,,,,,,,,,,,,,,,,,,,,,,,,,,,,,,,,,,,,,,,,,,,,,,,,,,,,,,,,,,,,,,,,,,,,,,,,,,,,,,,,,,,,,,,,,,,,,,,,,,,,,,
HIIS-bqWi3k.mp4,4,swinging on something,The person on the cradle is moving to and fro,15.0,0.0,10.0,0.07,9.47,1,142,1,36,36,71,71,106,106,142,,,,,,,,,,,,,,,,,,,,,,,,,,,,,,,,,,,,,,,,,,,,,,,,,,,,,,,,,,,,,,,,,,,,,,,,,,,,,,,,,,,,,,,,,,,,,,,,,,,,,,,,,,,,,,,,,,,,,,,,,,,,,,,,,,,,,,
YNqABg9Nchk.mp4,3,arm wrestling,A person is rotating the hand,25.0,0.0,10.0,5.72,7.0,143,175,143,154,154,164,164,175,,,,,,,,,,,,,,,,,,,,,,,,,,,,,,,,,,,,,,,,,,,,,,,,,,,,,,,,,,,,,,,,,,,,,,,,,,,,,,,,,,,,,,,,,,,,,,,,,,,,,,,,,,,,,,,,,,,,,,,,,,,,,,,,,,,,,,,,
9GbHEPrbJNE.mp4,5,sieving,A person is moving the strainer,30.0,0.0,9.23,0.03,2.27,1,68,1,15,15,28,28,42,42,55,55,68,,,,,,,,,,,,,,,,,,,,,,,,,,,,,,,,,,,,,,,,,,,,,,,,,,,,,,,,,,,,,,,,,,,,,,,,,,,,,,,,,,,,,,,,,,,,,,,,,,,,,,,,,,,,,,,,,,,,,,,,,,,,,,,,,,,,
iPUfpQR6wLs.mp4,2,smoking pipe,A person is putting the glass jars to the side,30.0,0.0,10.0,0.73,3.67,22,110,22,66,66,110,,,,,,,,,,,,,,,,,,,,,,,,,,,,,,,,,,,,,,,,,,,,,,,,,,,,,,,,,,,,,,,,,,,,,,,,,,,,,,,,,,,,,,,,,,,,,,,,,,,,,,,,,,,,,,,,,,,,,,,,,,,,,,,,,,,,,,,,,,
Sn627y08nmw.mp4,3,bench pressing,A person is lifting the weights,29.97002997002997,0.0,9.84,0.67,9.81,20,294,20,111,111,203,203,294,,,,,,,,,,,,,,,,,,,,,,,,,,,,,,,,,,,,,,,,,,,,,,,,,,,,,,,,,,,,,,,,,,,,,,,,,,,,,,,,,,,,,,,,,,,,,,,,,,,,,,,,,,,,,,,,,,,,,,,,,,,,,,,,,,,,,,,,
E8oChlee-pg.mp4,2,fixing bicycle,A person is rolling the bicycle wheel,15.0,0.0,10.0,2.13,3.13,32,47,32,39,39,47,,,,,,,,,,,,,,,,,,,,,,,,,,,,,,,,,,,,,,,,,,,,,,,,,,,,,,,,,,,,,,,,,,,,,,,,,,,,,,,,,,,,,,,,,,,,,,,,,,,,,,,,,,,,,,,,,,,,,,,,,,,,,,,,,,,,,,,,,,
y1qxafxmc8c.mp4,10,assembling bicycle,A person is fixing the pedal,29.97002997002997,0.0,10.01,0.23,6.37,7,191,7,26,26,44,44,62,62,81,81,99,99,117,117,136,136,154,154,172,172,191,,,,,,,,,,,,,,,,,,,,,,,,,,,,,,,,,,,,,,,,,,,,,,,,,,,,,,,,,,,,,,,,,,,,,,,,,,,,,,,,,,,,,,,,,,,,,,,,,,,,,,,,,,,,,,,,,,,,,,,,,,
9EaylcOtNp0.mp4,3,breakdancing,A girl is dancing,30.0,0.0,10.0,7.07,9.8,212,294,212,240,240,267,267,294,,,,,,,,,,,,,,,,,,,,,,,,,,,,,,,,,,,,,,,,,,,,,,,,,,,,,,,,,,,,,,,,,,,,,,,,,,,,,,,,,,,,,,,,,,,,,,,,,,,,,,,,,,,,,,,,,,,,,,,,,,,,,,,,,,,,,,,,
O6FexsCL2N8.mp4,3,sweeping floor,A person is sweeping,24.0,0.0,10.0,0.17,3.46,4,83,4,30,30,56,56,83,,,,,,,,,,,,,,,,,,,,,,,,,,,,,,,,,,,,,,,,,,,,,,,,,,,,,,,,,,,,,,,,,,,,,,,,,,,,,,,,,,,,,,,,,,,,,,,,,,,,,,,,,,,,,,,,,,,,,,,,,,,,,,,,,,,,,,,,
F3Iz-CjmL_E.mp4,2,blowing nose,A kid is moving their head up and down,15.0,0.0,10.0,1.27,2.93,19,44,19,32,32,44,,,,,,,,,,,,,,,,,,,,,,,,,,,,,,,,,,,,,,,,,,,,,,,,,,,,,,,,,,,,,,,,,,,,,,,,,,,,,,,,,,,,,,,,,,,,,,,,,,,,,,,,,,,,,,,,,,,,,,,,,,,,,,,,,,,,,,,,,,
LL_lupGcnDc.mp4,9,playing maracas,A person is waving hisher head,29.97002997002997,0.0,10.01,0.03,3.77,1,113,1,14,14,26,26,38,38,51,51,63,63,76,76,88,88,100,100,113,,,,,,,,,,,,,,,,,,,,,,,,,,,,,,,,,,,,,,,,,,,,,,,,,,,,,,,,,,,,,,,,,,,,,,,,,,,,,,,,,,,,,,,,,,,,,,,,,,,,,,,,,,,,,,,,,,,,,,,,,,,,
7D582WY2Et4.mp4,8,tap dancing,A person is moving the right leg,29.97002997002997,0.0,10.01,3.17,6.64,95,199,95,108,108,121,121,134,134,147,147,160,160,173,173,186,186,199,,,,,,,,,,,,,,,,,,,,,,,,,,,,,,,,,,,,,,,,,,,,,,,,,,,,,,,,,,,,,,,,,,,,,,,,,,,,,,,,,,,,,,,,,,,,,,,,,,,,,,,,,,,,,,,,,,,,,,,,,,,,,,
HrjtIMb_i1o.mp4,7,bouncing on trampoline,A person is jumping,29.97002997002997,0.0,9.38,0.13,7.44,4,223,4,35,35,66,66,98,98,129,129,160,160,192,192,223,,,,,,,,,,,,,,,,,,,,,,,,,,,,,,,,,,,,,,,,,,,,,,,,,,,,,,,,,,,,,,,,,,,,,,,,,,,,,,,,,,,,,,,,,,,,,,,,,,,,,,,,,,,,,,,,,,,,,,,,,,,,,,,,
Xg5UALbniUM.mp4,5,cutting pineapple,A person is slicing pineapple,23.976023976023978,0.0,9.59,1.04,3.92,25,94,25,39,39,53,53,66,66,80,80,94,,,,,,,,,,,,,,,,,,,,,,,,,,,,,,,,,,,,,,,,,,,,,,,,,,,,,,,,,,,,,,,,,,,,,,,,,,,,,,,,,,,,,,,,,,,,,,,,,,,,,,,,,,,,,,,,,,,,,,,,,,,,,,,,,,,,
Txxvp3mtxwg.mp4,2,tiptoeing,A person is dancing,24.874,0.0,10.01,4.06,4.82,101,120,101,111,111,120,,,,,,,,,,,,,,,,,,,,,,,,,,,,,,,,,,,,,,,,,,,,,,,,,,,,,,,,,,,,,,,,,,,,,,,,,,,,,,,,,,,,,,,,,,,,,,,,,,,,,,,,,,,,,,,,,,,,,,,,,,,,,,,,,,,,,,,,,,
oiangOumP1Q.mp4,2,using inhaler,A person is moving the hand,25.0,0.0,4.4,1.04,1.76,26,44,26,35,35,44,,,,,,,,,,,,,,,,,,,,,,,,,,,,,,,,,,,,,,,,,,,,,,,,,,,,,,,,,,,,,,,,,,,,,,,,,,,,,,,,,,,,,,,,,,,,,,,,,,,,,,,,,,,,,,,,,,,,,,,,,,,,,,,,,,,,,,,,,,
McOyOHR-f2Q.mp4,3,building sandcastle,A girl is nodding her head,30.0,0.0,10.0,0.03,1.07,1,32,1,12,12,22,22,32,,,,,,,,,,,,,,,,,,,,,,,,,,,,,,,,,,,,,,,,,,,,,,,,,,,,,,,,,,,,,,,,,,,,,,,,,,,,,,,,,,,,,,,,,,,,,,,,,,,,,,,,,,,,,,,,,,,,,,,,,,,,,,,,,,,,,,,,
QDJH2vzGPH0.mp4,2,washing dishes,A person is washing a knife with a scrubber,30.0,0.0,10.0,7.37,7.97,221,239,221,230,230,239,,,,,,,,,,,,,,,,,,,,,,,,,,,,,,,,,,,,,,,,,,,,,,,,,,,,,,,,,,,,,,,,,,,,,,,,,,,,,,,,,,,,,,,,,,,,,,,,,,,,,,,,,,,,,,,,,,,,,,,,,,,,,,,,,,,,,,,,,,
zvMqDtOSKLg.mp4,3,petting cat,A person is pampering with the left hand,29.97002997002997,0.0,10.01,8.11,9.38,243,281,243,256,256,268,268,281,,,,,,,,,,,,,,,,,,,,,,,,,,,,,,,,,,,,,,,,,,,,,,,,,,,,,,,,,,,,,,,,,,,,,,,,,,,,,,,,,,,,,,,,,,,,,,,,,,,,,,,,,,,,,,,,,,,,,,,,,,,,,,,,,,,,,,,,
5uyq1MvdM2o.mp4,2,dunking basketball,A person is playing with a ball,24.0,0.0,5.29,0.58,1.79,14,43,14,29,29,43,,,,,,,,,,,,,,,,,,,,,,,,,,,,,,,,,,,,,,,,,,,,,,,,,,,,,,,,,,,,,,,,,,,,,,,,,,,,,,,,,,,,,,,,,,,,,,,,,,,,,,,,,,,,,,,,,,,,,,,,,,,,,,,,,,,,,,,,,,
9WtPHZ-HMMk.mp4,2,high fiving,A woman is pressing the dog's face,30.0,0.0,9.5,0.23,1.6,7,48,7,28,28,48,,,,,,,,,,,,,,,,,,,,,,,,,,,,,,,,,,,,,,,,,,,,,,,,,,,,,,,,,,,,,,,,,,,,,,,,,,,,,,,,,,,,,,,,,,,,,,,,,,,,,,,,,,,,,,,,,,,,,,,,,,,,,,,,,,,,,,,,,,
hIWIJyMby2s.mp4,5,blasting sand,A person is spraying on the pillar,30.0,0.0,9.8,1.13,9.43,34,283,34,84,84,133,133,183,183,233,233,283,,,,,,,,,,,,,,,,,,,,,,,,,,,,,,,,,,,,,,,,,,,,,,,,,,,,,,,,,,,,,,,,,,,,,,,,,,,,,,,,,,,,,,,,,,,,,,,,,,,,,,,,,,,,,,,,,,,,,,,,,,,,,,,,,,,,
y1qxafxmc8c.mp4,10,assembling bicycle,A person is fixing with his hand,29.97002997002997,0.0,10.01,0.43,7.07,13,212,13,33,33,53,53,73,73,93,93,113,113,133,133,152,152,172,172,192,192,212,,,,,,,,,,,,,,,,,,,,,,,,,,,,,,,,,,,,,,,,,,,,,,,,,,,,,,,,,,,,,,,,,,,,,,,,,,,,,,,,,,,,,,,,,,,,,,,,,,,,,,,,,,,,,,,,,,,,,,,,,,
YsMw2yFs1IQ.mp4,5,sword swallowing,A person is doing push-ups,30.0,0.0,10.0,4.27,8.8,128,264,128,156,156,183,183,210,210,237,237,264,,,,,,,,,,,,,,,,,,,,,,,,,,,,,,,,,,,,,,,,,,,,,,,,,,,,,,,,,,,,,,,,,,,,,,,,,,,,,,,,,,,,,,,,,,,,,,,,,,,,,,,,,,,,,,,,,,,,,,,,,,,,,,,,,,,,
adskJP_tG4M.mp4,10,changing oil,A person is rotating the object,29.97002997002997,0.0,10.01,1.33,8.38,40,251,40,61,61,82,82,103,103,124,124,145,145,166,166,187,187,208,208,229,229,251,,,,,,,,,,,,,,,,,,,,,,,,,,,,,,,,,,,,,,,,,,,,,,,,,,,,,,,,,,,,,,,,,,,,,,,,,,,,,,,,,,,,,,,,,,,,,,,,,,,,,,,,,,,,,,,,,,,,,,,,,,
JMGmFMJ-I7U.mp4,8,pirouetting,A person is spinning,29.97002997002997,0.0,10.01,1.03,2.54,31,76,31,37,37,42,42,48,48,53,53,59,59,64,64,70,70,76,,,,,,,,,,,,,,,,,,,,,,,,,,,,,,,,,,,,,,,,,,,,,,,,,,,,,,,,,,,,,,,,,,,,,,,,,,,,,,,,,,,,,,,,,,,,,,,,,,,,,,,,,,,,,,,,,,,,,,,,,,,,,,
KXS14qCZsUo.mp4,6,waxing armpits,A person is spreading the wax with a wax stick,30.0,0.0,10.0,3.17,4.8,95,144,95,103,103,111,111,119,119,128,128,136,136,144,,,,,,,,,,,,,,,,,,,,,,,,,,,,,,,,,,,,,,,,,,,,,,,,,,,,,,,,,,,,,,,,,,,,,,,,,,,,,,,,,,,,,,,,,,,,,,,,,,,,,,,,,,,,,,,,,,,,,,,,,,,,,,,,,,
n1GboxXJ1aU.mp4,5,shaving head,A person is trimming hair,30.0,0.0,10.0,1.4,5.23,42,157,42,65,65,88,88,111,111,134,134,157,,,,,,,,,,,,,,,,,,,,,,,,,,,,,,,,,,,,,,,,,,,,,,,,,,,,,,,,,,,,,,,,,,,,,,,,,,,,,,,,,,,,,,,,,,,,,,,,,,,,,,,,,,,,,,,,,,,,,,,,,,,,,,,,,,,,
EIOE8RdJxwo.mp4,2,ironing hair,A person combing the hair,29.97002997002997,0.0,10.01,0.6,3.8,18,114,18,66,66,114,,,,,,,,,,,,,,,,,,,,,,,,,,,,,,,,,,,,,,,,,,,,,,,,,,,,,,,,,,,,,,,,,,,,,,,,,,,,,,,,,,,,,,,,,,,,,,,,,,,,,,,,,,,,,,,,,,,,,,,,,,,,,,,,,,,,,,,,,,
IDMpv6OPaRM.mp4,2,massaging back,A person is doing a massage,29.97002997002997,0.0,10.01,0.03,6.41,1,192,1,97,97,192,,,,,,,,,,,,,,,,,,,,,,,,,,,,,,,,,,,,,,,,,,,,,,,,,,,,,,,,,,,,,,,,,,,,,,,,,,,,,,,,,,,,,,,,,,,,,,,,,,,,,,,,,,,,,,,,,,,,,,,,,,,,,,,,,,,,,,,,,,
7jmp40Vh3Vs.mp4,4,shot put,A person is doing a warm-up,24.645,0.0,9.13,1.42,3.77,35,93,35,49,49,64,64,78,78,93,,,,,,,,,,,,,,,,,,,,,,,,,,,,,,,,,,,,,,,,,,,,,,,,,,,,,,,,,,,,,,,,,,,,,,,,,,,,,,,,,,,,,,,,,,,,,,,,,,,,,,,,,,,,,,,,,,,,,,,,,,,,,,,,,,,,,,
8B_SoHxUENE.mp4,2,playing organ,A person is playing the piano,29.97002997002997,0.0,10.01,6.91,8.58,207,257,207,232,232,257,,,,,,,,,,,,,,,,,,,,,,,,,,,,,,,,,,,,,,,,,,,,,,,,,,,,,,,,,,,,,,,,,,,,,,,,,,,,,,,,,,,,,,,,,,,,,,,,,,,,,,,,,,,,,,,,,,,,,,,,,,,,,,,,,,,,,,,,,,
d2CbOXHITYE.mp4,5,gospel singing in church,A person is waving his head,30.0,0.0,10.0,0.03,1.8,1,54,1,12,12,22,22,33,33,43,43,54,,,,,,,,,,,,,,,,,,,,,,,,,,,,,,,,,,,,,,,,,,,,,,,,,,,,,,,,,,,,,,,,,,,,,,,,,,,,,,,,,,,,,,,,,,,,,,,,,,,,,,,,,,,,,,,,,,,,,,,,,,,,,,,,,,,,
dg9pDLv-uF4.mp4,2,playing recorder,The baby is dancing,30.0,0.0,10.0,0.03,1.83,1,55,1,28,28,55,,,,,,,,,,,,,,,,,,,,,,,,,,,,,,,,,,,,,,,,,,,,,,,,,,,,,,,,,,,,,,,,,,,,,,,,,,,,,,,,,,,,,,,,,,,,,,,,,,,,,,,,,,,,,,,,,,,,,,,,,,,,,,,,,,,,,,,,,,
f5t2jeWxc2k.mp4,6,putting on mascara,A person is applying mascara,15.0,0.0,9.73,0.2,3.27,3,49,3,11,11,18,18,26,26,33,33,41,41,49,,,,,,,,,,,,,,,,,,,,,,,,,,,,,,,,,,,,,,,,,,,,,,,,,,,,,,,,,,,,,,,,,,,,,,,,,,,,,,,,,,,,,,,,,,,,,,,,,,,,,,,,,,,,,,,,,,,,,,,,,,,,,,,,,,
NTtZ-pwgPxs.mp4,5,grinding meat,A person is pressing with an object,29.97002997002997,0.0,10.01,0.6,7.37,18,221,18,59,59,99,99,140,140,180,180,221,,,,,,,,,,,,,,,,,,,,,,,,,,,,,,,,,,,,,,,,,,,,,,,,,,,,,,,,,,,,,,,,,,,,,,,,,,,,,,,,,,,,,,,,,,,,,,,,,,,,,,,,,,,,,,,,,,,,,,,,,,,,,,,,,,,,
aQYhD3AhMVA.mp4,4,battle rope training,A person is doing exercise,12.5,0.0,10.0,0.08,4.64,1,58,1,15,15,30,30,44,44,58,,,,,,,,,,,,,,,,,,,,,,,,,,,,,,,,,,,,,,,,,,,,,,,,,,,,,,,,,,,,,,,,,,,,,,,,,,,,,,,,,,,,,,,,,,,,,,,,,,,,,,,,,,,,,,,,,,,,,,,,,,,,,,,,,,,,,,
i2mJitIE0Ss.mp4,2,blowing nose,A baby is cleaning the nose with a handkerchief,15.0,0.0,10.0,3.13,5.07,47,76,47,61,61,76,,,,,,,,,,,,,,,,,,,,,,,,,,,,,,,,,,,,,,,,,,,,,,,,,,,,,,,,,,,,,,,,,,,,,,,,,,,,,,,,,,,,,,,,,,,,,,,,,,,,,,,,,,,,,,,,,,,,,,,,,,,,,,,,,,,,,,,,,,
zrIVKRK_13Y.mp4,2,reading book,A kid is scratching her face,29.97002997002997,0.0,8.98,4.97,5.81,149,174,149,161,161,174,,,,,,,,,,,,,,,,,,,,,,,,,,,,,,,,,,,,,,,,,,,,,,,,,,,,,,,,,,,,,,,,,,,,,,,,,,,,,,,,,,,,,,,,,,,,,,,,,,,,,,,,,,,,,,,,,,,,,,,,,,,,,,,,,,,,,,,,,,
lKN3YyJiuxo.mp4,2,using inhaler,A woman is rotating her head,23.0,0.0,10.0,0.3,6.26,7,144,7,75,75,144,,,,,,,,,,,,,,,,,,,,,,,,,,,,,,,,,,,,,,,,,,,,,,,,,,,,,,,,,,,,,,,,,,,,,,,,,,,,,,,,,,,,,,,,,,,,,,,,,,,,,,,,,,,,,,,,,,,,,,,,,,,,,,,,,,,,,,,,,,
cqBKMGuZC6I.mp4,2,playing violin,A girl is playing a violin,23.976023976023978,0.0,10.01,5.8,9.18,139,220,139,179,179,220,,,,,,,,,,,,,,,,,,,,,,,,,,,,,,,,,,,,,,,,,,,,,,,,,,,,,,,,,,,,,,,,,,,,,,,,,,,,,,,,,,,,,,,,,,,,,,,,,,,,,,,,,,,,,,,,,,,,,,,,,,,,,,,,,,,,,,,,,,
F5-zDawpkJE.mp4,3,ironing hair,A woman is straightening her hair,24.0,0.0,10.0,0.04,3.96,1,95,1,32,32,64,64,95,,,,,,,,,,,,,,,,,,,,,,,,,,,,,,,,,,,,,,,,,,,,,,,,,,,,,,,,,,,,,,,,,,,,,,,,,,,,,,,,,,,,,,,,,,,,,,,,,,,,,,,,,,,,,,,,,,,,,,,,,,,,,,,,,,,,,,,,
8ra0fOKgT3g.mp4,7,metal detecting,A person is moving the bomb detector,10.0,0.0,10.0,0.0,9.4,0,94,0,14,14,27,27,40,40,54,54,67,67,80,80,94,,,,,,,,,,,,,,,,,,,,,,,,,,,,,,,,,,,,,,,,,,,,,,,,,,,,,,,,,,,,,,,,,,,,,,,,,,,,,,,,,,,,,,,,,,,,,,,,,,,,,,,,,,,,,,,,,,,,,,,,,,,,,,,,
cly-JfeXzZM.mp4,3,cleaning shoes,A person is pressing with their thumb,30.0,0.0,10.0,0.57,2.47,17,74,17,36,36,55,55,74,,,,,,,,,,,,,,,,,,,,,,,,,,,,,,,,,,,,,,,,,,,,,,,,,,,,,,,,,,,,,,,,,,,,,,,,,,,,,,,,,,,,,,,,,,,,,,,,,,,,,,,,,,,,,,,,,,,,,,,,,,,,,,,,,,,,,,,,
oFfUC6OlfT8.mp4,2,playing trombone,A man is pulling the instrument from the kid,30.0,0.0,6.5,3.77,5.47,113,164,113,139,139,164,,,,,,,,,,,,,,,,,,,,,,,,,,,,,,,,,,,,,,,,,,,,,,,,,,,,,,,,,,,,,,,,,,,,,,,,,,,,,,,,,,,,,,,,,,,,,,,,,,,,,,,,,,,,,,,,,,,,,,,,,,,,,,,,,,,,,,,,,,
dRAP-SfSVCg.mp4,7,shaking head,A person is shaking his head,30.0,0.0,5.93,0.03,2.27,1,68,1,11,11,20,20,30,30,40,40,49,49,59,59,68,,,,,,,,,,,,,,,,,,,,,,,,,,,,,,,,,,,,,,,,,,,,,,,,,,,,,,,,,,,,,,,,,,,,,,,,,,,,,,,,,,,,,,,,,,,,,,,,,,,,,,,,,,,,,,,,,,,,,,,,,,,,,,,,
Df9XE-2mSN4.mp4,5,juggling balls,A person is juggling the balls,15.0,0.0,10.0,0.07,4.27,1,64,1,13,13,26,26,38,38,51,51,64,,,,,,,,,,,,,,,,,,,,,,,,,,,,,,,,,,,,,,,,,,,,,,,,,,,,,,,,,,,,,,,,,,,,,,,,,,,,,,,,,,,,,,,,,,,,,,,,,,,,,,,,,,,,,,,,,,,,,,,,,,,,,,,,,,,,
EkrjCTYsoMw.mp4,4,moon walking,A person is doing the moonwalk step,15.0,0.0,6.53,0.47,4.53,7,68,7,22,22,38,38,53,53,68,,,,,,,,,,,,,,,,,,,,,,,,,,,,,,,,,,,,,,,,,,,,,,,,,,,,,,,,,,,,,,,,,,,,,,,,,,,,,,,,,,,,,,,,,,,,,,,,,,,,,,,,,,,,,,,,,,,,,,,,,,,,,,,,,,,,,,
pa0ENrb63eM.mp4,8,drumming fingers,A person is tapping on the table with fingers,30.0,0.0,10.0,0.23,4.87,7,146,7,25,25,42,42,59,59,77,77,94,94,112,112,129,129,146,,,,,,,,,,,,,,,,,,,,,,,,,,,,,,,,,,,,,,,,,,,,,,,,,,,,,,,,,,,,,,,,,,,,,,,,,,,,,,,,,,,,,,,,,,,,,,,,,,,,,,,,,,,,,,,,,,,,,,,,,,,,,,
KrjcDij59iM.mp4,3,contact juggling,A man is rubbing the glass object,29.97002997002997,0.0,10.01,1.27,2.67,38,80,38,52,52,66,66,80,,,,,,,,,,,,,,,,,,,,,,,,,,,,,,,,,,,,,,,,,,,,,,,,,,,,,,,,,,,,,,,,,,,,,,,,,,,,,,,,,,,,,,,,,,,,,,,,,,,,,,,,,,,,,,,,,,,,,,,,,,,,,,,,,,,,,,,,
fe001nvAXbE.mp4,2,curling hair,A woman is rolling her hair,29.97002997002997,0.0,10.01,3.84,5.87,115,176,115,146,146,176,,,,,,,,,,,,,,,,,,,,,,,,,,,,,,,,,,,,,,,,,,,,,,,,,,,,,,,,,,,,,,,,,,,,,,,,,,,,,,,,,,,,,,,,,,,,,,,,,,,,,,,,,,,,,,,,,,,,,,,,,,,,,,,,,,,,,,,,,,
PnNOjyunefQ.mp4,2,playing cards,A man is waving the card,25.0,0.0,10.0,7.4,8.36,185,209,185,197,197,209,,,,,,,,,,,,,,,,,,,,,,,,,,,,,,,,,,,,,,,,,,,,,,,,,,,,,,,,,,,,,,,,,,,,,,,,,,,,,,,,,,,,,,,,,,,,,,,,,,,,,,,,,,,,,,,,,,,,,,,,,,,,,,,,,,,,,,,,,,
M3yyxI1zVaM.mp4,5,coloring in,A person is coloring the butterfly diagram,30.0,0.0,10.0,8.63,9.97,259,299,259,267,267,275,275,283,283,291,291,299,,,,,,,,,,,,,,,,,,,,,,,,,,,,,,,,,,,,,,,,,,,,,,,,,,,,,,,,,,,,,,,,,,,,,,,,,,,,,,,,,,,,,,,,,,,,,,,,,,,,,,,,,,,,,,,,,,,,,,,,,,,,,,,,,,,,
OFQ5LvjA9m4.mp4,9,front raises,A person is doing exercise,30.0,0.0,10.0,0.03,9.33,1,280,1,32,32,63,63,94,94,125,125,156,156,187,187,218,218,249,249,280,,,,,,,,,,,,,,,,,,,,,,,,,,,,,,,,,,,,,,,,,,,,,,,,,,,,,,,,,,,,,,,,,,,,,,,,,,,,,,,,,,,,,,,,,,,,,,,,,,,,,,,,,,,,,,,,,,,,,,,,,,,,
JD5JsZs_s2Q.mp4,24,juggling soccer ball,A boy was playing with a ball with his legs,29.97002997002997,0.0,10.01,0.63,6.21,19,186,19,26,26,33,33,40,40,47,47,54,54,61,61,68,68,75,75,82,82,89,89,96,96,102,102,109,109,116,116,123,123,130,130,137,137,144,144,151,151,158,158,165,165,172,172,179,179,186,,,,,,,,,,,,,,,,,,,,,,,,,,,,,,,,,,,,,,,,,,,,,,,,,,,,,,,,,,,,,,,,,,,,,,,,,,,,,,,,,,,,,,,,,,,,,,
G6hTargh4Lc.mp4,4,brushing hair,A person is combing the hair,30.0,0.0,10.0,0.83,2.27,25,68,25,36,36,47,47,58,58,68,,,,,,,,,,,,,,,,,,,,,,,,,,,,,,,,,,,,,,,,,,,,,,,,,,,,,,,,,,,,,,,,,,,,,,,,,,,,,,,,,,,,,,,,,,,,,,,,,,,,,,,,,,,,,,,,,,,,,,,,,,,,,,,,,,,,,,
OcwmYgM2qC4.mp4,7,curling (sport),A person is cleaning the floor,29.97002997002997,0.0,10.01,0.33,3.4,10,102,10,23,23,36,36,49,49,62,62,76,76,89,89,102,,,,,,,,,,,,,,,,,,,,,,,,,,,,,,,,,,,,,,,,,,,,,,,,,,,,,,,,,,,,,,,,,,,,,,,,,,,,,,,,,,,,,,,,,,,,,,,,,,,,,,,,,,,,,,,,,,,,,,,,,,,,,,,,
pJ5afrsq8rI.mp4,24,playing lute,A person is playing the guitar,30.0,0.0,9.2,3.2,6.93,96,208,96,101,101,105,105,110,110,115,115,119,119,124,124,129,129,133,133,138,138,142,142,147,147,152,152,156,156,161,161,166,166,170,170,175,175,180,180,184,184,189,189,194,194,198,198,203,203,208,,,,,,,,,,,,,,,,,,,,,,,,,,,,,,,,,,,,,,,,,,,,,,,,,,,,,,,,,,,,,,,,,,,,,,,,,,,,,,,,,,,,,,,,,,,,,,
pJ5afrsq8rI.mp4,24,playing lute,A person is playing the guitar,30.0,0.0,9.2,3.17,6.97,95,209,95,100,100,104,104,109,109,114,114,119,119,123,123,128,128,133,133,138,138,142,142,147,147,152,152,157,157,161,161,166,166,171,171,176,176,180,180,185,185,190,190,195,195,199,199,204,204,209,,,,,,,,,,,,,,,,,,,,,,,,,,,,,,,,,,,,,,,,,,,,,,,,,,,,,,,,,,,,,,,,,,,,,,,,,,,,,,,,,,,,,,,,,,,,,,
B7Kskdyw-jc.mp4,6,cleaning toilet,A person cleaning the toilet,24.0,0.0,10.0,7.71,9.92,185,238,185,194,194,203,203,212,212,220,220,229,229,238,,,,,,,,,,,,,,,,,,,,,,,,,,,,,,,,,,,,,,,,,,,,,,,,,,,,,,,,,,,,,,,,,,,,,,,,,,,,,,,,,,,,,,,,,,,,,,,,,,,,,,,,,,,,,,,,,,,,,,,,,,,,,,,,,,
k7i7P8XaGVw.mp4,2,tossing salad,A person is mixing the vegetables,13.785,0.0,10.01,0.15,2.97,2,41,2,22,22,41,,,,,,,,,,,,,,,,,,,,,,,,,,,,,,,,,,,,,,,,,,,,,,,,,,,,,,,,,,,,,,,,,,,,,,,,,,,,,,,,,,,,,,,,,,,,,,,,,,,,,,,,,,,,,,,,,,,,,,,,,,,,,,,,,,,,,,,,,,
P9hIJ6TqfGI.mp4,6,making horseshoes,A person is rotating the rod,25.0,0.0,10.0,2.04,6.76,51,169,51,71,71,90,90,110,110,130,130,149,149,169,,,,,,,,,,,,,,,,,,,,,,,,,,,,,,,,,,,,,,,,,,,,,,,,,,,,,,,,,,,,,,,,,,,,,,,,,,,,,,,,,,,,,,,,,,,,,,,,,,,,,,,,,,,,,,,,,,,,,,,,,,,,,,,,,,
QnNpL4alYQY.mp4,5,grooming horse,A person is cleaning the horse's eye with a cloth,29.97002997002997,0.0,10.01,2.0,4.27,60,128,60,74,74,87,87,101,101,115,115,128,,,,,,,,,,,,,,,,,,,,,,,,,,,,,,,,,,,,,,,,,,,,,,,,,,,,,,,,,,,,,,,,,,,,,,,,,,,,,,,,,,,,,,,,,,,,,,,,,,,,,,,,,,,,,,,,,,,,,,,,,,,,,,,,,,,,
6Lp_uAizFjw.mp4,3,applying cream,A person rubbing on the neck,30.0,0.0,10.0,2.17,4.0,65,120,65,83,83,102,102,120,,,,,,,,,,,,,,,,,,,,,,,,,,,,,,,,,,,,,,,,,,,,,,,,,,,,,,,,,,,,,,,,,,,,,,,,,,,,,,,,,,,,,,,,,,,,,,,,,,,,,,,,,,,,,,,,,,,,,,,,,,,,,,,,,,,,,,,,
sKGqBUuZtyw.mp4,5,shuffling cards,A person is holding the cards,25.0,0.0,10.0,0.8,2.88,20,72,20,30,30,41,41,51,51,62,62,72,,,,,,,,,,,,,,,,,,,,,,,,,,,,,,,,,,,,,,,,,,,,,,,,,,,,,,,,,,,,,,,,,,,,,,,,,,,,,,,,,,,,,,,,,,,,,,,,,,,,,,,,,,,,,,,,,,,,,,,,,,,,,,,,,,,,
rr4AG8fdrA0.mp4,10,peeling apples,A person is rotating an object,29.97002997002997,0.0,8.44,0.07,8.41,2,252,2,27,27,52,52,77,77,102,102,127,127,152,152,177,177,202,202,227,227,252,,,,,,,,,,,,,,,,,,,,,,,,,,,,,,,,,,,,,,,,,,,,,,,,,,,,,,,,,,,,,,,,,,,,,,,,,,,,,,,,,,,,,,,,,,,,,,,,,,,,,,,,,,,,,,,,,,,,,,,,,,
iIGk8yqP6EI.mp4,4,hammer throw,A person is rotating,25.0,0.0,6.72,2.2,4.32,55,108,55,68,68,82,82,95,95,108,,,,,,,,,,,,,,,,,,,,,,,,,,,,,,,,,,,,,,,,,,,,,,,,,,,,,,,,,,,,,,,,,,,,,,,,,,,,,,,,,,,,,,,,,,,,,,,,,,,,,,,,,,,,,,,,,,,,,,,,,,,,,,,,,,,,,,
tdaUT3ua7GM.mp4,4,cutting pineapple,A person is cutting with the knife,30.0,0.0,10.0,0.03,2.13,1,64,1,17,17,32,32,48,48,64,,,,,,,,,,,,,,,,,,,,,,,,,,,,,,,,,,,,,,,,,,,,,,,,,,,,,,,,,,,,,,,,,,,,,,,,,,,,,,,,,,,,,,,,,,,,,,,,,,,,,,,,,,,,,,,,,,,,,,,,,,,,,,,,,,,,,,
LB7Pj__Msgg.mp4,2,baby waking up,A person is soothing a baby,25.0,0.0,10.0,2.24,9.0,56,225,56,140,140,225,,,,,,,,,,,,,,,,,,,,,,,,,,,,,,,,,,,,,,,,,,,,,,,,,,,,,,,,,,,,,,,,,,,,,,,,,,,,,,,,,,,,,,,,,,,,,,,,,,,,,,,,,,,,,,,,,,,,,,,,,,,,,,,,,,,,,,,,,,
BGsrb_4eFeA.mp4,13,mixing colours,A person is mixing the paint,29.97002997002997,0.0,10.01,4.6,8.91,138,267,138,148,148,158,158,168,168,178,178,188,188,198,198,208,208,218,218,227,227,237,237,247,247,257,257,267,,,,,,,,,,,,,,,,,,,,,,,,,,,,,,,,,,,,,,,,,,,,,,,,,,,,,,,,,,,,,,,,,,,,,,,,,,,,,,,,,,,,,,,,,,,,,,,,,,,,,,,,,,,,,,,,,,,,
SF0HhSNiQVI.mp4,5,swimming breast stroke,A person swimming in the water,30.0,0.0,9.47,0.27,9.2,8,276,8,62,62,115,115,169,169,222,222,276,,,,,,,,,,,,,,,,,,,,,,,,,,,,,,,,,,,,,,,,,,,,,,,,,,,,,,,,,,,,,,,,,,,,,,,,,,,,,,,,,,,,,,,,,,,,,,,,,,,,,,,,,,,,,,,,,,,,,,,,,,,,,,,,,,,,
zi8haok04pA.mp4,3,cleaning shoes,A person is polishing the shoe,24.916666666666668,0.0,10.03,4.66,6.06,116,151,116,128,128,140,140,151,,,,,,,,,,,,,,,,,,,,,,,,,,,,,,,,,,,,,,,,,,,,,,,,,,,,,,,,,,,,,,,,,,,,,,,,,,,,,,,,,,,,,,,,,,,,,,,,,,,,,,,,,,,,,,,,,,,,,,,,,,,,,,,,,,,,,,,,
zlvIhKkopgg.mp4,2,separating eggs,A person is hitting the egg,23.976023976023978,0.0,10.01,0.38,1.21,9,29,9,19,19,29,,,,,,,,,,,,,,,,,,,,,,,,,,,,,,,,,,,,,,,,,,,,,,,,,,,,,,,,,,,,,,,,,,,,,,,,,,,,,,,,,,,,,,,,,,,,,,,,,,,,,,,,,,,,,,,,,,,,,,,,,,,,,,,,,,,,,,,,,,
mGsoxfrdvqI.mp4,6,flint knapping,A person is rubbing the object,15.0,0.0,10.0,3.73,5.07,56,76,56,60,60,63,63,66,66,70,70,73,73,76,,,,,,,,,,,,,,,,,,,,,,,,,,,,,,,,,,,,,,,,,,,,,,,,,,,,,,,,,,,,,,,,,,,,,,,,,,,,,,,,,,,,,,,,,,,,,,,,,,,,,,,,,,,,,,,,,,,,,,,,,,,,,,,,,,
eLTS8VVEAew.mp4,5,massaging person's head,A person is applying oil,30.0,0.0,10.0,4.47,8.13,134,244,134,156,156,178,178,200,200,222,222,244,,,,,,,,,,,,,,,,,,,,,,,,,,,,,,,,,,,,,,,,,,,,,,,,,,,,,,,,,,,,,,,,,,,,,,,,,,,,,,,,,,,,,,,,,,,,,,,,,,,,,,,,,,,,,,,,,,,,,,,,,,,,,,,,,,,,
Fa_g6qLeutA.mp4,7,making balloon shapes,A lady is playing with a toy,29.97002997002997,0.0,10.01,0.03,2.14,1,64,1,10,10,19,19,28,28,37,37,46,46,55,55,64,,,,,,,,,,,,,,,,,,,,,,,,,,,,,,,,,,,,,,,,,,,,,,,,,,,,,,,,,,,,,,,,,,,,,,,,,,,,,,,,,,,,,,,,,,,,,,,,,,,,,,,,,,,,,,,,,,,,,,,,,,,,,,,,
5fR1kCleA1k.mp4,2,exercising arm,A person is lifting weights,29.97002997002997,0.0,10.01,1.27,9.48,38,284,38,161,161,284,,,,,,,,,,,,,,,,,,,,,,,,,,,,,,,,,,,,,,,,,,,,,,,,,,,,,,,,,,,,,,,,,,,,,,,,,,,,,,,,,,,,,,,,,,,,,,,,,,,,,,,,,,,,,,,,,,,,,,,,,,,,,,,,,,,,,,,,,,
6kdyYVpL0fg.mp4,3,tap dancing,A person is dancing,30.0,0.0,10.0,4.0,5.6,120,168,120,136,136,152,152,168,,,,,,,,,,,,,,,,,,,,,,,,,,,,,,,,,,,,,,,,,,,,,,,,,,,,,,,,,,,,,,,,,,,,,,,,,,,,,,,,,,,,,,,,,,,,,,,,,,,,,,,,,,,,,,,,,,,,,,,,,,,,,,,,,,,,,,,,
AQM2d3Zz9WM.mp4,4,twiddling fingers,A person is playing with their hands,29.97002997002997,0.0,10.01,4.64,5.97,139,179,139,149,149,159,159,169,169,179,,,,,,,,,,,,,,,,,,,,,,,,,,,,,,,,,,,,,,,,,,,,,,,,,,,,,,,,,,,,,,,,,,,,,,,,,,,,,,,,,,,,,,,,,,,,,,,,,,,,,,,,,,,,,,,,,,,,,,,,,,,,,,,,,,,,,,
-U2frOP59dc.mp4,3,air drumming,A person is waving his hand,29.97002997002997,0.0,5.51,0.4,1.6,12,48,12,24,24,36,36,48,,,,,,,,,,,,,,,,,,,,,,,,,,,,,,,,,,,,,,,,,,,,,,,,,,,,,,,,,,,,,,,,,,,,,,,,,,,,,,,,,,,,,,,,,,,,,,,,,,,,,,,,,,,,,,,,,,,,,,,,,,,,,,,,,,,,,,,,
P9hIJ6TqfGI.mp4,6,making horseshoes,A person is rotating the rod,25.0,0.0,10.0,2.04,6.72,51,168,51,70,70,90,90,110,110,129,129,148,148,168,,,,,,,,,,,,,,,,,,,,,,,,,,,,,,,,,,,,,,,,,,,,,,,,,,,,,,,,,,,,,,,,,,,,,,,,,,,,,,,,,,,,,,,,,,,,,,,,,,,,,,,,,,,,,,,,,,,,,,,,,,,,,,,,,,
976O0_Ya2-4.mp4,3,making pizza,A person is pouring the oil,25.0,0.0,10.0,1.0,6.56,25,164,25,71,71,118,118,164,,,,,,,,,,,,,,,,,,,,,,,,,,,,,,,,,,,,,,,,,,,,,,,,,,,,,,,,,,,,,,,,,,,,,,,,,,,,,,,,,,,,,,,,,,,,,,,,,,,,,,,,,,,,,,,,,,,,,,,,,,,,,,,,,,,,,,,,
K2Fn28js5hg.mp4,10,belly dancing,A person is dancing,29.916666666666668,0.0,10.03,0.97,5.95,29,178,29,44,44,59,59,74,74,89,89,104,104,118,118,133,133,148,148,163,163,178,,,,,,,,,,,,,,,,,,,,,,,,,,,,,,,,,,,,,,,,,,,,,,,,,,,,,,,,,,,,,,,,,,,,,,,,,,,,,,,,,,,,,,,,,,,,,,,,,,,,,,,,,,,,,,,,,,,,,,,,,,
mRtxts1ldtg.mp4,3,yarn spinning,A person is pedaling the machine,30.0,0.0,10.0,0.03,2.4,1,72,1,25,25,48,48,72,,,,,,,,,,,,,,,,,,,,,,,,,,,,,,,,,,,,,,,,,,,,,,,,,,,,,,,,,,,,,,,,,,,,,,,,,,,,,,,,,,,,,,,,,,,,,,,,,,,,,,,,,,,,,,,,,,,,,,,,,,,,,,,,,,,,,,,,
KHb7hZ1VfLk.mp4,2,smashing,A person is hitting the guitar on the object,10.0,0.0,10.0,1.3,7.7,13,77,13,45,45,77,,,,,,,,,,,,,,,,,,,,,,,,,,,,,,,,,,,,,,,,,,,,,,,,,,,,,,,,,,,,,,,,,,,,,,,,,,,,,,,,,,,,,,,,,,,,,,,,,,,,,,,,,,,,,,,,,,,,,,,,,,,,,,,,,,,,,,,,,,
DZVnCfxuNts.mp4,4,making balloon shapes,A person is rotating the balloon,30.0,0.0,10.0,8.03,9.87,241,296,241,255,255,269,269,283,283,296,,,,,,,,,,,,,,,,,,,,,,,,,,,,,,,,,,,,,,,,,,,,,,,,,,,,,,,,,,,,,,,,,,,,,,,,,,,,,,,,,,,,,,,,,,,,,,,,,,,,,,,,,,,,,,,,,,,,,,,,,,,,,,,,,,,,,,
8E5Wor7onXs.mp4,3,clean and jerk,A person is lifting weights,25.441,0.0,10.02,3.5,6.05,89,154,89,110,110,132,132,154,,,,,,,,,,,,,,,,,,,,,,,,,,,,,,,,,,,,,,,,,,,,,,,,,,,,,,,,,,,,,,,,,,,,,,,,,,,,,,,,,,,,,,,,,,,,,,,,,,,,,,,,,,,,,,,,,,,,,,,,,,,,,,,,,,,,,,,,
9PZqtdmaVN4.mp4,2,spraying,A person is adjusting the hair,29.97002997002997,0.0,10.01,0.77,2.84,23,85,23,54,54,85,,,,,,,,,,,,,,,,,,,,,,,,,,,,,,,,,,,,,,,,,,,,,,,,,,,,,,,,,,,,,,,,,,,,,,,,,,,,,,,,,,,,,,,,,,,,,,,,,,,,,,,,,,,,,,,,,,,,,,,,,,,,,,,,,,,,,,,,,,
f5t2jeWxc2k.mp4,6,putting on mascara,A person is applying mascara,15.0,0.0,9.73,0.27,3.27,4,49,4,11,11,19,19,26,26,34,34,41,41,49,,,,,,,,,,,,,,,,,,,,,,,,,,,,,,,,,,,,,,,,,,,,,,,,,,,,,,,,,,,,,,,,,,,,,,,,,,,,,,,,,,,,,,,,,,,,,,,,,,,,,,,,,,,,,,,,,,,,,,,,,,,,,,,,,,
oKYmJk1bZ6Q.mp4,4,chiseling stone,A man is hitting an object with a hammer,30.0,0.0,10.0,2.37,4.43,71,133,71,86,86,102,102,118,118,133,,,,,,,,,,,,,,,,,,,,,,,,,,,,,,,,,,,,,,,,,,,,,,,,,,,,,,,,,,,,,,,,,,,,,,,,,,,,,,,,,,,,,,,,,,,,,,,,,,,,,,,,,,,,,,,,,,,,,,,,,,,,,,,,,,,,,,
rdtYZ30Roz0.mp4,6,shucking oysters,A person is moving the hand,30.0,0.0,10.0,0.6,2.43,18,73,18,27,27,36,36,46,46,55,55,64,64,73,,,,,,,,,,,,,,,,,,,,,,,,,,,,,,,,,,,,,,,,,,,,,,,,,,,,,,,,,,,,,,,,,,,,,,,,,,,,,,,,,,,,,,,,,,,,,,,,,,,,,,,,,,,,,,,,,,,,,,,,,,,,,,,,,,
GGCXESWsNzo.mp4,3,brushing hair,A person is combing,12.503,0.0,9.84,0.32,5.68,4,71,4,26,26,48,48,71,,,,,,,,,,,,,,,,,,,,,,,,,,,,,,,,,,,,,,,,,,,,,,,,,,,,,,,,,,,,,,,,,,,,,,,,,,,,,,,,,,,,,,,,,,,,,,,,,,,,,,,,,,,,,,,,,,,,,,,,,,,,,,,,,,,,,,,,
YNqABg9Nchk.mp4,3,arm wrestling,A person is rotating the fist,25.0,0.0,10.0,5.92,7.16,148,179,148,158,158,169,169,179,,,,,,,,,,,,,,,,,,,,,,,,,,,,,,,,,,,,,,,,,,,,,,,,,,,,,,,,,,,,,,,,,,,,,,,,,,,,,,,,,,,,,,,,,,,,,,,,,,,,,,,,,,,,,,,,,,,,,,,,,,,,,,,,,,,,,,,,
FeVJ6YvmYX0.mp4,2,lunge,A person is exercising,29.97002997002997,0.0,9.11,0.17,4.4,5,132,5,68,68,132,,,,,,,,,,,,,,,,,,,,,,,,,,,,,,,,,,,,,,,,,,,,,,,,,,,,,,,,,,,,,,,,,,,,,,,,,,,,,,,,,,,,,,,,,,,,,,,,,,,,,,,,,,,,,,,,,,,,,,,,,,,,,,,,,,,,,,,,,,
3VJFOyytQrQ.mp4,3,cooking chicken,A person is cooking,30.0,0.0,10.0,1.23,6.03,37,181,37,85,85,133,133,181,,,,,,,,,,,,,,,,,,,,,,,,,,,,,,,,,,,,,,,,,,,,,,,,,,,,,,,,,,,,,,,,,,,,,,,,,,,,,,,,,,,,,,,,,,,,,,,,,,,,,,,,,,,,,,,,,,,,,,,,,,,,,,,,,,,,,,,,
s0POKyERjis.mp4,2,opening present,A person is tearing the cardboard,30.0,0.0,10.0,7.0,8.33,210,250,210,230,230,250,,,,,,,,,,,,,,,,,,,,,,,,,,,,,,,,,,,,,,,,,,,,,,,,,,,,,,,,,,,,,,,,,,,,,,,,,,,,,,,,,,,,,,,,,,,,,,,,,,,,,,,,,,,,,,,,,,,,,,,,,,,,,,,,,,,,,,,,,,
L7AhMZDVMW4.mp4,6,sharpening pencil,A person is rotating the object,29.459,0.0,10.01,0.03,3.36,1,99,1,17,17,34,34,50,50,66,66,83,83,99,,,,,,,,,,,,,,,,,,,,,,,,,,,,,,,,,,,,,,,,,,,,,,,,,,,,,,,,,,,,,,,,,,,,,,,,,,,,,,,,,,,,,,,,,,,,,,,,,,,,,,,,,,,,,,,,,,,,,,,,,,,,,,,,,,
_7NShoxop6Q.mp4,8,swimming breast stroke,A person is swimming,25.0,0.0,10.0,0.16,9.68,4,242,4,34,34,64,64,93,93,123,123,153,153,182,182,212,212,242,,,,,,,,,,,,,,,,,,,,,,,,,,,,,,,,,,,,,,,,,,,,,,,,,,,,,,,,,,,,,,,,,,,,,,,,,,,,,,,,,,,,,,,,,,,,,,,,,,,,,,,,,,,,,,,,,,,,,,,,,,,,,,
-BdonAovQQU.mp4,2,home roasting coffee,A person is stirring food,30.0,0.0,10.0,1.0,1.83,30,55,30,43,43,55,,,,,,,,,,,,,,,,,,,,,,,,,,,,,,,,,,,,,,,,,,,,,,,,,,,,,,,,,,,,,,,,,,,,,,,,,,,,,,,,,,,,,,,,,,,,,,,,,,,,,,,,,,,,,,,,,,,,,,,,,,,,,,,,,,,,,,,,,,
mXpQP8xUJ6E.mp4,2,blowing leaves,A person is cleaning with a vacuum cleaner,30.0,0.0,9.6,0.23,3.47,7,104,7,56,56,104,,,,,,,,,,,,,,,,,,,,,,,,,,,,,,,,,,,,,,,,,,,,,,,,,,,,,,,,,,,,,,,,,,,,,,,,,,,,,,,,,,,,,,,,,,,,,,,,,,,,,,,,,,,,,,,,,,,,,,,,,,,,,,,,,,,,,,,,,,
Txxvp3mtxwg.mp4,2,tiptoeing,A person is dancing,24.874,0.0,10.01,4.02,4.82,100,120,100,110,110,120,,,,,,,,,,,,,,,,,,,,,,,,,,,,,,,,,,,,,,,,,,,,,,,,,,,,,,,,,,,,,,,,,,,,,,,,,,,,,,,,,,,,,,,,,,,,,,,,,,,,,,,,,,,,,,,,,,,,,,,,,,,,,,,,,,,,,,,,,,
Z6FWI4DdHII.mp4,10,ice skating,A person is rotating,25.0,0.0,9.8,0.08,7.8,2,195,2,21,21,41,41,60,60,79,79,99,99,118,118,137,137,156,156,176,176,195,,,,,,,,,,,,,,,,,,,,,,,,,,,,,,,,,,,,,,,,,,,,,,,,,,,,,,,,,,,,,,,,,,,,,,,,,,,,,,,,,,,,,,,,,,,,,,,,,,,,,,,,,,,,,,,,,,,,,,,,,,
D-hFgxYCsxM.mp4,2,raising eyebrows,A standing woman is clapping her hands,30.0,0.0,10.0,5.43,6.6,163,198,163,181,181,198,,,,,,,,,,,,,,,,,,,,,,,,,,,,,,,,,,,,,,,,,,,,,,,,,,,,,,,,,,,,,,,,,,,,,,,,,,,,,,,,,,,,,,,,,,,,,,,,,,,,,,,,,,,,,,,,,,,,,,,,,,,,,,,,,,,,,,,,,,
6udds-7UV1s.mp4,3,making slime,A girl is rotating the spoon in her hand,29.0,0.0,10.0,0.07,1.83,2,53,2,19,19,36,36,53,,,,,,,,,,,,,,,,,,,,,,,,,,,,,,,,,,,,,,,,,,,,,,,,,,,,,,,,,,,,,,,,,,,,,,,,,,,,,,,,,,,,,,,,,,,,,,,,,,,,,,,,,,,,,,,,,,,,,,,,,,,,,,,,,,,,,,,,
Oj-RUQVw5z0.mp4,3,clam digging,A person is pulling the mud with his hand,30.0,0.0,10.0,0.03,6.97,1,209,1,70,70,140,140,209,,,,,,,,,,,,,,,,,,,,,,,,,,,,,,,,,,,,,,,,,,,,,,,,,,,,,,,,,,,,,,,,,,,,,,,,,,,,,,,,,,,,,,,,,,,,,,,,,,,,,,,,,,,,,,,,,,,,,,,,,,,,,,,,,,,,,,,,
_lGemqrMCs8.mp4,3,tying bow tie,A person is adjusting the tie,30.0,0.0,10.0,1.0,2.37,30,71,30,44,44,57,57,71,,,,,,,,,,,,,,,,,,,,,,,,,,,,,,,,,,,,,,,,,,,,,,,,,,,,,,,,,,,,,,,,,,,,,,,,,,,,,,,,,,,,,,,,,,,,,,,,,,,,,,,,,,,,,,,,,,,,,,,,,,,,,,,,,,,,,,,,
eApcqn8S79s.mp4,3,dancing charleston,The person is dancing,29.97002997002997,0.0,10.01,0.17,8.04,5,241,5,84,84,162,162,241,,,,,,,,,,,,,,,,,,,,,,,,,,,,,,,,,,,,,,,,,,,,,,,,,,,,,,,,,,,,,,,,,,,,,,,,,,,,,,,,,,,,,,,,,,,,,,,,,,,,,,,,,,,,,,,,,,,,,,,,,,,,,,,,,,,,,,,,
hCHbWVirdiA.mp4,2,juggling soccer ball,A person is hitting the ball with the left leg,30.0,0.0,10.0,1.83,3.73,55,112,55,83,83,112,,,,,,,,,,,,,,,,,,,,,,,,,,,,,,,,,,,,,,,,,,,,,,,,,,,,,,,,,,,,,,,,,,,,,,,,,,,,,,,,,,,,,,,,,,,,,,,,,,,,,,,,,,,,,,,,,,,,,,,,,,,,,,,,,,,,,,,,,,
hfzjCMmvUBM.mp4,3,sweeping floor,A person is sweeping,30.0,0.0,10.0,0.07,1.77,2,53,2,19,19,36,36,53,,,,,,,,,,,,,,,,,,,,,,,,,,,,,,,,,,,,,,,,,,,,,,,,,,,,,,,,,,,,,,,,,,,,,,,,,,,,,,,,,,,,,,,,,,,,,,,,,,,,,,,,,,,,,,,,,,,,,,,,,,,,,,,,,,,,,,,,
5s9xPO4eNg4.mp4,7,shaving legs,A person is cleaning with an object,29.97002997002997,0.0,10.01,1.6,7.51,48,225,48,73,73,99,99,124,124,149,149,175,175,200,200,225,,,,,,,,,,,,,,,,,,,,,,,,,,,,,,,,,,,,,,,,,,,,,,,,,,,,,,,,,,,,,,,,,,,,,,,,,,,,,,,,,,,,,,,,,,,,,,,,,,,,,,,,,,,,,,,,,,,,,,,,,,,,,,,,
CR3DWNM1eVY.mp4,7,headbutting,A person is moving ahead,30.0,0.0,10.0,0.37,6.97,11,209,11,39,39,67,67,96,96,124,124,152,152,181,181,209,,,,,,,,,,,,,,,,,,,,,,,,,,,,,,,,,,,,,,,,,,,,,,,,,,,,,,,,,,,,,,,,,,,,,,,,,,,,,,,,,,,,,,,,,,,,,,,,,,,,,,,,,,,,,,,,,,,,,,,,,,,,,,,,
k7i7P8XaGVw.mp4,2,tossing salad,A person is mixing vegetables,13.785,0.0,10.01,0.15,2.97,2,41,2,22,22,41,,,,,,,,,,,,,,,,,,,,,,,,,,,,,,,,,,,,,,,,,,,,,,,,,,,,,,,,,,,,,,,,,,,,,,,,,,,,,,,,,,,,,,,,,,,,,,,,,,,,,,,,,,,,,,,,,,,,,,,,,,,,,,,,,,,,,,,,,,
90Pt2nbHlsI.mp4,2,plastering,A person is taking concrete,7.528,0.0,9.7,1.2,3.06,9,23,9,16,16,23,,,,,,,,,,,,,,,,,,,,,,,,,,,,,,,,,,,,,,,,,,,,,,,,,,,,,,,,,,,,,,,,,,,,,,,,,,,,,,,,,,,,,,,,,,,,,,,,,,,,,,,,,,,,,,,,,,,,,,,,,,,,,,,,,,,,,,,,,,
NcxaAV5X5t4.mp4,4,ironing,A person is ironing,30.0,0.0,10.0,2.6,5.33,78,160,78,98,98,119,119,139,139,160,,,,,,,,,,,,,,,,,,,,,,,,,,,,,,,,,,,,,,,,,,,,,,,,,,,,,,,,,,,,,,,,,,,,,,,,,,,,,,,,,,,,,,,,,,,,,,,,,,,,,,,,,,,,,,,,,,,,,,,,,,,,,,,,,,,,,,
FQXvG_ruWqs.mp4,20,busking,A person is playing guitar,30.0,0.0,10.0,1.43,10.0,43,300,43,56,56,69,69,82,82,95,95,107,107,120,120,133,133,146,146,159,159,172,172,184,184,197,197,210,210,223,223,236,236,249,249,261,261,274,274,287,287,300,,,,,,,,,,,,,,,,,,,,,,,,,,,,,,,,,,,,,,,,,,,,,,,,,,,,,,,,,,,,,,,,,,,,,,,,,,,,,,,,,,,,,,,,,,,,,,,,,,,,,,
amxhhrqx9PQ.mp4,4,playing slot machine,A person is shaking the right hand index finger,30.0,0.0,10.0,0.53,1.8,16,54,16,25,25,35,35,44,44,54,,,,,,,,,,,,,,,,,,,,,,,,,,,,,,,,,,,,,,,,,,,,,,,,,,,,,,,,,,,,,,,,,,,,,,,,,,,,,,,,,,,,,,,,,,,,,,,,,,,,,,,,,,,,,,,,,,,,,,,,,,,,,,,,,,,,,,
-v9MutR8bU4.mp4,19,pumping fist,A person is shaking the hand,23.954,0.0,10.02,3.09,9.39,74,225,74,82,82,90,90,98,98,106,106,114,114,122,122,130,130,138,138,145,145,153,153,161,161,169,169,177,177,185,185,193,193,201,201,209,209,217,217,225,,,,,,,,,,,,,,,,,,,,,,,,,,,,,,,,,,,,,,,,,,,,,,,,,,,,,,,,,,,,,,,,,,,,,,,,,,,,,,,,,,,,,,,,,,,,,,,,,,,,,,,,
QY_ewd4OiiU.mp4,3,using a paint roller,A person is rolling the paint roller in the paint,25.0,0.0,10.0,0.88,4.2,22,105,22,50,50,77,77,105,,,,,,,,,,,,,,,,,,,,,,,,,,,,,,,,,,,,,,,,,,,,,,,,,,,,,,,,,,,,,,,,,,,,,,,,,,,,,,,,,,,,,,,,,,,,,,,,,,,,,,,,,,,,,,,,,,,,,,,,,,,,,,,,,,,,,,,,
6D9Wpx5npSU.mp4,28,exercising arm,A person is shaking hands,23.976023976023978,0.0,10.01,0.13,6.72,3,161,3,9,9,14,14,20,20,25,25,31,31,37,37,42,42,48,48,54,54,59,59,65,65,71,71,76,76,82,82,88,88,93,93,99,99,105,105,110,110,116,116,122,122,127,127,133,133,139,139,144,144,150,150,155,155,161,,,,,,,,,,,,,,,,,,,,,,,,,,,,,,,,,,,,,,,,,,,,,,,,,,,,,,,,,,,,,,,,,,,,,,,,,,,,,,,,,,,,,,
8oQMcX4wofw.mp4,2,moving baby,A person is rubbing their stomach with their hand,30.0,0.0,10.0,6.2,7.2,186,216,186,201,201,216,,,,,,,,,,,,,,,,,,,,,,,,,,,,,,,,,,,,,,,,,,,,,,,,,,,,,,,,,,,,,,,,,,,,,,,,,,,,,,,,,,,,,,,,,,,,,,,,,,,,,,,,,,,,,,,,,,,,,,,,,,,,,,,,,,,,,,,,,,
Np5rLn4x95k.mp4,4,massaging neck,A person is rubbing the neck,30.0,0.0,10.0,0.57,9.07,17,272,17,81,81,145,145,208,208,272,,,,,,,,,,,,,,,,,,,,,,,,,,,,,,,,,,,,,,,,,,,,,,,,,,,,,,,,,,,,,,,,,,,,,,,,,,,,,,,,,,,,,,,,,,,,,,,,,,,,,,,,,,,,,,,,,,,,,,,,,,,,,,,,,,,,,,
wC8uhrigAxM.mp4,5,canoeing or kayaking,A person is boating,30.0,0.0,10.0,0.17,9.83,5,295,5,63,63,121,121,179,179,237,237,295,,,,,,,,,,,,,,,,,,,,,,,,,,,,,,,,,,,,,,,,,,,,,,,,,,,,,,,,,,,,,,,,,,,,,,,,,,,,,,,,,,,,,,,,,,,,,,,,,,,,,,,,,,,,,,,,,,,,,,,,,,,,,,,,,,,,
83_phmmoHhw.mp4,2,hugging (not baby),A woman is rotating her hand,23.0,0.0,10.0,5.26,6.83,121,157,121,139,139,157,,,,,,,,,,,,,,,,,,,,,,,,,,,,,,,,,,,,,,,,,,,,,,,,,,,,,,,,,,,,,,,,,,,,,,,,,,,,,,,,,,,,,,,,,,,,,,,,,,,,,,,,,,,,,,,,,,,,,,,,,,,,,,,,,,,,,,,,,,
ZT7QbHYS18k.mp4,5,checking tires,A person is fixing the screw,24.0,0.0,10.0,7.67,9.46,184,227,184,193,193,201,201,210,210,218,218,227,,,,,,,,,,,,,,,,,,,,,,,,,,,,,,,,,,,,,,,,,,,,,,,,,,,,,,,,,,,,,,,,,,,,,,,,,,,,,,,,,,,,,,,,,,,,,,,,,,,,,,,,,,,,,,,,,,,,,,,,,,,,,,,,,,,,
AKorKCyTM9M.mp4,2,metal detecting,A person is hitting with a stick,28.333333333333332,0.0,9.0,7.2,8.58,204,243,204,223,223,243,,,,,,,,,,,,,,,,,,,,,,,,,,,,,,,,,,,,,,,,,,,,,,,,,,,,,,,,,,,,,,,,,,,,,,,,,,,,,,,,,,,,,,,,,,,,,,,,,,,,,,,,,,,,,,,,,,,,,,,,,,,,,,,,,,,,,,,,,,
zrIVKRK_13Y.mp4,2,reading book,A girl is scratching her cheeks,29.97002997002997,0.0,8.98,5.01,5.87,150,176,150,163,163,176,,,,,,,,,,,,,,,,,,,,,,,,,,,,,,,,,,,,,,,,,,,,,,,,,,,,,,,,,,,,,,,,,,,,,,,,,,,,,,,,,,,,,,,,,,,,,,,,,,,,,,,,,,,,,,,,,,,,,,,,,,,,,,,,,,,,,,,,,,
t8yZhaq92Xs.mp4,9,pumping fist,A person is dancing,30.0,0.0,10.0,0.67,4.47,20,134,20,33,33,46,46,58,58,71,71,84,84,96,96,109,109,122,122,134,,,,,,,,,,,,,,,,,,,,,,,,,,,,,,,,,,,,,,,,,,,,,,,,,,,,,,,,,,,,,,,,,,,,,,,,,,,,,,,,,,,,,,,,,,,,,,,,,,,,,,,,,,,,,,,,,,,,,,,,,,,,
Eq07tZltvcQ.mp4,5,putting on foundation,A person is applying makeup on the face with the brush,25.0,0.0,10.0,2.36,4.64,59,116,59,70,70,82,82,93,93,105,105,116,,,,,,,,,,,,,,,,,,,,,,,,,,,,,,,,,,,,,,,,,,,,,,,,,,,,,,,,,,,,,,,,,,,,,,,,,,,,,,,,,,,,,,,,,,,,,,,,,,,,,,,,,,,,,,,,,,,,,,,,,,,,,,,,,,,,
7Fzdy95l6ZA.mp4,2,making latte art,A person is pouring milk into the coffee cup,30.0,0.0,9.07,0.6,3.87,18,116,18,67,67,116,,,,,,,,,,,,,,,,,,,,,,,,,,,,,,,,,,,,,,,,,,,,,,,,,,,,,,,,,,,,,,,,,,,,,,,,,,,,,,,,,,,,,,,,,,,,,,,,,,,,,,,,,,,,,,,,,,,,,,,,,,,,,,,,,,,,,,,,,,
vs_FrYIZImk.mp4,2,skateboarding,A person is playing with a skateboard,29.97002997002997,0.0,10.01,4.67,6.37,140,191,140,165,165,191,,,,,,,,,,,,,,,,,,,,,,,,,,,,,,,,,,,,,,,,,,,,,,,,,,,,,,,,,,,,,,,,,,,,,,,,,,,,,,,,,,,,,,,,,,,,,,,,,,,,,,,,,,,,,,,,,,,,,,,,,,,,,,,,,,,,,,,,,,
5qXsSRuhEcg.mp4,5,exercising arm,A person is doing exercise,30.0,0.0,10.0,0.2,8.93,6,268,6,58,58,111,111,163,163,215,215,268,,,,,,,,,,,,,,,,,,,,,,,,,,,,,,,,,,,,,,,,,,,,,,,,,,,,,,,,,,,,,,,,,,,,,,,,,,,,,,,,,,,,,,,,,,,,,,,,,,,,,,,,,,,,,,,,,,,,,,,,,,,,,,,,,,,,
uQ3ZBJp36wg.mp4,6,swimming backstroke,A person is swimming,30.0,0.0,10.0,0.53,9.67,16,290,16,61,61,107,107,153,153,199,199,245,245,290,,,,,,,,,,,,,,,,,,,,,,,,,,,,,,,,,,,,,,,,,,,,,,,,,,,,,,,,,,,,,,,,,,,,,,,,,,,,,,,,,,,,,,,,,,,,,,,,,,,,,,,,,,,,,,,,,,,,,,,,,,,,,,,,,,
OFQ5LvjA9m4.mp4,10,front raises,A man is doing gym work,30.0,0.0,10.0,0.03,9.77,1,293,1,30,30,60,60,89,89,118,118,147,147,176,176,205,205,234,234,264,264,293,,,,,,,,,,,,,,,,,,,,,,,,,,,,,,,,,,,,,,,,,,,,,,,,,,,,,,,,,,,,,,,,,,,,,,,,,,,,,,,,,,,,,,,,,,,,,,,,,,,,,,,,,,,,,,,,,,,,,,,,,,
BgRJnAWjQZU.mp4,4,scrambling eggs,A person is mixing the food,23.952,0.0,10.02,1.38,2.76,33,66,33,41,41,49,49,58,58,66,,,,,,,,,,,,,,,,,,,,,,,,,,,,,,,,,,,,,,,,,,,,,,,,,,,,,,,,,,,,,,,,,,,,,,,,,,,,,,,,,,,,,,,,,,,,,,,,,,,,,,,,,,,,,,,,,,,,,,,,,,,,,,,,,,,,,,
S_AaTQ3DuRo.mp4,3,playing cello,A person is playing an instrument,29.97002997002997,0.0,10.01,5.01,7.77,150,233,150,177,177,205,205,233,,,,,,,,,,,,,,,,,,,,,,,,,,,,,,,,,,,,,,,,,,,,,,,,,,,,,,,,,,,,,,,,,,,,,,,,,,,,,,,,,,,,,,,,,,,,,,,,,,,,,,,,,,,,,,,,,,,,,,,,,,,,,,,,,,,,,,,,
VrTvk3Taw2o.mp4,3,making a cake,A person is shaking the pan,29.934,0.0,10.02,5.24,6.05,157,181,157,165,165,173,173,181,,,,,,,,,,,,,,,,,,,,,,,,,,,,,,,,,,,,,,,,,,,,,,,,,,,,,,,,,,,,,,,,,,,,,,,,,,,,,,,,,,,,,,,,,,,,,,,,,,,,,,,,,,,,,,,,,,,,,,,,,,,,,,,,,,,,,,,,
mf0GlQOWI6o.mp4,7,waving hand,A person is waving his hand,30.0,0.0,9.87,3.53,4.97,106,149,106,112,112,118,118,124,124,130,130,136,136,143,143,149,,,,,,,,,,,,,,,,,,,,,,,,,,,,,,,,,,,,,,,,,,,,,,,,,,,,,,,,,,,,,,,,,,,,,,,,,,,,,,,,,,,,,,,,,,,,,,,,,,,,,,,,,,,,,,,,,,,,,,,,,,,,,,,,
IASgNCIXSMw.mp4,3,knitting,A person is touching a stick,29.97002997002997,0.0,10.01,6.57,7.24,197,217,197,203,203,210,210,217,,,,,,,,,,,,,,,,,,,,,,,,,,,,,,,,,,,,,,,,,,,,,,,,,,,,,,,,,,,,,,,,,,,,,,,,,,,,,,,,,,,,,,,,,,,,,,,,,,,,,,,,,,,,,,,,,,,,,,,,,,,,,,,,,,,,,,,,
ChIQLn4PpD4.mp4,3,mixing colours,A person is painting,30.0,0.0,10.0,4.77,6.47,143,194,143,160,160,177,177,194,,,,,,,,,,,,,,,,,,,,,,,,,,,,,,,,,,,,,,,,,,,,,,,,,,,,,,,,,,,,,,,,,,,,,,,,,,,,,,,,,,,,,,,,,,,,,,,,,,,,,,,,,,,,,,,,,,,,,,,,,,,,,,,,,,,,,,,,
OD9eGK6Gec0.mp4,7,doing nails,A person is applying nail polish,29.97002997002997,0.0,10.01,0.97,3.2,29,96,29,38,38,48,48,58,58,67,67,77,77,86,86,96,,,,,,,,,,,,,,,,,,,,,,,,,,,,,,,,,,,,,,,,,,,,,,,,,,,,,,,,,,,,,,,,,,,,,,,,,,,,,,,,,,,,,,,,,,,,,,,,,,,,,,,,,,,,,,,,,,,,,,,,,,,,,,,,
kbpr1K_UAk4.mp4,4,leatherworking,A person is drawing on wood with a tool,29.881,0.0,10.01,0.03,1.41,1,42,1,11,11,22,22,32,32,42,,,,,,,,,,,,,,,,,,,,,,,,,,,,,,,,,,,,,,,,,,,,,,,,,,,,,,,,,,,,,,,,,,,,,,,,,,,,,,,,,,,,,,,,,,,,,,,,,,,,,,,,,,,,,,,,,,,,,,,,,,,,,,,,,,,,,,
GOvhlllJP5Y.mp4,8,trimming or shaving beard,A person is shaving,25.0,0.0,10.0,1.6,4.56,40,114,40,49,49,58,58,68,68,77,77,86,86,96,96,105,105,114,,,,,,,,,,,,,,,,,,,,,,,,,,,,,,,,,,,,,,,,,,,,,,,,,,,,,,,,,,,,,,,,,,,,,,,,,,,,,,,,,,,,,,,,,,,,,,,,,,,,,,,,,,,,,,,,,,,,,,,,,,,,,,
NqodDVtthts.mp4,11,drumming fingers,A person is playing drums,30.0,0.0,9.3,0.03,2.6,1,78,1,8,8,15,15,22,22,29,29,36,36,43,43,50,50,57,57,64,64,71,71,78,,,,,,,,,,,,,,,,,,,,,,,,,,,,,,,,,,,,,,,,,,,,,,,,,,,,,,,,,,,,,,,,,,,,,,,,,,,,,,,,,,,,,,,,,,,,,,,,,,,,,,,,,,,,,,,,,,,,,,,,
K9MoDTJqEO0.mp4,2,auctioning,A person is waving,25.0,0.0,9.28,2.96,4.8,74,120,74,97,97,120,,,,,,,,,,,,,,,,,,,,,,,,,,,,,,,,,,,,,,,,,,,,,,,,,,,,,,,,,,,,,,,,,,,,,,,,,,,,,,,,,,,,,,,,,,,,,,,,,,,,,,,,,,,,,,,,,,,,,,,,,,,,,,,,,,,,,,,,,,
R1Jqd57e6SE.mp4,3,massaging neck,A girl is massaging her neck,30.0,0.0,10.0,2.8,5.6,84,168,84,112,112,140,140,168,,,,,,,,,,,,,,,,,,,,,,,,,,,,,,,,,,,,,,,,,,,,,,,,,,,,,,,,,,,,,,,,,,,,,,,,,,,,,,,,,,,,,,,,,,,,,,,,,,,,,,,,,,,,,,,,,,,,,,,,,,,,,,,,,,,,,,,,
kRsVhL549N8.mp4,5,shaping bread dough,A person is rolling the dough,30.0,0.0,9.2,6.4,8.97,192,269,192,207,207,223,223,238,238,253,253,269,,,,,,,,,,,,,,,,,,,,,,,,,,,,,,,,,,,,,,,,,,,,,,,,,,,,,,,,,,,,,,,,,,,,,,,,,,,,,,,,,,,,,,,,,,,,,,,,,,,,,,,,,,,,,,,,,,,,,,,,,,,,,,,,,,,,
iEGDnhIyU74.mp4,3,spray painting,A person is spraying,25.0,0.0,10.0,1.0,5.04,25,126,25,59,59,92,92,126,,,,,,,,,,,,,,,,,,,,,,,,,,,,,,,,,,,,,,,,,,,,,,,,,,,,,,,,,,,,,,,,,,,,,,,,,,,,,,,,,,,,,,,,,,,,,,,,,,,,,,,,,,,,,,,,,,,,,,,,,,,,,,,,,,,,,,,,
dvvUeVEkx7o.mp4,2,putting on eyeliner,A person is applying the eyeliner with a pencil,29.97002997002997,0.0,9.28,2.37,3.07,71,92,71,82,82,92,,,,,,,,,,,,,,,,,,,,,,,,,,,,,,,,,,,,,,,,,,,,,,,,,,,,,,,,,,,,,,,,,,,,,,,,,,,,,,,,,,,,,,,,,,,,,,,,,,,,,,,,,,,,,,,,,,,,,,,,,,,,,,,,,,,,,,,,,,
iYVPKBSBS4s.mp4,8,jumping jacks,A person is exercising,29.97002997002997,0.0,9.04,0.37,8.21,11,246,11,40,40,70,70,99,99,128,128,158,158,187,187,216,216,246,,,,,,,,,,,,,,,,,,,,,,,,,,,,,,,,,,,,,,,,,,,,,,,,,,,,,,,,,,,,,,,,,,,,,,,,,,,,,,,,,,,,,,,,,,,,,,,,,,,,,,,,,,,,,,,,,,,,,,,,,,,,,,
8BrVokGJqnQ.mp4,8,splashing water,A baby is patting the water,30.0,0.0,10.0,0.8,3.03,24,91,24,32,32,41,41,49,49,58,58,66,66,74,74,83,83,91,,,,,,,,,,,,,,,,,,,,,,,,,,,,,,,,,,,,,,,,,,,,,,,,,,,,,,,,,,,,,,,,,,,,,,,,,,,,,,,,,,,,,,,,,,,,,,,,,,,,,,,,,,,,,,,,,,,,,,,,,,,,,,
wK_wUUFDncU.mp4,4,tie dying,A person is painting with a colored liquid,29.97002997002997,0.0,10.01,6.27,7.27,188,218,188,196,196,203,203,211,211,218,,,,,,,,,,,,,,,,,,,,,,,,,,,,,,,,,,,,,,,,,,,,,,,,,,,,,,,,,,,,,,,,,,,,,,,,,,,,,,,,,,,,,,,,,,,,,,,,,,,,,,,,,,,,,,,,,,,,,,,,,,,,,,,,,,,,,,
8NIH59_H8A4.mp4,5,high fiving,A baby is tapping a person's hand,30.0,0.0,10.0,0.07,2.4,2,72,2,16,16,30,30,44,44,58,58,72,,,,,,,,,,,,,,,,,,,,,,,,,,,,,,,,,,,,,,,,,,,,,,,,,,,,,,,,,,,,,,,,,,,,,,,,,,,,,,,,,,,,,,,,,,,,,,,,,,,,,,,,,,,,,,,,,,,,,,,,,,,,,,,,,,,,
ADKy_ZwJj4g.mp4,7,looking in mirror,A person is tapping on their mouth,30.0,0.0,10.0,0.23,3.57,7,107,7,21,21,36,36,50,50,64,64,78,78,93,93,107,,,,,,,,,,,,,,,,,,,,,,,,,,,,,,,,,,,,,,,,,,,,,,,,,,,,,,,,,,,,,,,,,,,,,,,,,,,,,,,,,,,,,,,,,,,,,,,,,,,,,,,,,,,,,,,,,,,,,,,,,,,,,,,,
NcT2ux8rQ28.mp4,3,using a paint roller,A person is rubbing the tool in the paint,29.97002997002997,0.0,10.01,0.57,3.27,17,98,17,44,44,71,71,98,,,,,,,,,,,,,,,,,,,,,,,,,,,,,,,,,,,,,,,,,,,,,,,,,,,,,,,,,,,,,,,,,,,,,,,,,,,,,,,,,,,,,,,,,,,,,,,,,,,,,,,,,,,,,,,,,,,,,,,,,,,,,,,,,,,,,,,,
f4EtJWOnyTg.mp4,3,bouncing on trampoline,A person is jumping on the trampoline,14.648,0.0,9.15,3.55,5.39,52,79,52,61,61,70,70,79,,,,,,,,,,,,,,,,,,,,,,,,,,,,,,,,,,,,,,,,,,,,,,,,,,,,,,,,,,,,,,,,,,,,,,,,,,,,,,,,,,,,,,,,,,,,,,,,,,,,,,,,,,,,,,,,,,,,,,,,,,,,,,,,,,,,,,,,
0hbItqKWGig.mp4,4,assembling bicycle,A person is rotating a bicycle screwdriver,29.97002997002997,0.0,10.01,5.71,7.77,171,233,171,187,187,202,202,217,217,233,,,,,,,,,,,,,,,,,,,,,,,,,,,,,,,,,,,,,,,,,,,,,,,,,,,,,,,,,,,,,,,,,,,,,,,,,,,,,,,,,,,,,,,,,,,,,,,,,,,,,,,,,,,,,,,,,,,,,,,,,,,,,,,,,,,,,,
lKiwC--0o5Y.mp4,6,sharpening pencil,A person is sharpening a pencil with sandpaper,29.97002997002997,0.0,10.01,0.23,2.77,7,83,7,20,20,32,32,45,45,58,58,70,70,83,,,,,,,,,,,,,,,,,,,,,,,,,,,,,,,,,,,,,,,,,,,,,,,,,,,,,,,,,,,,,,,,,,,,,,,,,,,,,,,,,,,,,,,,,,,,,,,,,,,,,,,,,,,,,,,,,,,,,,,,,,,,,,,,,,
tGBCoJtfRjc.mp4,2,bench pressing,A person is working out,25.0,0.0,10.0,0.04,5.6,1,140,1,70,70,140,,,,,,,,,,,,,,,,,,,,,,,,,,,,,,,,,,,,,,,,,,,,,,,,,,,,,,,,,,,,,,,,,,,,,,,,,,,,,,,,,,,,,,,,,,,,,,,,,,,,,,,,,,,,,,,,,,,,,,,,,,,,,,,,,,,,,,,,,,
xEoUfoxaMAU.mp4,3,waxing eyebrows,A person is scratching the forehead of another person,15.0,0.0,7.93,0.13,1.2,2,18,2,8,8,13,13,18,,,,,,,,,,,,,,,,,,,,,,,,,,,,,,,,,,,,,,,,,,,,,,,,,,,,,,,,,,,,,,,,,,,,,,,,,,,,,,,,,,,,,,,,,,,,,,,,,,,,,,,,,,,,,,,,,,,,,,,,,,,,,,,,,,,,,,,,
rO1qgYxe_3M.mp4,8,waving hand,A child is saying goodbye by shaking her hand,29.97002997002997,0.0,10.01,0.87,3.37,26,101,26,36,36,45,45,54,54,64,64,73,73,82,82,91,91,101,,,,,,,,,,,,,,,,,,,,,,,,,,,,,,,,,,,,,,,,,,,,,,,,,,,,,,,,,,,,,,,,,,,,,,,,,,,,,,,,,,,,,,,,,,,,,,,,,,,,,,,,,,,,,,,,,,,,,,,,,,,,,,
UA-gMRY4rUE.mp4,6,pinching,A person is pulling cheeks,29.97002997002997,0.0,10.01,7.87,9.91,236,297,236,246,246,257,257,267,267,277,277,287,287,297,,,,,,,,,,,,,,,,,,,,,,,,,,,,,,,,,,,,,,,,,,,,,,,,,,,,,,,,,,,,,,,,,,,,,,,,,,,,,,,,,,,,,,,,,,,,,,,,,,,,,,,,,,,,,,,,,,,,,,,,,,,,,,,,,,
RBTkJbYu1Wk.mp4,2,cooking scallops,A person is flipping a food item in the utensil,29.97002997002997,0.0,10.01,4.17,5.27,125,158,125,141,141,158,,,,,,,,,,,,,,,,,,,,,,,,,,,,,,,,,,,,,,,,,,,,,,,,,,,,,,,,,,,,,,,,,,,,,,,,,,,,,,,,,,,,,,,,,,,,,,,,,,,,,,,,,,,,,,,,,,,,,,,,,,,,,,,,,,,,,,,,,,
z7mxtTUYlzQ.mp4,2,country line dancing,A group of people are dancing,25.0,0.0,10.0,4.8,7.84,120,196,120,158,158,196,,,,,,,,,,,,,,,,,,,,,,,,,,,,,,,,,,,,,,,,,,,,,,,,,,,,,,,,,,,,,,,,,,,,,,,,,,,,,,,,,,,,,,,,,,,,,,,,,,,,,,,,,,,,,,,,,,,,,,,,,,,,,,,,,,,,,,,,,,
-eGnPDG5Pxs.mp4,5,air drumming,A person is rotating the hand,29.97002997002997,0.0,10.01,7.21,9.58,216,287,216,230,230,244,244,258,258,272,272,287,,,,,,,,,,,,,,,,,,,,,,,,,,,,,,,,,,,,,,,,,,,,,,,,,,,,,,,,,,,,,,,,,,,,,,,,,,,,,,,,,,,,,,,,,,,,,,,,,,,,,,,,,,,,,,,,,,,,,,,,,,,,,,,,,,,,
rgBPm7Pn1Z4.mp4,3,archaeological excavation,A person is digging the soil with the tool,25.0,0.0,10.0,0.36,1.44,9,36,9,18,18,27,27,36,,,,,,,,,,,,,,,,,,,,,,,,,,,,,,,,,,,,,,,,,,,,,,,,,,,,,,,,,,,,,,,,,,,,,,,,,,,,,,,,,,,,,,,,,,,,,,,,,,,,,,,,,,,,,,,,,,,,,,,,,,,,,,,,,,,,,,,,
BGsrb_4eFeA.mp4,13,mixing colours,A person is painting,29.97002997002997,0.0,10.01,4.57,8.88,137,266,137,147,147,157,157,167,167,177,177,186,186,196,196,206,206,216,216,226,226,236,236,246,246,256,256,266,,,,,,,,,,,,,,,,,,,,,,,,,,,,,,,,,,,,,,,,,,,,,,,,,,,,,,,,,,,,,,,,,,,,,,,,,,,,,,,,,,,,,,,,,,,,,,,,,,,,,,,,,,,,,,,,,,,,
6oy7rOsq92g.mp4,2,making slime,A person is pressing the clay with his fingers,25.0,0.0,10.0,4.48,5.6,112,140,112,126,126,140,,,,,,,,,,,,,,,,,,,,,,,,,,,,,,,,,,,,,,,,,,,,,,,,,,,,,,,,,,,,,,,,,,,,,,,,,,,,,,,,,,,,,,,,,,,,,,,,,,,,,,,,,,,,,,,,,,,,,,,,,,,,,,,,,,,,,,,,,,
Oj-RUQVw5z0.mp4,3,clam digging,A child is removing the mud,30.0,0.0,10.0,0.03,7.23,1,217,1,73,73,145,145,217,,,,,,,,,,,,,,,,,,,,,,,,,,,,,,,,,,,,,,,,,,,,,,,,,,,,,,,,,,,,,,,,,,,,,,,,,,,,,,,,,,,,,,,,,,,,,,,,,,,,,,,,,,,,,,,,,,,,,,,,,,,,,,,,,,,,,,,,
43QCfGdt_3A.mp4,3,exercising arm,A person is working out,23.976023976023978,0.0,10.01,0.04,9.63,1,231,1,78,78,154,154,231,,,,,,,,,,,,,,,,,,,,,,,,,,,,,,,,,,,,,,,,,,,,,,,,,,,,,,,,,,,,,,,,,,,,,,,,,,,,,,,,,,,,,,,,,,,,,,,,,,,,,,,,,,,,,,,,,,,,,,,,,,,,,,,,,,,,,,,,
VrTvk3Taw2o.mp4,3,making a cake,A kid is hitting a pan to a vessel,29.934,0.0,10.02,5.21,6.08,156,182,156,164,164,173,173,182,,,,,,,,,,,,,,,,,,,,,,,,,,,,,,,,,,,,,,,,,,,,,,,,,,,,,,,,,,,,,,,,,,,,,,,,,,,,,,,,,,,,,,,,,,,,,,,,,,,,,,,,,,,,,,,,,,,,,,,,,,,,,,,,,,,,,,,,
8v6Q7_FbWDE.mp4,2,cutting nails,A person is cutting the nails,30.0,0.0,10.0,1.4,3.6,42,108,42,75,75,108,,,,,,,,,,,,,,,,,,,,,,,,,,,,,,,,,,,,,,,,,,,,,,,,,,,,,,,,,,,,,,,,,,,,,,,,,,,,,,,,,,,,,,,,,,,,,,,,,,,,,,,,,,,,,,,,,,,,,,,,,,,,,,,,,,,,,,,,,,
fLCzkKOC3Rs.mp4,2,shuffling feet,A person is dancing,30.0,0.0,9.2,4.73,5.43,142,163,142,152,152,163,,,,,,,,,,,,,,,,,,,,,,,,,,,,,,,,,,,,,,,,,,,,,,,,,,,,,,,,,,,,,,,,,,,,,,,,,,,,,,,,,,,,,,,,,,,,,,,,,,,,,,,,,,,,,,,,,,,,,,,,,,,,,,,,,,,,,,,,,,
uRPFzJJ6cM8.mp4,2,headbanging,A person is nodding his head,30.0,0.0,10.0,1.37,2.87,41,86,41,64,64,86,,,,,,,,,,,,,,,,,,,,,,,,,,,,,,,,,,,,,,,,,,,,,,,,,,,,,,,,,,,,,,,,,,,,,,,,,,,,,,,,,,,,,,,,,,,,,,,,,,,,,,,,,,,,,,,,,,,,,,,,,,,,,,,,,,,,,,,,,,
DxsjzuhTizU.mp4,6,swing dancing,A woman in a black dress is clapping with her hands,29.97002997002997,0.0,10.01,0.47,4.97,14,149,14,37,37,59,59,82,82,104,104,126,126,149,,,,,,,,,,,,,,,,,,,,,,,,,,,,,,,,,,,,,,,,,,,,,,,,,,,,,,,,,,,,,,,,,,,,,,,,,,,,,,,,,,,,,,,,,,,,,,,,,,,,,,,,,,,,,,,,,,,,,,,,,,,,,,,,,,
SBb9jXC5u_o.mp4,7,repairing puncture,A person is,30.0,0.0,10.0,0.43,4.27,13,128,13,30,30,46,46,63,63,79,79,95,95,112,112,128,,,,,,,,,,,,,,,,,,,,,,,,,,,,,,,,,,,,,,,,,,,,,,,,,,,,,,,,,,,,,,,,,,,,,,,,,,,,,,,,,,,,,,,,,,,,,,,,,,,,,,,,,,,,,,,,,,,,,,,,,,,,,,,,
vtD9EHkMmfs.mp4,2,cosplaying,A person is dancing,29.97002997002997,0.0,10.01,2.27,4.2,68,126,68,97,97,126,,,,,,,,,,,,,,,,,,,,,,,,,,,,,,,,,,,,,,,,,,,,,,,,,,,,,,,,,,,,,,,,,,,,,,,,,,,,,,,,,,,,,,,,,,,,,,,,,,,,,,,,,,,,,,,,,,,,,,,,,,,,,,,,,,,,,,,,,,
mEIGzw9Zezo.mp4,12,drumming fingers,A person is playing table tennis,30.0,0.0,10.0,0.23,8.57,7,257,7,28,28,49,49,70,70,90,90,111,111,132,132,153,153,174,174,194,194,215,215,236,236,257,,,,,,,,,,,,,,,,,,,,,,,,,,,,,,,,,,,,,,,,,,,,,,,,,,,,,,,,,,,,,,,,,,,,,,,,,,,,,,,,,,,,,,,,,,,,,,,,,,,,,,,,,,,,,,,,,,,,,,
qIcQ_Zc6le4.mp4,8,cutting orange,A person is cutting with the knife,30.0,0.0,10.0,3.33,6.2,100,186,100,110,110,121,121,132,132,143,143,154,154,164,164,175,175,186,,,,,,,,,,,,,,,,,,,,,,,,,,,,,,,,,,,,,,,,,,,,,,,,,,,,,,,,,,,,,,,,,,,,,,,,,,,,,,,,,,,,,,,,,,,,,,,,,,,,,,,,,,,,,,,,,,,,,,,,,,,,,,
BpB4iEW6kUE.mp4,3,pulling rope (game),A person is pulling a girl who is standing on a machine with a rope,29.0,0.0,10.0,0.59,8.07,17,234,17,90,90,162,162,234,,,,,,,,,,,,,,,,,,,,,,,,,,,,,,,,,,,,,,,,,,,,,,,,,,,,,,,,,,,,,,,,,,,,,,,,,,,,,,,,,,,,,,,,,,,,,,,,,,,,,,,,,,,,,,,,,,,,,,,,,,,,,,,,,,,,,,,,
yDUo-KACAdw.mp4,8,cleaning pool,A person is pushing the pipe into the swimming pool,25.0,0.0,10.0,0.24,7.8,6,195,6,30,30,53,53,77,77,100,100,124,124,148,148,171,171,195,,,,,,,,,,,,,,,,,,,,,,,,,,,,,,,,,,,,,,,,,,,,,,,,,,,,,,,,,,,,,,,,,,,,,,,,,,,,,,,,,,,,,,,,,,,,,,,,,,,,,,,,,,,,,,,,,,,,,,,,,,,,,,
EkrjCTYsoMw.mp4,4,moon walking,A person is dancing,15.0,0.0,6.53,0.27,3.67,4,55,4,16,16,29,29,42,42,55,,,,,,,,,,,,,,,,,,,,,,,,,,,,,,,,,,,,,,,,,,,,,,,,,,,,,,,,,,,,,,,,,,,,,,,,,,,,,,,,,,,,,,,,,,,,,,,,,,,,,,,,,,,,,,,,,,,,,,,,,,,,,,,,,,,,,,
9y2o8gfkqIU.mp4,3,rope pushdown,A person is lifting weights,29.97002997002997,0.0,10.01,0.07,9.18,2,275,2,93,93,184,184,275,,,,,,,,,,,,,,,,,,,,,,,,,,,,,,,,,,,,,,,,,,,,,,,,,,,,,,,,,,,,,,,,,,,,,,,,,,,,,,,,,,,,,,,,,,,,,,,,,,,,,,,,,,,,,,,,,,,,,,,,,,,,,,,,,,,,,,,,
N5kXSLYWy5Q.mp4,2,pirouetting,A person is spinning,30.0,0.0,9.73,4.77,6.2,143,186,143,164,164,186,,,,,,,,,,,,,,,,,,,,,,,,,,,,,,,,,,,,,,,,,,,,,,,,,,,,,,,,,,,,,,,,,,,,,,,,,,,,,,,,,,,,,,,,,,,,,,,,,,,,,,,,,,,,,,,,,,,,,,,,,,,,,,,,,,,,,,,,,,
i6KdrZIH_IA.mp4,2,curling hair,A person is combing the hair with a brush,29.97002997002997,0.0,10.01,1.97,2.27,59,68,59,64,64,68,,,,,,,,,,,,,,,,,,,,,,,,,,,,,,,,,,,,,,,,,,,,,,,,,,,,,,,,,,,,,,,,,,,,,,,,,,,,,,,,,,,,,,,,,,,,,,,,,,,,,,,,,,,,,,,,,,,,,,,,,,,,,,,,,,,,,,,,,,
9PbbBlKKfiM.mp4,2,being excited,The baby is kicking his legs,29.97002997002997,0.0,8.98,2.4,3.17,72,95,72,83,83,95,,,,,,,,,,,,,,,,,,,,,,,,,,,,,,,,,,,,,,,,,,,,,,,,,,,,,,,,,,,,,,,,,,,,,,,,,,,,,,,,,,,,,,,,,,,,,,,,,,,,,,,,,,,,,,,,,,,,,,,,,,,,,,,,,,,,,,,,,,
-nmm2KT7uNU.mp4,2,pushing cart,A person is moving the toy vehicle towards the back,30.0,0.0,10.0,0.87,3.8,26,114,26,70,70,114,,,,,,,,,,,,,,,,,,,,,,,,,,,,,,,,,,,,,,,,,,,,,,,,,,,,,,,,,,,,,,,,,,,,,,,,,,,,,,,,,,,,,,,,,,,,,,,,,,,,,,,,,,,,,,,,,,,,,,,,,,,,,,,,,,,,,,,,,,
MISZQ7WwqLE.mp4,14,playing lute,A person is playing an instrument,29.97002997002997,0.0,10.01,6.04,10.01,181,300,181,189,189,198,198,206,206,215,215,223,223,232,232,240,240,249,249,257,257,266,266,274,274,283,283,291,291,300,,,,,,,,,,,,,,,,,,,,,,,,,,,,,,,,,,,,,,,,,,,,,,,,,,,,,,,,,,,,,,,,,,,,,,,,,,,,,,,,,,,,,,,,,,,,,,,,,,,,,,,,,,,,,,,,,,
efB28nq8QTM.mp4,6,putting on foundation,A person is cleaning the face of a lady,25.0,0.0,10.0,1.32,3.2,33,80,33,41,41,49,49,57,57,64,64,72,72,80,,,,,,,,,,,,,,,,,,,,,,,,,,,,,,,,,,,,,,,,,,,,,,,,,,,,,,,,,,,,,,,,,,,,,,,,,,,,,,,,,,,,,,,,,,,,,,,,,,,,,,,,,,,,,,,,,,,,,,,,,,,,,,,,,,
wso1My-q6m8.mp4,2,spinning poi,A person is doing fire juggling,25.0,0.0,10.0,9.12,9.64,228,241,228,234,234,241,,,,,,,,,,,,,,,,,,,,,,,,,,,,,,,,,,,,,,,,,,,,,,,,,,,,,,,,,,,,,,,,,,,,,,,,,,,,,,,,,,,,,,,,,,,,,,,,,,,,,,,,,,,,,,,,,,,,,,,,,,,,,,,,,,,,,,,,,,
nj3Hlq7A1Co.mp4,5,using a sledge hammer,A person is hitting the tire with a hammer,24.0,0.0,10.0,0.04,9.67,1,232,1,47,47,94,94,140,140,186,186,232,,,,,,,,,,,,,,,,,,,,,,,,,,,,,,,,,,,,,,,,,,,,,,,,,,,,,,,,,,,,,,,,,,,,,,,,,,,,,,,,,,,,,,,,,,,,,,,,,,,,,,,,,,,,,,,,,,,,,,,,,,,,,,,,,,,,
NSrfh2v-ca4.mp4,9,running on treadmill,A person is doing exercise,29.97002997002997,0.0,10.01,0.03,5.37,1,161,1,19,19,37,37,54,54,72,72,90,90,107,107,125,125,143,143,161,,,,,,,,,,,,,,,,,,,,,,,,,,,,,,,,,,,,,,,,,,,,,,,,,,,,,,,,,,,,,,,,,,,,,,,,,,,,,,,,,,,,,,,,,,,,,,,,,,,,,,,,,,,,,,,,,,,,,,,,,,,,
6D9Wpx5npSU.mp4,28,exercising arm,A person is shaking the ball,23.976023976023978,0.0,10.01,0.04,6.76,1,162,1,7,7,12,12,18,18,24,24,30,30,35,35,41,41,47,47,53,53,59,59,64,64,70,70,76,76,82,82,87,87,93,93,99,99,105,105,110,110,116,116,122,122,128,128,133,133,139,139,145,145,151,151,156,156,162,,,,,,,,,,,,,,,,,,,,,,,,,,,,,,,,,,,,,,,,,,,,,,,,,,,,,,,,,,,,,,,,,,,,,,,,,,,,,,,,,,,,,,
P0eYBcj-JYQ.mp4,2,playing ukulele,A person is playing the instrument with the right hand thumb,29.97002997002997,0.0,10.01,1.74,3.0,52,90,52,71,71,90,,,,,,,,,,,,,,,,,,,,,,,,,,,,,,,,,,,,,,,,,,,,,,,,,,,,,,,,,,,,,,,,,,,,,,,,,,,,,,,,,,,,,,,,,,,,,,,,,,,,,,,,,,,,,,,,,,,,,,,,,,,,,,,,,,,,,,,,,,
hivDIvTIGfo.mp4,2,installing carpet,A person is moving the carpet with legs,25.0,0.0,10.0,1.6,2.28,40,57,40,48,48,57,,,,,,,,,,,,,,,,,,,,,,,,,,,,,,,,,,,,,,,,,,,,,,,,,,,,,,,,,,,,,,,,,,,,,,,,,,,,,,,,,,,,,,,,,,,,,,,,,,,,,,,,,,,,,,,,,,,,,,,,,,,,,,,,,,,,,,,,,,
dHoas-5sRhE.mp4,12,skipping rope,A girl is jumping,29.916666666666668,0.0,10.03,0.33,6.08,10,182,10,24,24,38,38,53,53,67,67,81,81,96,96,110,110,124,124,139,139,153,153,168,168,182,,,,,,,,,,,,,,,,,,,,,,,,,,,,,,,,,,,,,,,,,,,,,,,,,,,,,,,,,,,,,,,,,,,,,,,,,,,,,,,,,,,,,,,,,,,,,,,,,,,,,,,,,,,,,,,,,,,,,,
-tcD0doI-vo.mp4,4,air drumming,A person is playing with a kid,14.916666666666666,0.0,4.76,0.67,1.61,10,24,10,13,13,17,17,20,20,24,,,,,,,,,,,,,,,,,,,,,,,,,,,,,,,,,,,,,,,,,,,,,,,,,,,,,,,,,,,,,,,,,,,,,,,,,,,,,,,,,,,,,,,,,,,,,,,,,,,,,,,,,,,,,,,,,,,,,,,,,,,,,,,,,,,,,,
9LLvp3eI8J8.mp4,2,playing billiards,A person is moving the cue stick,23.916666666666668,0.0,9.74,1.67,2.89,40,69,40,55,55,69,,,,,,,,,,,,,,,,,,,,,,,,,,,,,,,,,,,,,,,,,,,,,,,,,,,,,,,,,,,,,,,,,,,,,,,,,,,,,,,,,,,,,,,,,,,,,,,,,,,,,,,,,,,,,,,,,,,,,,,,,,,,,,,,,,,,,,,,,,
cw1VFnnXKZY.mp4,2,punching bag,A person is punching with his hands,29.97002997002997,0.0,10.01,4.67,6.64,140,199,140,170,170,199,,,,,,,,,,,,,,,,,,,,,,,,,,,,,,,,,,,,,,,,,,,,,,,,,,,,,,,,,,,,,,,,,,,,,,,,,,,,,,,,,,,,,,,,,,,,,,,,,,,,,,,,,,,,,,,,,,,,,,,,,,,,,,,,,,,,,,,,,,
aqT06i93uBE.mp4,2,squeezing orange,A person is squeezing a fruit,29.97002997002997,0.0,10.01,1.87,4.84,56,145,56,101,101,145,,,,,,,,,,,,,,,,,,,,,,,,,,,,,,,,,,,,,,,,,,,,,,,,,,,,,,,,,,,,,,,,,,,,,,,,,,,,,,,,,,,,,,,,,,,,,,,,,,,,,,,,,,,,,,,,,,,,,,,,,,,,,,,,,,,,,,,,,,
2K6jlXklnSA.mp4,2,frying vegetables,A person is picking the vegetables,25.0,0.0,10.0,8.08,9.84,202,246,202,224,224,246,,,,,,,,,,,,,,,,,,,,,,,,,,,,,,,,,,,,,,,,,,,,,,,,,,,,,,,,,,,,,,,,,,,,,,,,,,,,,,,,,,,,,,,,,,,,,,,,,,,,,,,,,,,,,,,,,,,,,,,,,,,,,,,,,,,,,,,,,,
gR4YUYP_vSM.mp4,2,cracking knuckles,A person is moving their left thumb,29.97002997002997,0.0,10.01,2.54,5.01,76,150,76,113,113,150,,,,,,,,,,,,,,,,,,,,,,,,,,,,,,,,,,,,,,,,,,,,,,,,,,,,,,,,,,,,,,,,,,,,,,,,,,,,,,,,,,,,,,,,,,,,,,,,,,,,,,,,,,,,,,,,,,,,,,,,,,,,,,,,,,,,,,,,,,
xYSALgkdOdA.mp4,3,washing hair,A person is rubbing the head of another person,29.97002997002997,0.0,10.01,1.57,3.17,47,95,47,63,63,79,79,95,,,,,,,,,,,,,,,,,,,,,,,,,,,,,,,,,,,,,,,,,,,,,,,,,,,,,,,,,,,,,,,,,,,,,,,,,,,,,,,,,,,,,,,,,,,,,,,,,,,,,,,,,,,,,,,,,,,,,,,,,,,,,,,,,,,,,,,,
7Fzdy95l6ZA.mp4,2,making latte art,A person is pouring the milk into a glass,30.0,0.0,9.07,0.47,3.6,14,108,14,61,61,108,,,,,,,,,,,,,,,,,,,,,,,,,,,,,,,,,,,,,,,,,,,,,,,,,,,,,,,,,,,,,,,,,,,,,,,,,,,,,,,,,,,,,,,,,,,,,,,,,,,,,,,,,,,,,,,,,,,,,,,,,,,,,,,,,,,,,,,,,,
o-n8od2ztB8.mp4,11,headbanging,A person is nodding his head,15.0,0.0,10.0,0.13,10.0,2,150,2,15,15,29,29,42,42,56,56,69,69,83,83,96,96,110,110,123,123,137,137,150,,,,,,,,,,,,,,,,,,,,,,,,,,,,,,,,,,,,,,,,,,,,,,,,,,,,,,,,,,,,,,,,,,,,,,,,,,,,,,,,,,,,,,,,,,,,,,,,,,,,,,,,,,,,,,,,,,,,,,,,
oiBD5DaVm6M.mp4,2,massaging feet,A person is rubbing the iron ball with his leg,29.0,0.0,6.72,4.0,6.0,116,174,116,145,145,174,,,,,,,,,,,,,,,,,,,,,,,,,,,,,,,,,,,,,,,,,,,,,,,,,,,,,,,,,,,,,,,,,,,,,,,,,,,,,,,,,,,,,,,,,,,,,,,,,,,,,,,,,,,,,,,,,,,,,,,,,,,,,,,,,,,,,,,,,,
4196A2ZUA8s.mp4,3,cooking chicken,A person is tapping on the meat,29.97002997002997,0.0,10.01,1.2,2.07,36,62,36,45,45,54,54,62,,,,,,,,,,,,,,,,,,,,,,,,,,,,,,,,,,,,,,,,,,,,,,,,,,,,,,,,,,,,,,,,,,,,,,,,,,,,,,,,,,,,,,,,,,,,,,,,,,,,,,,,,,,,,,,,,,,,,,,,,,,,,,,,,,,,,,,,
np5GwCT0V54.mp4,3,cumbia,A person is moving the frock,25.0,0.0,10.0,0.76,3.56,19,89,19,42,42,66,66,89,,,,,,,,,,,,,,,,,,,,,,,,,,,,,,,,,,,,,,,,,,,,,,,,,,,,,,,,,,,,,,,,,,,,,,,,,,,,,,,,,,,,,,,,,,,,,,,,,,,,,,,,,,,,,,,,,,,,,,,,,,,,,,,,,,,,,,,,
dVmBq03jwqw.mp4,2,weaving fabric,A person is rolling the tool,29.97002997002997,0.0,10.01,7.91,9.01,237,270,237,254,254,270,,,,,,,,,,,,,,,,,,,,,,,,,,,,,,,,,,,,,,,,,,,,,,,,,,,,,,,,,,,,,,,,,,,,,,,,,,,,,,,,,,,,,,,,,,,,,,,,,,,,,,,,,,,,,,,,,,,,,,,,,,,,,,,,,,,,,,,,,,
9B4PuLZnPY0.mp4,5,shoveling snow,A person is heaping,30.0,0.0,10.0,0.03,3.47,1,104,1,22,22,42,42,63,63,84,84,104,,,,,,,,,,,,,,,,,,,,,,,,,,,,,,,,,,,,,,,,,,,,,,,,,,,,,,,,,,,,,,,,,,,,,,,,,,,,,,,,,,,,,,,,,,,,,,,,,,,,,,,,,,,,,,,,,,,,,,,,,,,,,,,,,,,,
9IgVCgUpdx8.mp4,10,surfing crowd,Blinking light,29.97002997002997,0.0,10.01,0.53,9.61,16,288,16,43,43,70,70,97,97,124,124,152,152,179,179,206,206,233,233,260,260,288,,,,,,,,,,,,,,,,,,,,,,,,,,,,,,,,,,,,,,,,,,,,,,,,,,,,,,,,,,,,,,,,,,,,,,,,,,,,,,,,,,,,,,,,,,,,,,,,,,,,,,,,,,,,,,,,,,,,,,,,,,
DaYQeArdK4Y.mp4,3,playing didgeridoo,A person is shaking a stick in his hand,24.0,0.0,10.0,0.25,1.0,6,24,6,12,12,18,18,24,,,,,,,,,,,,,,,,,,,,,,,,,,,,,,,,,,,,,,,,,,,,,,,,,,,,,,,,,,,,,,,,,,,,,,,,,,,,,,,,,,,,,,,,,,,,,,,,,,,,,,,,,,,,,,,,,,,,,,,,,,,,,,,,,,,,,,,,
AIF4DmpgrtI.mp4,9,battle rope training,A person is doing exercise with the rope,30.0,0.0,10.0,0.37,9.6,11,288,11,42,42,72,72,103,103,134,134,165,165,196,196,226,226,257,257,288,,,,,,,,,,,,,,,,,,,,,,,,,,,,,,,,,,,,,,,,,,,,,,,,,,,,,,,,,,,,,,,,,,,,,,,,,,,,,,,,,,,,,,,,,,,,,,,,,,,,,,,,,,,,,,,,,,,,,,,,,,,,
8NYNa6IdqFA.mp4,5,riding mechanical bull,A person is playing on the bull,29.97002997002997,0.0,10.01,2.54,9.98,76,299,76,120,120,165,165,209,209,254,254,299,,,,,,,,,,,,,,,,,,,,,,,,,,,,,,,,,,,,,,,,,,,,,,,,,,,,,,,,,,,,,,,,,,,,,,,,,,,,,,,,,,,,,,,,,,,,,,,,,,,,,,,,,,,,,,,,,,,,,,,,,,,,,,,,,,,,
cz6A1docGAs.mp4,2,tango dancing,A person is dancing,25.0,0.0,10.0,5.44,9.8,136,245,136,191,191,245,,,,,,,,,,,,,,,,,,,,,,,,,,,,,,,,,,,,,,,,,,,,,,,,,,,,,,,,,,,,,,,,,,,,,,,,,,,,,,,,,,,,,,,,,,,,,,,,,,,,,,,,,,,,,,,,,,,,,,,,,,,,,,,,,,,,,,,,,,
j7cJAoBW4eQ.mp4,3,carving wood with a knife,A person is cleaning with hands,23.583333333333332,0.0,10.01,2.16,2.97,51,70,51,57,57,64,64,70,,,,,,,,,,,,,,,,,,,,,,,,,,,,,,,,,,,,,,,,,,,,,,,,,,,,,,,,,,,,,,,,,,,,,,,,,,,,,,,,,,,,,,,,,,,,,,,,,,,,,,,,,,,,,,,,,,,,,,,,,,,,,,,,,,,,,,,,
Oqx0lWkaCvc.mp4,5,yoga,Some people are performing aerial yoga,30.0,0.0,10.0,0.6,3.4,18,102,18,35,35,52,52,68,68,85,85,102,,,,,,,,,,,,,,,,,,,,,,,,,,,,,,,,,,,,,,,,,,,,,,,,,,,,,,,,,,,,,,,,,,,,,,,,,,,,,,,,,,,,,,,,,,,,,,,,,,,,,,,,,,,,,,,,,,,,,,,,,,,,,,,,,,,,
8AzoKiS_FPY.mp4,3,tap dancing,A person is dancing,30.0,0.0,10.0,2.97,5.47,89,164,89,114,114,139,139,164,,,,,,,,,,,,,,,,,,,,,,,,,,,,,,,,,,,,,,,,,,,,,,,,,,,,,,,,,,,,,,,,,,,,,,,,,,,,,,,,,,,,,,,,,,,,,,,,,,,,,,,,,,,,,,,,,,,,,,,,,,,,,,,,,,,,,,,,
Oqx0lWkaCvc.mp4,5,yoga,A person is doing aerial yoga,30.0,0.0,10.0,0.67,3.37,20,101,20,36,36,53,53,69,69,85,85,101,,,,,,,,,,,,,,,,,,,,,,,,,,,,,,,,,,,,,,,,,,,,,,,,,,,,,,,,,,,,,,,,,,,,,,,,,,,,,,,,,,,,,,,,,,,,,,,,,,,,,,,,,,,,,,,,,,,,,,,,,,,,,,,,,,,,
PLUNwBklGTQ.mp4,12,milking cow,A man is milking the cow,29.643,0.0,10.02,0.17,9.82,5,291,5,29,29,52,52,76,76,100,100,124,124,148,148,171,171,195,195,219,219,243,243,267,267,291,,,,,,,,,,,,,,,,,,,,,,,,,,,,,,,,,,,,,,,,,,,,,,,,,,,,,,,,,,,,,,,,,,,,,,,,,,,,,,,,,,,,,,,,,,,,,,,,,,,,,,,,,,,,,,,,,,,,,,
J8_EeIrLs_w.mp4,5,skipping rope,A person is skipping,29.97002997002997,0.0,9.88,2.4,6.21,72,186,72,95,95,117,117,140,140,163,163,186,,,,,,,,,,,,,,,,,,,,,,,,,,,,,,,,,,,,,,,,,,,,,,,,,,,,,,,,,,,,,,,,,,,,,,,,,,,,,,,,,,,,,,,,,,,,,,,,,,,,,,,,,,,,,,,,,,,,,,,,,,,,,,,,,,,,
Eq07tZltvcQ.mp4,5,putting on foundation,A person is applying makeup to the face,25.0,0.0,10.0,2.32,4.68,58,117,58,70,70,82,82,93,93,105,105,117,,,,,,,,,,,,,,,,,,,,,,,,,,,,,,,,,,,,,,,,,,,,,,,,,,,,,,,,,,,,,,,,,,,,,,,,,,,,,,,,,,,,,,,,,,,,,,,,,,,,,,,,,,,,,,,,,,,,,,,,,,,,,,,,,,,,
AtLgyGatxkY.mp4,2,playing slot machine,A die is being rolled,30.0,0.0,10.0,5.23,6.07,157,182,157,170,170,182,,,,,,,,,,,,,,,,,,,,,,,,,,,,,,,,,,,,,,,,,,,,,,,,,,,,,,,,,,,,,,,,,,,,,,,,,,,,,,,,,,,,,,,,,,,,,,,,,,,,,,,,,,,,,,,,,,,,,,,,,,,,,,,,,,,,,,,,,,
EvVfr-W31C8.mp4,2,making balloon shapes,A person is twisting the balloon,23.976023976023978,0.0,10.01,1.58,3.34,38,80,38,59,59,80,,,,,,,,,,,,,,,,,,,,,,,,,,,,,,,,,,,,,,,,,,,,,,,,,,,,,,,,,,,,,,,,,,,,,,,,,,,,,,,,,,,,,,,,,,,,,,,,,,,,,,,,,,,,,,,,,,,,,,,,,,,,,,,,,,,,,,,,,,
Q_ceebVEdt8.mp4,2,eating burger,A person is pressing the burger,13.0,0.0,10.0,3.62,5.08,47,66,47,56,56,66,,,,,,,,,,,,,,,,,,,,,,,,,,,,,,,,,,,,,,,,,,,,,,,,,,,,,,,,,,,,,,,,,,,,,,,,,,,,,,,,,,,,,,,,,,,,,,,,,,,,,,,,,,,,,,,,,,,,,,,,,,,,,,,,,,,,,,,,,,
CWtAl_SBFGg.mp4,2,listening with headphones,A person is rubbing his face with his left hand,30.0,0.0,10.0,3.37,4.07,101,122,101,112,112,122,,,,,,,,,,,,,,,,,,,,,,,,,,,,,,,,,,,,,,,,,,,,,,,,,,,,,,,,,,,,,,,,,,,,,,,,,,,,,,,,,,,,,,,,,,,,,,,,,,,,,,,,,,,,,,,,,,,,,,,,,,,,,,,,,,,,,,,,,,
NSrfh2v-ca4.mp4,9,running on treadmill,A person is moving on the treadmill,29.97002997002997,0.0,10.01,0.33,5.64,10,169,10,27,27,45,45,63,63,80,80,98,98,116,116,134,134,151,151,169,,,,,,,,,,,,,,,,,,,,,,,,,,,,,,,,,,,,,,,,,,,,,,,,,,,,,,,,,,,,,,,,,,,,,,,,,,,,,,,,,,,,,,,,,,,,,,,,,,,,,,,,,,,,,,,,,,,,,,,,,,,,
to-ztySWFp4.mp4,6,waving hand,A person is waving hands,30.0,0.0,10.0,4.27,7.0,128,210,128,142,142,156,156,169,169,183,183,196,196,210,,,,,,,,,,,,,,,,,,,,,,,,,,,,,,,,,,,,,,,,,,,,,,,,,,,,,,,,,,,,,,,,,,,,,,,,,,,,,,,,,,,,,,,,,,,,,,,,,,,,,,,,,,,,,,,,,,,,,,,,,,,,,,,,,,
fPBGz5XWT3w.mp4,2,ironing hair,A person is straightening the hair,29.97002997002997,0.0,10.01,2.07,3.57,62,107,62,85,85,107,,,,,,,,,,,,,,,,,,,,,,,,,,,,,,,,,,,,,,,,,,,,,,,,,,,,,,,,,,,,,,,,,,,,,,,,,,,,,,,,,,,,,,,,,,,,,,,,,,,,,,,,,,,,,,,,,,,,,,,,,,,,,,,,,,,,,,,,,,
EH2j0ERUPrY.mp4,3,playing bass guitar,A person is playing guitar with the left hand middle finger,25.0,0.0,10.0,2.84,3.68,71,92,71,78,78,85,85,92,,,,,,,,,,,,,,,,,,,,,,,,,,,,,,,,,,,,,,,,,,,,,,,,,,,,,,,,,,,,,,,,,,,,,,,,,,,,,,,,,,,,,,,,,,,,,,,,,,,,,,,,,,,,,,,,,,,,,,,,,,,,,,,,,,,,,,,,
n5i_Bbizpm4.mp4,2,chiseling wood,A person is hitting the tool,30.0,0.0,10.0,6.73,7.4,202,222,202,212,212,222,,,,,,,,,,,,,,,,,,,,,,,,,,,,,,,,,,,,,,,,,,,,,,,,,,,,,,,,,,,,,,,,,,,,,,,,,,,,,,,,,,,,,,,,,,,,,,,,,,,,,,,,,,,,,,,,,,,,,,,,,,,,,,,,,,,,,,,,,,
u2aNYQdwgCc.mp4,4,swimming backstroke,A person is swimming in the pool,30.0,0.0,10.0,0.8,7.13,24,214,24,71,71,119,119,166,166,214,,,,,,,,,,,,,,,,,,,,,,,,,,,,,,,,,,,,,,,,,,,,,,,,,,,,,,,,,,,,,,,,,,,,,,,,,,,,,,,,,,,,,,,,,,,,,,,,,,,,,,,,,,,,,,,,,,,,,,,,,,,,,,,,,,,,,,
GCQ4ifMG2_g.mp4,2,breaking boards,The boy is doing karate,29.97002997002997,0.0,10.01,0.53,5.01,16,150,16,83,83,150,,,,,,,,,,,,,,,,,,,,,,,,,,,,,,,,,,,,,,,,,,,,,,,,,,,,,,,,,,,,,,,,,,,,,,,,,,,,,,,,,,,,,,,,,,,,,,,,,,,,,,,,,,,,,,,,,,,,,,,,,,,,,,,,,,,,,,,,,,
N3LfhMeClTg.mp4,7,checking tires,A person is rotating the screw,29.97002997002997,0.0,10.01,5.57,8.78,167,263,167,180,180,194,194,208,208,221,221,235,235,249,249,263,,,,,,,,,,,,,,,,,,,,,,,,,,,,,,,,,,,,,,,,,,,,,,,,,,,,,,,,,,,,,,,,,,,,,,,,,,,,,,,,,,,,,,,,,,,,,,,,,,,,,,,,,,,,,,,,,,,,,,,,,,,,,,,,
kASweYHcNAY.mp4,2,skiing crosscountry,A person is skiing,29.97002997002997,0.0,10.01,6.77,8.68,203,260,203,231,231,260,,,,,,,,,,,,,,,,,,,,,,,,,,,,,,,,,,,,,,,,,,,,,,,,,,,,,,,,,,,,,,,,,,,,,,,,,,,,,,,,,,,,,,,,,,,,,,,,,,,,,,,,,,,,,,,,,,,,,,,,,,,,,,,,,,,,,,,,,,
FcFhfx6hVm0.mp4,4,moon walking,A woman is doing the moonwalk,30.0,0.0,10.0,4.63,8.97,139,269,139,172,172,204,204,236,236,269,,,,,,,,,,,,,,,,,,,,,,,,,,,,,,,,,,,,,,,,,,,,,,,,,,,,,,,,,,,,,,,,,,,,,,,,,,,,,,,,,,,,,,,,,,,,,,,,,,,,,,,,,,,,,,,,,,,,,,,,,,,,,,,,,,,,,,
EdU7LFanhps.mp4,2,swimming breast stroke,A person is swimming,25.0,0.0,10.0,1.04,4.12,26,103,26,64,64,103,,,,,,,,,,,,,,,,,,,,,,,,,,,,,,,,,,,,,,,,,,,,,,,,,,,,,,,,,,,,,,,,,,,,,,,,,,,,,,,,,,,,,,,,,,,,,,,,,,,,,,,,,,,,,,,,,,,,,,,,,,,,,,,,,,,,,,,,,,
BdV7JO1xdjA.mp4,3,tying knot (not on a tie),A person is pulling the thread,29.97002997002997,0.0,10.01,6.87,9.51,206,285,206,233,233,259,259,285,,,,,,,,,,,,,,,,,,,,,,,,,,,,,,,,,,,,,,,,,,,,,,,,,,,,,,,,,,,,,,,,,,,,,,,,,,,,,,,,,,,,,,,,,,,,,,,,,,,,,,,,,,,,,,,,,,,,,,,,,,,,,,,,,,,,,,,,
scPd8M2l8L4.mp4,3,finger snapping,Two women are dancing,25.0,0.0,10.0,1.8,9.68,45,242,45,111,111,176,176,242,,,,,,,,,,,,,,,,,,,,,,,,,,,,,,,,,,,,,,,,,,,,,,,,,,,,,,,,,,,,,,,,,,,,,,,,,,,,,,,,,,,,,,,,,,,,,,,,,,,,,,,,,,,,,,,,,,,,,,,,,,,,,,,,,,,,,,,,
8tBlzuFAwM4.mp4,2,crocheting,A person is knitting,29.97002997002997,0.0,10.01,7.81,9.88,234,296,234,265,265,296,,,,,,,,,,,,,,,,,,,,,,,,,,,,,,,,,,,,,,,,,,,,,,,,,,,,,,,,,,,,,,,,,,,,,,,,,,,,,,,,,,,,,,,,,,,,,,,,,,,,,,,,,,,,,,,,,,,,,,,,,,,,,,,,,,,,,,,,,,
-OnaoeDrh5M.mp4,2,geocaching,A person is fixing with his hand,30.0,0.0,9.5,2.63,4.4,79,132,79,106,106,132,,,,,,,,,,,,,,,,,,,,,,,,,,,,,,,,,,,,,,,,,,,,,,,,,,,,,,,,,,,,,,,,,,,,,,,,,,,,,,,,,,,,,,,,,,,,,,,,,,,,,,,,,,,,,,,,,,,,,,,,,,,,,,,,,,,,,,,,,,
Ki800fV5NjM.mp4,3,mosh pit dancing,A person is moving his hands,15.0,0.0,10.0,2.27,4.0,34,60,34,43,43,51,51,60,,,,,,,,,,,,,,,,,,,,,,,,,,,,,,,,,,,,,,,,,,,,,,,,,,,,,,,,,,,,,,,,,,,,,,,,,,,,,,,,,,,,,,,,,,,,,,,,,,,,,,,,,,,,,,,,,,,,,,,,,,,,,,,,,,,,,,,,
mpB_lHppRyg.mp4,3,front raises,A person is doing exercise,29.97002997002997,0.0,10.01,1.13,8.51,34,255,34,107,107,181,181,255,,,,,,,,,,,,,,,,,,,,,,,,,,,,,,,,,,,,,,,,,,,,,,,,,,,,,,,,,,,,,,,,,,,,,,,,,,,,,,,,,,,,,,,,,,,,,,,,,,,,,,,,,,,,,,,,,,,,,,,,,,,,,,,,,,,,,,,,
AxqS66ZHG0k.mp4,5,ski ballet,A person is rotating,29.97002997002997,0.0,10.01,0.4,3.84,12,115,12,33,33,53,53,74,74,94,94,115,,,,,,,,,,,,,,,,,,,,,,,,,,,,,,,,,,,,,,,,,,,,,,,,,,,,,,,,,,,,,,,,,,,,,,,,,,,,,,,,,,,,,,,,,,,,,,,,,,,,,,,,,,,,,,,,,,,,,,,,,,,,,,,,,,,,
BBeO8xgzRG4.mp4,3,playing accordion,A person is playing music,30.0,0.0,10.0,0.13,6.4,4,192,4,66,66,129,129,192,,,,,,,,,,,,,,,,,,,,,,,,,,,,,,,,,,,,,,,,,,,,,,,,,,,,,,,,,,,,,,,,,,,,,,,,,,,,,,,,,,,,,,,,,,,,,,,,,,,,,,,,,,,,,,,,,,,,,,,,,,,,,,,,,,,,,,,,
fnUwF1PMeXU.mp4,3,shuffling feet,A person is moving the right leg,10.25,0.0,10.05,2.44,4.88,25,50,25,33,33,41,41,50,,,,,,,,,,,,,,,,,,,,,,,,,,,,,,,,,,,,,,,,,,,,,,,,,,,,,,,,,,,,,,,,,,,,,,,,,,,,,,,,,,,,,,,,,,,,,,,,,,,,,,,,,,,,,,,,,,,,,,,,,,,,,,,,,,,,,,,,
PnNOjyunefQ.mp4,2,playing cards,A person is adjusting the playing card,25.0,0.0,10.0,7.4,8.36,185,209,185,197,197,209,,,,,,,,,,,,,,,,,,,,,,,,,,,,,,,,,,,,,,,,,,,,,,,,,,,,,,,,,,,,,,,,,,,,,,,,,,,,,,,,,,,,,,,,,,,,,,,,,,,,,,,,,,,,,,,,,,,,,,,,,,,,,,,,,,,,,,,,,,
JB159KmrK9I.mp4,7,throwing knife,A person is spinning,11.988011988011989,0.0,10.01,0.83,9.84,10,118,10,25,25,41,41,56,56,72,72,87,87,103,103,118,,,,,,,,,,,,,,,,,,,,,,,,,,,,,,,,,,,,,,,,,,,,,,,,,,,,,,,,,,,,,,,,,,,,,,,,,,,,,,,,,,,,,,,,,,,,,,,,,,,,,,,,,,,,,,,,,,,,,,,,,,,,,,,,
IbDBHUu8hJs.mp4,2,dancing charleston,A person on the right is dancing,29.97002997002997,0.0,10.01,6.21,7.67,186,230,186,208,208,230,,,,,,,,,,,,,,,,,,,,,,,,,,,,,,,,,,,,,,,,,,,,,,,,,,,,,,,,,,,,,,,,,,,,,,,,,,,,,,,,,,,,,,,,,,,,,,,,,,,,,,,,,,,,,,,,,,,,,,,,,,,,,,,,,,,,,,,,,,
ZabJtResoWc.mp4,2,cutting nails,A person is cutting nails,29.97002997002997,0.0,10.01,4.44,8.58,133,257,133,195,195,257,,,,,,,,,,,,,,,,,,,,,,,,,,,,,,,,,,,,,,,,,,,,,,,,,,,,,,,,,,,,,,,,,,,,,,,,,,,,,,,,,,,,,,,,,,,,,,,,,,,,,,,,,,,,,,,,,,,,,,,,,,,,,,,,,,,,,,,,,,
OEAbSDKWBh4.mp4,5,archaeological excavation,A person digging in the water,23.976023976023978,0.0,10.01,0.17,2.34,4,56,4,14,14,25,25,35,35,45,45,56,,,,,,,,,,,,,,,,,,,,,,,,,,,,,,,,,,,,,,,,,,,,,,,,,,,,,,,,,,,,,,,,,,,,,,,,,,,,,,,,,,,,,,,,,,,,,,,,,,,,,,,,,,,,,,,,,,,,,,,,,,,,,,,,,,,,
PI1HNV0Mzwc.mp4,4,sawing wood,A person is cutting the wood,23.976023976023978,0.0,10.01,4.38,6.3,105,151,105,117,117,128,128,139,139,151,,,,,,,,,,,,,,,,,,,,,,,,,,,,,,,,,,,,,,,,,,,,,,,,,,,,,,,,,,,,,,,,,,,,,,,,,,,,,,,,,,,,,,,,,,,,,,,,,,,,,,,,,,,,,,,,,,,,,,,,,,,,,,,,,,,,,,
qoQBPXcPvts.mp4,6,using a paint roller,A person is painting the wall,29.916666666666668,0.0,10.03,0.03,8.06,1,241,1,41,41,81,81,121,121,161,161,201,201,241,,,,,,,,,,,,,,,,,,,,,,,,,,,,,,,,,,,,,,,,,,,,,,,,,,,,,,,,,,,,,,,,,,,,,,,,,,,,,,,,,,,,,,,,,,,,,,,,,,,,,,,,,,,,,,,,,,,,,,,,,,,,,,,,,,
pWstvEw3WVw.mp4,2,cracking neck,A person is doing a massage,14.985014985014985,0.0,10.01,3.07,4.14,46,62,46,54,54,62,,,,,,,,,,,,,,,,,,,,,,,,,,,,,,,,,,,,,,,,,,,,,,,,,,,,,,,,,,,,,,,,,,,,,,,,,,,,,,,,,,,,,,,,,,,,,,,,,,,,,,,,,,,,,,,,,,,,,,,,,,,,,,,,,,,,,,,,,,
Lanbgp72WxE.mp4,2,shining shoes,A person is polishing the shoe,29.97002997002997,0.0,10.01,4.57,6.81,137,204,137,170,170,204,,,,,,,,,,,,,,,,,,,,,,,,,,,,,,,,,,,,,,,,,,,,,,,,,,,,,,,,,,,,,,,,,,,,,,,,,,,,,,,,,,,,,,,,,,,,,,,,,,,,,,,,,,,,,,,,,,,,,,,,,,,,,,,,,,,,,,,,,,
VHCjwe8RQec.mp4,3,sausage making,A person is pressing the object,29.97002997002997,0.0,10.01,1.6,3.34,48,100,48,65,65,82,82,100,,,,,,,,,,,,,,,,,,,,,,,,,,,,,,,,,,,,,,,,,,,,,,,,,,,,,,,,,,,,,,,,,,,,,,,,,,,,,,,,,,,,,,,,,,,,,,,,,,,,,,,,,,,,,,,,,,,,,,,,,,,,,,,,,,,,,,,,
DHCc8o-PBbk.mp4,2,catching or throwing softball,A woman was clapping,29.959,0.0,10.01,5.91,6.44,177,193,177,185,185,193,,,,,,,,,,,,,,,,,,,,,,,,,,,,,,,,,,,,,,,,,,,,,,,,,,,,,,,,,,,,,,,,,,,,,,,,,,,,,,,,,,,,,,,,,,,,,,,,,,,,,,,,,,,,,,,,,,,,,,,,,,,,,,,,,,,,,,,,,,
H8oZ53ikDSA.mp4,9,juggling soccer ball,A person is playing with a football,29.97002997002997,0.0,10.01,0.97,9.41,29,282,29,57,57,85,85,113,113,141,141,169,169,197,197,226,226,254,254,282,,,,,,,,,,,,,,,,,,,,,,,,,,,,,,,,,,,,,,,,,,,,,,,,,,,,,,,,,,,,,,,,,,,,,,,,,,,,,,,,,,,,,,,,,,,,,,,,,,,,,,,,,,,,,,,,,,,,,,,,,,,,
aO1rzpzjjWM.mp4,11,surfing crowd,A person is dancing,30.0,0.0,10.0,2.13,7.23,64,217,64,78,78,92,92,105,105,119,119,133,133,147,147,161,161,175,175,189,189,203,203,217,,,,,,,,,,,,,,,,,,,,,,,,,,,,,,,,,,,,,,,,,,,,,,,,,,,,,,,,,,,,,,,,,,,,,,,,,,,,,,,,,,,,,,,,,,,,,,,,,,,,,,,,,,,,,,,,,,,,,,,,
KWcB_TQV4L8.mp4,2,shaping bread dough,A person is tapping the dough with his hand,30.0,0.0,9.57,2.13,2.57,64,77,64,70,70,77,,,,,,,,,,,,,,,,,,,,,,,,,,,,,,,,,,,,,,,,,,,,,,,,,,,,,,,,,,,,,,,,,,,,,,,,,,,,,,,,,,,,,,,,,,,,,,,,,,,,,,,,,,,,,,,,,,,,,,,,,,,,,,,,,,,,,,,,,,
8rJF88-OLMg.mp4,3,getting a tattoo,A person is doing a tattoo,30.0,0.0,10.0,0.03,1.8,1,54,1,19,19,36,36,54,,,,,,,,,,,,,,,,,,,,,,,,,,,,,,,,,,,,,,,,,,,,,,,,,,,,,,,,,,,,,,,,,,,,,,,,,,,,,,,,,,,,,,,,,,,,,,,,,,,,,,,,,,,,,,,,,,,,,,,,,,,,,,,,,,,,,,,,
uICK6PNKpw4.mp4,2,waving hand,A person is waving,23.976023976023978,0.0,4.71,3.46,4.25,83,102,83,93,93,102,,,,,,,,,,,,,,,,,,,,,,,,,,,,,,,,,,,,,,,,,,,,,,,,,,,,,,,,,,,,,,,,,,,,,,,,,,,,,,,,,,,,,,,,,,,,,,,,,,,,,,,,,,,,,,,,,,,,,,,,,,,,,,,,,,,,,,,,,,
hK1WI0s-qb4.mp4,2,installing carpet,A person is hitting the steps with an object,30.0,0.0,9.3,0.2,1.13,6,34,6,20,20,34,,,,,,,,,,,,,,,,,,,,,,,,,,,,,,,,,,,,,,,,,,,,,,,,,,,,,,,,,,,,,,,,,,,,,,,,,,,,,,,,,,,,,,,,,,,,,,,,,,,,,,,,,,,,,,,,,,,,,,,,,,,,,,,,,,,,,,,,,,
LIyE7n_jDNc.mp4,14,gospel singing in church,A person is moving the hand,30.0,0.0,9.3,2.67,8.83,80,265,80,94,94,107,107,120,120,133,133,146,146,160,160,173,173,186,186,199,199,212,212,226,226,239,239,252,252,265,,,,,,,,,,,,,,,,,,,,,,,,,,,,,,,,,,,,,,,,,,,,,,,,,,,,,,,,,,,,,,,,,,,,,,,,,,,,,,,,,,,,,,,,,,,,,,,,,,,,,,,,,,,,,,,,,,
VF9_IGr0kXc.mp4,2,headbanging,A person is moving the head,30.0,0.0,8.4,0.03,0.87,1,26,1,14,14,26,,,,,,,,,,,,,,,,,,,,,,,,,,,,,,,,,,,,,,,,,,,,,,,,,,,,,,,,,,,,,,,,,,,,,,,,,,,,,,,,,,,,,,,,,,,,,,,,,,,,,,,,,,,,,,,,,,,,,,,,,,,,,,,,,,,,,,,,,,
fc9kZa7Y8Ro.mp4,4,playing guitar,A person is playing the guitar,24.0,0.0,10.0,0.33,2.29,8,55,8,19,19,31,31,43,43,55,,,,,,,,,,,,,,,,,,,,,,,,,,,,,,,,,,,,,,,,,,,,,,,,,,,,,,,,,,,,,,,,,,,,,,,,,,,,,,,,,,,,,,,,,,,,,,,,,,,,,,,,,,,,,,,,,,,,,,,,,,,,,,,,,,,,,,
odn47v8rH-A.mp4,9,counting money,A person is shaking his head,29.166,0.0,10.01,0.07,2.88,2,84,2,11,11,20,20,30,30,39,39,48,48,57,57,66,66,75,75,84,,,,,,,,,,,,,,,,,,,,,,,,,,,,,,,,,,,,,,,,,,,,,,,,,,,,,,,,,,,,,,,,,,,,,,,,,,,,,,,,,,,,,,,,,,,,,,,,,,,,,,,,,,,,,,,,,,,,,,,,,,,,
fnTkR1uHvCU.mp4,8,changing wheel (not on bike),A person is fixing the screw,25.0,0.0,10.0,5.96,9.08,149,227,149,159,159,168,168,178,178,188,188,198,198,208,208,217,217,227,,,,,,,,,,,,,,,,,,,,,,,,,,,,,,,,,,,,,,,,,,,,,,,,,,,,,,,,,,,,,,,,,,,,,,,,,,,,,,,,,,,,,,,,,,,,,,,,,,,,,,,,,,,,,,,,,,,,,,,,,,,,,,
lfepTaVhsZI.mp4,3,hammer throw,A person is rotating the object,30.0,0.0,2.2,0.07,1.77,2,53,2,19,19,36,36,53,,,,,,,,,,,,,,,,,,,,,,,,,,,,,,,,,,,,,,,,,,,,,,,,,,,,,,,,,,,,,,,,,,,,,,,,,,,,,,,,,,,,,,,,,,,,,,,,,,,,,,,,,,,,,,,,,,,,,,,,,,,,,,,,,,,,,,,,
adskJP_tG4M.mp4,10,changing oil,A person is rotating an object,29.97002997002997,0.0,10.01,1.33,7.61,40,228,40,58,58,77,77,96,96,115,115,134,134,152,152,171,171,190,190,209,209,228,,,,,,,,,,,,,,,,,,,,,,,,,,,,,,,,,,,,,,,,,,,,,,,,,,,,,,,,,,,,,,,,,,,,,,,,,,,,,,,,,,,,,,,,,,,,,,,,,,,,,,,,,,,,,,,,,,,,,,,,,,
CYpSo6wJBQo.mp4,2,mixing colours,A person is rotating the cap,30.0,0.0,10.0,3.97,5.4,119,162,119,140,140,162,,,,,,,,,,,,,,,,,,,,,,,,,,,,,,,,,,,,,,,,,,,,,,,,,,,,,,,,,,,,,,,,,,,,,,,,,,,,,,,,,,,,,,,,,,,,,,,,,,,,,,,,,,,,,,,,,,,,,,,,,,,,,,,,,,,,,,,,,,
QJ1pgpoY1yM.mp4,17,pinching,A person is pinching,30.0,0.0,9.73,0.17,9.73,5,292,5,22,22,39,39,56,56,73,73,91,91,108,108,125,125,142,142,159,159,176,176,193,193,211,211,228,228,245,245,262,262,279,279,292,,,,,,,,,,,,,,,,,,,,,,,,,,,,,,,,,,,,,,,,,,,,,,,,,,,,,,,,,,,,,,,,,,,,,,,,,,,,,,,,,,,,,,,,,,,,,,,,,,,,,,,,,,,,
a5I0FH4vCN0.mp4,2,slicing onion,A person is chopping an onion,29.97002997002997,0.0,10.01,7.84,10.01,235,300,235,267,267,300,,,,,,,,,,,,,,,,,,,,,,,,,,,,,,,,,,,,,,,,,,,,,,,,,,,,,,,,,,,,,,,,,,,,,,,,,,,,,,,,,,,,,,,,,,,,,,,,,,,,,,,,,,,,,,,,,,,,,,,,,,,,,,,,,,,,,,,,,,
7L2xAnStq9Y.mp4,3,dribbling basketball,A person is playing with a ball,30.0,0.0,10.0,1.53,3.53,46,106,46,66,66,86,86,106,,,,,,,,,,,,,,,,,,,,,,,,,,,,,,,,,,,,,,,,,,,,,,,,,,,,,,,,,,,,,,,,,,,,,,,,,,,,,,,,,,,,,,,,,,,,,,,,,,,,,,,,,,,,,,,,,,,,,,,,,,,,,,,,,,,,,,,,
shmvkEZOlDM.mp4,3,petting cat,A person is pampering the cat,29.746,0.0,7.19,2.82,4.07,84,121,84,97,97,109,109,121,,,,,,,,,,,,,,,,,,,,,,,,,,,,,,,,,,,,,,,,,,,,,,,,,,,,,,,,,,,,,,,,,,,,,,,,,,,,,,,,,,,,,,,,,,,,,,,,,,,,,,,,,,,,,,,,,,,,,,,,,,,,,,,,,,,,,,,,
tKyqXBjScds.mp4,5,contact juggling,A person is rolling the balls with his fingers,25.0,0.0,10.0,3.24,6.8,81,170,81,99,99,117,117,134,134,152,152,170,,,,,,,,,,,,,,,,,,,,,,,,,,,,,,,,,,,,,,,,,,,,,,,,,,,,,,,,,,,,,,,,,,,,,,,,,,,,,,,,,,,,,,,,,,,,,,,,,,,,,,,,,,,,,,,,,,,,,,,,,,,,,,,,,,,,
FDTmhGmSIQQ.mp4,3,beatboxing,A person is moving the hand,15.0,0.0,10.0,5.93,7.47,89,112,89,97,97,104,104,112,,,,,,,,,,,,,,,,,,,,,,,,,,,,,,,,,,,,,,,,,,,,,,,,,,,,,,,,,,,,,,,,,,,,,,,,,,,,,,,,,,,,,,,,,,,,,,,,,,,,,,,,,,,,,,,,,,,,,,,,,,,,,,,,,,,,,,,,
aYF1RsnnC90.mp4,2,sanding wood,A person is cleaning the wooden piece,29.97002997002997,0.0,10.01,0.73,5.47,22,164,22,93,93,164,,,,,,,,,,,,,,,,,,,,,,,,,,,,,,,,,,,,,,,,,,,,,,,,,,,,,,,,,,,,,,,,,,,,,,,,,,,,,,,,,,,,,,,,,,,,,,,,,,,,,,,,,,,,,,,,,,,,,,,,,,,,,,,,,,,,,,,,,,
mwmU7SyVDGE.mp4,3,playing blackjack,A person is picking the playing cards,25.0,0.0,10.0,0.2,1.16,5,29,5,13,13,21,21,29,,,,,,,,,,,,,,,,,,,,,,,,,,,,,,,,,,,,,,,,,,,,,,,,,,,,,,,,,,,,,,,,,,,,,,,,,,,,,,,,,,,,,,,,,,,,,,,,,,,,,,,,,,,,,,,,,,,,,,,,,,,,,,,,,,,,,,,,
a55MvMrYrCA.mp4,2,metal detecting,A person is moving his hand with a tool,29.97002997002997,0.0,10.01,0.57,3.5,17,105,17,61,61,105,,,,,,,,,,,,,,,,,,,,,,,,,,,,,,,,,,,,,,,,,,,,,,,,,,,,,,,,,,,,,,,,,,,,,,,,,,,,,,,,,,,,,,,,,,,,,,,,,,,,,,,,,,,,,,,,,,,,,,,,,,,,,,,,,,,,,,,,,,
a8I3Z0cPlK0.mp4,14,bouncing ball (not juggling),A person and a kid are playing with a ball,24.0,0.0,10.0,0.04,7.83,1,188,1,14,14,28,28,41,41,54,54,68,68,81,81,95,95,108,108,121,121,135,135,148,148,161,161,175,175,188,,,,,,,,,,,,,,,,,,,,,,,,,,,,,,,,,,,,,,,,,,,,,,,,,,,,,,,,,,,,,,,,,,,,,,,,,,,,,,,,,,,,,,,,,,,,,,,,,,,,,,,,,,,,,,,,,,
-RdGKu6-iFY.mp4,6,brushing teeth,A lady is brushing her teeth,29.97002997002997,0.0,10.01,6.51,8.11,195,243,195,203,203,211,211,219,219,227,227,235,235,243,,,,,,,,,,,,,,,,,,,,,,,,,,,,,,,,,,,,,,,,,,,,,,,,,,,,,,,,,,,,,,,,,,,,,,,,,,,,,,,,,,,,,,,,,,,,,,,,,,,,,,,,,,,,,,,,,,,,,,,,,,,,,,,,,,
n5i_Bbizpm4.mp4,2,chiseling wood,A person is hitting with a tool,30.0,0.0,10.0,6.77,7.43,203,223,203,213,213,223,,,,,,,,,,,,,,,,,,,,,,,,,,,,,,,,,,,,,,,,,,,,,,,,,,,,,,,,,,,,,,,,,,,,,,,,,,,,,,,,,,,,,,,,,,,,,,,,,,,,,,,,,,,,,,,,,,,,,,,,,,,,,,,,,,,,,,,,,,
a7QzsB9aQkM.mp4,2,changing oil,A person is cleaning the screwdriver,29.97002997002997,0.0,10.01,0.07,0.77,2,23,2,13,13,23,,,,,,,,,,,,,,,,,,,,,,,,,,,,,,,,,,,,,,,,,,,,,,,,,,,,,,,,,,,,,,,,,,,,,,,,,,,,,,,,,,,,,,,,,,,,,,,,,,,,,,,,,,,,,,,,,,,,,,,,,,,,,,,,,,,,,,,,,,
GZJJ5sgUfPw.mp4,2,brushing hair,A person is combing the hair,30.0,0.0,10.0,8.6,8.97,258,269,258,263,263,269,,,,,,,,,,,,,,,,,,,,,,,,,,,,,,,,,,,,,,,,,,,,,,,,,,,,,,,,,,,,,,,,,,,,,,,,,,,,,,,,,,,,,,,,,,,,,,,,,,,,,,,,,,,,,,,,,,,,,,,,,,,,,,,,,,,,,,,,,,
IxYyFYQv8Lw.mp4,3,sharpening knives,A person is sharpening the knife,29.97002997002997,0.0,10.01,1.23,3.27,37,98,37,58,58,78,78,98,,,,,,,,,,,,,,,,,,,,,,,,,,,,,,,,,,,,,,,,,,,,,,,,,,,,,,,,,,,,,,,,,,,,,,,,,,,,,,,,,,,,,,,,,,,,,,,,,,,,,,,,,,,,,,,,,,,,,,,,,,,,,,,,,,,,,,,,
gouMQRILeKI.mp4,2,braiding hair,A person is braiding the hair,29.97002997002997,0.0,10.01,0.27,7.64,8,229,8,119,119,229,,,,,,,,,,,,,,,,,,,,,,,,,,,,,,,,,,,,,,,,,,,,,,,,,,,,,,,,,,,,,,,,,,,,,,,,,,,,,,,,,,,,,,,,,,,,,,,,,,,,,,,,,,,,,,,,,,,,,,,,,,,,,,,,,,,,,,,,,,
AMUJKK1lFyY.mp4,2,saluting,A person is doing an action with his hands,15.0,0.0,10.0,4.33,4.93,65,74,65,70,70,74,,,,,,,,,,,,,,,,,,,,,,,,,,,,,,,,,,,,,,,,,,,,,,,,,,,,,,,,,,,,,,,,,,,,,,,,,,,,,,,,,,,,,,,,,,,,,,,,,,,,,,,,,,,,,,,,,,,,,,,,,,,,,,,,,,,,,,,,,,
ERJ_kkOE2iI.mp4,2,jumpstyle dancing,Two persons are dancing,29.97002997002997,0.0,10.01,0.03,0.8,1,24,1,13,13,24,,,,,,,,,,,,,,,,,,,,,,,,,,,,,,,,,,,,,,,,,,,,,,,,,,,,,,,,,,,,,,,,,,,,,,,,,,,,,,,,,,,,,,,,,,,,,,,,,,,,,,,,,,,,,,,,,,,,,,,,,,,,,,,,,,,,,,,,,,
McC3crRWpGc.mp4,5,swimming backstroke,A person is swimming in the pool,30.0,0.0,10.0,0.2,2.63,6,79,6,21,21,35,35,50,50,65,65,79,,,,,,,,,,,,,,,,,,,,,,,,,,,,,,,,,,,,,,,,,,,,,,,,,,,,,,,,,,,,,,,,,,,,,,,,,,,,,,,,,,,,,,,,,,,,,,,,,,,,,,,,,,,,,,,,,,,,,,,,,,,,,,,,,,,,
mWJwGHd4RzM.mp4,3,bending metal,A person is rotating some object,25.0,0.0,10.0,0.04,2.12,1,53,1,18,18,36,36,53,,,,,,,,,,,,,,,,,,,,,,,,,,,,,,,,,,,,,,,,,,,,,,,,,,,,,,,,,,,,,,,,,,,,,,,,,,,,,,,,,,,,,,,,,,,,,,,,,,,,,,,,,,,,,,,,,,,,,,,,,,,,,,,,,,,,,,,,
a4pLZKNJ5NU.mp4,4,slicing onion,A person is cutting an item,29.97002997002997,0.0,9.81,0.53,1.6,16,48,16,24,24,32,32,40,40,48,,,,,,,,,,,,,,,,,,,,,,,,,,,,,,,,,,,,,,,,,,,,,,,,,,,,,,,,,,,,,,,,,,,,,,,,,,,,,,,,,,,,,,,,,,,,,,,,,,,,,,,,,,,,,,,,,,,,,,,,,,,,,,,,,,,,,,
M0rxrD-jSpc.mp4,3,playing scrabble,A person is placing the coins,29.97002997002997,0.0,6.57,2.97,6.24,89,187,89,121,121,154,154,187,,,,,,,,,,,,,,,,,,,,,,,,,,,,,,,,,,,,,,,,,,,,,,,,,,,,,,,,,,,,,,,,,,,,,,,,,,,,,,,,,,,,,,,,,,,,,,,,,,,,,,,,,,,,,,,,,,,,,,,,,,,,,,,,,,,,,,,,
z7mxtTUYlzQ.mp4,2,country line dancing,A person is dancing,25.0,0.0,10.0,4.8,7.88,120,197,120,158,158,197,,,,,,,,,,,,,,,,,,,,,,,,,,,,,,,,,,,,,,,,,,,,,,,,,,,,,,,,,,,,,,,,,,,,,,,,,,,,,,,,,,,,,,,,,,,,,,,,,,,,,,,,,,,,,,,,,,,,,,,,,,,,,,,,,,,,,,,,,,
AT8sUMY1KPQ.mp4,2,dyeing hair,A person is rubbing the right hand on the hair,29.501,0.0,10.03,0.41,1.25,12,37,12,24,24,37,,,,,,,,,,,,,,,,,,,,,,,,,,,,,,,,,,,,,,,,,,,,,,,,,,,,,,,,,,,,,,,,,,,,,,,,,,,,,,,,,,,,,,,,,,,,,,,,,,,,,,,,,,,,,,,,,,,,,,,,,,,,,,,,,,,,,,,,,,
Xq68JlR_SbY.mp4,4,dyeing eyebrows,A person is brushing the eyebrow,25.0,0.0,10.0,0.28,1.68,7,42,7,16,16,24,24,33,33,42,,,,,,,,,,,,,,,,,,,,,,,,,,,,,,,,,,,,,,,,,,,,,,,,,,,,,,,,,,,,,,,,,,,,,,,,,,,,,,,,,,,,,,,,,,,,,,,,,,,,,,,,,,,,,,,,,,,,,,,,,,,,,,,,,,,,,,
Ccs-oUnbDxA.mp4,13,bouncing ball (not juggling),A girl is sitting and jumping on a ball,30.0,0.0,10.0,1.27,9.4,38,282,38,57,57,76,76,95,95,113,113,132,132,151,151,170,170,188,188,207,207,226,226,245,245,263,263,282,,,,,,,,,,,,,,,,,,,,,,,,,,,,,,,,,,,,,,,,,,,,,,,,,,,,,,,,,,,,,,,,,,,,,,,,,,,,,,,,,,,,,,,,,,,,,,,,,,,,,,,,,,,,,,,,,,,,
8GZrWaU3XDQ.mp4,7,situp,A person is exercising,25.0,0.0,9.68,0.28,8.72,7,218,7,37,37,67,67,97,97,128,128,158,158,188,188,218,,,,,,,,,,,,,,,,,,,,,,,,,,,,,,,,,,,,,,,,,,,,,,,,,,,,,,,,,,,,,,,,,,,,,,,,,,,,,,,,,,,,,,,,,,,,,,,,,,,,,,,,,,,,,,,,,,,,,,,,,,,,,,,,
9mClKtfzr-o.mp4,2,punching person (boxing),A person is doing exercise,29.97002997002997,0.0,10.01,0.13,10.01,4,300,4,152,152,300,,,,,,,,,,,,,,,,,,,,,,,,,,,,,,,,,,,,,,,,,,,,,,,,,,,,,,,,,,,,,,,,,,,,,,,,,,,,,,,,,,,,,,,,,,,,,,,,,,,,,,,,,,,,,,,,,,,,,,,,,,,,,,,,,,,,,,,,,,
McOyOHR-f2Q.mp4,3,building sandcastle,A girl is nodding her head,30.0,0.0,10.0,0.03,1.03,1,31,1,11,11,21,21,31,,,,,,,,,,,,,,,,,,,,,,,,,,,,,,,,,,,,,,,,,,,,,,,,,,,,,,,,,,,,,,,,,,,,,,,,,,,,,,,,,,,,,,,,,,,,,,,,,,,,,,,,,,,,,,,,,,,,,,,,,,,,,,,,,,,,,,,,
ERJ_kkOE2iI.mp4,2,jumpstyle dancing,Two men are dancing,29.97002997002997,0.0,10.01,0.07,0.73,2,22,2,12,12,22,,,,,,,,,,,,,,,,,,,,,,,,,,,,,,,,,,,,,,,,,,,,,,,,,,,,,,,,,,,,,,,,,,,,,,,,,,,,,,,,,,,,,,,,,,,,,,,,,,,,,,,,,,,,,,,,,,,,,,,,,,,,,,,,,,,,,,,,,,
BqUWzWG2WcY.mp4,8,brushing floor,A person is sweeping the floor,29.97002997002997,0.0,10.01,0.47,9.71,14,291,14,49,49,84,84,118,118,153,153,187,187,222,222,257,257,291,,,,,,,,,,,,,,,,,,,,,,,,,,,,,,,,,,,,,,,,,,,,,,,,,,,,,,,,,,,,,,,,,,,,,,,,,,,,,,,,,,,,,,,,,,,,,,,,,,,,,,,,,,,,,,,,,,,,,,,,,,,,,,
yjZ03DbAXDY.mp4,2,zumba,A person is dancing,29.97002997002997,0.0,10.01,0.27,2.0,8,60,8,34,34,60,,,,,,,,,,,,,,,,,,,,,,,,,,,,,,,,,,,,,,,,,,,,,,,,,,,,,,,,,,,,,,,,,,,,,,,,,,,,,,,,,,,,,,,,,,,,,,,,,,,,,,,,,,,,,,,,,,,,,,,,,,,,,,,,,,,,,,,,,,
EpTeVtoil5M.mp4,2,push up,A person is doing exercise,25.0,0.0,8.96,0.16,3.84,4,96,4,50,50,96,,,,,,,,,,,,,,,,,,,,,,,,,,,,,,,,,,,,,,,,,,,,,,,,,,,,,,,,,,,,,,,,,,,,,,,,,,,,,,,,,,,,,,,,,,,,,,,,,,,,,,,,,,,,,,,,,,,,,,,,,,,,,,,,,,,,,,,,,,
DYiHsAAuzMk.mp4,2,making the bed,A woman is cleaning the bed,29.97002997002997,0.0,10.01,1.77,2.57,53,77,53,65,65,77,,,,,,,,,,,,,,,,,,,,,,,,,,,,,,,,,,,,,,,,,,,,,,,,,,,,,,,,,,,,,,,,,,,,,,,,,,,,,,,,,,,,,,,,,,,,,,,,,,,,,,,,,,,,,,,,,,,,,,,,,,,,,,,,,,,,,,,,,,
i4VGPgmxc94.mp4,2,putting on lipstick,A lady is applying lipstick,23.976023976023978,0.0,10.01,0.04,3.59,1,86,1,44,44,86,,,,,,,,,,,,,,,,,,,,,,,,,,,,,,,,,,,,,,,,,,,,,,,,,,,,,,,,,,,,,,,,,,,,,,,,,,,,,,,,,,,,,,,,,,,,,,,,,,,,,,,,,,,,,,,,,,,,,,,,,,,,,,,,,,,,,,,,,,
BdO1TNpu7d4.mp4,2,surveying,A camera is rolling sideways,23.976023976023978,0.0,10.01,6.34,9.05,152,217,152,185,185,217,,,,,,,,,,,,,,,,,,,,,,,,,,,,,,,,,,,,,,,,,,,,,,,,,,,,,,,,,,,,,,,,,,,,,,,,,,,,,,,,,,,,,,,,,,,,,,,,,,,,,,,,,,,,,,,,,,,,,,,,,,,,,,,,,,,,,,,,,,
tApd2UUZwcU.mp4,12,headbanging,A person is shaking his head,10.0,0.0,10.0,0.2,5.6,2,56,2,6,6,11,11,15,15,20,20,24,24,29,29,33,33,38,38,42,42,47,47,51,51,56,,,,,,,,,,,,,,,,,,,,,,,,,,,,,,,,,,,,,,,,,,,,,,,,,,,,,,,,,,,,,,,,,,,,,,,,,,,,,,,,,,,,,,,,,,,,,,,,,,,,,,,,,,,,,,,,,,,,,,
DZVnCfxuNts.mp4,4,making balloon shapes,A person is rotating the object,30.0,0.0,10.0,7.97,9.77,239,293,239,252,252,266,266,279,279,293,,,,,,,,,,,,,,,,,,,,,,,,,,,,,,,,,,,,,,,,,,,,,,,,,,,,,,,,,,,,,,,,,,,,,,,,,,,,,,,,,,,,,,,,,,,,,,,,,,,,,,,,,,,,,,,,,,,,,,,,,,,,,,,,,,,,,,
WpxMt3U3TOY.mp4,3,skiing mono,A person is snow skating,10.0,0.0,8.8,0.0,4.4,0,44,0,15,15,29,29,44,,,,,,,,,,,,,,,,,,,,,,,,,,,,,,,,,,,,,,,,,,,,,,,,,,,,,,,,,,,,,,,,,,,,,,,,,,,,,,,,,,,,,,,,,,,,,,,,,,,,,,,,,,,,,,,,,,,,,,,,,,,,,,,,,,,,,,,,
VjBmeMbxS80.mp4,3,climbing ladder,A person is climbing,30.0,0.0,10.0,2.2,8.53,66,256,66,129,129,192,192,256,,,,,,,,,,,,,,,,,,,,,,,,,,,,,,,,,,,,,,,,,,,,,,,,,,,,,,,,,,,,,,,,,,,,,,,,,,,,,,,,,,,,,,,,,,,,,,,,,,,,,,,,,,,,,,,,,,,,,,,,,,,,,,,,,,,,,,,,
saXDQtEO9WM.mp4,2,playing rubiks cube,A person is playing with cubes,24.0,0.0,10.0,1.96,3.42,47,82,47,64,64,82,,,,,,,,,,,,,,,,,,,,,,,,,,,,,,,,,,,,,,,,,,,,,,,,,,,,,,,,,,,,,,,,,,,,,,,,,,,,,,,,,,,,,,,,,,,,,,,,,,,,,,,,,,,,,,,,,,,,,,,,,,,,,,,,,,,,,,,,,,
BqUWzWG2WcY.mp4,8,brushing floor,A person is cleaning the floor,29.97002997002997,0.0,10.01,0.53,9.61,16,288,16,50,50,84,84,118,118,152,152,186,186,220,220,254,254,288,,,,,,,,,,,,,,,,,,,,,,,,,,,,,,,,,,,,,,,,,,,,,,,,,,,,,,,,,,,,,,,,,,,,,,,,,,,,,,,,,,,,,,,,,,,,,,,,,,,,,,,,,,,,,,,,,,,,,,,,,,,,,,
i57JJ3k7Jc4.mp4,8,visiting the zoo,A girl is tapping the glass with her hands,30.0,0.0,10.0,3.67,5.57,110,167,110,117,117,125,125,132,132,139,139,146,146,153,153,160,160,167,,,,,,,,,,,,,,,,,,,,,,,,,,,,,,,,,,,,,,,,,,,,,,,,,,,,,,,,,,,,,,,,,,,,,,,,,,,,,,,,,,,,,,,,,,,,,,,,,,,,,,,,,,,,,,,,,,,,,,,,,,,,,,
AUg1Thvho14.mp4,20,battle rope training,A person is doing rope swings,29.97002997002997,0.0,9.34,0.03,7.47,1,224,1,12,12,23,23,35,35,46,46,57,57,68,68,79,79,90,90,102,102,113,113,124,124,135,135,146,146,157,157,168,168,180,180,191,191,202,202,213,213,224,,,,,,,,,,,,,,,,,,,,,,,,,,,,,,,,,,,,,,,,,,,,,,,,,,,,,,,,,,,,,,,,,,,,,,,,,,,,,,,,,,,,,,,,,,,,,,,,,,,,,,
-RdGKu6-iFY.mp4,6,brushing teeth,A lady is brushing her teeth,29.97002997002997,0.0,10.01,6.44,8.11,193,243,193,201,201,210,210,218,218,227,227,235,235,243,,,,,,,,,,,,,,,,,,,,,,,,,,,,,,,,,,,,,,,,,,,,,,,,,,,,,,,,,,,,,,,,,,,,,,,,,,,,,,,,,,,,,,,,,,,,,,,,,,,,,,,,,,,,,,,,,,,,,,,,,,,,,,,,,,
Ibnpr5Ejsn0.mp4,3,skipping rope,A person is skipping,29.0,0.0,10.0,2.69,4.41,78,128,78,94,94,111,111,128,,,,,,,,,,,,,,,,,,,,,,,,,,,,,,,,,,,,,,,,,,,,,,,,,,,,,,,,,,,,,,,,,,,,,,,,,,,,,,,,,,,,,,,,,,,,,,,,,,,,,,,,,,,,,,,,,,,,,,,,,,,,,,,,,,,,,,,,
h4hp0ZO9aMs.mp4,2,dancing gangnam style,A person is dancing,30.0,0.0,9.43,0.93,1.77,28,53,28,40,40,53,,,,,,,,,,,,,,,,,,,,,,,,,,,,,,,,,,,,,,,,,,,,,,,,,,,,,,,,,,,,,,,,,,,,,,,,,,,,,,,,,,,,,,,,,,,,,,,,,,,,,,,,,,,,,,,,,,,,,,,,,,,,,,,,,,,,,,,,,,
iMq9Hz-Ikdc.mp4,2,waxing chest,A person is rubbing the hands,19.981,0.0,10.01,0.4,1.3,8,26,8,17,17,26,,,,,,,,,,,,,,,,,,,,,,,,,,,,,,,,,,,,,,,,,,,,,,,,,,,,,,,,,,,,,,,,,,,,,,,,,,,,,,,,,,,,,,,,,,,,,,,,,,,,,,,,,,,,,,,,,,,,,,,,,,,,,,,,,,,,,,,,,,
UPvs-IXoZv8.mp4,3,playing netball,A girl is moving,25.0,0.0,10.0,4.08,5.64,102,141,102,115,115,128,128,141,,,,,,,,,,,,,,,,,,,,,,,,,,,,,,,,,,,,,,,,,,,,,,,,,,,,,,,,,,,,,,,,,,,,,,,,,,,,,,,,,,,,,,,,,,,,,,,,,,,,,,,,,,,,,,,,,,,,,,,,,,,,,,,,,,,,,,,,
Ki800fV5NjM.mp4,3,mosh pit dancing,A person is moving his hands,15.0,0.0,10.0,2.27,3.93,34,59,34,42,42,51,51,59,,,,,,,,,,,,,,,,,,,,,,,,,,,,,,,,,,,,,,,,,,,,,,,,,,,,,,,,,,,,,,,,,,,,,,,,,,,,,,,,,,,,,,,,,,,,,,,,,,,,,,,,,,,,,,,,,,,,,,,,,,,,,,,,,,,,,,,,
a7aM_nL7BPc.mp4,6,filling eyebrows,A person is brushing the eyebrow,23.976023976023978,0.0,10.01,0.17,3.25,4,78,4,16,16,28,28,41,41,53,53,65,65,78,,,,,,,,,,,,,,,,,,,,,,,,,,,,,,,,,,,,,,,,,,,,,,,,,,,,,,,,,,,,,,,,,,,,,,,,,,,,,,,,,,,,,,,,,,,,,,,,,,,,,,,,,,,,,,,,,,,,,,,,,,,,,,,,,,
eLe4TPqDX1A.mp4,2,wrapping present,A person is touching the paper,29.925,0.0,10.03,8.39,9.32,251,279,251,265,265,279,,,,,,,,,,,,,,,,,,,,,,,,,,,,,,,,,,,,,,,,,,,,,,,,,,,,,,,,,,,,,,,,,,,,,,,,,,,,,,,,,,,,,,,,,,,,,,,,,,,,,,,,,,,,,,,,,,,,,,,,,,,,,,,,,,,,,,,,,,
ci4_GX8wN9M.mp4,2,shuffling feet,A person is dancing,30.0,0.0,10.0,5.43,7.47,163,224,163,194,194,224,,,,,,,,,,,,,,,,,,,,,,,,,,,,,,,,,,,,,,,,,,,,,,,,,,,,,,,,,,,,,,,,,,,,,,,,,,,,,,,,,,,,,,,,,,,,,,,,,,,,,,,,,,,,,,,,,,,,,,,,,,,,,,,,,,,,,,,,,,
n0-YG0yo4-8.mp4,3,making a sandwich,A person is pouring powder,29.927,0.0,10.02,3.84,8.39,115,251,115,160,160,206,206,251,,,,,,,,,,,,,,,,,,,,,,,,,,,,,,,,,,,,,,,,,,,,,,,,,,,,,,,,,,,,,,,,,,,,,,,,,,,,,,,,,,,,,,,,,,,,,,,,,,,,,,,,,,,,,,,,,,,,,,,,,,,,,,,,,,,,,,,,
ABdcQV4Zp2o.mp4,2,embroidering,A person is pulling the thread,25.0,0.0,10.0,0.04,4.0,1,100,1,50,50,100,,,,,,,,,,,,,,,,,,,,,,,,,,,,,,,,,,,,,,,,,,,,,,,,,,,,,,,,,,,,,,,,,,,,,,,,,,,,,,,,,,,,,,,,,,,,,,,,,,,,,,,,,,,,,,,,,,,,,,,,,,,,,,,,,,,,,,,,,,
aCNa4tUUFUE.mp4,6,sieving,A person is filtering with the tool,29.97002997002997,0.0,10.01,0.03,2.74,1,82,1,15,15,28,28,41,41,55,55,68,68,82,,,,,,,,,,,,,,,,,,,,,,,,,,,,,,,,,,,,,,,,,,,,,,,,,,,,,,,,,,,,,,,,,,,,,,,,,,,,,,,,,,,,,,,,,,,,,,,,,,,,,,,,,,,,,,,,,,,,,,,,,,,,,,,,,,
DI0VyqOmVXw.mp4,17,skipping rope,A person is skipping with a rope,30.0,0.0,10.0,0.07,9.8,2,294,2,20,20,37,37,54,54,71,71,88,88,105,105,122,122,140,140,157,157,174,174,191,191,208,208,225,225,243,243,260,260,277,277,294,,,,,,,,,,,,,,,,,,,,,,,,,,,,,,,,,,,,,,,,,,,,,,,,,,,,,,,,,,,,,,,,,,,,,,,,,,,,,,,,,,,,,,,,,,,,,,,,,,,,,,,,,,,,
HHEBKvnbh1E.mp4,4,jumpstyle dancing,A man is moving his leg while dancing,29.833333333333332,0.0,10.02,7.17,8.55,214,255,214,224,224,234,234,245,245,255,,,,,,,,,,,,,,,,,,,,,,,,,,,,,,,,,,,,,,,,,,,,,,,,,,,,,,,,,,,,,,,,,,,,,,,,,,,,,,,,,,,,,,,,,,,,,,,,,,,,,,,,,,,,,,,,,,,,,,,,,,,,,,,,,,,,,,
ci4_GX8wN9M.mp4,2,shuffling feet,A person is dancing,30.0,0.0,10.0,5.4,7.47,162,224,162,193,193,224,,,,,,,,,,,,,,,,,,,,,,,,,,,,,,,,,,,,,,,,,,,,,,,,,,,,,,,,,,,,,,,,,,,,,,,,,,,,,,,,,,,,,,,,,,,,,,,,,,,,,,,,,,,,,,,,,,,,,,,,,,,,,,,,,,,,,,,,,,
C98UJ44oz8A.mp4,4,playing cymbals,A person is playing a musical instrument,29.97002997002997,0.0,10.01,1.43,4.1,43,123,43,63,63,83,83,103,103,123,,,,,,,,,,,,,,,,,,,,,,,,,,,,,,,,,,,,,,,,,,,,,,,,,,,,,,,,,,,,,,,,,,,,,,,,,,,,,,,,,,,,,,,,,,,,,,,,,,,,,,,,,,,,,,,,,,,,,,,,,,,,,,,,,,,,,,
H2fZ5TC_I-M.mp4,4,calligraphy,A woman is filling the colors,29.833333333333332,0.0,10.02,0.4,9.99,12,298,12,84,84,155,155,227,227,298,,,,,,,,,,,,,,,,,,,,,,,,,,,,,,,,,,,,,,,,,,,,,,,,,,,,,,,,,,,,,,,,,,,,,,,,,,,,,,,,,,,,,,,,,,,,,,,,,,,,,,,,,,,,,,,,,,,,,,,,,,,,,,,,,,,,,,
jexAjr2reDg.mp4,3,contact juggling,A person is moving their hands,29.917,0.0,10.03,0.03,4.65,1,139,1,47,47,93,93,139,,,,,,,,,,,,,,,,,,,,,,,,,,,,,,,,,,,,,,,,,,,,,,,,,,,,,,,,,,,,,,,,,,,,,,,,,,,,,,,,,,,,,,,,,,,,,,,,,,,,,,,,,,,,,,,,,,,,,,,,,,,,,,,,,,,,,,,,
K-eRMwN1FFY.mp4,6,polishing metal,A person is rubbing the rod,29.928,0.0,10.02,2.97,6.25,89,187,89,105,105,121,121,138,138,154,154,170,170,187,,,,,,,,,,,,,,,,,,,,,,,,,,,,,,,,,,,,,,,,,,,,,,,,,,,,,,,,,,,,,,,,,,,,,,,,,,,,,,,,,,,,,,,,,,,,,,,,,,,,,,,,,,,,,,,,,,,,,,,,,,,,,,,,,,
N5TNIoFFylc.mp4,17,counting money,A person is counting money,29.796610169491526,0.0,9.83,0.13,9.6,4,286,4,20,20,37,37,53,53,70,70,87,87,103,103,120,120,137,137,153,153,170,170,186,186,203,203,220,220,236,236,253,253,269,269,286,,,,,,,,,,,,,,,,,,,,,,,,,,,,,,,,,,,,,,,,,,,,,,,,,,,,,,,,,,,,,,,,,,,,,,,,,,,,,,,,,,,,,,,,,,,,,,,,,,,,,,,,,,,,
hIw4t8YzJVw.mp4,4,moon walking,A person is doing a moonwalk,30.0,0.0,8.87,2.8,6.03,84,181,84,108,108,133,133,157,157,181,,,,,,,,,,,,,,,,,,,,,,,,,,,,,,,,,,,,,,,,,,,,,,,,,,,,,,,,,,,,,,,,,,,,,,,,,,,,,,,,,,,,,,,,,,,,,,,,,,,,,,,,,,,,,,,,,,,,,,,,,,,,,,,,,,,,,,
i_lvrSmTfpk.mp4,5,casting fishing line,A person is reeling in the fishing rod,29.666666666666668,0.0,10.01,1.01,1.89,30,56,30,35,35,40,40,45,45,51,51,56,,,,,,,,,,,,,,,,,,,,,,,,,,,,,,,,,,,,,,,,,,,,,,,,,,,,,,,,,,,,,,,,,,,,,,,,,,,,,,,,,,,,,,,,,,,,,,,,,,,,,,,,,,,,,,,,,,,,,,,,,,,,,,,,,,,,
aBLnExgmgGk.mp4,2,listening with headphones,A person is moving his hand,30.0,0.0,9.4,0.87,1.73,26,52,26,39,39,52,,,,,,,,,,,,,,,,,,,,,,,,,,,,,,,,,,,,,,,,,,,,,,,,,,,,,,,,,,,,,,,,,,,,,,,,,,,,,,,,,,,,,,,,,,,,,,,,,,,,,,,,,,,,,,,,,,,,,,,,,,,,,,,,,,,,,,,,,,
B-SowXtl3gA.mp4,3,rope pushdown,A person is doing exercise with their hands,30.0,0.0,6.73,1.53,6.73,46,202,46,98,98,150,150,202,,,,,,,,,,,,,,,,,,,,,,,,,,,,,,,,,,,,,,,,,,,,,,,,,,,,,,,,,,,,,,,,,,,,,,,,,,,,,,,,,,,,,,,,,,,,,,,,,,,,,,,,,,,,,,,,,,,,,,,,,,,,,,,,,,,,,,,,
uTsl1-Hod0o.mp4,10,rock scissors paper,A person is nodding his head,29.97002997002997,0.0,10.01,0.4,5.71,12,171,12,28,28,44,44,60,60,76,76,92,92,108,108,124,124,140,140,155,155,171,,,,,,,,,,,,,,,,,,,,,,,,,,,,,,,,,,,,,,,,,,,,,,,,,,,,,,,,,,,,,,,,,,,,,,,,,,,,,,,,,,,,,,,,,,,,,,,,,,,,,,,,,,,,,,,,,,,,,,,,,,
jnpdzG5NRQc.mp4,4,massaging feet,A person is doing a leg massage,24.0,0.0,10.0,1.46,5.0,35,120,35,56,56,77,77,99,99,120,,,,,,,,,,,,,,,,,,,,,,,,,,,,,,,,,,,,,,,,,,,,,,,,,,,,,,,,,,,,,,,,,,,,,,,,,,,,,,,,,,,,,,,,,,,,,,,,,,,,,,,,,,,,,,,,,,,,,,,,,,,,,,,,,,,,,,
zlvIhKkopgg.mp4,2,separating eggs,A person is breaking an egg,23.976023976023978,0.0,10.01,0.29,1.08,7,26,7,16,16,26,,,,,,,,,,,,,,,,,,,,,,,,,,,,,,,,,,,,,,,,,,,,,,,,,,,,,,,,,,,,,,,,,,,,,,,,,,,,,,,,,,,,,,,,,,,,,,,,,,,,,,,,,,,,,,,,,,,,,,,,,,,,,,,,,,,,,,,,,,
GQMzArCngP4.mp4,3,moon walking,A person is doing a moonwalk,30.0,0.0,10.0,7.37,10.0,221,300,221,247,247,274,274,300,,,,,,,,,,,,,,,,,,,,,,,,,,,,,,,,,,,,,,,,,,,,,,,,,,,,,,,,,,,,,,,,,,,,,,,,,,,,,,,,,,,,,,,,,,,,,,,,,,,,,,,,,,,,,,,,,,,,,,,,,,,,,,,,,,,,,,,,
D4GUkWz4yWM.mp4,7,juggling balls,A person is playing with the balls,29.97002997002997,0.0,9.44,0.03,7.64,1,229,1,34,34,66,66,99,99,131,131,164,164,196,196,229,,,,,,,,,,,,,,,,,,,,,,,,,,,,,,,,,,,,,,,,,,,,,,,,,,,,,,,,,,,,,,,,,,,,,,,,,,,,,,,,,,,,,,,,,,,,,,,,,,,,,,,,,,,,,,,,,,,,,,,,,,,,,,,,
gv-7uPjAeTA.mp4,6,playing beer pong,A person is moving the body,23.954,0.0,10.02,0.33,9.6,8,230,8,45,45,82,82,119,119,156,156,193,193,230,,,,,,,,,,,,,,,,,,,,,,,,,,,,,,,,,,,,,,,,,,,,,,,,,,,,,,,,,,,,,,,,,,,,,,,,,,,,,,,,,,,,,,,,,,,,,,,,,,,,,,,,,,,,,,,,,,,,,,,,,,,,,,,,,,
SuPMsYHeVPk.mp4,4,chiseling stone,A person is hitting with the hammer,10.0,0.0,10.0,7.2,10.0,72,100,72,79,79,86,86,93,93,100,,,,,,,,,,,,,,,,,,,,,,,,,,,,,,,,,,,,,,,,,,,,,,,,,,,,,,,,,,,,,,,,,,,,,,,,,,,,,,,,,,,,,,,,,,,,,,,,,,,,,,,,,,,,,,,,,,,,,,,,,,,,,,,,,,,,,,
x9sq4NCgYNo.mp4,6,belly dancing,A woman is dancing,29.97002997002997,0.0,10.01,5.64,8.58,169,257,169,184,184,198,198,213,213,227,227,242,242,257,,,,,,,,,,,,,,,,,,,,,,,,,,,,,,,,,,,,,,,,,,,,,,,,,,,,,,,,,,,,,,,,,,,,,,,,,,,,,,,,,,,,,,,,,,,,,,,,,,,,,,,,,,,,,,,,,,,,,,,,,,,,,,,,,,
KbFupBYRHww.mp4,2,lunge,A person is doing dumbbell exercise,29.97002997002997,0.0,10.01,0.03,9.41,1,282,1,141,141,282,,,,,,,,,,,,,,,,,,,,,,,,,,,,,,,,,,,,,,,,,,,,,,,,,,,,,,,,,,,,,,,,,,,,,,,,,,,,,,,,,,,,,,,,,,,,,,,,,,,,,,,,,,,,,,,,,,,,,,,,,,,,,,,,,,,,,,,,,,
Da1loFklGQU.mp4,4,pouring milk,A person is pouring the milk,19.604,0.0,10.05,4.23,9.64,83,189,83,110,110,136,136,163,163,189,,,,,,,,,,,,,,,,,,,,,,,,,,,,,,,,,,,,,,,,,,,,,,,,,,,,,,,,,,,,,,,,,,,,,,,,,,,,,,,,,,,,,,,,,,,,,,,,,,,,,,,,,,,,,,,,,,,,,,,,,,,,,,,,,,,,,,
LWNWGuzMi9M.mp4,2,wading through mud,A person is pulling the rope,30.0,0.0,10.0,6.8,9.23,204,277,204,241,241,277,,,,,,,,,,,,,,,,,,,,,,,,,,,,,,,,,,,,,,,,,,,,,,,,,,,,,,,,,,,,,,,,,,,,,,,,,,,,,,,,,,,,,,,,,,,,,,,,,,,,,,,,,,,,,,,,,,,,,,,,,,,,,,,,,,,,,,,,,,
UMi404A74_E.mp4,4,bench pressing,A man is doing gym,29.97002997002997,0.0,10.01,2.24,9.08,67,272,67,118,118,170,170,221,221,272,,,,,,,,,,,,,,,,,,,,,,,,,,,,,,,,,,,,,,,,,,,,,,,,,,,,,,,,,,,,,,,,,,,,,,,,,,,,,,,,,,,,,,,,,,,,,,,,,,,,,,,,,,,,,,,,,,,,,,,,,,,,,,,,,,,,,,
fEy9XOxpmGU.mp4,2,deadlifting,A person is exercising,30.0,0.0,10.0,0.13,7.77,4,233,4,118,118,233,,,,,,,,,,,,,,,,,,,,,,,,,,,,,,,,,,,,,,,,,,,,,,,,,,,,,,,,,,,,,,,,,,,,,,,,,,,,,,,,,,,,,,,,,,,,,,,,,,,,,,,,,,,,,,,,,,,,,,,,,,,,,,,,,,,,,,,,,,
Scmz0-4tkhY.mp4,4,laying stone,A person is placing the bricks,30.0,0.0,10.0,4.2,8.83,126,265,126,161,161,196,196,230,230,265,,,,,,,,,,,,,,,,,,,,,,,,,,,,,,,,,,,,,,,,,,,,,,,,,,,,,,,,,,,,,,,,,,,,,,,,,,,,,,,,,,,,,,,,,,,,,,,,,,,,,,,,,,,,,,,,,,,,,,,,,,,,,,,,,,,,,,
sAC2auIu3q4.mp4,6,scrubbing face,A person is doing face massage,25.0,0.0,10.0,3.44,6.32,86,158,86,98,98,110,110,122,122,134,134,146,146,158,,,,,,,,,,,,,,,,,,,,,,,,,,,,,,,,,,,,,,,,,,,,,,,,,,,,,,,,,,,,,,,,,,,,,,,,,,,,,,,,,,,,,,,,,,,,,,,,,,,,,,,,,,,,,,,,,,,,,,,,,,,,,,,,,,
KLgpGM3KxY0.mp4,5,smelling feet,The girl is shaking her hands,30.0,0.0,9.43,7.33,9.23,220,277,220,231,231,243,243,254,254,266,266,277,,,,,,,,,,,,,,,,,,,,,,,,,,,,,,,,,,,,,,,,,,,,,,,,,,,,,,,,,,,,,,,,,,,,,,,,,,,,,,,,,,,,,,,,,,,,,,,,,,,,,,,,,,,,,,,,,,,,,,,,,,,,,,,,,,,,
jpC3Wa_Na_Y.mp4,3,bathing dog,A person is cleaning the dog with his hand,20.0,0.0,8.95,6.1,6.85,122,137,122,127,127,132,132,137,,,,,,,,,,,,,,,,,,,,,,,,,,,,,,,,,,,,,,,,,,,,,,,,,,,,,,,,,,,,,,,,,,,,,,,,,,,,,,,,,,,,,,,,,,,,,,,,,,,,,,,,,,,,,,,,,,,,,,,,,,,,,,,,,,,,,,,,
n_W_UOw1g_w.mp4,2,coloring in,A person is removing a sticker,30.0,0.0,10.0,0.43,1.23,13,37,13,25,25,37,,,,,,,,,,,,,,,,,,,,,,,,,,,,,,,,,,,,,,,,,,,,,,,,,,,,,,,,,,,,,,,,,,,,,,,,,,,,,,,,,,,,,,,,,,,,,,,,,,,,,,,,,,,,,,,,,,,,,,,,,,,,,,,,,,,,,,,,,,
Ipqe11I1mB0.mp4,2,sharpening knives,A person is sharpening a knife,29.97002997002997,0.0,10.01,0.07,2.4,2,72,2,37,37,72,,,,,,,,,,,,,,,,,,,,,,,,,,,,,,,,,,,,,,,,,,,,,,,,,,,,,,,,,,,,,,,,,,,,,,,,,,,,,,,,,,,,,,,,,,,,,,,,,,,,,,,,,,,,,,,,,,,,,,,,,,,,,,,,,,,,,,,,,,
F8YSKIhryiQ.mp4,3,dancing macarena,A boy is rotating his hips,15.0,0.0,8.53,6.07,7.53,91,113,91,98,98,106,106,113,,,,,,,,,,,,,,,,,,,,,,,,,,,,,,,,,,,,,,,,,,,,,,,,,,,,,,,,,,,,,,,,,,,,,,,,,,,,,,,,,,,,,,,,,,,,,,,,,,,,,,,,,,,,,,,,,,,,,,,,,,,,,,,,,,,,,,,,
9B4PuLZnPY0.mp4,5,shoveling snow,A person is heaping the snow,30.0,0.0,10.0,0.03,3.4,1,102,1,21,21,42,42,62,62,82,82,102,,,,,,,,,,,,,,,,,,,,,,,,,,,,,,,,,,,,,,,,,,,,,,,,,,,,,,,,,,,,,,,,,,,,,,,,,,,,,,,,,,,,,,,,,,,,,,,,,,,,,,,,,,,,,,,,,,,,,,,,,,,,,,,,,,,,
TlD_zrLNOHw.mp4,5,petting cat,A person is pampering the cat with his hand,30.0,0.0,1.9,0.23,1.77,7,53,7,16,16,25,25,35,35,44,44,53,,,,,,,,,,,,,,,,,,,,,,,,,,,,,,,,,,,,,,,,,,,,,,,,,,,,,,,,,,,,,,,,,,,,,,,,,,,,,,,,,,,,,,,,,,,,,,,,,,,,,,,,,,,,,,,,,,,,,,,,,,,,,,,,,,,,
8-4OCbWnKI4.mp4,3,eating nachos,A person is eating food,24.0,0.0,10.0,0.04,6.0,1,144,1,49,49,96,96,144,,,,,,,,,,,,,,,,,,,,,,,,,,,,,,,,,,,,,,,,,,,,,,,,,,,,,,,,,,,,,,,,,,,,,,,,,,,,,,,,,,,,,,,,,,,,,,,,,,,,,,,,,,,,,,,,,,,,,,,,,,,,,,,,,,,,,,,,
B0EKYDSv_yQ.mp4,5,scrambling eggs,A person is mixing the food item,23.916666666666668,0.0,9.99,0.04,1.76,1,42,1,9,9,17,17,26,26,34,34,42,,,,,,,,,,,,,,,,,,,,,,,,,,,,,,,,,,,,,,,,,,,,,,,,,,,,,,,,,,,,,,,,,,,,,,,,,,,,,,,,,,,,,,,,,,,,,,,,,,,,,,,,,,,,,,,,,,,,,,,,,,,,,,,,,,,,
QQnHWzAfr6U.mp4,14,cutting orange,A person is cutting fruit,25.0,0.0,10.0,3.24,8.0,81,200,81,90,90,98,98,106,106,115,115,123,123,132,132,140,140,149,149,158,158,166,166,174,174,183,183,192,192,200,,,,,,,,,,,,,,,,,,,,,,,,,,,,,,,,,,,,,,,,,,,,,,,,,,,,,,,,,,,,,,,,,,,,,,,,,,,,,,,,,,,,,,,,,,,,,,,,,,,,,,,,,,,,,,,,,,
FhmHrZeR07w.mp4,3,jumping bicycle,A person is cycling,15.0,0.0,9.8,5.33,7.13,80,107,80,89,89,98,98,107,,,,,,,,,,,,,,,,,,,,,,,,,,,,,,,,,,,,,,,,,,,,,,,,,,,,,,,,,,,,,,,,,,,,,,,,,,,,,,,,,,,,,,,,,,,,,,,,,,,,,,,,,,,,,,,,,,,,,,,,,,,,,,,,,,,,,,,,
Eiyb50AN1kA.mp4,2,tying necktie,A person is setting up his tie,24.169685414680647,0.0,10.01,1.65,6.58,40,159,40,99,99,159,,,,,,,,,,,,,,,,,,,,,,,,,,,,,,,,,,,,,,,,,,,,,,,,,,,,,,,,,,,,,,,,,,,,,,,,,,,,,,,,,,,,,,,,,,,,,,,,,,,,,,,,,,,,,,,,,,,,,,,,,,,,,,,,,,,,,,,,,,
jBriQMdcGVA.mp4,2,playing monopoly,A man is placing an object on a game board,25.0,0.0,10.0,1.2,5.24,30,131,30,80,80,131,,,,,,,,,,,,,,,,,,,,,,,,,,,,,,,,,,,,,,,,,,,,,,,,,,,,,,,,,,,,,,,,,,,,,,,,,,,,,,,,,,,,,,,,,,,,,,,,,,,,,,,,,,,,,,,,,,,,,,,,,,,,,,,,,,,,,,,,,,
-OnaoeDrh5M.mp4,2,geocaching,A person rotating an object,30.0,0.0,9.5,2.63,4.53,79,136,79,107,107,136,,,,,,,,,,,,,,,,,,,,,,,,,,,,,,,,,,,,,,,,,,,,,,,,,,,,,,,,,,,,,,,,,,,,,,,,,,,,,,,,,,,,,,,,,,,,,,,,,,,,,,,,,,,,,,,,,,,,,,,,,,,,,,,,,,,,,,,,,,
DHCc8o-PBbk.mp4,2,catching or throwing softball,A lady is clapping,29.959,0.0,10.01,5.87,6.48,176,194,176,185,185,194,,,,,,,,,,,,,,,,,,,,,,,,,,,,,,,,,,,,,,,,,,,,,,,,,,,,,,,,,,,,,,,,,,,,,,,,,,,,,,,,,,,,,,,,,,,,,,,,,,,,,,,,,,,,,,,,,,,,,,,,,,,,,,,,,,,,,,,,,,
hIw4t8YzJVw.mp4,4,moon walking,A person doing a move walk,30.0,0.0,8.87,2.8,6.03,84,181,84,108,108,133,133,157,157,181,,,,,,,,,,,,,,,,,,,,,,,,,,,,,,,,,,,,,,,,,,,,,,,,,,,,,,,,,,,,,,,,,,,,,,,,,,,,,,,,,,,,,,,,,,,,,,,,,,,,,,,,,,,,,,,,,,,,,,,,,,,,,,,,,,,,,,
nj3Hlq7A1Co.mp4,5,using a sledge hammer,A person is hitting the tyre,24.0,0.0,10.0,0.21,9.79,5,235,5,51,51,97,97,143,143,189,189,235,,,,,,,,,,,,,,,,,,,,,,,,,,,,,,,,,,,,,,,,,,,,,,,,,,,,,,,,,,,,,,,,,,,,,,,,,,,,,,,,,,,,,,,,,,,,,,,,,,,,,,,,,,,,,,,,,,,,,,,,,,,,,,,,,,,,
QduPdOUx4mA.mp4,4,marching,A person is waving the flag,29.97002997002997,0.0,10.01,0.03,4.44,1,133,1,34,34,67,67,100,100,133,,,,,,,,,,,,,,,,,,,,,,,,,,,,,,,,,,,,,,,,,,,,,,,,,,,,,,,,,,,,,,,,,,,,,,,,,,,,,,,,,,,,,,,,,,,,,,,,,,,,,,,,,,,,,,,,,,,,,,,,,,,,,,,,,,,,,,
S_AaTQ3DuRo.mp4,3,playing cello,A person is playing the piano,29.97002997002997,0.0,10.01,5.01,7.81,150,234,150,178,178,206,206,234,,,,,,,,,,,,,,,,,,,,,,,,,,,,,,,,,,,,,,,,,,,,,,,,,,,,,,,,,,,,,,,,,,,,,,,,,,,,,,,,,,,,,,,,,,,,,,,,,,,,,,,,,,,,,,,,,,,,,,,,,,,,,,,,,,,,,,,,
HO4JlvASDrw.mp4,3,gymnastics tumbling,A woman is tapping something,25.0,0.0,10.0,0.04,0.72,1,18,1,7,7,12,12,18,,,,,,,,,,,,,,,,,,,,,,,,,,,,,,,,,,,,,,,,,,,,,,,,,,,,,,,,,,,,,,,,,,,,,,,,,,,,,,,,,,,,,,,,,,,,,,,,,,,,,,,,,,,,,,,,,,,,,,,,,,,,,,,,,,,,,,,,
PR1zGlQsAVI.mp4,2,sawing wood,A person is cutting an object with an axe,19.994,0.0,10.0,0.15,0.85,3,17,3,10,10,17,,,,,,,,,,,,,,,,,,,,,,,,,,,,,,,,,,,,,,,,,,,,,,,,,,,,,,,,,,,,,,,,,,,,,,,,,,,,,,,,,,,,,,,,,,,,,,,,,,,,,,,,,,,,,,,,,,,,,,,,,,,,,,,,,,,,,,,,,,
fdmzDARpAng.mp4,4,pull ups,A person is doing pull-ups,29.97002997002997,0.0,10.01,0.6,10.01,18,300,18,88,88,159,159,229,229,300,,,,,,,,,,,,,,,,,,,,,,,,,,,,,,,,,,,,,,,,,,,,,,,,,,,,,,,,,,,,,,,,,,,,,,,,,,,,,,,,,,,,,,,,,,,,,,,,,,,,,,,,,,,,,,,,,,,,,,,,,,,,,,,,,,,,,,
9KWhx8v7ayg.mp4,3,plastering,A person is applying cement,29.916666666666668,0.0,10.03,0.53,9.19,16,275,16,102,102,189,189,275,,,,,,,,,,,,,,,,,,,,,,,,,,,,,,,,,,,,,,,,,,,,,,,,,,,,,,,,,,,,,,,,,,,,,,,,,,,,,,,,,,,,,,,,,,,,,,,,,,,,,,,,,,,,,,,,,,,,,,,,,,,,,,,,,,,,,,,,
dhZkRTZKdUo.mp4,11,juggling balls,A person is playing with the balls,10.0,0.0,10.0,5.1,10.0,51,100,51,56,56,60,60,65,65,69,69,73,73,78,78,82,82,87,87,91,91,96,96,100,,,,,,,,,,,,,,,,,,,,,,,,,,,,,,,,,,,,,,,,,,,,,,,,,,,,,,,,,,,,,,,,,,,,,,,,,,,,,,,,,,,,,,,,,,,,,,,,,,,,,,,,,,,,,,,,,,,,,,,,
dVmBq03jwqw.mp4,2,weaving fabric,A person is weaving a fabric,29.97002997002997,0.0,10.01,8.11,8.88,243,266,243,255,255,266,,,,,,,,,,,,,,,,,,,,,,,,,,,,,,,,,,,,,,,,,,,,,,,,,,,,,,,,,,,,,,,,,,,,,,,,,,,,,,,,,,,,,,,,,,,,,,,,,,,,,,,,,,,,,,,,,,,,,,,,,,,,,,,,,,,,,,,,,,
BKYXXAgMIog.mp4,4,dealing cards,A person is counting the cards,30.0,0.0,10.0,0.13,4.07,4,122,4,33,33,63,63,93,93,122,,,,,,,,,,,,,,,,,,,,,,,,,,,,,,,,,,,,,,,,,,,,,,,,,,,,,,,,,,,,,,,,,,,,,,,,,,,,,,,,,,,,,,,,,,,,,,,,,,,,,,,,,,,,,,,,,,,,,,,,,,,,,,,,,,,,,,
k2kjIE4BgcY.mp4,2,lunge,A person is doing exercise,23.976023976023978,0.0,10.01,2.17,10.01,52,240,52,146,146,240,,,,,,,,,,,,,,,,,,,,,,,,,,,,,,,,,,,,,,,,,,,,,,,,,,,,,,,,,,,,,,,,,,,,,,,,,,,,,,,,,,,,,,,,,,,,,,,,,,,,,,,,,,,,,,,,,,,,,,,,,,,,,,,,,,,,,,,,,,
IhBGVUQdh1k.mp4,17,spray painting,A person is rotating a spray can,29.97002997002997,0.0,10.01,0.53,4.17,16,125,16,22,22,28,28,35,35,41,41,48,48,54,54,61,61,67,67,73,73,80,80,86,86,93,93,99,99,105,105,112,112,118,118,125,,,,,,,,,,,,,,,,,,,,,,,,,,,,,,,,,,,,,,,,,,,,,,,,,,,,,,,,,,,,,,,,,,,,,,,,,,,,,,,,,,,,,,,,,,,,,,,,,,,,,,,,,,,,
Wywy3VMw5ts.mp4,2,rock scissors paper,A person is playing with their hands,29.97002997002997,0.0,10.01,4.84,5.24,145,157,145,151,151,157,,,,,,,,,,,,,,,,,,,,,,,,,,,,,,,,,,,,,,,,,,,,,,,,,,,,,,,,,,,,,,,,,,,,,,,,,,,,,,,,,,,,,,,,,,,,,,,,,,,,,,,,,,,,,,,,,,,,,,,,,,,,,,,,,,,,,,,,,,
gDDrFS1nu5U.mp4,4,side kick,A person is exercising,29.97002997002997,0.0,9.01,3.5,9.01,105,270,105,147,147,189,189,230,230,270,,,,,,,,,,,,,,,,,,,,,,,,,,,,,,,,,,,,,,,,,,,,,,,,,,,,,,,,,,,,,,,,,,,,,,,,,,,,,,,,,,,,,,,,,,,,,,,,,,,,,,,,,,,,,,,,,,,,,,,,,,,,,,,,,,,,,,
8rIzrwTX_uk.mp4,2,breakdancing,A person is dancing,29.994,0.0,10.0,0.23,2.0,7,60,7,34,34,60,,,,,,,,,,,,,,,,,,,,,,,,,,,,,,,,,,,,,,,,,,,,,,,,,,,,,,,,,,,,,,,,,,,,,,,,,,,,,,,,,,,,,,,,,,,,,,,,,,,,,,,,,,,,,,,,,,,,,,,,,,,,,,,,,,,,,,,,,,
nv0RQMZ13aA.mp4,3,playing violin,A person is playing the violin,29.97002997002997,0.0,10.01,4.97,9.38,149,281,149,193,193,237,237,281,,,,,,,,,,,,,,,,,,,,,,,,,,,,,,,,,,,,,,,,,,,,,,,,,,,,,,,,,,,,,,,,,,,,,,,,,,,,,,,,,,,,,,,,,,,,,,,,,,,,,,,,,,,,,,,,,,,,,,,,,,,,,,,,,,,,,,,,
rgBPm7Pn1Z4.mp4,3,archaeological excavation,A woman is digging,25.0,0.0,10.0,0.44,1.6,11,40,11,21,21,30,30,40,,,,,,,,,,,,,,,,,,,,,,,,,,,,,,,,,,,,,,,,,,,,,,,,,,,,,,,,,,,,,,,,,,,,,,,,,,,,,,,,,,,,,,,,,,,,,,,,,,,,,,,,,,,,,,,,,,,,,,,,,,,,,,,,,,,,,,,,
jEiGJjmYv20.mp4,3,leatherworking,A person is hitting with a hammer,29.97002997002997,0.0,9.24,5.31,6.07,159,182,159,167,167,175,175,182,,,,,,,,,,,,,,,,,,,,,,,,,,,,,,,,,,,,,,,,,,,,,,,,,,,,,,,,,,,,,,,,,,,,,,,,,,,,,,,,,,,,,,,,,,,,,,,,,,,,,,,,,,,,,,,,,,,,,,,,,,,,,,,,,,,,,,,,
fe001nvAXbE.mp4,2,curling hair,A person is rotating the right hand,29.97002997002997,0.0,10.01,3.84,5.87,115,176,115,146,146,176,,,,,,,,,,,,,,,,,,,,,,,,,,,,,,,,,,,,,,,,,,,,,,,,,,,,,,,,,,,,,,,,,,,,,,,,,,,,,,,,,,,,,,,,,,,,,,,,,,,,,,,,,,,,,,,,,,,,,,,,,,,,,,,,,,,,,,,,,,
YdE9976vAF4.mp4,2,trimming trees,A person is cutting the tree,29.97002997002997,0.0,10.01,2.8,4.5,84,135,84,110,110,135,,,,,,,,,,,,,,,,,,,,,,,,,,,,,,,,,,,,,,,,,,,,,,,,,,,,,,,,,,,,,,,,,,,,,,,,,,,,,,,,,,,,,,,,,,,,,,,,,,,,,,,,,,,,,,,,,,,,,,,,,,,,,,,,,,,,,,,,,,
N3-OpXcM9Ps.mp4,15,making horseshoes,A person is hitting with a hammer,25.0,0.0,10.0,0.04,10.0,1,250,1,18,18,34,34,51,51,67,67,84,84,101,101,117,117,134,134,150,150,167,167,184,184,200,200,217,217,233,233,250,,,,,,,,,,,,,,,,,,,,,,,,,,,,,,,,,,,,,,,,,,,,,,,,,,,,,,,,,,,,,,,,,,,,,,,,,,,,,,,,,,,,,,,,,,,,,,,,,,,,,,,,,,,,,,,,
sC2SLwXON6A.mp4,5,sawing wood,A person is cutting the wood,15.0,0.0,10.0,4.8,7.27,72,109,72,79,79,87,87,94,94,102,102,109,,,,,,,,,,,,,,,,,,,,,,,,,,,,,,,,,,,,,,,,,,,,,,,,,,,,,,,,,,,,,,,,,,,,,,,,,,,,,,,,,,,,,,,,,,,,,,,,,,,,,,,,,,,,,,,,,,,,,,,,,,,,,,,,,,,,
dG5wk1Ns6WE.mp4,2,fixing bicycle,A person is rotating the pedal,30.0,0.0,10.0,5.47,8.77,164,263,164,214,214,263,,,,,,,,,,,,,,,,,,,,,,,,,,,,,,,,,,,,,,,,,,,,,,,,,,,,,,,,,,,,,,,,,,,,,,,,,,,,,,,,,,,,,,,,,,,,,,,,,,,,,,,,,,,,,,,,,,,,,,,,,,,,,,,,,,,,,,,,,,
S0308AqEgQk.mp4,3,making a cake,A girl is rubbing an object,29.97002997002997,0.0,10.01,2.34,4.0,70,120,70,86,86,103,103,120,,,,,,,,,,,,,,,,,,,,,,,,,,,,,,,,,,,,,,,,,,,,,,,,,,,,,,,,,,,,,,,,,,,,,,,,,,,,,,,,,,,,,,,,,,,,,,,,,,,,,,,,,,,,,,,,,,,,,,,,,,,,,,,,,,,,,,,,
cW_bMoUrQiI.mp4,9,filling cake,A person is spreading the cream on the cake,30.0,0.0,10.0,6.27,9.03,188,271,188,198,198,207,207,216,216,225,225,234,234,244,244,253,253,262,262,271,,,,,,,,,,,,,,,,,,,,,,,,,,,,,,,,,,,,,,,,,,,,,,,,,,,,,,,,,,,,,,,,,,,,,,,,,,,,,,,,,,,,,,,,,,,,,,,,,,,,,,,,,,,,,,,,,,,,,,,,,,,,
n4zEf0rKNlQ.mp4,3,needle felting,A person is moving the left hand up and down,29.97002997002997,0.0,10.01,4.4,5.27,132,158,132,141,141,149,149,158,,,,,,,,,,,,,,,,,,,,,,,,,,,,,,,,,,,,,,,,,,,,,,,,,,,,,,,,,,,,,,,,,,,,,,,,,,,,,,,,,,,,,,,,,,,,,,,,,,,,,,,,,,,,,,,,,,,,,,,,,,,,,,,,,,,,,,,,
8E5Wor7onXs.mp4,3,clean and jerk,A person is lifting weights,25.441,0.0,10.02,3.5,6.09,89,155,89,111,111,133,133,155,,,,,,,,,,,,,,,,,,,,,,,,,,,,,,,,,,,,,,,,,,,,,,,,,,,,,,,,,,,,,,,,,,,,,,,,,,,,,,,,,,,,,,,,,,,,,,,,,,,,,,,,,,,,,,,,,,,,,,,,,,,,,,,,,,,,,,,,
xQ5PoSoQnK0.mp4,5,pumping fist,A kid is raising his hand,30.0,0.0,10.0,4.53,6.73,136,202,136,149,149,162,162,175,175,188,188,202,,,,,,,,,,,,,,,,,,,,,,,,,,,,,,,,,,,,,,,,,,,,,,,,,,,,,,,,,,,,,,,,,,,,,,,,,,,,,,,,,,,,,,,,,,,,,,,,,,,,,,,,,,,,,,,,,,,,,,,,,,,,,,,,,,,,
jlOmClMWfKA.mp4,2,gymnastics tumbling,A woman is doing flips,16.0,0.0,10.0,1.44,4.38,23,70,23,47,47,70,,,,,,,,,,,,,,,,,,,,,,,,,,,,,,,,,,,,,,,,,,,,,,,,,,,,,,,,,,,,,,,,,,,,,,,,,,,,,,,,,,,,,,,,,,,,,,,,,,,,,,,,,,,,,,,,,,,,,,,,,,,,,,,,,,,,,,,,,,
qIuiFYcRv48.mp4,9,applauding,A person is clapping,29.97002997002997,0.0,9.64,3.44,5.24,103,157,103,109,109,115,115,121,121,127,127,133,133,139,139,145,145,151,151,157,,,,,,,,,,,,,,,,,,,,,,,,,,,,,,,,,,,,,,,,,,,,,,,,,,,,,,,,,,,,,,,,,,,,,,,,,,,,,,,,,,,,,,,,,,,,,,,,,,,,,,,,,,,,,,,,,,,,,,,,,,,,
3_xM0Fm-sKI.mp4,5,brushing teeth,A person is brushing,24.0,0.0,10.0,2.96,6.0,71,144,71,86,86,100,100,115,115,129,129,144,,,,,,,,,,,,,,,,,,,,,,,,,,,,,,,,,,,,,,,,,,,,,,,,,,,,,,,,,,,,,,,,,,,,,,,,,,,,,,,,,,,,,,,,,,,,,,,,,,,,,,,,,,,,,,,,,,,,,,,,,,,,,,,,,,,,
8OfUScjQQoQ.mp4,12,hurdling,A person is jumping through huddles,15.0,0.0,10.0,0.07,9.6,1,144,1,13,13,25,25,36,36,48,48,60,60,72,72,84,84,96,96,108,108,120,120,132,132,144,,,,,,,,,,,,,,,,,,,,,,,,,,,,,,,,,,,,,,,,,,,,,,,,,,,,,,,,,,,,,,,,,,,,,,,,,,,,,,,,,,,,,,,,,,,,,,,,,,,,,,,,,,,,,,,,,,,,,,
9DBiO4bM3OM.mp4,9,slicing onion,A person is cutting onions,14.909,0.0,10.06,2.21,3.96,33,59,33,36,36,39,39,42,42,45,45,48,48,50,50,53,53,56,56,59,,,,,,,,,,,,,,,,,,,,,,,,,,,,,,,,,,,,,,,,,,,,,,,,,,,,,,,,,,,,,,,,,,,,,,,,,,,,,,,,,,,,,,,,,,,,,,,,,,,,,,,,,,,,,,,,,,,,,,,,,,,,
kASweYHcNAY.mp4,2,skiing crosscountry,A person is swinging the hands,29.97002997002997,0.0,10.01,7.07,8.48,212,254,212,233,233,254,,,,,,,,,,,,,,,,,,,,,,,,,,,,,,,,,,,,,,,,,,,,,,,,,,,,,,,,,,,,,,,,,,,,,,,,,,,,,,,,,,,,,,,,,,,,,,,,,,,,,,,,,,,,,,,,,,,,,,,,,,,,,,,,,,,,,,,,,,
i7SF5ESB4NU.mp4,5,putting on eyeliner,A person is applying the powder to the face,30.0,0.0,10.0,7.73,9.07,232,272,232,240,240,248,248,256,256,264,264,272,,,,,,,,,,,,,,,,,,,,,,,,,,,,,,,,,,,,,,,,,,,,,,,,,,,,,,,,,,,,,,,,,,,,,,,,,,,,,,,,,,,,,,,,,,,,,,,,,,,,,,,,,,,,,,,,,,,,,,,,,,,,,,,,,,,,
CDlubaJiSxs.mp4,11,busking,A person is playing the guitar,30.0,0.0,10.0,0.03,6.37,1,191,1,18,18,36,36,53,53,70,70,87,87,105,105,122,122,139,139,156,156,174,174,191,,,,,,,,,,,,,,,,,,,,,,,,,,,,,,,,,,,,,,,,,,,,,,,,,,,,,,,,,,,,,,,,,,,,,,,,,,,,,,,,,,,,,,,,,,,,,,,,,,,,,,,,,,,,,,,,,,,,,,,,
D7o7eeKVqOc.mp4,2,brushing hair,A person is combing the hair,14.666666666666666,0.0,9.68,5.32,6.41,78,94,78,86,86,94,,,,,,,,,,,,,,,,,,,,,,,,,,,,,,,,,,,,,,,,,,,,,,,,,,,,,,,,,,,,,,,,,,,,,,,,,,,,,,,,,,,,,,,,,,,,,,,,,,,,,,,,,,,,,,,,,,,,,,,,,,,,,,,,,,,,,,,,,,
paru6-2Q7rM.mp4,3,curling (sport),A person is waving the flag,29.97002997002997,0.0,9.28,1.07,3.8,32,114,32,60,60,87,87,114,,,,,,,,,,,,,,,,,,,,,,,,,,,,,,,,,,,,,,,,,,,,,,,,,,,,,,,,,,,,,,,,,,,,,,,,,,,,,,,,,,,,,,,,,,,,,,,,,,,,,,,,,,,,,,,,,,,,,,,,,,,,,,,,,,,,,,,,
pjOfZiTrEAA.mp4,3,archaeological excavation,A person is digging in the mud,30.0,0.0,10.0,5.6,7.97,168,239,168,192,192,215,215,239,,,,,,,,,,,,,,,,,,,,,,,,,,,,,,,,,,,,,,,,,,,,,,,,,,,,,,,,,,,,,,,,,,,,,,,,,,,,,,,,,,,,,,,,,,,,,,,,,,,,,,,,,,,,,,,,,,,,,,,,,,,,,,,,,,,,,,,,
NcT2ux8rQ28.mp4,4,using a paint roller,A person is dipping in the paint,29.97002997002997,0.0,10.01,0.03,3.17,1,95,1,25,25,48,48,71,71,95,,,,,,,,,,,,,,,,,,,,,,,,,,,,,,,,,,,,,,,,,,,,,,,,,,,,,,,,,,,,,,,,,,,,,,,,,,,,,,,,,,,,,,,,,,,,,,,,,,,,,,,,,,,,,,,,,,,,,,,,,,,,,,,,,,,,,,
dFSI6USaEaw.mp4,2,making balloon shapes,A person is rotating a balloon,29.916666666666668,0.0,10.03,2.41,4.21,72,126,72,99,99,126,,,,,,,,,,,,,,,,,,,,,,,,,,,,,,,,,,,,,,,,,,,,,,,,,,,,,,,,,,,,,,,,,,,,,,,,,,,,,,,,,,,,,,,,,,,,,,,,,,,,,,,,,,,,,,,,,,,,,,,,,,,,,,,,,,,,,,,,,,
Kn9-3lPzS04.mp4,8,applauding,A person is clapping,23.976023976023978,0.0,9.13,2.79,8.88,67,213,67,85,85,104,104,122,122,140,140,158,158,176,176,195,195,213,,,,,,,,,,,,,,,,,,,,,,,,,,,,,,,,,,,,,,,,,,,,,,,,,,,,,,,,,,,,,,,,,,,,,,,,,,,,,,,,,,,,,,,,,,,,,,,,,,,,,,,,,,,,,,,,,,,,,,,,,,,,,,
SwDB-bfdwLI.mp4,5,headbanging,A woman is nodding her head,15.668,0.0,1.53,0.06,1.47,1,23,1,5,5,10,10,14,14,19,19,23,,,,,,,,,,,,,,,,,,,,,,,,,,,,,,,,,,,,,,,,,,,,,,,,,,,,,,,,,,,,,,,,,,,,,,,,,,,,,,,,,,,,,,,,,,,,,,,,,,,,,,,,,,,,,,,,,,,,,,,,,,,,,,,,,,,,
j7cJAoBW4eQ.mp4,3,carving wood with a knife,A person is moving the finger,23.583333333333332,0.0,10.01,2.25,2.97,53,70,53,58,58,64,64,70,,,,,,,,,,,,,,,,,,,,,,,,,,,,,,,,,,,,,,,,,,,,,,,,,,,,,,,,,,,,,,,,,,,,,,,,,,,,,,,,,,,,,,,,,,,,,,,,,,,,,,,,,,,,,,,,,,,,,,,,,,,,,,,,,,,,,,,,
PXOV0pJyVYY.mp4,3,arguing,A person is moving the hands,25.0,0.0,10.0,8.28,9.76,207,244,207,219,219,232,232,244,,,,,,,,,,,,,,,,,,,,,,,,,,,,,,,,,,,,,,,,,,,,,,,,,,,,,,,,,,,,,,,,,,,,,,,,,,,,,,,,,,,,,,,,,,,,,,,,,,,,,,,,,,,,,,,,,,,,,,,,,,,,,,,,,,,,,,,,
MxOgOWQjDVQ.mp4,26,chopping meat,A person is cutting with the knife,29.97002997002997,0.0,10.01,3.8,10.01,114,300,114,121,121,128,128,135,135,142,142,150,150,157,157,164,164,171,171,178,178,185,185,192,192,200,200,207,207,214,214,221,221,228,228,235,235,243,243,250,250,257,257,264,264,271,271,278,278,285,285,293,293,300,,,,,,,,,,,,,,,,,,,,,,,,,,,,,,,,,,,,,,,,,,,,,,,,,,,,,,,,,,,,,,,,,,,,,,,,,,,,,,,,,,,,,,,,,,
4VoT5LBYfbQ.mp4,17,blowing nose,A person is wiping the nose,30.0,0.0,10.0,2.87,6.67,86,200,86,93,93,100,100,107,107,113,113,120,120,127,127,133,133,140,140,147,147,153,153,160,160,167,167,174,174,180,180,187,187,194,194,200,,,,,,,,,,,,,,,,,,,,,,,,,,,,,,,,,,,,,,,,,,,,,,,,,,,,,,,,,,,,,,,,,,,,,,,,,,,,,,,,,,,,,,,,,,,,,,,,,,,,,,,,,,,,
m44OfQ4ESWA.mp4,4,smashing,A person is tapping the fingers on the guitar,15.0,0.0,9.73,2.93,4.73,44,71,44,51,51,58,58,64,64,71,,,,,,,,,,,,,,,,,,,,,,,,,,,,,,,,,,,,,,,,,,,,,,,,,,,,,,,,,,,,,,,,,,,,,,,,,,,,,,,,,,,,,,,,,,,,,,,,,,,,,,,,,,,,,,,,,,,,,,,,,,,,,,,,,,,,,,
aCNa4tUUFUE.mp4,6,sieving,A person is moving a mesh strainer,29.97002997002997,0.0,10.01,0.17,2.8,5,84,5,18,18,31,31,44,44,58,58,71,71,84,,,,,,,,,,,,,,,,,,,,,,,,,,,,,,,,,,,,,,,,,,,,,,,,,,,,,,,,,,,,,,,,,,,,,,,,,,,,,,,,,,,,,,,,,,,,,,,,,,,,,,,,,,,,,,,,,,,,,,,,,,,,,,,,,,
8SXFBopRZTs.mp4,7,making latte art,A person is doing design on the coffee cup,30.0,0.0,10.0,0.03,7.8,1,234,1,34,34,68,68,101,101,134,134,167,167,201,201,234,,,,,,,,,,,,,,,,,,,,,,,,,,,,,,,,,,,,,,,,,,,,,,,,,,,,,,,,,,,,,,,,,,,,,,,,,,,,,,,,,,,,,,,,,,,,,,,,,,,,,,,,,,,,,,,,,,,,,,,,,,,,,,,,
QEEWhhfUqr8.mp4,3,tagging graffiti,A person is writing with a sketch,14.284,0.0,10.01,0.35,1.05,5,15,5,9,9,12,12,15,,,,,,,,,,,,,,,,,,,,,,,,,,,,,,,,,,,,,,,,,,,,,,,,,,,,,,,,,,,,,,,,,,,,,,,,,,,,,,,,,,,,,,,,,,,,,,,,,,,,,,,,,,,,,,,,,,,,,,,,,,,,,,,,,,,,,,,,
H0dZpGLfYxE.mp4,3,hammer throw,A person is rotating,29.97002997002997,0.0,10.01,1.63,3.8,49,114,49,71,71,92,92,114,,,,,,,,,,,,,,,,,,,,,,,,,,,,,,,,,,,,,,,,,,,,,,,,,,,,,,,,,,,,,,,,,,,,,,,,,,,,,,,,,,,,,,,,,,,,,,,,,,,,,,,,,,,,,,,,,,,,,,,,,,,,,,,,,,,,,,,,
Y5rfPT6y620.mp4,5,pumping fist,A person is dancing,17.54385964912281,0.0,9.06,0.06,2.79,1,49,1,11,11,20,20,30,30,40,40,49,,,,,,,,,,,,,,,,,,,,,,,,,,,,,,,,,,,,,,,,,,,,,,,,,,,,,,,,,,,,,,,,,,,,,,,,,,,,,,,,,,,,,,,,,,,,,,,,,,,,,,,,,,,,,,,,,,,,,,,,,,,,,,,,,,,,
HCrdBsDe_AE.mp4,10,cleaning toilet,A person is cleaning,29.97002997002997,0.0,10.01,0.03,3.67,1,110,1,12,12,23,23,34,34,45,45,56,56,67,67,78,78,88,88,99,99,110,,,,,,,,,,,,,,,,,,,,,,,,,,,,,,,,,,,,,,,,,,,,,,,,,,,,,,,,,,,,,,,,,,,,,,,,,,,,,,,,,,,,,,,,,,,,,,,,,,,,,,,,,,,,,,,,,,,,,,,,,,
o1gXAT4sov0.mp4,3,chopping meat,A person is cutting the meat with the knife,23.976023976023978,0.0,10.01,2.79,3.96,67,95,67,76,76,86,86,95,,,,,,,,,,,,,,,,,,,,,,,,,,,,,,,,,,,,,,,,,,,,,,,,,,,,,,,,,,,,,,,,,,,,,,,,,,,,,,,,,,,,,,,,,,,,,,,,,,,,,,,,,,,,,,,,,,,,,,,,,,,,,,,,,,,,,,,,
9LT3BCByI34.mp4,4,home roasting coffee,A person is tossing the food in the pan,30.0,0.0,10.0,7.2,9.53,216,286,216,233,233,251,251,268,268,286,,,,,,,,,,,,,,,,,,,,,,,,,,,,,,,,,,,,,,,,,,,,,,,,,,,,,,,,,,,,,,,,,,,,,,,,,,,,,,,,,,,,,,,,,,,,,,,,,,,,,,,,,,,,,,,,,,,,,,,,,,,,,,,,,,,,,,
BVzQnH9Ne_s.mp4,2,treating wood,A person is cleaning with a brush,30.0,0.0,9.63,0.07,0.83,2,25,2,14,14,25,,,,,,,,,,,,,,,,,,,,,,,,,,,,,,,,,,,,,,,,,,,,,,,,,,,,,,,,,,,,,,,,,,,,,,,,,,,,,,,,,,,,,,,,,,,,,,,,,,,,,,,,,,,,,,,,,,,,,,,,,,,,,,,,,,,,,,,,,,
l6DU3Jdz6CE.mp4,12,marching,A person is playing drums,29.97002997002997,0.0,10.01,4.67,7.37,140,221,140,147,147,154,154,160,160,167,167,174,174,180,180,187,187,194,194,200,200,207,207,214,214,221,,,,,,,,,,,,,,,,,,,,,,,,,,,,,,,,,,,,,,,,,,,,,,,,,,,,,,,,,,,,,,,,,,,,,,,,,,,,,,,,,,,,,,,,,,,,,,,,,,,,,,,,,,,,,,,,,,,,,,
i8eRil8qm0E.mp4,2,dancing gangnam style,A person is dancing,30.0,0.0,8.97,0.47,2.33,14,70,14,42,42,70,,,,,,,,,,,,,,,,,,,,,,,,,,,,,,,,,,,,,,,,,,,,,,,,,,,,,,,,,,,,,,,,,,,,,,,,,,,,,,,,,,,,,,,,,,,,,,,,,,,,,,,,,,,,,,,,,,,,,,,,,,,,,,,,,,,,,,,,,,
l9YSnzfl2YI.mp4,5,needle felting,A person is poking a needle into the object,29.97002997002997,0.0,10.01,7.01,10.01,210,300,210,228,228,246,246,264,264,282,282,300,,,,,,,,,,,,,,,,,,,,,,,,,,,,,,,,,,,,,,,,,,,,,,,,,,,,,,,,,,,,,,,,,,,,,,,,,,,,,,,,,,,,,,,,,,,,,,,,,,,,,,,,,,,,,,,,,,,,,,,,,,,,,,,,,,,,
5VekLCNuGR8.mp4,8,splashing water,A person is playing with the hands,29.916666666666668,0.0,10.03,3.84,8.42,115,252,115,132,132,149,149,166,166,184,184,201,201,218,218,235,235,252,,,,,,,,,,,,,,,,,,,,,,,,,,,,,,,,,,,,,,,,,,,,,,,,,,,,,,,,,,,,,,,,,,,,,,,,,,,,,,,,,,,,,,,,,,,,,,,,,,,,,,,,,,,,,,,,,,,,,,,,,,,,,,
nc5Z1KD1mrQ.mp4,14,drumming fingers,A person is playing some instrument,30.0,0.0,10.0,1.07,4.8,32,144,32,40,40,48,48,56,56,64,64,72,72,80,80,88,88,96,96,104,104,112,112,120,120,128,128,136,136,144,,,,,,,,,,,,,,,,,,,,,,,,,,,,,,,,,,,,,,,,,,,,,,,,,,,,,,,,,,,,,,,,,,,,,,,,,,,,,,,,,,,,,,,,,,,,,,,,,,,,,,,,,,,,,,,,,,
PgF05QyJJwI.mp4,2,yoga,A person is lifting the legs,30.0,0.0,10.0,0.4,10.0,12,300,12,156,156,300,,,,,,,,,,,,,,,,,,,,,,,,,,,,,,,,,,,,,,,,,,,,,,,,,,,,,,,,,,,,,,,,,,,,,,,,,,,,,,,,,,,,,,,,,,,,,,,,,,,,,,,,,,,,,,,,,,,,,,,,,,,,,,,,,,,,,,,,,,
NeMoKBKXUjc.mp4,2,counting money,A person is placing coins in an object,30.0,0.0,10.0,0.27,6.37,8,191,8,100,100,191,,,,,,,,,,,,,,,,,,,,,,,,,,,,,,,,,,,,,,,,,,,,,,,,,,,,,,,,,,,,,,,,,,,,,,,,,,,,,,,,,,,,,,,,,,,,,,,,,,,,,,,,,,,,,,,,,,,,,,,,,,,,,,,,,,,,,,,,,,
Rz_pgLFxb3w.mp4,4,cosplaying,A person is moving front and back,29.97002997002997,0.0,10.01,0.13,7.11,4,213,4,56,56,108,108,161,161,213,,,,,,,,,,,,,,,,,,,,,,,,,,,,,,,,,,,,,,,,,,,,,,,,,,,,,,,,,,,,,,,,,,,,,,,,,,,,,,,,,,,,,,,,,,,,,,,,,,,,,,,,,,,,,,,,,,,,,,,,,,,,,,,,,,,,,,
BCv5DhgWP0c.mp4,4,seasoning food,A person is rubbing their hands,25.0,0.0,10.0,4.24,5.2,106,130,106,112,112,118,118,124,124,130,,,,,,,,,,,,,,,,,,,,,,,,,,,,,,,,,,,,,,,,,,,,,,,,,,,,,,,,,,,,,,,,,,,,,,,,,,,,,,,,,,,,,,,,,,,,,,,,,,,,,,,,,,,,,,,,,,,,,,,,,,,,,,,,,,,,,,
n3GoaNCNEa8.mp4,3,mountain climber (exercise),A person is doing mountain climbers,29.97002997002997,0.0,10.01,6.71,10.01,201,300,201,234,234,267,267,300,,,,,,,,,,,,,,,,,,,,,,,,,,,,,,,,,,,,,,,,,,,,,,,,,,,,,,,,,,,,,,,,,,,,,,,,,,,,,,,,,,,,,,,,,,,,,,,,,,,,,,,,,,,,,,,,,,,,,,,,,,,,,,,,,,,,,,,,
X-mPcI0q4aE.mp4,3,singing,A woman is waving her hand,29.97002997002997,0.0,9.61,8.41,9.04,252,271,252,258,258,265,265,271,,,,,,,,,,,,,,,,,,,,,,,,,,,,,,,,,,,,,,,,,,,,,,,,,,,,,,,,,,,,,,,,,,,,,,,,,,,,,,,,,,,,,,,,,,,,,,,,,,,,,,,,,,,,,,,,,,,,,,,,,,,,,,,,,,,,,,,,
9_uY5VUXhr8.mp4,3,playing ukulele,A person is playing the guitar,29.0,0.0,10.0,0.03,4.52,1,131,1,44,44,88,88,131,,,,,,,,,,,,,,,,,,,,,,,,,,,,,,,,,,,,,,,,,,,,,,,,,,,,,,,,,,,,,,,,,,,,,,,,,,,,,,,,,,,,,,,,,,,,,,,,,,,,,,,,,,,,,,,,,,,,,,,,,,,,,,,,,,,,,,,,
QsX3gEWP7mw.mp4,4,shucking oysters,A person is moving the knife,29.97002997002997,0.0,10.01,6.61,7.64,198,229,198,206,206,213,213,221,221,229,,,,,,,,,,,,,,,,,,,,,,,,,,,,,,,,,,,,,,,,,,,,,,,,,,,,,,,,,,,,,,,,,,,,,,,,,,,,,,,,,,,,,,,,,,,,,,,,,,,,,,,,,,,,,,,,,,,,,,,,,,,,,,,,,,,,,,
PLUNwBklGTQ.mp4,12,milking cow,A person is taking milk from a cow,29.643,0.0,10.02,0.13,9.85,4,292,4,28,28,52,52,76,76,100,100,124,124,148,148,172,172,196,196,220,220,244,244,268,268,292,,,,,,,,,,,,,,,,,,,,,,,,,,,,,,,,,,,,,,,,,,,,,,,,,,,,,,,,,,,,,,,,,,,,,,,,,,,,,,,,,,,,,,,,,,,,,,,,,,,,,,,,,,,,,,,,,,,,,,
LC--13eiXkk.mp4,2,using a wrench,A machine is rotating anti-clockwise,25.0,0.0,10.0,0.04,3.6,1,90,1,46,46,90,,,,,,,,,,,,,,,,,,,,,,,,,,,,,,,,,,,,,,,,,,,,,,,,,,,,,,,,,,,,,,,,,,,,,,,,,,,,,,,,,,,,,,,,,,,,,,,,,,,,,,,,,,,,,,,,,,,,,,,,,,,,,,,,,,,,,,,,,,
OPoSzqEuZhs.mp4,3,needle felting,A person is stretching cotton,29.97002997002997,0.0,10.01,2.07,3.64,62,109,62,78,78,94,94,109,,,,,,,,,,,,,,,,,,,,,,,,,,,,,,,,,,,,,,,,,,,,,,,,,,,,,,,,,,,,,,,,,,,,,,,,,,,,,,,,,,,,,,,,,,,,,,,,,,,,,,,,,,,,,,,,,,,,,,,,,,,,,,,,,,,,,,,,
Vys_tulnG6M.mp4,4,attending conference,A person is moving their hands,29.97002997002997,0.0,10.01,2.0,4.6,60,138,60,79,79,99,99,118,118,138,,,,,,,,,,,,,,,,,,,,,,,,,,,,,,,,,,,,,,,,,,,,,,,,,,,,,,,,,,,,,,,,,,,,,,,,,,,,,,,,,,,,,,,,,,,,,,,,,,,,,,,,,,,,,,,,,,,,,,,,,,,,,,,,,,,,,,
KXS14qCZsUo.mp4,6,waxing armpits,A person is waxing on the hand,30.0,0.0,10.0,3.13,4.93,94,148,94,103,103,112,112,121,121,130,130,139,139,148,,,,,,,,,,,,,,,,,,,,,,,,,,,,,,,,,,,,,,,,,,,,,,,,,,,,,,,,,,,,,,,,,,,,,,,,,,,,,,,,,,,,,,,,,,,,,,,,,,,,,,,,,,,,,,,,,,,,,,,,,,,,,,,,,,
E47GJkIUpCY.mp4,10,bouncing on trampoline,A baby is jumping on a small trampoline,30.0,0.0,9.17,0.2,3.63,6,109,6,16,16,27,27,37,37,47,47,58,58,68,68,78,78,89,89,99,99,109,,,,,,,,,,,,,,,,,,,,,,,,,,,,,,,,,,,,,,,,,,,,,,,,,,,,,,,,,,,,,,,,,,,,,,,,,,,,,,,,,,,,,,,,,,,,,,,,,,,,,,,,,,,,,,,,,,,,,,,,,,
Q7GXs2i2P4k.mp4,3,massaging feet,A person is pressing the leg,29.654036243822077,0.0,10.02,0.88,3.14,26,93,26,48,48,70,70,93,,,,,,,,,,,,,,,,,,,,,,,,,,,,,,,,,,,,,,,,,,,,,,,,,,,,,,,,,,,,,,,,,,,,,,,,,,,,,,,,,,,,,,,,,,,,,,,,,,,,,,,,,,,,,,,,,,,,,,,,,,,,,,,,,,,,,,,,
ewcCkrK6Tyw.mp4,2,skipping rope,A person is jumping with a rope,10.0,0.0,9.9,2.9,4.8,29,48,29,39,39,48,,,,,,,,,,,,,,,,,,,,,,,,,,,,,,,,,,,,,,,,,,,,,,,,,,,,,,,,,,,,,,,,,,,,,,,,,,,,,,,,,,,,,,,,,,,,,,,,,,,,,,,,,,,,,,,,,,,,,,,,,,,,,,,,,,,,,,,,,,
aYF1RsnnC90.mp4,2,sanding wood,A person is cleaning the wooden piece with a cloth,29.97002997002997,0.0,10.01,0.77,5.47,23,164,23,94,94,164,,,,,,,,,,,,,,,,,,,,,,,,,,,,,,,,,,,,,,,,,,,,,,,,,,,,,,,,,,,,,,,,,,,,,,,,,,,,,,,,,,,,,,,,,,,,,,,,,,,,,,,,,,,,,,,,,,,,,,,,,,,,,,,,,,,,,,,,,,
jEEGYtq_zpY.mp4,3,swinging on something,A person is swinging,25.0,0.0,10.0,0.2,10.0,5,250,5,87,87,168,168,250,,,,,,,,,,,,,,,,,,,,,,,,,,,,,,,,,,,,,,,,,,,,,,,,,,,,,,,,,,,,,,,,,,,,,,,,,,,,,,,,,,,,,,,,,,,,,,,,,,,,,,,,,,,,,,,,,,,,,,,,,,,,,,,,,,,,,,,,
G-vgi6GdZKw.mp4,4,shaping bread dough,A person is rotating the dough,29.97002997002997,0.0,10.01,0.13,2.94,4,88,4,25,25,46,46,67,67,88,,,,,,,,,,,,,,,,,,,,,,,,,,,,,,,,,,,,,,,,,,,,,,,,,,,,,,,,,,,,,,,,,,,,,,,,,,,,,,,,,,,,,,,,,,,,,,,,,,,,,,,,,,,,,,,,,,,,,,,,,,,,,,,,,,,,,,
9h7vVE_oIZU.mp4,6,making latte art,A person is pouring the cream into the coffee cup,30.0,0.0,10.0,0.03,10.0,1,300,1,51,51,101,101,151,151,200,200,250,250,300,,,,,,,,,,,,,,,,,,,,,,,,,,,,,,,,,,,,,,,,,,,,,,,,,,,,,,,,,,,,,,,,,,,,,,,,,,,,,,,,,,,,,,,,,,,,,,,,,,,,,,,,,,,,,,,,,,,,,,,,,,,,,,,,,,
7wcglB_dFE0.mp4,3,filling eyebrows,A person is doing eyebrows,23.976023976023978,0.0,10.01,0.5,2.96,12,71,12,32,32,51,51,71,,,,,,,,,,,,,,,,,,,,,,,,,,,,,,,,,,,,,,,,,,,,,,,,,,,,,,,,,,,,,,,,,,,,,,,,,,,,,,,,,,,,,,,,,,,,,,,,,,,,,,,,,,,,,,,,,,,,,,,,,,,,,,,,,,,,,,,,
PP0F0xovu78.mp4,4,blowing glass,A person is rolling the object,30.0,0.0,10.0,0.33,3.0,10,90,10,30,30,50,50,70,70,90,,,,,,,,,,,,,,,,,,,,,,,,,,,,,,,,,,,,,,,,,,,,,,,,,,,,,,,,,,,,,,,,,,,,,,,,,,,,,,,,,,,,,,,,,,,,,,,,,,,,,,,,,,,,,,,,,,,,,,,,,,,,,,,,,,,,,,
KsSA-5c5kdA.mp4,2,sweeping floor,A person is sweeping,30.0,0.0,10.0,1.2,4.0,36,120,36,78,78,120,,,,,,,,,,,,,,,,,,,,,,,,,,,,,,,,,,,,,,,,,,,,,,,,,,,,,,,,,,,,,,,,,,,,,,,,,,,,,,,,,,,,,,,,,,,,,,,,,,,,,,,,,,,,,,,,,,,,,,,,,,,,,,,,,,,,,,,,,,
wj02w148djk.mp4,8,pumping fist,A person is moving the hand,6.0,0.0,10.0,0.67,6.83,4,41,4,9,9,13,13,18,18,23,23,27,27,32,32,37,37,41,,,,,,,,,,,,,,,,,,,,,,,,,,,,,,,,,,,,,,,,,,,,,,,,,,,,,,,,,,,,,,,,,,,,,,,,,,,,,,,,,,,,,,,,,,,,,,,,,,,,,,,,,,,,,,,,,,,,,,,,,,,,,,
hfzjCMmvUBM.mp4,2,sweeping floor,A person is cleaning the dust with the broomstick,30.0,0.0,10.0,0.03,1.37,1,41,1,21,21,41,,,,,,,,,,,,,,,,,,,,,,,,,,,,,,,,,,,,,,,,,,,,,,,,,,,,,,,,,,,,,,,,,,,,,,,,,,,,,,,,,,,,,,,,,,,,,,,,,,,,,,,,,,,,,,,,,,,,,,,,,,,,,,,,,,,,,,,,,,
13QnV9YMYf0.mp4,12,sharpening pencil,A person is rotating an object,30.0,0.0,4.83,0.03,3.57,1,107,1,10,10,19,19,28,28,36,36,45,45,54,54,63,63,72,72,80,80,89,89,98,98,107,,,,,,,,,,,,,,,,,,,,,,,,,,,,,,,,,,,,,,,,,,,,,,,,,,,,,,,,,,,,,,,,,,,,,,,,,,,,,,,,,,,,,,,,,,,,,,,,,,,,,,,,,,,,,,,,,,,,,,
7L2xAnStq9Y.mp4,3,dribbling basketball,A person is playing basketball,30.0,0.0,10.0,1.47,3.47,44,104,44,64,64,84,84,104,,,,,,,,,,,,,,,,,,,,,,,,,,,,,,,,,,,,,,,,,,,,,,,,,,,,,,,,,,,,,,,,,,,,,,,,,,,,,,,,,,,,,,,,,,,,,,,,,,,,,,,,,,,,,,,,,,,,,,,,,,,,,,,,,,,,,,,,
cHus4HjnriI.mp4,4,cheerleading,Groups of people are waving their hands,25.0,0.0,10.0,0.08,1.92,2,48,2,13,13,25,25,36,36,48,,,,,,,,,,,,,,,,,,,,,,,,,,,,,,,,,,,,,,,,,,,,,,,,,,,,,,,,,,,,,,,,,,,,,,,,,,,,,,,,,,,,,,,,,,,,,,,,,,,,,,,,,,,,,,,,,,,,,,,,,,,,,,,,,,,,,,
8uff8lqikio.mp4,8,waxing legs,A person is applying the wax,25.0,0.0,10.0,0.28,7.88,7,197,7,31,31,54,54,78,78,102,102,126,126,150,150,173,173,197,,,,,,,,,,,,,,,,,,,,,,,,,,,,,,,,,,,,,,,,,,,,,,,,,,,,,,,,,,,,,,,,,,,,,,,,,,,,,,,,,,,,,,,,,,,,,,,,,,,,,,,,,,,,,,,,,,,,,,,,,,,,,,
kOtbPuUwI18.mp4,3,leatherworking,A person is piercing an object with a tool,25.0,0.0,10.0,7.0,8.44,175,211,175,187,187,199,199,211,,,,,,,,,,,,,,,,,,,,,,,,,,,,,,,,,,,,,,,,,,,,,,,,,,,,,,,,,,,,,,,,,,,,,,,,,,,,,,,,,,,,,,,,,,,,,,,,,,,,,,,,,,,,,,,,,,,,,,,,,,,,,,,,,,,,,,,,
oOplKWLMCzg.mp4,5,writing,A person is typing on a keyboard with their right hand,30.0,0.0,10.0,2.93,4.37,88,131,88,96,96,105,105,114,114,122,122,131,,,,,,,,,,,,,,,,,,,,,,,,,,,,,,,,,,,,,,,,,,,,,,,,,,,,,,,,,,,,,,,,,,,,,,,,,,,,,,,,,,,,,,,,,,,,,,,,,,,,,,,,,,,,,,,,,,,,,,,,,,,,,,,,,,,,
L0I2I4lI-48.mp4,2,throwing discus,A person is trying to throw the ball,30.0,0.0,6.53,2.6,3.8,78,114,78,96,96,114,,,,,,,,,,,,,,,,,,,,,,,,,,,,,,,,,,,,,,,,,,,,,,,,,,,,,,,,,,,,,,,,,,,,,,,,,,,,,,,,,,,,,,,,,,,,,,,,,,,,,,,,,,,,,,,,,,,,,,,,,,,,,,,,,,,,,,,,,,
ZT7QbHYS18k.mp4,4,checking tires,A person is rotating the tire screw,24.0,0.0,10.0,7.67,9.17,184,220,184,193,193,202,202,211,211,220,,,,,,,,,,,,,,,,,,,,,,,,,,,,,,,,,,,,,,,,,,,,,,,,,,,,,,,,,,,,,,,,,,,,,,,,,,,,,,,,,,,,,,,,,,,,,,,,,,,,,,,,,,,,,,,,,,,,,,,,,,,,,,,,,,,,,,
Ad-2S8sAAgo.mp4,3,rope pushdown,A person is exercising,25.0,0.0,10.0,0.04,10.0,1,250,1,84,84,167,167,250,,,,,,,,,,,,,,,,,,,,,,,,,,,,,,,,,,,,,,,,,,,,,,,,,,,,,,,,,,,,,,,,,,,,,,,,,,,,,,,,,,,,,,,,,,,,,,,,,,,,,,,,,,,,,,,,,,,,,,,,,,,,,,,,,,,,,,,,
gQtyH2kqmsw.mp4,8,hula hooping,A person is with a hula hoop,30.0,0.0,6.6,0.07,5.2,2,156,2,22,22,41,41,60,60,79,79,98,98,118,118,137,137,156,,,,,,,,,,,,,,,,,,,,,,,,,,,,,,,,,,,,,,,,,,,,,,,,,,,,,,,,,,,,,,,,,,,,,,,,,,,,,,,,,,,,,,,,,,,,,,,,,,,,,,,,,,,,,,,,,,,,,,,,,,,,,,
PLri45wv8QM.mp4,15,playing maracas,A person is moving their hands,24.0,0.0,9.38,2.42,8.08,58,194,58,67,67,76,76,85,85,94,94,103,103,112,112,121,121,130,130,139,139,148,148,158,158,167,167,176,176,185,185,194,,,,,,,,,,,,,,,,,,,,,,,,,,,,,,,,,,,,,,,,,,,,,,,,,,,,,,,,,,,,,,,,,,,,,,,,,,,,,,,,,,,,,,,,,,,,,,,,,,,,,,,,,,,,,,,,
N5kXSLYWy5Q.mp4,3,pirouetting,A person is spinning,30.0,0.0,9.73,4.37,7.2,131,216,131,159,159,188,188,216,,,,,,,,,,,,,,,,,,,,,,,,,,,,,,,,,,,,,,,,,,,,,,,,,,,,,,,,,,,,,,,,,,,,,,,,,,,,,,,,,,,,,,,,,,,,,,,,,,,,,,,,,,,,,,,,,,,,,,,,,,,,,,,,,,,,,,,,
o1gXAT4sov0.mp4,3,chopping meat,A person is cutting the meat,23.976023976023978,0.0,10.01,2.84,3.88,68,93,68,76,76,85,85,93,,,,,,,,,,,,,,,,,,,,,,,,,,,,,,,,,,,,,,,,,,,,,,,,,,,,,,,,,,,,,,,,,,,,,,,,,,,,,,,,,,,,,,,,,,,,,,,,,,,,,,,,,,,,,,,,,,,,,,,,,,,,,,,,,,,,,,,,
MCZ9vTrTLmA.mp4,3,tai chi,A person is moving their hands,15.0,0.0,10.0,3.47,9.8,52,147,52,83,83,115,115,147,,,,,,,,,,,,,,,,,,,,,,,,,,,,,,,,,,,,,,,,,,,,,,,,,,,,,,,,,,,,,,,,,,,,,,,,,,,,,,,,,,,,,,,,,,,,,,,,,,,,,,,,,,,,,,,,,,,,,,,,,,,,,,,,,,,,,,,,
Ipqe11I1mB0.mp4,2,sharpening knives,A person is sharpening the knife,29.97002997002997,0.0,10.01,0.03,2.47,1,74,1,38,38,74,,,,,,,,,,,,,,,,,,,,,,,,,,,,,,,,,,,,,,,,,,,,,,,,,,,,,,,,,,,,,,,,,,,,,,,,,,,,,,,,,,,,,,,,,,,,,,,,,,,,,,,,,,,,,,,,,,,,,,,,,,,,,,,,,,,,,,,,,,
DGvO4_sOmxE.mp4,10,weaving fabric,A machine is moving right and left while running,25.0,0.0,10.0,0.28,8.28,7,207,7,27,27,47,47,67,67,87,87,107,107,127,127,147,147,167,167,187,187,207,,,,,,,,,,,,,,,,,,,,,,,,,,,,,,,,,,,,,,,,,,,,,,,,,,,,,,,,,,,,,,,,,,,,,,,,,,,,,,,,,,,,,,,,,,,,,,,,,,,,,,,,,,,,,,,,,,,,,,,,,,
TY7f2BwoYkw.mp4,4,massaging legs,A person is rubbing with the hands,30.0,0.0,10.0,1.17,7.33,35,220,35,81,81,127,127,173,173,220,,,,,,,,,,,,,,,,,,,,,,,,,,,,,,,,,,,,,,,,,,,,,,,,,,,,,,,,,,,,,,,,,,,,,,,,,,,,,,,,,,,,,,,,,,,,,,,,,,,,,,,,,,,,,,,,,,,,,,,,,,,,,,,,,,,,,,
a2rzpGVERJM.mp4,4,twiddling fingers,A person is shaking his fingers,29.97002997002997,0.0,10.01,3.7,4.64,111,139,111,118,118,125,125,132,132,139,,,,,,,,,,,,,,,,,,,,,,,,,,,,,,,,,,,,,,,,,,,,,,,,,,,,,,,,,,,,,,,,,,,,,,,,,,,,,,,,,,,,,,,,,,,,,,,,,,,,,,,,,,,,,,,,,,,,,,,,,,,,,,,,,,,,,,
d7mKWn4cxY0.mp4,2,spraying,A person is painting the ground,29.97002997002997,0.0,8.71,0.33,4.27,10,128,10,69,69,128,,,,,,,,,,,,,,,,,,,,,,,,,,,,,,,,,,,,,,,,,,,,,,,,,,,,,,,,,,,,,,,,,,,,,,,,,,,,,,,,,,,,,,,,,,,,,,,,,,,,,,,,,,,,,,,,,,,,,,,,,,,,,,,,,,,,,,,,,,
N9nZLyEVqpU.mp4,5,dancing ballet,A group of girls dancing,29.97002997002997,0.0,10.01,7.47,10.01,224,300,224,239,239,254,254,269,269,285,285,300,,,,,,,,,,,,,,,,,,,,,,,,,,,,,,,,,,,,,,,,,,,,,,,,,,,,,,,,,,,,,,,,,,,,,,,,,,,,,,,,,,,,,,,,,,,,,,,,,,,,,,,,,,,,,,,,,,,,,,,,,,,,,,,,,,,,
mPM8BQvCwWI.mp4,2,needle felting,A person is tapping the needle,29.97002997002997,0.0,10.01,0.43,1.03,13,31,13,22,22,31,,,,,,,,,,,,,,,,,,,,,,,,,,,,,,,,,,,,,,,,,,,,,,,,,,,,,,,,,,,,,,,,,,,,,,,,,,,,,,,,,,,,,,,,,,,,,,,,,,,,,,,,,,,,,,,,,,,,,,,,,,,,,,,,,,,,,,,,,,
KSBfjdhxfrQ.mp4,3,playing monopoly,A woman is placing the cards,23.976023976023978,0.0,10.01,1.63,3.34,39,80,39,53,53,66,66,80,,,,,,,,,,,,,,,,,,,,,,,,,,,,,,,,,,,,,,,,,,,,,,,,,,,,,,,,,,,,,,,,,,,,,,,,,,,,,,,,,,,,,,,,,,,,,,,,,,,,,,,,,,,,,,,,,,,,,,,,,,,,,,,,,,,,,,,,
UH-KzG9meik.mp4,2,tasting beer,A girl is nodding her head,15.0,0.0,10.0,4.13,4.8,62,72,62,67,67,72,,,,,,,,,,,,,,,,,,,,,,,,,,,,,,,,,,,,,,,,,,,,,,,,,,,,,,,,,,,,,,,,,,,,,,,,,,,,,,,,,,,,,,,,,,,,,,,,,,,,,,,,,,,,,,,,,,,,,,,,,,,,,,,,,,,,,,,,,,
s0POKyERjis.mp4,2,opening present,The man is moving the cardboard,30.0,0.0,10.0,7.03,8.27,211,248,211,230,230,248,,,,,,,,,,,,,,,,,,,,,,,,,,,,,,,,,,,,,,,,,,,,,,,,,,,,,,,,,,,,,,,,,,,,,,,,,,,,,,,,,,,,,,,,,,,,,,,,,,,,,,,,,,,,,,,,,,,,,,,,,,,,,,,,,,,,,,,,,,
DYiHsAAuzMk.mp4,2,making the bed,The woman is cleaning the bed sheet,29.97002997002997,0.0,10.01,1.74,2.6,52,78,52,65,65,78,,,,,,,,,,,,,,,,,,,,,,,,,,,,,,,,,,,,,,,,,,,,,,,,,,,,,,,,,,,,,,,,,,,,,,,,,,,,,,,,,,,,,,,,,,,,,,,,,,,,,,,,,,,,,,,,,,,,,,,,,,,,,,,,,,,,,,,,,,
HHEBKvnbh1E.mp4,4,jumpstyle dancing,A person is dancing,29.833333333333332,0.0,10.02,7.11,8.61,212,257,212,223,223,234,234,246,246,257,,,,,,,,,,,,,,,,,,,,,,,,,,,,,,,,,,,,,,,,,,,,,,,,,,,,,,,,,,,,,,,,,,,,,,,,,,,,,,,,,,,,,,,,,,,,,,,,,,,,,,,,,,,,,,,,,,,,,,,,,,,,,,,,,,,,,,
9EZK77m2hJw.mp4,5,grooming cat,A person is trimming the hair of an animal,29.97002997002997,0.0,10.01,6.51,9.68,195,290,195,214,214,233,233,252,252,271,271,290,,,,,,,,,,,,,,,,,,,,,,,,,,,,,,,,,,,,,,,,,,,,,,,,,,,,,,,,,,,,,,,,,,,,,,,,,,,,,,,,,,,,,,,,,,,,,,,,,,,,,,,,,,,,,,,,,,,,,,,,,,,,,,,,,,,,
Qvan1CUnAWs.mp4,3,canoeing or kayaking,A person is rowing the boat,30.0,0.0,10.0,0.73,6.73,22,202,22,82,82,142,142,202,,,,,,,,,,,,,,,,,,,,,,,,,,,,,,,,,,,,,,,,,,,,,,,,,,,,,,,,,,,,,,,,,,,,,,,,,,,,,,,,,,,,,,,,,,,,,,,,,,,,,,,,,,,,,,,,,,,,,,,,,,,,,,,,,,,,,,,,
VXg2VUTMtbE.mp4,4,putting on shoes,A person is doing exercise,10.0,0.0,10.0,0.1,8.8,1,88,1,23,23,45,45,66,66,88,,,,,,,,,,,,,,,,,,,,,,,,,,,,,,,,,,,,,,,,,,,,,,,,,,,,,,,,,,,,,,,,,,,,,,,,,,,,,,,,,,,,,,,,,,,,,,,,,,,,,,,,,,,,,,,,,,,,,,,,,,,,,,,,,,,,,,
dHoas-5sRhE.mp4,11,skipping rope,A girl is jumping,29.916666666666668,0.0,10.03,0.37,5.75,11,172,11,25,25,40,40,55,55,70,70,84,84,99,99,114,114,128,128,143,143,158,158,172,,,,,,,,,,,,,,,,,,,,,,,,,,,,,,,,,,,,,,,,,,,,,,,,,,,,,,,,,,,,,,,,,,,,,,,,,,,,,,,,,,,,,,,,,,,,,,,,,,,,,,,,,,,,,,,,,,,,,,,,
WH1KkjjAe2o.mp4,2,wood burning (art),A person is painting,30.0,0.0,10.0,6.33,7.07,190,212,190,201,201,212,,,,,,,,,,,,,,,,,,,,,,,,,,,,,,,,,,,,,,,,,,,,,,,,,,,,,,,,,,,,,,,,,,,,,,,,,,,,,,,,,,,,,,,,,,,,,,,,,,,,,,,,,,,,,,,,,,,,,,,,,,,,,,,,,,,,,,,,,,
SBb9jXC5u_o.mp4,7,repairing puncture,A person is poking the tyre with a pin,30.0,0.0,10.0,0.47,4.23,14,127,14,31,31,47,47,63,63,79,79,95,95,111,111,127,,,,,,,,,,,,,,,,,,,,,,,,,,,,,,,,,,,,,,,,,,,,,,,,,,,,,,,,,,,,,,,,,,,,,,,,,,,,,,,,,,,,,,,,,,,,,,,,,,,,,,,,,,,,,,,,,,,,,,,,,,,,,,,,
Z6FWI4DdHII.mp4,11,ice skating,A person is rotating,25.0,0.0,9.8,0.2,6.8,5,170,5,20,20,35,35,50,50,65,65,80,80,95,95,110,110,125,125,140,140,155,155,170,,,,,,,,,,,,,,,,,,,,,,,,,,,,,,,,,,,,,,,,,,,,,,,,,,,,,,,,,,,,,,,,,,,,,,,,,,,,,,,,,,,,,,,,,,,,,,,,,,,,,,,,,,,,,,,,,,,,,,,,
Cql7S7Hm0mo.mp4,3,cooking sausages (not on barbeque),A person is cooking with a cooking stick,25.0,0.0,10.0,0.52,2.32,13,58,13,28,28,43,43,58,,,,,,,,,,,,,,,,,,,,,,,,,,,,,,,,,,,,,,,,,,,,,,,,,,,,,,,,,,,,,,,,,,,,,,,,,,,,,,,,,,,,,,,,,,,,,,,,,,,,,,,,,,,,,,,,,,,,,,,,,,,,,,,,,,,,,,,,
QEEWhhfUqr8.mp4,3,tagging graffiti,A person is putting dots on paper,14.284,0.0,10.01,0.21,1.26,3,18,3,8,8,13,13,18,,,,,,,,,,,,,,,,,,,,,,,,,,,,,,,,,,,,,,,,,,,,,,,,,,,,,,,,,,,,,,,,,,,,,,,,,,,,,,,,,,,,,,,,,,,,,,,,,,,,,,,,,,,,,,,,,,,,,,,,,,,,,,,,,,,,,,,,
E47GJkIUpCY.mp4,10,bouncing on trampoline,A person is pushing the trampoline,30.0,0.0,9.17,0.27,3.77,8,113,8,19,19,29,29,40,40,50,50,61,61,71,71,81,81,92,92,102,102,113,,,,,,,,,,,,,,,,,,,,,,,,,,,,,,,,,,,,,,,,,,,,,,,,,,,,,,,,,,,,,,,,,,,,,,,,,,,,,,,,,,,,,,,,,,,,,,,,,,,,,,,,,,,,,,,,,,,,,,,,,,
VDmQDNa7-vk.mp4,2,spinning poi,A person is juggling,24.916666666666668,0.0,10.03,8.55,9.51,213,237,213,225,225,237,,,,,,,,,,,,,,,,,,,,,,,,,,,,,,,,,,,,,,,,,,,,,,,,,,,,,,,,,,,,,,,,,,,,,,,,,,,,,,,,,,,,,,,,,,,,,,,,,,,,,,,,,,,,,,,,,,,,,,,,,,,,,,,,,,,,,,,,,,
8B_ReqT1c1k.mp4,2,vacuuming car,A person is washing the car,20.0,0.0,10.0,3.7,4.7,74,94,74,84,84,94,,,,,,,,,,,,,,,,,,,,,,,,,,,,,,,,,,,,,,,,,,,,,,,,,,,,,,,,,,,,,,,,,,,,,,,,,,,,,,,,,,,,,,,,,,,,,,,,,,,,,,,,,,,,,,,,,,,,,,,,,,,,,,,,,,,,,,,,,,
Yt7-BnVkoUM.mp4,2,pull ups,A person is doing pull-ups,30.0,0.0,10.0,0.03,9.07,1,272,1,137,137,272,,,,,,,,,,,,,,,,,,,,,,,,,,,,,,,,,,,,,,,,,,,,,,,,,,,,,,,,,,,,,,,,,,,,,,,,,,,,,,,,,,,,,,,,,,,,,,,,,,,,,,,,,,,,,,,,,,,,,,,,,,,,,,,,,,,,,,,,,,
NjkuOdErtQI.mp4,2,jogging,A person is exercising,23.976023976023978,0.0,10.01,0.13,1.54,3,37,3,20,20,37,,,,,,,,,,,,,,,,,,,,,,,,,,,,,,,,,,,,,,,,,,,,,,,,,,,,,,,,,,,,,,,,,,,,,,,,,,,,,,,,,,,,,,,,,,,,,,,,,,,,,,,,,,,,,,,,,,,,,,,,,,,,,,,,,,,,,,,,,,
nfeDAz5ngdI.mp4,3,ice climbing,A person is climbing the mountain,25.0,0.0,10.0,3.12,5.32,78,133,78,96,96,115,115,133,,,,,,,,,,,,,,,,,,,,,,,,,,,,,,,,,,,,,,,,,,,,,,,,,,,,,,,,,,,,,,,,,,,,,,,,,,,,,,,,,,,,,,,,,,,,,,,,,,,,,,,,,,,,,,,,,,,,,,,,,,,,,,,,,,,,,,,,
8ra0fOKgT3g.mp4,7,metal detecting,A person is moving the bomb detector,10.0,0.0,10.0,0.0,9.4,0,94,0,14,14,27,27,41,41,54,54,68,68,81,81,94,,,,,,,,,,,,,,,,,,,,,,,,,,,,,,,,,,,,,,,,,,,,,,,,,,,,,,,,,,,,,,,,,,,,,,,,,,,,,,,,,,,,,,,,,,,,,,,,,,,,,,,,,,,,,,,,,,,,,,,,,,,,,,,,
ewcCkrK6Tyw.mp4,2,skipping rope,A person is skipping,10.0,0.0,9.9,2.8,5.0,28,50,28,39,39,50,,,,,,,,,,,,,,,,,,,,,,,,,,,,,,,,,,,,,,,,,,,,,,,,,,,,,,,,,,,,,,,,,,,,,,,,,,,,,,,,,,,,,,,,,,,,,,,,,,,,,,,,,,,,,,,,,,,,,,,,,,,,,,,,,,,,,,,,,,
QYZNOmlJrms.mp4,20,playing maracas,A person is playing,30.0,0.0,10.0,0.13,10.0,4,300,4,18,18,33,33,48,48,63,63,78,78,93,93,107,107,122,122,137,137,152,152,167,167,181,181,196,196,211,211,226,226,241,241,256,256,270,270,285,285,300,,,,,,,,,,,,,,,,,,,,,,,,,,,,,,,,,,,,,,,,,,,,,,,,,,,,,,,,,,,,,,,,,,,,,,,,,,,,,,,,,,,,,,,,,,,,,,,,,,,,,,
PJqPd8ZjUZQ.mp4,12,repairing puncture,A person is fixing with a tool,30.0,0.0,10.0,3.53,7.07,106,212,106,114,114,123,123,132,132,141,141,150,150,159,159,168,168,177,177,186,186,195,195,204,204,212,,,,,,,,,,,,,,,,,,,,,,,,,,,,,,,,,,,,,,,,,,,,,,,,,,,,,,,,,,,,,,,,,,,,,,,,,,,,,,,,,,,,,,,,,,,,,,,,,,,,,,,,,,,,,,,,,,,,,,
C98UJ44oz8A.mp4,4,playing cymbals,A person is playing a musical instrument,29.97002997002997,0.0,10.01,1.53,4.17,46,125,46,65,65,85,85,105,105,125,,,,,,,,,,,,,,,,,,,,,,,,,,,,,,,,,,,,,,,,,,,,,,,,,,,,,,,,,,,,,,,,,,,,,,,,,,,,,,,,,,,,,,,,,,,,,,,,,,,,,,,,,,,,,,,,,,,,,,,,,,,,,,,,,,,,,,
MoiJK_gouFA.mp4,5,ironing,A woman is making irons,25.0,0.0,10.0,0.8,2.8,20,70,20,30,30,40,40,50,50,60,60,70,,,,,,,,,,,,,,,,,,,,,,,,,,,,,,,,,,,,,,,,,,,,,,,,,,,,,,,,,,,,,,,,,,,,,,,,,,,,,,,,,,,,,,,,,,,,,,,,,,,,,,,,,,,,,,,,,,,,,,,,,,,,,,,,,,,,
SbdrHN_cjyw.mp4,7,counting money,A person is counting money,29.0,0.0,5.45,0.1,5.03,3,146,3,24,24,44,44,65,65,85,85,105,105,126,126,146,,,,,,,,,,,,,,,,,,,,,,,,,,,,,,,,,,,,,,,,,,,,,,,,,,,,,,,,,,,,,,,,,,,,,,,,,,,,,,,,,,,,,,,,,,,,,,,,,,,,,,,,,,,,,,,,,,,,,,,,,,,,,,,,
H6iaAmhIot8.mp4,9,dodgeball,A person is waving hisher hand,24.083,0.0,10.01,0.04,2.49,1,60,1,7,7,14,14,21,21,27,27,34,34,40,40,47,47,53,53,60,,,,,,,,,,,,,,,,,,,,,,,,,,,,,,,,,,,,,,,,,,,,,,,,,,,,,,,,,,,,,,,,,,,,,,,,,,,,,,,,,,,,,,,,,,,,,,,,,,,,,,,,,,,,,,,,,,,,,,,,,,,,
K61Pk_39UBE.mp4,2,bathing dog,A person is cleaning with hands,29.97002997002997,0.0,10.01,0.03,0.67,1,20,1,11,11,20,,,,,,,,,,,,,,,,,,,,,,,,,,,,,,,,,,,,,,,,,,,,,,,,,,,,,,,,,,,,,,,,,,,,,,,,,,,,,,,,,,,,,,,,,,,,,,,,,,,,,,,,,,,,,,,,,,,,,,,,,,,,,,,,,,,,,,,,,,
H38yCQ14o5Q.mp4,10,square dancing,A person is waving the hand,30.0,0.0,9.07,6.27,8.93,188,268,188,196,196,204,204,212,212,220,220,228,228,236,236,244,244,252,252,260,260,268,,,,,,,,,,,,,,,,,,,,,,,,,,,,,,,,,,,,,,,,,,,,,,,,,,,,,,,,,,,,,,,,,,,,,,,,,,,,,,,,,,,,,,,,,,,,,,,,,,,,,,,,,,,,,,,,,,,,,,,,,,
jOAKcT7fADc.mp4,8,casting fishing line,A person is pulling a wire,29.666666666666668,0.0,10.01,3.07,7.15,91,212,91,107,107,122,122,137,137,152,152,167,167,182,182,197,197,212,,,,,,,,,,,,,,,,,,,,,,,,,,,,,,,,,,,,,,,,,,,,,,,,,,,,,,,,,,,,,,,,,,,,,,,,,,,,,,,,,,,,,,,,,,,,,,,,,,,,,,,,,,,,,,,,,,,,,,,,,,,,,,
B8yPdsiphz8.mp4,2,shot put,A person with a green shirt is moving the right leg to and fro,30.0,0.0,10.0,0.03,1.87,1,56,1,29,29,56,,,,,,,,,,,,,,,,,,,,,,,,,,,,,,,,,,,,,,,,,,,,,,,,,,,,,,,,,,,,,,,,,,,,,,,,,,,,,,,,,,,,,,,,,,,,,,,,,,,,,,,,,,,,,,,,,,,,,,,,,,,,,,,,,,,,,,,,,,
NDUx16jAgqo.mp4,3,playing gong,A woman is rotating around with a drum in her hand,30.0,0.0,10.0,3.63,8.53,109,256,109,158,158,207,207,256,,,,,,,,,,,,,,,,,,,,,,,,,,,,,,,,,,,,,,,,,,,,,,,,,,,,,,,,,,,,,,,,,,,,,,,,,,,,,,,,,,,,,,,,,,,,,,,,,,,,,,,,,,,,,,,,,,,,,,,,,,,,,,,,,,,,,,,,
oiangOumP1Q.mp4,2,using inhaler,A person is moving the hand,25.0,0.0,4.4,1.0,1.84,25,46,25,36,36,46,,,,,,,,,,,,,,,,,,,,,,,,,,,,,,,,,,,,,,,,,,,,,,,,,,,,,,,,,,,,,,,,,,,,,,,,,,,,,,,,,,,,,,,,,,,,,,,,,,,,,,,,,,,,,,,,,,,,,,,,,,,,,,,,,,,,,,,,,,
8B_ReqT1c1k.mp4,2,vacuuming car,A person is washing a car,20.0,0.0,10.0,3.7,4.7,74,94,74,84,84,94,,,,,,,,,,,,,,,,,,,,,,,,,,,,,,,,,,,,,,,,,,,,,,,,,,,,,,,,,,,,,,,,,,,,,,,,,,,,,,,,,,,,,,,,,,,,,,,,,,,,,,,,,,,,,,,,,,,,,,,,,,,,,,,,,,,,,,,,,,
GZid_od0mv8.mp4,5,petting animal (not cat),A boy is rubbing the ears of a donkey,29.97002997002997,0.0,10.01,4.7,7.84,141,235,141,160,160,179,179,198,198,216,216,235,,,,,,,,,,,,,,,,,,,,,,,,,,,,,,,,,,,,,,,,,,,,,,,,,,,,,,,,,,,,,,,,,,,,,,,,,,,,,,,,,,,,,,,,,,,,,,,,,,,,,,,,,,,,,,,,,,,,,,,,,,,,,,,,,,,,
ifLaHpJyaLY.mp4,9,skipping rope,A person is skipping,14.987,0.0,10.01,0.07,3.54,1,53,1,7,7,13,13,18,18,24,24,30,30,36,36,41,41,47,47,53,,,,,,,,,,,,,,,,,,,,,,,,,,,,,,,,,,,,,,,,,,,,,,,,,,,,,,,,,,,,,,,,,,,,,,,,,,,,,,,,,,,,,,,,,,,,,,,,,,,,,,,,,,,,,,,,,,,,,,,,,,,,
a3zdKBeo4LY.mp4,7,rope pushdown,A person is doing triceps exercises,25.0,0.0,10.0,0.08,9.52,2,238,2,36,36,69,69,103,103,137,137,171,171,204,204,238,,,,,,,,,,,,,,,,,,,,,,,,,,,,,,,,,,,,,,,,,,,,,,,,,,,,,,,,,,,,,,,,,,,,,,,,,,,,,,,,,,,,,,,,,,,,,,,,,,,,,,,,,,,,,,,,,,,,,,,,,,,,,,,,
IdHxOe9i5v0.mp4,4,scuba diving,A person is scuba diving,25.0,0.0,10.0,0.56,7.4,14,185,14,57,57,100,100,142,142,185,,,,,,,,,,,,,,,,,,,,,,,,,,,,,,,,,,,,,,,,,,,,,,,,,,,,,,,,,,,,,,,,,,,,,,,,,,,,,,,,,,,,,,,,,,,,,,,,,,,,,,,,,,,,,,,,,,,,,,,,,,,,,,,,,,,,,,
LCPKVCN6XGU.mp4,4,playing monopoly,A person is placing the pod,29.691699604743082,0.0,10.0,0.03,1.75,1,52,1,14,14,27,27,39,39,52,,,,,,,,,,,,,,,,,,,,,,,,,,,,,,,,,,,,,,,,,,,,,,,,,,,,,,,,,,,,,,,,,,,,,,,,,,,,,,,,,,,,,,,,,,,,,,,,,,,,,,,,,,,,,,,,,,,,,,,,,,,,,,,,,,,,,,
6s9wB3fvZQk.mp4,5,krumping,A woman is dancing,25.0,0.0,10.0,6.24,8.36,156,209,156,167,167,177,177,188,188,198,198,209,,,,,,,,,,,,,,,,,,,,,,,,,,,,,,,,,,,,,,,,,,,,,,,,,,,,,,,,,,,,,,,,,,,,,,,,,,,,,,,,,,,,,,,,,,,,,,,,,,,,,,,,,,,,,,,,,,,,,,,,,,,,,,,,,,,,
C5aIlW-M0MM.mp4,9,playing cymbals,A person is playing music with sticks,29.97002997002997,0.0,9.18,0.03,4.47,1,134,1,16,16,31,31,46,46,60,60,75,75,90,90,105,105,119,119,134,,,,,,,,,,,,,,,,,,,,,,,,,,,,,,,,,,,,,,,,,,,,,,,,,,,,,,,,,,,,,,,,,,,,,,,,,,,,,,,,,,,,,,,,,,,,,,,,,,,,,,,,,,,,,,,,,,,,,,,,,,,,
AE6h3ksgdSs.mp4,18,tapping pen,A person is playing drums on the white table,29.666666666666668,0.0,10.01,4.58,9.88,136,293,136,145,145,154,154,163,163,171,171,180,180,189,189,197,197,206,206,215,215,223,223,232,232,241,241,250,250,258,258,267,267,276,276,284,284,293,,,,,,,,,,,,,,,,,,,,,,,,,,,,,,,,,,,,,,,,,,,,,,,,,,,,,,,,,,,,,,,,,,,,,,,,,,,,,,,,,,,,,,,,,,,,,,,,,,,,,,,,,,
tApd2UUZwcU.mp4,12,headbanging,A person is shaking his head,10.0,0.0,10.0,0.1,5.5,1,55,1,6,6,10,10,15,15,19,19,24,24,28,28,33,33,37,37,42,42,46,46,51,51,55,,,,,,,,,,,,,,,,,,,,,,,,,,,,,,,,,,,,,,,,,,,,,,,,,,,,,,,,,,,,,,,,,,,,,,,,,,,,,,,,,,,,,,,,,,,,,,,,,,,,,,,,,,,,,,,,,,,,,,
0odgrEpClX4.mp4,7,shaking hands,A person is holding the glass,25.0,0.0,10.0,4.12,5.32,103,133,103,107,107,112,112,116,116,120,120,124,124,129,129,133,,,,,,,,,,,,,,,,,,,,,,,,,,,,,,,,,,,,,,,,,,,,,,,,,,,,,,,,,,,,,,,,,,,,,,,,,,,,,,,,,,,,,,,,,,,,,,,,,,,,,,,,,,,,,,,,,,,,,,,,,,,,,,,,
OBH88NPbB6M.mp4,2,petting cat,A man is soothing the Rabbit with his hands,29.97002997002997,0.0,6.47,0.03,2.37,1,71,1,36,36,71,,,,,,,,,,,,,,,,,,,,,,,,,,,,,,,,,,,,,,,,,,,,,,,,,,,,,,,,,,,,,,,,,,,,,,,,,,,,,,,,,,,,,,,,,,,,,,,,,,,,,,,,,,,,,,,,,,,,,,,,,,,,,,,,,,,,,,,,,,
IhufNBfQbXU.mp4,4,using a wrench,A person is unbolting,29.97002997002997,0.0,10.01,0.2,2.97,6,89,6,27,27,47,47,68,68,89,,,,,,,,,,,,,,,,,,,,,,,,,,,,,,,,,,,,,,,,,,,,,,,,,,,,,,,,,,,,,,,,,,,,,,,,,,,,,,,,,,,,,,,,,,,,,,,,,,,,,,,,,,,,,,,,,,,,,,,,,,,,,,,,,,,,,,
RVINJtvupCc.mp4,2,chiseling stone,A person is hitting the tool with a hammer,25.0,0.0,10.0,3.68,4.44,92,111,92,102,102,111,,,,,,,,,,,,,,,,,,,,,,,,,,,,,,,,,,,,,,,,,,,,,,,,,,,,,,,,,,,,,,,,,,,,,,,,,,,,,,,,,,,,,,,,,,,,,,,,,,,,,,,,,,,,,,,,,,,,,,,,,,,,,,,,,,,,,,,,,,
LmcqVexjMuI.mp4,2,swimming front crawl,A person is swimming,25.0,0.0,9.24,3.2,6.48,80,162,80,121,121,162,,,,,,,,,,,,,,,,,,,,,,,,,,,,,,,,,,,,,,,,,,,,,,,,,,,,,,,,,,,,,,,,,,,,,,,,,,,,,,,,,,,,,,,,,,,,,,,,,,,,,,,,,,,,,,,,,,,,,,,,,,,,,,,,,,,,,,,,,,
P0eYBcj-JYQ.mp4,2,playing ukulele,A person is playing the guitar with the right hand,29.97002997002997,0.0,10.01,1.27,3.07,38,92,38,65,65,92,,,,,,,,,,,,,,,,,,,,,,,,,,,,,,,,,,,,,,,,,,,,,,,,,,,,,,,,,,,,,,,,,,,,,,,,,,,,,,,,,,,,,,,,,,,,,,,,,,,,,,,,,,,,,,,,,,,,,,,,,,,,,,,,,,,,,,,,,,
i_lvrSmTfpk.mp4,4,casting fishing line,A person is rolling the fish-catching stick,29.666666666666668,0.0,10.01,0.91,2.16,27,64,27,36,36,46,46,55,55,64,,,,,,,,,,,,,,,,,,,,,,,,,,,,,,,,,,,,,,,,,,,,,,,,,,,,,,,,,,,,,,,,,,,,,,,,,,,,,,,,,,,,,,,,,,,,,,,,,,,,,,,,,,,,,,,,,,,,,,,,,,,,,,,,,,,,,,
Y5rfPT6y620.mp4,5,pumping fist,A person is dancing in the car,17.54385964912281,0.0,9.06,0.06,2.79,1,49,1,11,11,20,20,30,30,40,40,49,,,,,,,,,,,,,,,,,,,,,,,,,,,,,,,,,,,,,,,,,,,,,,,,,,,,,,,,,,,,,,,,,,,,,,,,,,,,,,,,,,,,,,,,,,,,,,,,,,,,,,,,,,,,,,,,,,,,,,,,,,,,,,,,,,,,
hGZ9DibLaaI.mp4,3,shining shoes,A person is cleaning the shoe,29.97002997002997,0.0,10.01,0.03,0.57,1,17,1,6,6,12,12,17,,,,,,,,,,,,,,,,,,,,,,,,,,,,,,,,,,,,,,,,,,,,,,,,,,,,,,,,,,,,,,,,,,,,,,,,,,,,,,,,,,,,,,,,,,,,,,,,,,,,,,,,,,,,,,,,,,,,,,,,,,,,,,,,,,,,,,,,
GXM5aylM_Hg.mp4,8,riding scooter,A person is driving a scooter,29.97002997002997,0.0,10.01,3.2,9.41,96,282,96,119,119,142,142,166,166,189,189,212,212,235,235,258,258,282,,,,,,,,,,,,,,,,,,,,,,,,,,,,,,,,,,,,,,,,,,,,,,,,,,,,,,,,,,,,,,,,,,,,,,,,,,,,,,,,,,,,,,,,,,,,,,,,,,,,,,,,,,,,,,,,,,,,,,,,,,,,,,
AGbMsTotcuY.mp4,3,sieving,A person is rubbing with the hand,29.97002997002997,0.0,10.01,1.74,3.37,52,101,52,68,68,84,84,101,,,,,,,,,,,,,,,,,,,,,,,,,,,,,,,,,,,,,,,,,,,,,,,,,,,,,,,,,,,,,,,,,,,,,,,,,,,,,,,,,,,,,,,,,,,,,,,,,,,,,,,,,,,,,,,,,,,,,,,,,,,,,,,,,,,,,,,,
l4_JH8K9cr8.mp4,3,building sandcastle,A person is leveling the sand,29.97002997002997,0.0,10.01,1.33,3.17,40,95,40,58,58,76,76,95,,,,,,,,,,,,,,,,,,,,,,,,,,,,,,,,,,,,,,,,,,,,,,,,,,,,,,,,,,,,,,,,,,,,,,,,,,,,,,,,,,,,,,,,,,,,,,,,,,,,,,,,,,,,,,,,,,,,,,,,,,,,,,,,,,,,,,,,
AE6h3ksgdSs.mp4,18,tapping pen,A person is playing the drums,29.666666666666668,0.0,10.01,4.55,9.88,135,293,135,144,144,153,153,162,162,170,170,179,179,188,188,197,197,205,205,214,214,223,223,232,232,240,240,249,249,258,258,267,267,276,276,284,284,293,,,,,,,,,,,,,,,,,,,,,,,,,,,,,,,,,,,,,,,,,,,,,,,,,,,,,,,,,,,,,,,,,,,,,,,,,,,,,,,,,,,,,,,,,,,,,,,,,,,,,,,,,,
9Yyvbkj_GI0.mp4,2,being in zero gravity,A person is rotating another person,29.94,0.0,10.02,3.37,9.39,101,281,101,191,191,281,,,,,,,,,,,,,,,,,,,,,,,,,,,,,,,,,,,,,,,,,,,,,,,,,,,,,,,,,,,,,,,,,,,,,,,,,,,,,,,,,,,,,,,,,,,,,,,,,,,,,,,,,,,,,,,,,,,,,,,,,,,,,,,,,,,,,,,,,,
8NIH59_H8A4.mp4,5,high fiving,A baby beating the person's hand,30.0,0.0,10.0,0.03,2.43,1,73,1,16,16,30,30,44,44,59,59,73,,,,,,,,,,,,,,,,,,,,,,,,,,,,,,,,,,,,,,,,,,,,,,,,,,,,,,,,,,,,,,,,,,,,,,,,,,,,,,,,,,,,,,,,,,,,,,,,,,,,,,,,,,,,,,,,,,,,,,,,,,,,,,,,,,,,
UPvs-IXoZv8.mp4,3,playing netball,A person is moving the right leg,25.0,0.0,10.0,4.48,5.6,112,140,112,121,121,131,131,140,,,,,,,,,,,,,,,,,,,,,,,,,,,,,,,,,,,,,,,,,,,,,,,,,,,,,,,,,,,,,,,,,,,,,,,,,,,,,,,,,,,,,,,,,,,,,,,,,,,,,,,,,,,,,,,,,,,,,,,,,,,,,,,,,,,,,,,,
VdcmkP3Inv4.mp4,6,directing traffic,A person is moving his hand,29.916666666666668,0.0,10.03,1.97,3.51,59,105,59,66,66,74,74,82,82,90,90,98,98,105,,,,,,,,,,,,,,,,,,,,,,,,,,,,,,,,,,,,,,,,,,,,,,,,,,,,,,,,,,,,,,,,,,,,,,,,,,,,,,,,,,,,,,,,,,,,,,,,,,,,,,,,,,,,,,,,,,,,,,,,,,,,,,,,,,
aFRs4ad4rB8.mp4,3,making latte art,A person is making cappuccino,29.97002997002997,0.0,10.01,0.13,2.64,4,79,4,29,29,54,54,79,,,,,,,,,,,,,,,,,,,,,,,,,,,,,,,,,,,,,,,,,,,,,,,,,,,,,,,,,,,,,,,,,,,,,,,,,,,,,,,,,,,,,,,,,,,,,,,,,,,,,,,,,,,,,,,,,,,,,,,,,,,,,,,,,,,,,,,,
n-3jXKyLfsI.mp4,3,polishing metal,A person is smoothing the rod,30.0,0.0,9.33,3.37,6.73,101,202,101,134,134,168,168,202,,,,,,,,,,,,,,,,,,,,,,,,,,,,,,,,,,,,,,,,,,,,,,,,,,,,,,,,,,,,,,,,,,,,,,,,,,,,,,,,,,,,,,,,,,,,,,,,,,,,,,,,,,,,,,,,,,,,,,,,,,,,,,,,,,,,,,,,
Hbw-KUfiXd4.mp4,3,chopping wood,A person is hitting the wood,30.0,0.0,10.0,0.27,7.4,8,222,8,80,80,151,151,222,,,,,,,,,,,,,,,,,,,,,,,,,,,,,,,,,,,,,,,,,,,,,,,,,,,,,,,,,,,,,,,,,,,,,,,,,,,,,,,,,,,,,,,,,,,,,,,,,,,,,,,,,,,,,,,,,,,,,,,,,,,,,,,,,,,,,,,,
7-Ytm8aJJKg.mp4,3,dunking basketball,A person is playing volleyball,15.0,0.0,9.07,2.27,3.47,34,52,34,40,40,46,46,52,,,,,,,,,,,,,,,,,,,,,,,,,,,,,,,,,,,,,,,,,,,,,,,,,,,,,,,,,,,,,,,,,,,,,,,,,,,,,,,,,,,,,,,,,,,,,,,,,,,,,,,,,,,,,,,,,,,,,,,,,,,,,,,,,,,,,,,,
x_f3E10iCAg.mp4,2,bottling,A person is fixing,25.0,0.0,10.0,7.84,9.2,196,230,196,213,213,230,,,,,,,,,,,,,,,,,,,,,,,,,,,,,,,,,,,,,,,,,,,,,,,,,,,,,,,,,,,,,,,,,,,,,,,,,,,,,,,,,,,,,,,,,,,,,,,,,,,,,,,,,,,,,,,,,,,,,,,,,,,,,,,,,,,,,,,,,,
qE6JiylcnVE.mp4,3,playing blackjack,A person is distributing the cards,29.97002997002997,0.0,10.01,0.53,2.14,16,64,16,32,32,48,48,64,,,,,,,,,,,,,,,,,,,,,,,,,,,,,,,,,,,,,,,,,,,,,,,,,,,,,,,,,,,,,,,,,,,,,,,,,,,,,,,,,,,,,,,,,,,,,,,,,,,,,,,,,,,,,,,,,,,,,,,,,,,,,,,,,,,,,,,,
99gVAokVo-s.mp4,7,doing aerobics,A person is dancing,30.0,0.0,10.0,0.03,5.43,1,163,1,24,24,47,47,71,71,94,94,117,117,140,140,163,,,,,,,,,,,,,,,,,,,,,,,,,,,,,,,,,,,,,,,,,,,,,,,,,,,,,,,,,,,,,,,,,,,,,,,,,,,,,,,,,,,,,,,,,,,,,,,,,,,,,,,,,,,,,,,,,,,,,,,,,,,,,,,,
j3dkCfMtTnE.mp4,4,doing nails,A person is painting the nails with a brush,30.0,0.0,10.0,6.77,8.57,203,257,203,216,216,230,230,243,243,257,,,,,,,,,,,,,,,,,,,,,,,,,,,,,,,,,,,,,,,,,,,,,,,,,,,,,,,,,,,,,,,,,,,,,,,,,,,,,,,,,,,,,,,,,,,,,,,,,,,,,,,,,,,,,,,,,,,,,,,,,,,,,,,,,,,,,,
A3fk54oi6_E.mp4,2,playing harmonica,A man is keeping the item in his mouth,30.0,0.0,10.0,1.53,5.6,46,168,46,107,107,168,,,,,,,,,,,,,,,,,,,,,,,,,,,,,,,,,,,,,,,,,,,,,,,,,,,,,,,,,,,,,,,,,,,,,,,,,,,,,,,,,,,,,,,,,,,,,,,,,,,,,,,,,,,,,,,,,,,,,,,,,,,,,,,,,,,,,,,,,,
YoharY6SBD4.mp4,2,making snowman,A person is pressing the button,24.0,0.0,10.0,6.25,7.42,150,178,150,164,164,178,,,,,,,,,,,,,,,,,,,,,,,,,,,,,,,,,,,,,,,,,,,,,,,,,,,,,,,,,,,,,,,,,,,,,,,,,,,,,,,,,,,,,,,,,,,,,,,,,,,,,,,,,,,,,,,,,,,,,,,,,,,,,,,,,,,,,,,,,,
oYKCiTp_6ss.mp4,2,clam digging,A person is removing the sand,25.0,0.0,10.0,0.28,2.4,7,60,7,34,34,60,,,,,,,,,,,,,,,,,,,,,,,,,,,,,,,,,,,,,,,,,,,,,,,,,,,,,,,,,,,,,,,,,,,,,,,,,,,,,,,,,,,,,,,,,,,,,,,,,,,,,,,,,,,,,,,,,,,,,,,,,,,,,,,,,,,,,,,,,,
qbLReliSivw.mp4,4,repairing puncture,A person is cleaning the tube with his hand,29.97002997002997,0.0,10.01,7.67,8.58,230,257,230,237,237,243,243,250,250,257,,,,,,,,,,,,,,,,,,,,,,,,,,,,,,,,,,,,,,,,,,,,,,,,,,,,,,,,,,,,,,,,,,,,,,,,,,,,,,,,,,,,,,,,,,,,,,,,,,,,,,,,,,,,,,,,,,,,,,,,,,,,,,,,,,,,,,
STS1a2RUloM.mp4,2,cutting pineapple,A man is cutting the pineapple,29.97002997002997,0.0,10.01,7.21,8.07,216,242,216,229,229,242,,,,,,,,,,,,,,,,,,,,,,,,,,,,,,,,,,,,,,,,,,,,,,,,,,,,,,,,,,,,,,,,,,,,,,,,,,,,,,,,,,,,,,,,,,,,,,,,,,,,,,,,,,,,,,,,,,,,,,,,,,,,,,,,,,,,,,,,,,
oiBD5DaVm6M.mp4,2,massaging feet,A person is rubbing the ball with his feet,29.0,0.0,6.72,4.03,6.07,117,176,117,147,147,176,,,,,,,,,,,,,,,,,,,,,,,,,,,,,,,,,,,,,,,,,,,,,,,,,,,,,,,,,,,,,,,,,,,,,,,,,,,,,,,,,,,,,,,,,,,,,,,,,,,,,,,,,,,,,,,,,,,,,,,,,,,,,,,,,,,,,,,,,,
vPEYrYh7lTg.mp4,3,crying,A person is waving his hand,30.0,0.0,10.0,2.0,3.0,60,90,60,70,70,80,80,90,,,,,,,,,,,,,,,,,,,,,,,,,,,,,,,,,,,,,,,,,,,,,,,,,,,,,,,,,,,,,,,,,,,,,,,,,,,,,,,,,,,,,,,,,,,,,,,,,,,,,,,,,,,,,,,,,,,,,,,,,,,,,,,,,,,,,,,,
hmCx2dvQDP8.mp4,6,smoking pipe,A person is smoking out,30.0,0.0,9.7,0.87,6.93,26,208,26,57,57,87,87,117,117,147,147,177,177,208,,,,,,,,,,,,,,,,,,,,,,,,,,,,,,,,,,,,,,,,,,,,,,,,,,,,,,,,,,,,,,,,,,,,,,,,,,,,,,,,,,,,,,,,,,,,,,,,,,,,,,,,,,,,,,,,,,,,,,,,,,,,,,,,,,
n0-YG0yo4-8.mp4,3,making a sandwich,A person is sprinkling the powder,29.927,0.0,10.02,3.81,8.19,114,245,114,158,158,202,202,245,,,,,,,,,,,,,,,,,,,,,,,,,,,,,,,,,,,,,,,,,,,,,,,,,,,,,,,,,,,,,,,,,,,,,,,,,,,,,,,,,,,,,,,,,,,,,,,,,,,,,,,,,,,,,,,,,,,,,,,,,,,,,,,,,,,,,,,,
UB_E0yZfqLw.mp4,2,javelin throw,A person is moving their hands,25.0,0.0,10.0,6.96,9.44,174,236,174,205,205,236,,,,,,,,,,,,,,,,,,,,,,,,,,,,,,,,,,,,,,,,,,,,,,,,,,,,,,,,,,,,,,,,,,,,,,,,,,,,,,,,,,,,,,,,,,,,,,,,,,,,,,,,,,,,,,,,,,,,,,,,,,,,,,,,,,,,,,,,,,
NvjrKvZOrWM.mp4,4,pirouetting,A person is dancing on the stage,25.0,0.0,10.0,0.16,3.6,4,90,4,26,26,47,47,68,68,90,,,,,,,,,,,,,,,,,,,,,,,,,,,,,,,,,,,,,,,,,,,,,,,,,,,,,,,,,,,,,,,,,,,,,,,,,,,,,,,,,,,,,,,,,,,,,,,,,,,,,,,,,,,,,,,,,,,,,,,,,,,,,,,,,,,,,,
BpB4iEW6kUE.mp4,3,pulling rope (game),A person is pulling the rope with his hands,29.0,0.0,10.0,0.93,8.17,27,237,27,97,97,167,167,237,,,,,,,,,,,,,,,,,,,,,,,,,,,,,,,,,,,,,,,,,,,,,,,,,,,,,,,,,,,,,,,,,,,,,,,,,,,,,,,,,,,,,,,,,,,,,,,,,,,,,,,,,,,,,,,,,,,,,,,,,,,,,,,,,,,,,,,,
F8YSKIhryiQ.mp4,3,dancing macarena,A person is dancing,15.0,0.0,8.53,6.0,7.6,90,114,90,98,98,106,106,114,,,,,,,,,,,,,,,,,,,,,,,,,,,,,,,,,,,,,,,,,,,,,,,,,,,,,,,,,,,,,,,,,,,,,,,,,,,,,,,,,,,,,,,,,,,,,,,,,,,,,,,,,,,,,,,,,,,,,,,,,,,,,,,,,,,,,,,,
9FTpvmTG1d0.mp4,3,rope pushdown,A woman is exercising in the gym,29.97002997002997,0.0,9.01,1.8,6.71,54,201,54,103,103,152,152,201,,,,,,,,,,,,,,,,,,,,,,,,,,,,,,,,,,,,,,,,,,,,,,,,,,,,,,,,,,,,,,,,,,,,,,,,,,,,,,,,,,,,,,,,,,,,,,,,,,,,,,,,,,,,,,,,,,,,,,,,,,,,,,,,,,,,,,,,
DOBeVZEBqCQ.mp4,11,dancing macarena,A person is moving his hands while dancing,30.0,0.0,6.23,0.4,5.93,12,178,12,27,27,42,42,57,57,72,72,87,87,102,102,117,117,132,132,147,147,163,163,178,,,,,,,,,,,,,,,,,,,,,,,,,,,,,,,,,,,,,,,,,,,,,,,,,,,,,,,,,,,,,,,,,,,,,,,,,,,,,,,,,,,,,,,,,,,,,,,,,,,,,,,,,,,,,,,,,,,,,,,,
9N4uteyTWf4.mp4,4,making slime,A person is pressing with the two fingers,28.934,0.0,10.02,1.56,3.84,45,111,45,62,62,78,78,95,95,111,,,,,,,,,,,,,,,,,,,,,,,,,,,,,,,,,,,,,,,,,,,,,,,,,,,,,,,,,,,,,,,,,,,,,,,,,,,,,,,,,,,,,,,,,,,,,,,,,,,,,,,,,,,,,,,,,,,,,,,,,,,,,,,,,,,,,,
ifLaHpJyaLY.mp4,9,skipping rope,A person is skipping with a rope,14.987,0.0,10.01,0.07,3.54,1,53,1,7,7,13,13,19,19,24,24,30,30,36,36,42,42,48,48,53,,,,,,,,,,,,,,,,,,,,,,,,,,,,,,,,,,,,,,,,,,,,,,,,,,,,,,,,,,,,,,,,,,,,,,,,,,,,,,,,,,,,,,,,,,,,,,,,,,,,,,,,,,,,,,,,,,,,,,,,,,,,
cdM3Q88Eqn8.mp4,4,catching or throwing softball,A person is practicing catching the ball,29.97002997002997,0.0,10.01,1.17,9.51,35,285,35,97,97,160,160,223,223,285,,,,,,,,,,,,,,,,,,,,,,,,,,,,,,,,,,,,,,,,,,,,,,,,,,,,,,,,,,,,,,,,,,,,,,,,,,,,,,,,,,,,,,,,,,,,,,,,,,,,,,,,,,,,,,,,,,,,,,,,,,,,,,,,,,,,,,
JbIKun1x_BY.mp4,4,playing rubiks cube,A man is jumping,23.976023976023978,0.0,10.01,0.58,2.29,14,55,14,24,24,35,35,45,45,55,,,,,,,,,,,,,,,,,,,,,,,,,,,,,,,,,,,,,,,,,,,,,,,,,,,,,,,,,,,,,,,,,,,,,,,,,,,,,,,,,,,,,,,,,,,,,,,,,,,,,,,,,,,,,,,,,,,,,,,,,,,,,,,,,,,,,,
D4GUkWz4yWM.mp4,8,juggling balls,A person is playing with balls,29.97002997002997,0.0,9.44,0.47,7.27,14,218,14,40,40,65,65,91,91,116,116,142,142,167,167,193,193,218,,,,,,,,,,,,,,,,,,,,,,,,,,,,,,,,,,,,,,,,,,,,,,,,,,,,,,,,,,,,,,,,,,,,,,,,,,,,,,,,,,,,,,,,,,,,,,,,,,,,,,,,,,,,,,,,,,,,,,,,,,,,,,
t9m1ltLXP_E.mp4,3,trimming shrubs,A person is using a plant cutter,25.0,0.0,9.76,0.04,3.84,1,96,1,33,33,64,64,96,,,,,,,,,,,,,,,,,,,,,,,,,,,,,,,,,,,,,,,,,,,,,,,,,,,,,,,,,,,,,,,,,,,,,,,,,,,,,,,,,,,,,,,,,,,,,,,,,,,,,,,,,,,,,,,,,,,,,,,,,,,,,,,,,,,,,,,,
UCD2pgAyNWo.mp4,8,cosplaying,A girl is playing with two sticks,30.0,0.0,10.0,0.07,5.33,2,160,2,22,22,42,42,61,61,81,81,101,101,120,120,140,140,160,,,,,,,,,,,,,,,,,,,,,,,,,,,,,,,,,,,,,,,,,,,,,,,,,,,,,,,,,,,,,,,,,,,,,,,,,,,,,,,,,,,,,,,,,,,,,,,,,,,,,,,,,,,,,,,,,,,,,,,,,,,,,,
K-eRMwN1FFY.mp4,6,polishing metal,A person is rubbing the rod with cloth,29.928,0.0,10.02,3.01,6.21,90,186,90,106,106,122,122,138,138,154,154,170,170,186,,,,,,,,,,,,,,,,,,,,,,,,,,,,,,,,,,,,,,,,,,,,,,,,,,,,,,,,,,,,,,,,,,,,,,,,,,,,,,,,,,,,,,,,,,,,,,,,,,,,,,,,,,,,,,,,,,,,,,,,,,,,,,,,,,
CR3DWNM1eVY.mp4,7,headbutting,A person is moving his head,30.0,0.0,10.0,0.4,6.93,12,208,12,40,40,68,68,96,96,124,124,152,152,180,180,208,,,,,,,,,,,,,,,,,,,,,,,,,,,,,,,,,,,,,,,,,,,,,,,,,,,,,,,,,,,,,,,,,,,,,,,,,,,,,,,,,,,,,,,,,,,,,,,,,,,,,,,,,,,,,,,,,,,,,,,,,,,,,,,,
UA-gMRY4rUE.mp4,7,pinching,A person is pulling the cheeks,29.97002997002997,0.0,10.01,7.61,10.01,228,300,228,238,238,248,248,259,259,269,269,279,279,289,289,300,,,,,,,,,,,,,,,,,,,,,,,,,,,,,,,,,,,,,,,,,,,,,,,,,,,,,,,,,,,,,,,,,,,,,,,,,,,,,,,,,,,,,,,,,,,,,,,,,,,,,,,,,,,,,,,,,,,,,,,,,,,,,,,,
LWNWGuzMi9M.mp4,2,wading through mud,A person is pulling the rope,30.0,0.0,10.0,6.93,9.63,208,289,208,248,248,289,,,,,,,,,,,,,,,,,,,,,,,,,,,,,,,,,,,,,,,,,,,,,,,,,,,,,,,,,,,,,,,,,,,,,,,,,,,,,,,,,,,,,,,,,,,,,,,,,,,,,,,,,,,,,,,,,,,,,,,,,,,,,,,,,,,,,,,,,,
N9BpuI-6EmA.mp4,6,swimming butterfly stroke,A person is swimming,30.0,0.0,10.0,0.43,9.57,13,287,13,59,59,104,104,150,150,196,196,241,241,287,,,,,,,,,,,,,,,,,,,,,,,,,,,,,,,,,,,,,,,,,,,,,,,,,,,,,,,,,,,,,,,,,,,,,,,,,,,,,,,,,,,,,,,,,,,,,,,,,,,,,,,,,,,,,,,,,,,,,,,,,,,,,,,,,,
wj1NnPi4_0Q.mp4,12,chiseling stone,A person is hitting the hammer,30.0,0.0,10.0,5.2,9.93,156,298,156,168,168,180,180,191,191,203,203,215,215,227,227,239,239,250,250,262,262,274,274,286,286,298,,,,,,,,,,,,,,,,,,,,,,,,,,,,,,,,,,,,,,,,,,,,,,,,,,,,,,,,,,,,,,,,,,,,,,,,,,,,,,,,,,,,,,,,,,,,,,,,,,,,,,,,,,,,,,,,,,,,,,
gMVs2BqYMn4.mp4,9,celebrating,A person is playing with a white towel,29.97002997002997,0.0,10.01,5.47,9.24,164,277,164,177,177,189,189,202,202,214,214,227,227,239,239,252,252,264,264,277,,,,,,,,,,,,,,,,,,,,,,,,,,,,,,,,,,,,,,,,,,,,,,,,,,,,,,,,,,,,,,,,,,,,,,,,,,,,,,,,,,,,,,,,,,,,,,,,,,,,,,,,,,,,,,,,,,,,,,,,,,,,
3VJFOyytQrQ.mp4,2,cooking chicken,A person is rotating the meat with the tongs,30.0,0.0,10.0,1.2,3.83,36,115,36,76,76,115,,,,,,,,,,,,,,,,,,,,,,,,,,,,,,,,,,,,,,,,,,,,,,,,,,,,,,,,,,,,,,,,,,,,,,,,,,,,,,,,,,,,,,,,,,,,,,,,,,,,,,,,,,,,,,,,,,,,,,,,,,,,,,,,,,,,,,,,,,
KGl95MApWkg.mp4,3,playing violin,A woman is playing the violin,29.97002997002997,0.0,10.01,1.84,9.38,55,281,55,130,130,205,205,281,,,,,,,,,,,,,,,,,,,,,,,,,,,,,,,,,,,,,,,,,,,,,,,,,,,,,,,,,,,,,,,,,,,,,,,,,,,,,,,,,,,,,,,,,,,,,,,,,,,,,,,,,,,,,,,,,,,,,,,,,,,,,,,,,,,,,,,,
ICWUTZO5aPc.mp4,2,playing xylophone,A person is dancing with their hands,30.0,0.0,9.4,1.2,4.0,36,120,36,78,78,120,,,,,,,,,,,,,,,,,,,,,,,,,,,,,,,,,,,,,,,,,,,,,,,,,,,,,,,,,,,,,,,,,,,,,,,,,,,,,,,,,,,,,,,,,,,,,,,,,,,,,,,,,,,,,,,,,,,,,,,,,,,,,,,,,,,,,,,,,,
LCPKVCN6XGU.mp4,4,playing monopoly,A person is moving the pods,29.691699604743082,0.0,10.0,0.03,1.79,1,53,1,14,14,27,27,40,40,53,,,,,,,,,,,,,,,,,,,,,,,,,,,,,,,,,,,,,,,,,,,,,,,,,,,,,,,,,,,,,,,,,,,,,,,,,,,,,,,,,,,,,,,,,,,,,,,,,,,,,,,,,,,,,,,,,,,,,,,,,,,,,,,,,,,,,,
4QmRqYqyA1Y.mp4,2,using a microscope,A person is showing the microscope,29.97002997002997,0.0,10.01,5.04,6.37,151,191,151,171,171,191,,,,,,,,,,,,,,,,,,,,,,,,,,,,,,,,,,,,,,,,,,,,,,,,,,,,,,,,,,,,,,,,,,,,,,,,,,,,,,,,,,,,,,,,,,,,,,,,,,,,,,,,,,,,,,,,,,,,,,,,,,,,,,,,,,,,,,,,,,
apktTEnMnCc.mp4,10,playing cymbals,A girl is playing drums with sticks,29.97002997002997,0.0,10.01,1.37,4.57,41,137,41,50,50,60,60,70,70,79,79,89,89,98,98,108,108,117,117,127,127,137,,,,,,,,,,,,,,,,,,,,,,,,,,,,,,,,,,,,,,,,,,,,,,,,,,,,,,,,,,,,,,,,,,,,,,,,,,,,,,,,,,,,,,,,,,,,,,,,,,,,,,,,,,,,,,,,,,,,,,,,,,
AAG8NHnJEKo.mp4,2,jumping sofa,A girl is jumping,29.946,0.0,8.08,5.84,7.21,175,216,175,195,195,216,,,,,,,,,,,,,,,,,,,,,,,,,,,,,,,,,,,,,,,,,,,,,,,,,,,,,,,,,,,,,,,,,,,,,,,,,,,,,,,,,,,,,,,,,,,,,,,,,,,,,,,,,,,,,,,,,,,,,,,,,,,,,,,,,,,,,,,,,,
qkpMqv830Hg.mp4,3,changing gear in car,A person is changing the gear,29.97002997002997,0.0,10.01,0.03,2.04,1,61,1,21,21,41,41,61,,,,,,,,,,,,,,,,,,,,,,,,,,,,,,,,,,,,,,,,,,,,,,,,,,,,,,,,,,,,,,,,,,,,,,,,,,,,,,,,,,,,,,,,,,,,,,,,,,,,,,,,,,,,,,,,,,,,,,,,,,,,,,,,,,,,,,,,
YkoLlOXfIyI.mp4,4,belly dancing,A woman is dancing,25.0,0.0,10.0,3.32,7.52,83,188,83,109,109,136,136,162,162,188,,,,,,,,,,,,,,,,,,,,,,,,,,,,,,,,,,,,,,,,,,,,,,,,,,,,,,,,,,,,,,,,,,,,,,,,,,,,,,,,,,,,,,,,,,,,,,,,,,,,,,,,,,,,,,,,,,,,,,,,,,,,,,,,,,,,,,
4-YmQKoHYmw.mp4,3,exercising arm,A person is doing exercise with the equipment,29.97002997002997,0.0,10.01,5.47,9.44,164,283,164,204,204,243,243,283,,,,,,,,,,,,,,,,,,,,,,,,,,,,,,,,,,,,,,,,,,,,,,,,,,,,,,,,,,,,,,,,,,,,,,,,,,,,,,,,,,,,,,,,,,,,,,,,,,,,,,,,,,,,,,,,,,,,,,,,,,,,,,,,,,,,,,,,
GQMzArCngP4.mp4,3,moon walking,A person is dancing while holding the baby,30.0,0.0,10.0,7.53,10.0,226,300,226,250,250,275,275,300,,,,,,,,,,,,,,,,,,,,,,,,,,,,,,,,,,,,,,,,,,,,,,,,,,,,,,,,,,,,,,,,,,,,,,,,,,,,,,,,,,,,,,,,,,,,,,,,,,,,,,,,,,,,,,,,,,,,,,,,,,,,,,,,,,,,,,,,
BWyeST2Yzfc.mp4,3,cutting cake,A person is cutting the cake with a knife,30.0,0.0,10.0,0.27,3.33,8,100,8,39,39,69,69,100,,,,,,,,,,,,,,,,,,,,,,,,,,,,,,,,,,,,,,,,,,,,,,,,,,,,,,,,,,,,,,,,,,,,,,,,,,,,,,,,,,,,,,,,,,,,,,,,,,,,,,,,,,,,,,,,,,,,,,,,,,,,,,,,,,,,,,,,
OIIWQQJ3RVo.mp4,7,clay pottery making,A person is shaping the clay,11.988011988011989,0.0,10.01,0.58,2.75,7,33,7,11,11,15,15,18,18,22,22,26,26,29,29,33,,,,,,,,,,,,,,,,,,,,,,,,,,,,,,,,,,,,,,,,,,,,,,,,,,,,,,,,,,,,,,,,,,,,,,,,,,,,,,,,,,,,,,,,,,,,,,,,,,,,,,,,,,,,,,,,,,,,,,,,,,,,,,,,
Afh6hmGuf28.mp4,4,playing mahjong,A person is clapping his hands,10.0,0.0,9.1,6.7,7.9,67,79,67,70,70,73,73,76,76,79,,,,,,,,,,,,,,,,,,,,,,,,,,,,,,,,,,,,,,,,,,,,,,,,,,,,,,,,,,,,,,,,,,,,,,,,,,,,,,,,,,,,,,,,,,,,,,,,,,,,,,,,,,,,,,,,,,,,,,,,,,,,,,,,,,,,,,
43QCfGdt_3A.mp4,2,exercising arm,A person is doing exercise,23.976023976023978,0.0,10.01,0.33,7.72,8,185,8,96,96,185,,,,,,,,,,,,,,,,,,,,,,,,,,,,,,,,,,,,,,,,,,,,,,,,,,,,,,,,,,,,,,,,,,,,,,,,,,,,,,,,,,,,,,,,,,,,,,,,,,,,,,,,,,,,,,,,,,,,,,,,,,,,,,,,,,,,,,,,,,
IVZaUVRYCrY.mp4,2,throwing knife,A man is throwing the knife,25.0,0.0,10.0,0.04,2.56,1,64,1,32,32,64,,,,,,,,,,,,,,,,,,,,,,,,,,,,,,,,,,,,,,,,,,,,,,,,,,,,,,,,,,,,,,,,,,,,,,,,,,,,,,,,,,,,,,,,,,,,,,,,,,,,,,,,,,,,,,,,,,,,,,,,,,,,,,,,,,,,,,,,,,
B-SowXtl3gA.mp4,3,rope pushdown,A man is doing exercise,30.0,0.0,6.73,0.47,6.07,14,182,14,70,70,126,126,182,,,,,,,,,,,,,,,,,,,,,,,,,,,,,,,,,,,,,,,,,,,,,,,,,,,,,,,,,,,,,,,,,,,,,,,,,,,,,,,,,,,,,,,,,,,,,,,,,,,,,,,,,,,,,,,,,,,,,,,,,,,,,,,,,,,,,,,,
WcBpcBDzjhc.mp4,4,robot dancing,A person is dancing,30.0,0.0,10.0,0.03,2.37,1,71,1,19,19,36,36,53,53,71,,,,,,,,,,,,,,,,,,,,,,,,,,,,,,,,,,,,,,,,,,,,,,,,,,,,,,,,,,,,,,,,,,,,,,,,,,,,,,,,,,,,,,,,,,,,,,,,,,,,,,,,,,,,,,,,,,,,,,,,,,,,,,,,,,,,,,
oH8RdGZvuEU.mp4,4,doing nails,A person is cleaning the hand nails with tissue,25.0,0.0,10.0,0.12,1.92,3,48,3,14,14,26,26,37,37,48,,,,,,,,,,,,,,,,,,,,,,,,,,,,,,,,,,,,,,,,,,,,,,,,,,,,,,,,,,,,,,,,,,,,,,,,,,,,,,,,,,,,,,,,,,,,,,,,,,,,,,,,,,,,,,,,,,,,,,,,,,,,,,,,,,,,,,
v3_VEU0ZvWA.mp4,3,pushing wheelbarrow,A baby shaking hisher hand,30.0,0.0,10.0,5.0,6.33,150,190,150,163,163,176,176,190,,,,,,,,,,,,,,,,,,,,,,,,,,,,,,,,,,,,,,,,,,,,,,,,,,,,,,,,,,,,,,,,,,,,,,,,,,,,,,,,,,,,,,,,,,,,,,,,,,,,,,,,,,,,,,,,,,,,,,,,,,,,,,,,,,,,,,,,
FQDGxs8RmEA.mp4,2,bee keeping,A person pressing an object,30.0,0.0,8.53,1.33,3.17,40,95,40,67,67,95,,,,,,,,,,,,,,,,,,,,,,,,,,,,,,,,,,,,,,,,,,,,,,,,,,,,,,,,,,,,,,,,,,,,,,,,,,,,,,,,,,,,,,,,,,,,,,,,,,,,,,,,,,,,,,,,,,,,,,,,,,,,,,,,,,,,,,,,,,
cc9iCNPSiKc.mp4,3,blowing leaves,A person is cleaning the ground with a vacuum cleaner,30.0,0.0,10.0,0.03,2.57,1,77,1,26,26,52,52,77,,,,,,,,,,,,,,,,,,,,,,,,,,,,,,,,,,,,,,,,,,,,,,,,,,,,,,,,,,,,,,,,,,,,,,,,,,,,,,,,,,,,,,,,,,,,,,,,,,,,,,,,,,,,,,,,,,,,,,,,,,,,,,,,,,,,,,,,
YHDV2u0B2og.mp4,3,shuffling cards,A person is playing with the cards,30.0,0.0,10.0,0.03,9.93,1,298,1,100,100,199,199,298,,,,,,,,,,,,,,,,,,,,,,,,,,,,,,,,,,,,,,,,,,,,,,,,,,,,,,,,,,,,,,,,,,,,,,,,,,,,,,,,,,,,,,,,,,,,,,,,,,,,,,,,,,,,,,,,,,,,,,,,,,,,,,,,,,,,,,,,
WbIQbwSRJ0E.mp4,7,barbequing,A person is applying oil to the food,29.97002997002997,0.0,10.01,2.67,5.04,80,151,80,90,90,101,101,111,111,121,121,131,131,141,141,151,,,,,,,,,,,,,,,,,,,,,,,,,,,,,,,,,,,,,,,,,,,,,,,,,,,,,,,,,,,,,,,,,,,,,,,,,,,,,,,,,,,,,,,,,,,,,,,,,,,,,,,,,,,,,,,,,,,,,,,,,,,,,,,,
-Et8BXPqSck.mp4,2,photobombing,A person is waving the right hand,29.97002997002997,0.0,10.01,4.2,5.21,126,156,126,141,141,156,,,,,,,,,,,,,,,,,,,,,,,,,,,,,,,,,,,,,,,,,,,,,,,,,,,,,,,,,,,,,,,,,,,,,,,,,,,,,,,,,,,,,,,,,,,,,,,,,,,,,,,,,,,,,,,,,,,,,,,,,,,,,,,,,,,,,,,,,,
ez5CqjwLFf0.mp4,2,gymnastics tumbling,A person is jumping,15.0,0.0,10.0,4.93,6.73,74,101,74,87,87,101,,,,,,,,,,,,,,,,,,,,,,,,,,,,,,,,,,,,,,,,,,,,,,,,,,,,,,,,,,,,,,,,,,,,,,,,,,,,,,,,,,,,,,,,,,,,,,,,,,,,,,,,,,,,,,,,,,,,,,,,,,,,,,,,,,,,,,,,,,
UrAN6QbA9yo.mp4,4,using a sledge hammer,A person is hitting with a hammer,30.0,0.0,10.0,0.33,5.37,10,161,10,47,47,85,85,123,123,161,,,,,,,,,,,,,,,,,,,,,,,,,,,,,,,,,,,,,,,,,,,,,,,,,,,,,,,,,,,,,,,,,,,,,,,,,,,,,,,,,,,,,,,,,,,,,,,,,,,,,,,,,,,,,,,,,,,,,,,,,,,,,,,,,,,,,,
OmUveSMYAgI.mp4,2,opening present,A boy is shaking the white object,30.0,0.0,10.0,0.33,1.0,10,30,10,20,20,30,,,,,,,,,,,,,,,,,,,,,,,,,,,,,,,,,,,,,,,,,,,,,,,,,,,,,,,,,,,,,,,,,,,,,,,,,,,,,,,,,,,,,,,,,,,,,,,,,,,,,,,,,,,,,,,,,,,,,,,,,,,,,,,,,,,,,,,,,,
PKG57rsxlDM.mp4,4,playing blackjack,A person is sharing a card,30.0,0.0,10.0,0.47,3.2,14,96,14,35,35,55,55,76,76,96,,,,,,,,,,,,,,,,,,,,,,,,,,,,,,,,,,,,,,,,,,,,,,,,,,,,,,,,,,,,,,,,,,,,,,,,,,,,,,,,,,,,,,,,,,,,,,,,,,,,,,,,,,,,,,,,,,,,,,,,,,,,,,,,,,,,,,
Ibnpr5Ejsn0.mp4,3,skipping rope,A person is skipping,29.0,0.0,10.0,2.66,4.41,77,128,77,94,94,111,111,128,,,,,,,,,,,,,,,,,,,,,,,,,,,,,,,,,,,,,,,,,,,,,,,,,,,,,,,,,,,,,,,,,,,,,,,,,,,,,,,,,,,,,,,,,,,,,,,,,,,,,,,,,,,,,,,,,,,,,,,,,,,,,,,,,,,,,,,,
gbl163SO_CQ.mp4,3,beatboxing,A person is moving their hands,29.97002997002997,0.0,10.01,7.77,9.81,233,294,233,253,253,273,273,294,,,,,,,,,,,,,,,,,,,,,,,,,,,,,,,,,,,,,,,,,,,,,,,,,,,,,,,,,,,,,,,,,,,,,,,,,,,,,,,,,,,,,,,,,,,,,,,,,,,,,,,,,,,,,,,,,,,,,,,,,,,,,,,,,,,,,,,,
7TjZIi0p0co.mp4,5,slicing onion,A person is chopping,30.0,0.0,10.0,0.07,4.2,2,126,2,27,27,52,52,77,77,101,101,126,,,,,,,,,,,,,,,,,,,,,,,,,,,,,,,,,,,,,,,,,,,,,,,,,,,,,,,,,,,,,,,,,,,,,,,,,,,,,,,,,,,,,,,,,,,,,,,,,,,,,,,,,,,,,,,,,,,,,,,,,,,,,,,,,,,,
QUHBmvzSrmc.mp4,4,chiseling stone,A person is sharpening a mechanical tool,29.97002997002997,0.0,10.01,5.84,8.07,175,242,175,192,192,209,209,225,225,242,,,,,,,,,,,,,,,,,,,,,,,,,,,,,,,,,,,,,,,,,,,,,,,,,,,,,,,,,,,,,,,,,,,,,,,,,,,,,,,,,,,,,,,,,,,,,,,,,,,,,,,,,,,,,,,,,,,,,,,,,,,,,,,,,,,,,,
p0m4DO42RjE.mp4,2,cosplaying,A person is clapping in the background,30.0,0.0,10.0,9.07,9.63,272,289,272,281,281,289,,,,,,,,,,,,,,,,,,,,,,,,,,,,,,,,,,,,,,,,,,,,,,,,,,,,,,,,,,,,,,,,,,,,,,,,,,,,,,,,,,,,,,,,,,,,,,,,,,,,,,,,,,,,,,,,,,,,,,,,,,,,,,,,,,,,,,,,,,
McC3crRWpGc.mp4,5,swimming backstroke,A person is swimming,30.0,0.0,10.0,0.17,2.6,5,78,5,19,19,34,34,49,49,63,63,78,,,,,,,,,,,,,,,,,,,,,,,,,,,,,,,,,,,,,,,,,,,,,,,,,,,,,,,,,,,,,,,,,,,,,,,,,,,,,,,,,,,,,,,,,,,,,,,,,,,,,,,,,,,,,,,,,,,,,,,,,,,,,,,,,,,,
8b0Rp8xsa_U.mp4,3,tapping guitar,A person is playing the guitar,29.06549520766773,0.0,10.01,2.48,3.1,72,90,72,78,78,84,84,90,,,,,,,,,,,,,,,,,,,,,,,,,,,,,,,,,,,,,,,,,,,,,,,,,,,,,,,,,,,,,,,,,,,,,,,,,,,,,,,,,,,,,,,,,,,,,,,,,,,,,,,,,,,,,,,,,,,,,,,,,,,,,,,,,,,,,,,,
FFBWSgf60jg.mp4,2,jumpstyle dancing,A person is dancing,15.0,0.0,10.0,2.53,3.27,38,49,38,44,44,49,,,,,,,,,,,,,,,,,,,,,,,,,,,,,,,,,,,,,,,,,,,,,,,,,,,,,,,,,,,,,,,,,,,,,,,,,,,,,,,,,,,,,,,,,,,,,,,,,,,,,,,,,,,,,,,,,,,,,,,,,,,,,,,,,,,,,,,,,,
89rXAu4eG0c.mp4,5,riding mechanical bull,A person is doing a bull ride,30.0,0.0,10.0,3.53,8.27,106,248,106,134,134,163,163,191,191,220,220,248,,,,,,,,,,,,,,,,,,,,,,,,,,,,,,,,,,,,,,,,,,,,,,,,,,,,,,,,,,,,,,,,,,,,,,,,,,,,,,,,,,,,,,,,,,,,,,,,,,,,,,,,,,,,,,,,,,,,,,,,,,,,,,,,,,,,
d2CbOXHITYE.mp4,5,gospel singing in church,A person is shaking her hair,30.0,0.0,10.0,0.03,1.93,1,58,1,12,12,24,24,35,35,46,46,58,,,,,,,,,,,,,,,,,,,,,,,,,,,,,,,,,,,,,,,,,,,,,,,,,,,,,,,,,,,,,,,,,,,,,,,,,,,,,,,,,,,,,,,,,,,,,,,,,,,,,,,,,,,,,,,,,,,,,,,,,,,,,,,,,,,,
7eh3Fx-1VD4.mp4,2,playing bass guitar,A person is playing the guitar,29.97002997002997,0.0,10.01,3.0,4.97,90,149,90,119,119,149,,,,,,,,,,,,,,,,,,,,,,,,,,,,,,,,,,,,,,,,,,,,,,,,,,,,,,,,,,,,,,,,,,,,,,,,,,,,,,,,,,,,,,,,,,,,,,,,,,,,,,,,,,,,,,,,,,,,,,,,,,,,,,,,,,,,,,,,,,
LPb5FlP6JiM.mp4,2,presenting weather forecast,A person is waving his hand,30.0,0.0,8.8,0.73,4.0,22,120,22,71,71,120,,,,,,,,,,,,,,,,,,,,,,,,,,,,,,,,,,,,,,,,,,,,,,,,,,,,,,,,,,,,,,,,,,,,,,,,,,,,,,,,,,,,,,,,,,,,,,,,,,,,,,,,,,,,,,,,,,,,,,,,,,,,,,,,,,,,,,,,,,
u0jktM2-S1c.mp4,4,scrubbing face,A person is rubbing a cream on the hands,23.976023976023978,0.0,10.01,0.54,3.0,13,72,13,28,28,43,43,57,57,72,,,,,,,,,,,,,,,,,,,,,,,,,,,,,,,,,,,,,,,,,,,,,,,,,,,,,,,,,,,,,,,,,,,,,,,,,,,,,,,,,,,,,,,,,,,,,,,,,,,,,,,,,,,,,,,,,,,,,,,,,,,,,,,,,,,,,,
xlZTQkK2fVs.mp4,5,swimming breast stroke,A person is swimming in the water,14.988,0.0,10.01,0.13,8.87,2,133,2,28,28,54,54,81,81,107,107,133,,,,,,,,,,,,,,,,,,,,,,,,,,,,,,,,,,,,,,,,,,,,,,,,,,,,,,,,,,,,,,,,,,,,,,,,,,,,,,,,,,,,,,,,,,,,,,,,,,,,,,,,,,,,,,,,,,,,,,,,,,,,,,,,,,,,
kveCWxjYL_E.mp4,2,throwing discus,A person is spinning,29.97002997002997,0.0,10.01,5.97,7.57,179,227,179,203,203,227,,,,,,,,,,,,,,,,,,,,,,,,,,,,,,,,,,,,,,,,,,,,,,,,,,,,,,,,,,,,,,,,,,,,,,,,,,,,,,,,,,,,,,,,,,,,,,,,,,,,,,,,,,,,,,,,,,,,,,,,,,,,,,,,,,,,,,,,,,
dBQfLg2ZOak.mp4,5,changing wheel (not on bike),A person is tightening the screw with his hand,25.0,0.0,10.0,1.4,3.56,35,89,35,46,46,57,57,67,67,78,78,89,,,,,,,,,,,,,,,,,,,,,,,,,,,,,,,,,,,,,,,,,,,,,,,,,,,,,,,,,,,,,,,,,,,,,,,,,,,,,,,,,,,,,,,,,,,,,,,,,,,,,,,,,,,,,,,,,,,,,,,,,,,,,,,,,,,,
2cNED_TC9iI.mp4,4,assembling bicycle,A person is fixing the screw,29.97002997002997,0.0,10.01,1.94,6.77,58,203,58,94,94,130,130,166,166,203,,,,,,,,,,,,,,,,,,,,,,,,,,,,,,,,,,,,,,,,,,,,,,,,,,,,,,,,,,,,,,,,,,,,,,,,,,,,,,,,,,,,,,,,,,,,,,,,,,,,,,,,,,,,,,,,,,,,,,,,,,,,,,,,,,,,,,
jtLCfox03sM.mp4,2,ice skating,A person is skating,25.0,0.0,10.0,5.36,8.44,134,211,134,172,172,211,,,,,,,,,,,,,,,,,,,,,,,,,,,,,,,,,,,,,,,,,,,,,,,,,,,,,,,,,,,,,,,,,,,,,,,,,,,,,,,,,,,,,,,,,,,,,,,,,,,,,,,,,,,,,,,,,,,,,,,,,,,,,,,,,,,,,,,,,,
GQS_tWbmzI4.mp4,8,beatboxing,A person is shaking his head,6.0,0.0,10.0,0.83,6.83,5,41,5,10,10,14,14,19,19,23,23,28,28,32,32,37,37,41,,,,,,,,,,,,,,,,,,,,,,,,,,,,,,,,,,,,,,,,,,,,,,,,,,,,,,,,,,,,,,,,,,,,,,,,,,,,,,,,,,,,,,,,,,,,,,,,,,,,,,,,,,,,,,,,,,,,,,,,,,,,,,
thEEsipDYgg.mp4,3,playing bass guitar,A person is playing the guitar,29.97002997002997,0.0,10.01,0.37,1.2,11,36,11,19,19,28,28,36,,,,,,,,,,,,,,,,,,,,,,,,,,,,,,,,,,,,,,,,,,,,,,,,,,,,,,,,,,,,,,,,,,,,,,,,,,,,,,,,,,,,,,,,,,,,,,,,,,,,,,,,,,,,,,,,,,,,,,,,,,,,,,,,,,,,,,,,
DblyPWY_NOc.mp4,3,acting in play,A person is pulling with the rope,29.97002997002997,0.0,10.01,1.57,5.17,47,155,47,83,83,119,119,155,,,,,,,,,,,,,,,,,,,,,,,,,,,,,,,,,,,,,,,,,,,,,,,,,,,,,,,,,,,,,,,,,,,,,,,,,,,,,,,,,,,,,,,,,,,,,,,,,,,,,,,,,,,,,,,,,,,,,,,,,,,,,,,,,,,,,,,,
NfDE5fMu4yI.mp4,7,shuffling cards,A person is playing cards,15.0,0.0,10.0,0.27,6.0,4,90,4,16,16,29,29,41,41,53,53,65,65,78,78,90,,,,,,,,,,,,,,,,,,,,,,,,,,,,,,,,,,,,,,,,,,,,,,,,,,,,,,,,,,,,,,,,,,,,,,,,,,,,,,,,,,,,,,,,,,,,,,,,,,,,,,,,,,,,,,,,,,,,,,,,,,,,,,,,
HKnj14bdH0s.mp4,18,playing xylophone,A girl is hitting the scale on the ground,29.97002997002997,0.0,8.51,2.84,7.21,85,216,85,92,92,100,100,107,107,114,114,121,121,129,129,136,136,143,143,150,150,158,158,165,165,172,172,179,179,187,187,194,194,201,201,209,209,216,,,,,,,,,,,,,,,,,,,,,,,,,,,,,,,,,,,,,,,,,,,,,,,,,,,,,,,,,,,,,,,,,,,,,,,,,,,,,,,,,,,,,,,,,,,,,,,,,,,,,,,,,,
Nw6rOZzftYo.mp4,7,whistling,A baby is clapping,30.0,0.0,10.0,2.23,6.17,67,185,67,84,84,101,101,118,118,134,134,151,151,168,168,185,,,,,,,,,,,,,,,,,,,,,,,,,,,,,,,,,,,,,,,,,,,,,,,,,,,,,,,,,,,,,,,,,,,,,,,,,,,,,,,,,,,,,,,,,,,,,,,,,,,,,,,,,,,,,,,,,,,,,,,,,,,,,,,,
UOQKKDu7BDs.mp4,5,chiseling stone,A person is cleaning the rock,30.0,0.0,10.0,1.77,7.0,53,210,53,84,84,116,116,147,147,179,179,210,,,,,,,,,,,,,,,,,,,,,,,,,,,,,,,,,,,,,,,,,,,,,,,,,,,,,,,,,,,,,,,,,,,,,,,,,,,,,,,,,,,,,,,,,,,,,,,,,,,,,,,,,,,,,,,,,,,,,,,,,,,,,,,,,,,,
DOBeVZEBqCQ.mp4,11,dancing macarena,A person is dancing,30.0,0.0,6.23,0.33,5.8,10,174,10,25,25,39,39,54,54,69,69,84,84,99,99,114,114,129,129,144,144,159,159,174,,,,,,,,,,,,,,,,,,,,,,,,,,,,,,,,,,,,,,,,,,,,,,,,,,,,,,,,,,,,,,,,,,,,,,,,,,,,,,,,,,,,,,,,,,,,,,,,,,,,,,,,,,,,,,,,,,,,,,,,
9HwZIVAyJ-A.mp4,3,tapping guitar,A person is tapping the guitar with his finger,23.976023976023978,0.0,9.72,0.5,0.92,12,22,12,15,15,19,19,22,,,,,,,,,,,,,,,,,,,,,,,,,,,,,,,,,,,,,,,,,,,,,,,,,,,,,,,,,,,,,,,,,,,,,,,,,,,,,,,,,,,,,,,,,,,,,,,,,,,,,,,,,,,,,,,,,,,,,,,,,,,,,,,,,,,,,,,,
xQ5PoSoQnK0.mp4,5,pumping fist,A boy is shaking his hand,30.0,0.0,10.0,4.63,6.27,139,188,139,149,149,159,159,169,169,179,179,188,,,,,,,,,,,,,,,,,,,,,,,,,,,,,,,,,,,,,,,,,,,,,,,,,,,,,,,,,,,,,,,,,,,,,,,,,,,,,,,,,,,,,,,,,,,,,,,,,,,,,,,,,,,,,,,,,,,,,,,,,,,,,,,,,,,,
PP0F0xovu78.mp4,4,blowing glass,A person is rolling the object,30.0,0.0,10.0,0.33,3.03,10,91,10,30,30,50,50,71,71,91,,,,,,,,,,,,,,,,,,,,,,,,,,,,,,,,,,,,,,,,,,,,,,,,,,,,,,,,,,,,,,,,,,,,,,,,,,,,,,,,,,,,,,,,,,,,,,,,,,,,,,,,,,,,,,,,,,,,,,,,,,,,,,,,,,,,,,
a_XYbrkx8To.mp4,3,zumba,A person is waving his hands,30.0,0.0,10.0,4.33,6.97,130,209,130,156,156,182,182,209,,,,,,,,,,,,,,,,,,,,,,,,,,,,,,,,,,,,,,,,,,,,,,,,,,,,,,,,,,,,,,,,,,,,,,,,,,,,,,,,,,,,,,,,,,,,,,,,,,,,,,,,,,,,,,,,,,,,,,,,,,,,,,,,,,,,,,,,
qMPJXPM-CMc.mp4,2,playing trombone,A person is playing an instrument,30.0,0.0,6.9,0.03,2.17,1,65,1,33,33,65,,,,,,,,,,,,,,,,,,,,,,,,,,,,,,,,,,,,,,,,,,,,,,,,,,,,,,,,,,,,,,,,,,,,,,,,,,,,,,,,,,,,,,,,,,,,,,,,,,,,,,,,,,,,,,,,,,,,,,,,,,,,,,,,,,,,,,,,,,
XkcggQfBf1A.mp4,2,playing darts,A person is playing with arrows,29.999,0.0,10.0,1.07,3.93,32,118,32,75,75,118,,,,,,,,,,,,,,,,,,,,,,,,,,,,,,,,,,,,,,,,,,,,,,,,,,,,,,,,,,,,,,,,,,,,,,,,,,,,,,,,,,,,,,,,,,,,,,,,,,,,,,,,,,,,,,,,,,,,,,,,,,,,,,,,,,,,,,,,,,
aFRs4ad4rB8.mp4,3,making latte art,A person is pouring milk into a cup,29.97002997002997,0.0,10.01,0.17,2.67,5,80,5,30,30,55,55,80,,,,,,,,,,,,,,,,,,,,,,,,,,,,,,,,,,,,,,,,,,,,,,,,,,,,,,,,,,,,,,,,,,,,,,,,,,,,,,,,,,,,,,,,,,,,,,,,,,,,,,,,,,,,,,,,,,,,,,,,,,,,,,,,,,,,,,,,
jBYtr7i2GBg.mp4,8,recording music,A person is playing guitar with the right hand,29.97002997002997,0.0,10.01,1.6,5.07,48,152,48,61,61,74,74,87,87,100,100,113,113,126,126,139,139,152,,,,,,,,,,,,,,,,,,,,,,,,,,,,,,,,,,,,,,,,,,,,,,,,,,,,,,,,,,,,,,,,,,,,,,,,,,,,,,,,,,,,,,,,,,,,,,,,,,,,,,,,,,,,,,,,,,,,,,,,,,,,,,
O7r9xk-Py-c.mp4,3,chopping meat,A person is cutting the meat,30.0,0.0,10.0,7.63,8.73,229,262,229,240,240,251,251,262,,,,,,,,,,,,,,,,,,,,,,,,,,,,,,,,,,,,,,,,,,,,,,,,,,,,,,,,,,,,,,,,,,,,,,,,,,,,,,,,,,,,,,,,,,,,,,,,,,,,,,,,,,,,,,,,,,,,,,,,,,,,,,,,,,,,,,,,
9Xs3y3jYcKE.mp4,7,opening coconuts,A person is cutting with a knife,29.97002997002997,0.0,10.01,0.63,3.87,19,116,19,33,33,47,47,61,61,75,75,89,89,102,102,116,,,,,,,,,,,,,,,,,,,,,,,,,,,,,,,,,,,,,,,,,,,,,,,,,,,,,,,,,,,,,,,,,,,,,,,,,,,,,,,,,,,,,,,,,,,,,,,,,,,,,,,,,,,,,,,,,,,,,,,,,,,,,,,,
8AzoKiS_FPY.mp4,4,tap dancing,A person is dancing,30.0,0.0,10.0,2.57,5.83,77,175,77,101,101,126,126,151,151,175,,,,,,,,,,,,,,,,,,,,,,,,,,,,,,,,,,,,,,,,,,,,,,,,,,,,,,,,,,,,,,,,,,,,,,,,,,,,,,,,,,,,,,,,,,,,,,,,,,,,,,,,,,,,,,,,,,,,,,,,,,,,,,,,,,,,,,
2V19TspzaT0.mp4,5,punching bag,A person is hitting the object,30.0,0.0,10.0,2.97,4.47,89,134,89,98,98,107,107,116,116,125,125,134,,,,,,,,,,,,,,,,,,,,,,,,,,,,,,,,,,,,,,,,,,,,,,,,,,,,,,,,,,,,,,,,,,,,,,,,,,,,,,,,,,,,,,,,,,,,,,,,,,,,,,,,,,,,,,,,,,,,,,,,,,,,,,,,,,,,
a4C581-fua4.mp4,10,tap dancing,A person is dancing,29.97002997002997,0.0,10.01,4.8,9.78,144,293,144,159,159,174,174,188,188,203,203,218,218,233,233,248,248,263,263,278,278,293,,,,,,,,,,,,,,,,,,,,,,,,,,,,,,,,,,,,,,,,,,,,,,,,,,,,,,,,,,,,,,,,,,,,,,,,,,,,,,,,,,,,,,,,,,,,,,,,,,,,,,,,,,,,,,,,,,,,,,,,,,
dFSI6USaEaw.mp4,2,making balloon shapes,A person is rolling the balloon,29.916666666666668,0.0,10.03,2.41,3.61,72,108,72,90,90,108,,,,,,,,,,,,,,,,,,,,,,,,,,,,,,,,,,,,,,,,,,,,,,,,,,,,,,,,,,,,,,,,,,,,,,,,,,,,,,,,,,,,,,,,,,,,,,,,,,,,,,,,,,,,,,,,,,,,,,,,,,,,,,,,,,,,,,,,,,
asKNhppBQcs.mp4,4,decoupage,A person applying glue to the cup,30.0,0.0,10.0,2.47,3.0,74,90,74,78,78,82,82,86,86,90,,,,,,,,,,,,,,,,,,,,,,,,,,,,,,,,,,,,,,,,,,,,,,,,,,,,,,,,,,,,,,,,,,,,,,,,,,,,,,,,,,,,,,,,,,,,,,,,,,,,,,,,,,,,,,,,,,,,,,,,,,,,,,,,,,,,,,
UOQKKDu7BDs.mp4,5,chiseling stone,A person is crafting with a machine,30.0,0.0,10.0,1.77,7.03,53,211,53,84,84,116,116,148,148,180,180,211,,,,,,,,,,,,,,,,,,,,,,,,,,,,,,,,,,,,,,,,,,,,,,,,,,,,,,,,,,,,,,,,,,,,,,,,,,,,,,,,,,,,,,,,,,,,,,,,,,,,,,,,,,,,,,,,,,,,,,,,,,,,,,,,,,,,
VGALohSBs9A.mp4,2,javelin throw,A person is waving his hand,30.0,0.0,8.83,4.8,7.23,144,217,144,181,181,217,,,,,,,,,,,,,,,,,,,,,,,,,,,,,,,,,,,,,,,,,,,,,,,,,,,,,,,,,,,,,,,,,,,,,,,,,,,,,,,,,,,,,,,,,,,,,,,,,,,,,,,,,,,,,,,,,,,,,,,,,,,,,,,,,,,,,,,,,,
wC8uhrigAxM.mp4,5,canoeing or kayaking,A person is boating,30.0,0.0,10.0,0.17,9.8,5,294,5,63,63,120,120,178,178,236,236,294,,,,,,,,,,,,,,,,,,,,,,,,,,,,,,,,,,,,,,,,,,,,,,,,,,,,,,,,,,,,,,,,,,,,,,,,,,,,,,,,,,,,,,,,,,,,,,,,,,,,,,,,,,,,,,,,,,,,,,,,,,,,,,,,,,,,
oYKCiTp_6ss.mp4,2,clam digging,A person is removing the sand with his hand,25.0,0.0,10.0,0.24,2.44,6,61,6,34,34,61,,,,,,,,,,,,,,,,,,,,,,,,,,,,,,,,,,,,,,,,,,,,,,,,,,,,,,,,,,,,,,,,,,,,,,,,,,,,,,,,,,,,,,,,,,,,,,,,,,,,,,,,,,,,,,,,,,,,,,,,,,,,,,,,,,,,,,,,,,
KiLkpmzEP8U.mp4,4,playing poker,A person is playing with cards,29.97002997002997,0.0,10.01,2.14,7.17,64,215,64,101,101,139,139,177,177,215,,,,,,,,,,,,,,,,,,,,,,,,,,,,,,,,,,,,,,,,,,,,,,,,,,,,,,,,,,,,,,,,,,,,,,,,,,,,,,,,,,,,,,,,,,,,,,,,,,,,,,,,,,,,,,,,,,,,,,,,,,,,,,,,,,,,,,
KUVGlkdJsUo.mp4,6,hugging baby,A kid is waving her hand,29.035369774919616,0.0,9.09,6.37,7.92,185,230,185,192,192,200,200,207,207,215,215,222,222,230,,,,,,,,,,,,,,,,,,,,,,,,,,,,,,,,,,,,,,,,,,,,,,,,,,,,,,,,,,,,,,,,,,,,,,,,,,,,,,,,,,,,,,,,,,,,,,,,,,,,,,,,,,,,,,,,,,,,,,,,,,,,,,,,,,
gV3mza6xOWc.mp4,6,shaping bread dough,A person is cutting with the tool,30.0,0.0,10.0,2.83,4.07,85,122,85,91,91,98,98,104,104,110,110,116,116,122,,,,,,,,,,,,,,,,,,,,,,,,,,,,,,,,,,,,,,,,,,,,,,,,,,,,,,,,,,,,,,,,,,,,,,,,,,,,,,,,,,,,,,,,,,,,,,,,,,,,,,,,,,,,,,,,,,,,,,,,,,,,,,,,,,
OdMF2amosXM.mp4,2,playing violin,A person is playing the violin,25.0,0.0,10.0,4.48,6.56,112,164,112,138,138,164,,,,,,,,,,,,,,,,,,,,,,,,,,,,,,,,,,,,,,,,,,,,,,,,,,,,,,,,,,,,,,,,,,,,,,,,,,,,,,,,,,,,,,,,,,,,,,,,,,,,,,,,,,,,,,,,,,,,,,,,,,,,,,,,,,,,,,,,,,
eLTS8VVEAew.mp4,5,massaging person's head,A man is applying oil to another man,30.0,0.0,10.0,4.37,8.03,131,241,131,153,153,175,175,197,197,219,219,241,,,,,,,,,,,,,,,,,,,,,,,,,,,,,,,,,,,,,,,,,,,,,,,,,,,,,,,,,,,,,,,,,,,,,,,,,,,,,,,,,,,,,,,,,,,,,,,,,,,,,,,,,,,,,,,,,,,,,,,,,,,,,,,,,,,,
H38yCQ14o5Q.mp4,10,square dancing,A person is waving hands,30.0,0.0,9.07,6.23,8.97,187,269,187,195,195,204,204,212,212,220,220,228,228,236,236,244,244,252,252,261,261,269,,,,,,,,,,,,,,,,,,,,,,,,,,,,,,,,,,,,,,,,,,,,,,,,,,,,,,,,,,,,,,,,,,,,,,,,,,,,,,,,,,,,,,,,,,,,,,,,,,,,,,,,,,,,,,,,,,,,,,,,,,
FDtr3oLvW-E.mp4,2,deadlifting,A person is exercising,24.0,0.0,10.0,2.29,7.92,55,190,55,122,122,190,,,,,,,,,,,,,,,,,,,,,,,,,,,,,,,,,,,,,,,,,,,,,,,,,,,,,,,,,,,,,,,,,,,,,,,,,,,,,,,,,,,,,,,,,,,,,,,,,,,,,,,,,,,,,,,,,,,,,,,,,,,,,,,,,,,,,,,,,,
FA2vcPt-FxY.mp4,2,moon walking,A person is doing the moonwalk,12.0,0.0,7.25,1.17,4.08,14,49,14,32,32,49,,,,,,,,,,,,,,,,,,,,,,,,,,,,,,,,,,,,,,,,,,,,,,,,,,,,,,,,,,,,,,,,,,,,,,,,,,,,,,,,,,,,,,,,,,,,,,,,,,,,,,,,,,,,,,,,,,,,,,,,,,,,,,,,,,,,,,,,,,
8P1V9BKuT8w.mp4,5,making slime,A person is removing the dough,30.0,0.0,10.0,7.93,9.8,238,294,238,249,249,260,260,271,271,283,283,294,,,,,,,,,,,,,,,,,,,,,,,,,,,,,,,,,,,,,,,,,,,,,,,,,,,,,,,,,,,,,,,,,,,,,,,,,,,,,,,,,,,,,,,,,,,,,,,,,,,,,,,,,,,,,,,,,,,,,,,,,,,,,,,,,,,,
I_OuI2-miA8.mp4,3,playing scrabble,A person is placing keys on the board,29.97,0.0,10.01,4.4,8.48,132,254,132,173,173,213,213,254,,,,,,,,,,,,,,,,,,,,,,,,,,,,,,,,,,,,,,,,,,,,,,,,,,,,,,,,,,,,,,,,,,,,,,,,,,,,,,,,,,,,,,,,,,,,,,,,,,,,,,,,,,,,,,,,,,,,,,,,,,,,,,,,,,,,,,,,
V12GwlXab4M.mp4,14,chiseling stone,A person is shaping the sculpture,29.97002997002997,0.0,10.01,3.2,4.8,96,144,96,99,99,103,103,106,106,110,110,113,113,116,116,120,120,123,123,127,127,130,130,134,134,137,137,140,140,144,,,,,,,,,,,,,,,,,,,,,,,,,,,,,,,,,,,,,,,,,,,,,,,,,,,,,,,,,,,,,,,,,,,,,,,,,,,,,,,,,,,,,,,,,,,,,,,,,,,,,,,,,,,,,,,,,,
O0wDslaGJlQ.mp4,7,washing hands,A person is washing hands,29.97002997002997,0.0,10.01,2.74,4.67,82,140,82,90,90,98,98,107,107,115,115,123,123,132,132,140,,,,,,,,,,,,,,,,,,,,,,,,,,,,,,,,,,,,,,,,,,,,,,,,,,,,,,,,,,,,,,,,,,,,,,,,,,,,,,,,,,,,,,,,,,,,,,,,,,,,,,,,,,,,,,,,,,,,,,,,,,,,,,,,
FFBWSgf60jg.mp4,2,jumpstyle dancing,A person is dancing on the floor,15.0,0.0,10.0,2.6,3.2,39,48,39,44,44,48,,,,,,,,,,,,,,,,,,,,,,,,,,,,,,,,,,,,,,,,,,,,,,,,,,,,,,,,,,,,,,,,,,,,,,,,,,,,,,,,,,,,,,,,,,,,,,,,,,,,,,,,,,,,,,,,,,,,,,,,,,,,,,,,,,,,,,,,,,
s7ToPArz2Rs.mp4,2,folding napkins,A person is folding the white object,25.0,0.0,9.32,2.0,2.64,50,66,50,58,58,66,,,,,,,,,,,,,,,,,,,,,,,,,,,,,,,,,,,,,,,,,,,,,,,,,,,,,,,,,,,,,,,,,,,,,,,,,,,,,,,,,,,,,,,,,,,,,,,,,,,,,,,,,,,,,,,,,,,,,,,,,,,,,,,,,,,,,,,,,,
nRzzEdzcV4c.mp4,2,casting fishing line,A ball is dipping in the water,30.0,0.0,10.0,4.87,5.67,146,170,146,158,158,170,,,,,,,,,,,,,,,,,,,,,,,,,,,,,,,,,,,,,,,,,,,,,,,,,,,,,,,,,,,,,,,,,,,,,,,,,,,,,,,,,,,,,,,,,,,,,,,,,,,,,,,,,,,,,,,,,,,,,,,,,,,,,,,,,,,,,,,,,,
qPVePwO0kik.mp4,3,using a sledge hammer,A person is doing push-ups,29.97002997002997,0.0,10.01,0.03,10.01,1,300,1,101,101,200,200,300,,,,,,,,,,,,,,,,,,,,,,,,,,,,,,,,,,,,,,,,,,,,,,,,,,,,,,,,,,,,,,,,,,,,,,,,,,,,,,,,,,,,,,,,,,,,,,,,,,,,,,,,,,,,,,,,,,,,,,,,,,,,,,,,,,,,,,,,
nfeDAz5ngdI.mp4,3,ice climbing,A person is climbing the ice mountain,25.0,0.0,10.0,2.96,4.88,74,122,74,90,90,106,106,122,,,,,,,,,,,,,,,,,,,,,,,,,,,,,,,,,,,,,,,,,,,,,,,,,,,,,,,,,,,,,,,,,,,,,,,,,,,,,,,,,,,,,,,,,,,,,,,,,,,,,,,,,,,,,,,,,,,,,,,,,,,,,,,,,,,,,,,,
Rz_pgLFxb3w.mp4,3,cosplaying,A person on the right is moving to and fro,29.97002997002997,0.0,10.01,1.77,6.41,53,192,53,99,99,145,145,192,,,,,,,,,,,,,,,,,,,,,,,,,,,,,,,,,,,,,,,,,,,,,,,,,,,,,,,,,,,,,,,,,,,,,,,,,,,,,,,,,,,,,,,,,,,,,,,,,,,,,,,,,,,,,,,,,,,,,,,,,,,,,,,,,,,,,,,,
aLMg2DZwY18.mp4,2,being in zero gravity,A person is rotating in the air,29.97002997002997,0.0,10.01,0.07,5.97,2,179,2,91,91,179,,,,,,,,,,,,,,,,,,,,,,,,,,,,,,,,,,,,,,,,,,,,,,,,,,,,,,,,,,,,,,,,,,,,,,,,,,,,,,,,,,,,,,,,,,,,,,,,,,,,,,,,,,,,,,,,,,,,,,,,,,,,,,,,,,,,,,,,,,
83_phmmoHhw.mp4,2,hugging (not baby),A woman is rotating her hand,23.0,0.0,10.0,5.3,6.96,122,160,122,141,141,160,,,,,,,,,,,,,,,,,,,,,,,,,,,,,,,,,,,,,,,,,,,,,,,,,,,,,,,,,,,,,,,,,,,,,,,,,,,,,,,,,,,,,,,,,,,,,,,,,,,,,,,,,,,,,,,,,,,,,,,,,,,,,,,,,,,,,,,,,,
a8I3Z0cPlK0.mp4,14,bouncing ball (not juggling),A boy is playing with the pink ball,24.0,0.0,10.0,0.04,7.79,1,187,1,14,14,28,28,41,41,54,54,67,67,81,81,94,94,107,107,121,121,134,134,147,147,161,161,174,174,187,,,,,,,,,,,,,,,,,,,,,,,,,,,,,,,,,,,,,,,,,,,,,,,,,,,,,,,,,,,,,,,,,,,,,,,,,,,,,,,,,,,,,,,,,,,,,,,,,,,,,,,,,,,,,,,,,,
c7mVebJInOA.mp4,7,spinning plates,A person is clapping his hands,25.0,0.0,10.0,0.28,2.12,7,53,7,14,14,20,20,27,27,33,33,40,40,46,46,53,,,,,,,,,,,,,,,,,,,,,,,,,,,,,,,,,,,,,,,,,,,,,,,,,,,,,,,,,,,,,,,,,,,,,,,,,,,,,,,,,,,,,,,,,,,,,,,,,,,,,,,,,,,,,,,,,,,,,,,,,,,,,,,,
QIWereG_SBA.mp4,3,shopping,A person is moving his leg with a shoe on,29.97002997002997,0.0,9.61,0.17,2.87,5,86,5,32,32,59,59,86,,,,,,,,,,,,,,,,,,,,,,,,,,,,,,,,,,,,,,,,,,,,,,,,,,,,,,,,,,,,,,,,,,,,,,,,,,,,,,,,,,,,,,,,,,,,,,,,,,,,,,,,,,,,,,,,,,,,,,,,,,,,,,,,,,,,,,,,
JJyuog0m5EU.mp4,2,throwing knife,A person is throwing knives,29.97002997002997,0.0,9.58,0.97,4.87,29,146,29,88,88,146,,,,,,,,,,,,,,,,,,,,,,,,,,,,,,,,,,,,,,,,,,,,,,,,,,,,,,,,,,,,,,,,,,,,,,,,,,,,,,,,,,,,,,,,,,,,,,,,,,,,,,,,,,,,,,,,,,,,,,,,,,,,,,,,,,,,,,,,,,
KrjcDij59iM.mp4,2,contact juggling,A person is rubbing an object,29.97002997002997,0.0,10.01,1.53,2.64,46,79,46,62,62,79,,,,,,,,,,,,,,,,,,,,,,,,,,,,,,,,,,,,,,,,,,,,,,,,,,,,,,,,,,,,,,,,,,,,,,,,,,,,,,,,,,,,,,,,,,,,,,,,,,,,,,,,,,,,,,,,,,,,,,,,,,,,,,,,,,,,,,,,,,
GGygOgSjEXU.mp4,3,clapping,A person is clapping,8.0,0.0,10.0,4.13,4.88,33,39,33,35,35,37,37,39,,,,,,,,,,,,,,,,,,,,,,,,,,,,,,,,,,,,,,,,,,,,,,,,,,,,,,,,,,,,,,,,,,,,,,,,,,,,,,,,,,,,,,,,,,,,,,,,,,,,,,,,,,,,,,,,,,,,,,,,,,,,,,,,,,,,,,,,
xEoUfoxaMAU.mp4,3,waxing eyebrows,A woman is cleaning the person's eyebrows,15.0,0.0,7.93,0.13,1.33,2,20,2,8,8,14,14,20,,,,,,,,,,,,,,,,,,,,,,,,,,,,,,,,,,,,,,,,,,,,,,,,,,,,,,,,,,,,,,,,,,,,,,,,,,,,,,,,,,,,,,,,,,,,,,,,,,,,,,,,,,,,,,,,,,,,,,,,,,,,,,,,,,,,,,,,
KeI7JYQHbxQ.mp4,3,casting fishing line,A kid is rotating the tool,29.916666666666668,0.0,9.29,5.88,8.29,176,248,176,200,200,224,224,248,,,,,,,,,,,,,,,,,,,,,,,,,,,,,,,,,,,,,,,,,,,,,,,,,,,,,,,,,,,,,,,,,,,,,,,,,,,,,,,,,,,,,,,,,,,,,,,,,,,,,,,,,,,,,,,,,,,,,,,,,,,,,,,,,,,,,,,,
NMaNXj9cLjE.mp4,3,mountain climber (exercise),A person is doing push-ups,29.97002997002997,0.0,10.01,1.27,5.67,38,170,38,82,82,126,126,170,,,,,,,,,,,,,,,,,,,,,,,,,,,,,,,,,,,,,,,,,,,,,,,,,,,,,,,,,,,,,,,,,,,,,,,,,,,,,,,,,,,,,,,,,,,,,,,,,,,,,,,,,,,,,,,,,,,,,,,,,,,,,,,,,,,,,,,,
JR7LVtG3sC8.mp4,2,combing hair,A person is combing the hair,29.97002997002997,0.0,10.01,1.27,1.97,38,59,38,49,49,59,,,,,,,,,,,,,,,,,,,,,,,,,,,,,,,,,,,,,,,,,,,,,,,,,,,,,,,,,,,,,,,,,,,,,,,,,,,,,,,,,,,,,,,,,,,,,,,,,,,,,,,,,,,,,,,,,,,,,,,,,,,,,,,,,,,,,,,,,,
r4ZnrNOZnyM.mp4,11,flint knapping,A person is hitting with a stick,29.97002997002997,0.0,10.01,0.03,4.0,1,120,1,12,12,23,23,34,34,44,44,55,55,66,66,77,77,88,88,98,98,109,109,120,,,,,,,,,,,,,,,,,,,,,,,,,,,,,,,,,,,,,,,,,,,,,,,,,,,,,,,,,,,,,,,,,,,,,,,,,,,,,,,,,,,,,,,,,,,,,,,,,,,,,,,,,,,,,,,,,,,,,,,,
O90rjheAQEY.mp4,3,applauding,A person on the left is clapping his hands,23.976023976023978,0.0,2.21,0.25,1.17,6,28,6,13,13,20,20,28,,,,,,,,,,,,,,,,,,,,,,,,,,,,,,,,,,,,,,,,,,,,,,,,,,,,,,,,,,,,,,,,,,,,,,,,,,,,,,,,,,,,,,,,,,,,,,,,,,,,,,,,,,,,,,,,,,,,,,,,,,,,,,,,,,,,,,,,
Scmz0-4tkhY.mp4,4,laying stone,A man is placing the bricks on the floor,30.0,0.0,10.0,4.23,8.77,127,263,127,161,161,195,195,229,229,263,,,,,,,,,,,,,,,,,,,,,,,,,,,,,,,,,,,,,,,,,,,,,,,,,,,,,,,,,,,,,,,,,,,,,,,,,,,,,,,,,,,,,,,,,,,,,,,,,,,,,,,,,,,,,,,,,,,,,,,,,,,,,,,,,,,,,,
ldqYpaZJNUw.mp4,11,flint knapping,A person is rubbing the object,30.0,0.0,10.0,1.33,3.6,40,108,40,46,46,52,52,58,58,64,64,71,71,77,77,83,83,89,89,96,96,102,102,108,,,,,,,,,,,,,,,,,,,,,,,,,,,,,,,,,,,,,,,,,,,,,,,,,,,,,,,,,,,,,,,,,,,,,,,,,,,,,,,,,,,,,,,,,,,,,,,,,,,,,,,,,,,,,,,,,,,,,,,,
E-npWd1lxw8.mp4,19,cutting watermelon,A person is cutting the fruit,23.97442727757059,0.0,10.01,0.21,7.59,5,182,5,14,14,23,23,33,33,42,42,51,51,61,61,70,70,79,79,89,89,98,98,108,108,117,117,126,126,136,136,145,145,154,154,164,164,173,173,182,,,,,,,,,,,,,,,,,,,,,,,,,,,,,,,,,,,,,,,,,,,,,,,,,,,,,,,,,,,,,,,,,,,,,,,,,,,,,,,,,,,,,,,,,,,,,,,,,,,,,,,,
np5GwCT0V54.mp4,4,cumbia,A person is dancing,25.0,0.0,10.0,0.24,4.2,6,105,6,31,31,55,55,80,80,105,,,,,,,,,,,,,,,,,,,,,,,,,,,,,,,,,,,,,,,,,,,,,,,,,,,,,,,,,,,,,,,,,,,,,,,,,,,,,,,,,,,,,,,,,,,,,,,,,,,,,,,,,,,,,,,,,,,,,,,,,,,,,,,,,,,,,,
9HdUqbgarMA.mp4,6,krumping,A person was jumping,24.0,0.0,10.0,0.42,3.67,10,88,10,23,23,36,36,49,49,62,62,75,75,88,,,,,,,,,,,,,,,,,,,,,,,,,,,,,,,,,,,,,,,,,,,,,,,,,,,,,,,,,,,,,,,,,,,,,,,,,,,,,,,,,,,,,,,,,,,,,,,,,,,,,,,,,,,,,,,,,,,,,,,,,,,,,,,,,,
YtwR_QGzltg.mp4,3,sucking lolly,A person is licking the ice cream,30.0,0.0,10.0,3.37,6.6,101,198,101,133,133,166,166,198,,,,,,,,,,,,,,,,,,,,,,,,,,,,,,,,,,,,,,,,,,,,,,,,,,,,,,,,,,,,,,,,,,,,,,,,,,,,,,,,,,,,,,,,,,,,,,,,,,,,,,,,,,,,,,,,,,,,,,,,,,,,,,,,,,,,,,,,
hmCx2dvQDP8.mp4,6,smoking pipe,A man is smoking,30.0,0.0,9.7,0.97,6.63,29,199,29,57,57,86,86,114,114,142,142,171,171,199,,,,,,,,,,,,,,,,,,,,,,,,,,,,,,,,,,,,,,,,,,,,,,,,,,,,,,,,,,,,,,,,,,,,,,,,,,,,,,,,,,,,,,,,,,,,,,,,,,,,,,,,,,,,,,,,,,,,,,,,,,,,,,,,,,
TlD_zrLNOHw.mp4,4,petting cat,A person is rubbing the cat's neck,30.0,0.0,1.9,0.03,1.77,1,53,1,14,14,27,27,40,40,53,,,,,,,,,,,,,,,,,,,,,,,,,,,,,,,,,,,,,,,,,,,,,,,,,,,,,,,,,,,,,,,,,,,,,,,,,,,,,,,,,,,,,,,,,,,,,,,,,,,,,,,,,,,,,,,,,,,,,,,,,,,,,,,,,,,,,,
c3i14VUn1r4.mp4,5,bouncing ball (not juggling),A person is playing with the ball,29.97002997002997,0.0,10.01,6.57,9.21,197,276,197,212,212,228,228,244,244,260,260,276,,,,,,,,,,,,,,,,,,,,,,,,,,,,,,,,,,,,,,,,,,,,,,,,,,,,,,,,,,,,,,,,,,,,,,,,,,,,,,,,,,,,,,,,,,,,,,,,,,,,,,,,,,,,,,,,,,,,,,,,,,,,,,,,,,,,
IvqbDkT-Evs.mp4,2,smashing,A person is hitting the guitar,29.933,0.0,8.99,0.17,2.61,5,78,5,41,41,78,,,,,,,,,,,,,,,,,,,,,,,,,,,,,,,,,,,,,,,,,,,,,,,,,,,,,,,,,,,,,,,,,,,,,,,,,,,,,,,,,,,,,,,,,,,,,,,,,,,,,,,,,,,,,,,,,,,,,,,,,,,,,,,,,,,,,,,,,,
i2mJitIE0Ss.mp4,2,blowing nose,A baby tapping the face with tissue,15.0,0.0,10.0,3.07,5.27,46,79,46,62,62,79,,,,,,,,,,,,,,,,,,,,,,,,,,,,,,,,,,,,,,,,,,,,,,,,,,,,,,,,,,,,,,,,,,,,,,,,,,,,,,,,,,,,,,,,,,,,,,,,,,,,,,,,,,,,,,,,,,,,,,,,,,,,,,,,,,,,,,,,,,
c8IA-OgZ7hs.mp4,2,ski ballet,A person is rotating,29.97002997002997,0.0,10.01,1.43,4.44,43,133,43,88,88,133,,,,,,,,,,,,,,,,,,,,,,,,,,,,,,,,,,,,,,,,,,,,,,,,,,,,,,,,,,,,,,,,,,,,,,,,,,,,,,,,,,,,,,,,,,,,,,,,,,,,,,,,,,,,,,,,,,,,,,,,,,,,,,,,,,,,,,,,,,
asRf83I-9CY.mp4,4,mixing colours,A kid is rubbing the cover,30.0,0.0,10.0,1.6,4.13,48,124,48,67,67,86,86,105,105,124,,,,,,,,,,,,,,,,,,,,,,,,,,,,,,,,,,,,,,,,,,,,,,,,,,,,,,,,,,,,,,,,,,,,,,,,,,,,,,,,,,,,,,,,,,,,,,,,,,,,,,,,,,,,,,,,,,,,,,,,,,,,,,,,,,,,,,
aQYhD3AhMVA.mp4,4,battle rope training,A person is doing a rope workout,12.5,0.0,10.0,0.0,4.64,0,58,0,15,15,29,29,44,44,58,,,,,,,,,,,,,,,,,,,,,,,,,,,,,,,,,,,,,,,,,,,,,,,,,,,,,,,,,,,,,,,,,,,,,,,,,,,,,,,,,,,,,,,,,,,,,,,,,,,,,,,,,,,,,,,,,,,,,,,,,,,,,,,,,,,,,,
IASgNCIXSMw.mp4,3,knitting,A person is touching the stick,29.97002997002997,0.0,10.01,6.57,7.21,197,216,197,203,203,209,209,216,,,,,,,,,,,,,,,,,,,,,,,,,,,,,,,,,,,,,,,,,,,,,,,,,,,,,,,,,,,,,,,,,,,,,,,,,,,,,,,,,,,,,,,,,,,,,,,,,,,,,,,,,,,,,,,,,,,,,,,,,,,,,,,,,,,,,,,,
mcKV4x59z6k.mp4,7,swimming backstroke,A person is swimming,29.97002997002997,0.0,10.01,0.37,6.51,11,195,11,37,37,64,64,90,90,116,116,143,143,169,169,195,,,,,,,,,,,,,,,,,,,,,,,,,,,,,,,,,,,,,,,,,,,,,,,,,,,,,,,,,,,,,,,,,,,,,,,,,,,,,,,,,,,,,,,,,,,,,,,,,,,,,,,,,,,,,,,,,,,,,,,,,,,,,,,,
N3-OpXcM9Ps.mp4,14,making horseshoes,A person is hitting with a hammer,25.0,0.0,10.0,0.32,9.88,8,247,8,25,25,42,42,59,59,76,76,93,93,110,110,128,128,145,145,162,162,179,179,196,196,213,213,230,230,247,,,,,,,,,,,,,,,,,,,,,,,,,,,,,,,,,,,,,,,,,,,,,,,,,,,,,,,,,,,,,,,,,,,,,,,,,,,,,,,,,,,,,,,,,,,,,,,,,,,,,,,,,,,,,,,,,,
QkQQjFGnZlg.mp4,2,squat,A person is lifting the weights,30.0,0.0,9.2,0.43,6.23,13,187,13,100,100,187,,,,,,,,,,,,,,,,,,,,,,,,,,,,,,,,,,,,,,,,,,,,,,,,,,,,,,,,,,,,,,,,,,,,,,,,,,,,,,,,,,,,,,,,,,,,,,,,,,,,,,,,,,,,,,,,,,,,,,,,,,,,,,,,,,,,,,,,,,
9LLvp3eI8J8.mp4,3,playing billiards,A person is playing pool ball,23.916666666666668,0.0,9.74,0.84,3.05,20,73,20,38,38,55,55,73,,,,,,,,,,,,,,,,,,,,,,,,,,,,,,,,,,,,,,,,,,,,,,,,,,,,,,,,,,,,,,,,,,,,,,,,,,,,,,,,,,,,,,,,,,,,,,,,,,,,,,,,,,,,,,,,,,,,,,,,,,,,,,,,,,,,,,,,
ku4IzpiFaoA.mp4,2,using a wrench,A person is tightening the screw,30.0,0.0,10.0,3.17,4.23,95,127,95,111,111,127,,,,,,,,,,,,,,,,,,,,,,,,,,,,,,,,,,,,,,,,,,,,,,,,,,,,,,,,,,,,,,,,,,,,,,,,,,,,,,,,,,,,,,,,,,,,,,,,,,,,,,,,,,,,,,,,,,,,,,,,,,,,,,,,,,,,,,,,,,
IR2B9X7izTo.mp4,2,mosh pit dancing,A person is dancing,30.0,0.0,10.0,0.33,1.73,10,52,10,31,31,52,,,,,,,,,,,,,,,,,,,,,,,,,,,,,,,,,,,,,,,,,,,,,,,,,,,,,,,,,,,,,,,,,,,,,,,,,,,,,,,,,,,,,,,,,,,,,,,,,,,,,,,,,,,,,,,,,,,,,,,,,,,,,,,,,,,,,,,,,,
AIax9pOGoR0.mp4,3,making latte art,A person is pouring milk,30.0,0.0,10.0,0.03,3.97,1,119,1,40,40,80,80,119,,,,,,,,,,,,,,,,,,,,,,,,,,,,,,,,,,,,,,,,,,,,,,,,,,,,,,,,,,,,,,,,,,,,,,,,,,,,,,,,,,,,,,,,,,,,,,,,,,,,,,,,,,,,,,,,,,,,,,,,,,,,,,,,,,,,,,,,
ooRyy4y6O84.mp4,2,front raises,A person is doing exercise with the dumbbells,30.0,0.0,9.53,0.03,7.57,1,227,1,114,114,227,,,,,,,,,,,,,,,,,,,,,,,,,,,,,,,,,,,,,,,,,,,,,,,,,,,,,,,,,,,,,,,,,,,,,,,,,,,,,,,,,,,,,,,,,,,,,,,,,,,,,,,,,,,,,,,,,,,,,,,,,,,,,,,,,,,,,,,,,,
MxOgOWQjDVQ.mp4,26,chopping meat,A person is cutting the food,29.97002997002997,0.0,10.01,3.8,10.01,114,300,114,121,121,128,128,135,135,142,142,150,150,157,157,164,164,171,171,178,178,185,185,192,192,200,200,207,207,214,214,221,221,228,228,235,235,243,243,250,250,257,257,264,264,271,271,278,278,285,285,293,293,300,,,,,,,,,,,,,,,,,,,,,,,,,,,,,,,,,,,,,,,,,,,,,,,,,,,,,,,,,,,,,,,,,,,,,,,,,,,,,,,,,,,,,,,,,,
ZlcnO-XNESY.mp4,19,playing harp,A person is playing the guitar,29.97002997002997,0.0,9.21,0.6,7.41,18,222,18,29,29,39,39,50,50,61,61,72,72,82,82,93,93,104,104,115,115,125,125,136,136,147,147,157,157,168,168,179,179,190,190,200,200,211,211,222,,,,,,,,,,,,,,,,,,,,,,,,,,,,,,,,,,,,,,,,,,,,,,,,,,,,,,,,,,,,,,,,,,,,,,,,,,,,,,,,,,,,,,,,,,,,,,,,,,,,,,,,
IKlJBAICvtI.mp4,3,moon walking,A person is dancing,29.97002997002997,0.0,10.01,2.54,5.51,76,165,76,105,105,135,135,165,,,,,,,,,,,,,,,,,,,,,,,,,,,,,,,,,,,,,,,,,,,,,,,,,,,,,,,,,,,,,,,,,,,,,,,,,,,,,,,,,,,,,,,,,,,,,,,,,,,,,,,,,,,,,,,,,,,,,,,,,,,,,,,,,,,,,,,,
mpB_lHppRyg.mp4,3,front raises,A person is lifting the dumbbells,29.97002997002997,0.0,10.01,1.0,8.71,30,261,30,107,107,184,184,261,,,,,,,,,,,,,,,,,,,,,,,,,,,,,,,,,,,,,,,,,,,,,,,,,,,,,,,,,,,,,,,,,,,,,,,,,,,,,,,,,,,,,,,,,,,,,,,,,,,,,,,,,,,,,,,,,,,,,,,,,,,,,,,,,,,,,,,,
i7SF5ESB4NU.mp4,5,putting on eyeliner,A person is applying makeup to the face,30.0,0.0,10.0,7.73,9.07,232,272,232,240,240,248,248,256,256,264,264,272,,,,,,,,,,,,,,,,,,,,,,,,,,,,,,,,,,,,,,,,,,,,,,,,,,,,,,,,,,,,,,,,,,,,,,,,,,,,,,,,,,,,,,,,,,,,,,,,,,,,,,,,,,,,,,,,,,,,,,,,,,,,,,,,,,,,
8rJF88-OLMg.mp4,3,getting a tattoo,A person is making a tattoo,30.0,0.0,10.0,0.13,1.77,4,53,4,20,20,36,36,53,,,,,,,,,,,,,,,,,,,,,,,,,,,,,,,,,,,,,,,,,,,,,,,,,,,,,,,,,,,,,,,,,,,,,,,,,,,,,,,,,,,,,,,,,,,,,,,,,,,,,,,,,,,,,,,,,,,,,,,,,,,,,,,,,,,,,,,,
jw1ze6oaZmM.mp4,2,coloring in,A person is painting with a brush,29.97002997002997,0.0,10.01,0.07,0.63,2,19,2,11,11,19,,,,,,,,,,,,,,,,,,,,,,,,,,,,,,,,,,,,,,,,,,,,,,,,,,,,,,,,,,,,,,,,,,,,,,,,,,,,,,,,,,,,,,,,,,,,,,,,,,,,,,,,,,,,,,,,,,,,,,,,,,,,,,,,,,,,,,,,,,
AUg1Thvho14.mp4,20,battle rope training,A person is exercising with a rope,29.97002997002997,0.0,9.34,0.07,7.57,2,227,2,14,14,25,25,36,36,47,47,58,58,70,70,81,81,92,92,103,103,114,114,126,126,137,137,148,148,159,159,171,171,182,182,193,193,204,204,215,215,227,,,,,,,,,,,,,,,,,,,,,,,,,,,,,,,,,,,,,,,,,,,,,,,,,,,,,,,,,,,,,,,,,,,,,,,,,,,,,,,,,,,,,,,,,,,,,,,,,,,,,,
aKNpTwB2RAU.mp4,5,putting wallpaper on wall,A person is marking on the board,25.0,0.0,10.0,4.08,5.48,102,137,102,109,109,116,116,123,123,130,130,137,,,,,,,,,,,,,,,,,,,,,,,,,,,,,,,,,,,,,,,,,,,,,,,,,,,,,,,,,,,,,,,,,,,,,,,,,,,,,,,,,,,,,,,,,,,,,,,,,,,,,,,,,,,,,,,,,,,,,,,,,,,,,,,,,,,,
A18r94S7cEs.mp4,5,high jump,A person is jumping,30.0,0.0,7.23,2.27,6.27,68,188,68,92,92,116,116,140,140,164,164,188,,,,,,,,,,,,,,,,,,,,,,,,,,,,,,,,,,,,,,,,,,,,,,,,,,,,,,,,,,,,,,,,,,,,,,,,,,,,,,,,,,,,,,,,,,,,,,,,,,,,,,,,,,,,,,,,,,,,,,,,,,,,,,,,,,,,
pms9Lwt33ms.mp4,3,using a paint roller,A person is painting the wall,30.0,0.0,10.0,2.47,9.93,74,298,74,149,149,223,223,298,,,,,,,,,,,,,,,,,,,,,,,,,,,,,,,,,,,,,,,,,,,,,,,,,,,,,,,,,,,,,,,,,,,,,,,,,,,,,,,,,,,,,,,,,,,,,,,,,,,,,,,,,,,,,,,,,,,,,,,,,,,,,,,,,,,,,,,,
nTnAoTQ41Nc.mp4,2,carving ice,A person is tapping with the tool,30.0,0.0,10.0,0.03,3.53,1,106,1,53,53,106,,,,,,,,,,,,,,,,,,,,,,,,,,,,,,,,,,,,,,,,,,,,,,,,,,,,,,,,,,,,,,,,,,,,,,,,,,,,,,,,,,,,,,,,,,,,,,,,,,,,,,,,,,,,,,,,,,,,,,,,,,,,,,,,,,,,,,,,,,
9y2o8gfkqIU.mp4,3,rope pushdown,A person is exercising in the gym,29.97002997002997,0.0,10.01,0.07,9.11,2,273,2,93,93,183,183,273,,,,,,,,,,,,,,,,,,,,,,,,,,,,,,,,,,,,,,,,,,,,,,,,,,,,,,,,,,,,,,,,,,,,,,,,,,,,,,,,,,,,,,,,,,,,,,,,,,,,,,,,,,,,,,,,,,,,,,,,,,,,,,,,,,,,,,,,
9gJeNlt5ems.mp4,2,curling eyelashes,A person is applying mascara,30.0,0.0,10.0,0.4,2.17,12,65,12,38,38,65,,,,,,,,,,,,,,,,,,,,,,,,,,,,,,,,,,,,,,,,,,,,,,,,,,,,,,,,,,,,,,,,,,,,,,,,,,,,,,,,,,,,,,,,,,,,,,,,,,,,,,,,,,,,,,,,,,,,,,,,,,,,,,,,,,,,,,,,,,
wso1My-q6m8.mp4,2,spinning poi,A person is playing with fire,25.0,0.0,10.0,9.16,9.6,229,240,229,234,234,240,,,,,,,,,,,,,,,,,,,,,,,,,,,,,,,,,,,,,,,,,,,,,,,,,,,,,,,,,,,,,,,,,,,,,,,,,,,,,,,,,,,,,,,,,,,,,,,,,,,,,,,,,,,,,,,,,,,,,,,,,,,,,,,,,,,,,,,,,,
lzVmKsnzF0Y.mp4,3,smashing,A person is playing guitar,30.0,0.0,10.0,1.17,2.13,35,64,35,44,44,54,54,64,,,,,,,,,,,,,,,,,,,,,,,,,,,,,,,,,,,,,,,,,,,,,,,,,,,,,,,,,,,,,,,,,,,,,,,,,,,,,,,,,,,,,,,,,,,,,,,,,,,,,,,,,,,,,,,,,,,,,,,,,,,,,,,,,,,,,,,,
PXOV0pJyVYY.mp4,3,arguing,A person is moving their hands,25.0,0.0,10.0,8.32,9.72,208,243,208,220,220,231,231,243,,,,,,,,,,,,,,,,,,,,,,,,,,,,,,,,,,,,,,,,,,,,,,,,,,,,,,,,,,,,,,,,,,,,,,,,,,,,,,,,,,,,,,,,,,,,,,,,,,,,,,,,,,,,,,,,,,,,,,,,,,,,,,,,,,,,,,,,
HO4JlvASDrw.mp4,3,gymnastics tumbling,A person is tapping with the right hand,25.0,0.0,10.0,0.04,0.76,1,19,1,7,7,13,13,19,,,,,,,,,,,,,,,,,,,,,,,,,,,,,,,,,,,,,,,,,,,,,,,,,,,,,,,,,,,,,,,,,,,,,,,,,,,,,,,,,,,,,,,,,,,,,,,,,,,,,,,,,,,,,,,,,,,,,,,,,,,,,,,,,,,,,,,,
cjYZqPTZvHY.mp4,3,making balloon shapes,A person is twisting the balloon,29.97002997002997,0.0,10.01,1.2,3.97,36,119,36,64,64,91,91,119,,,,,,,,,,,,,,,,,,,,,,,,,,,,,,,,,,,,,,,,,,,,,,,,,,,,,,,,,,,,,,,,,,,,,,,,,,,,,,,,,,,,,,,,,,,,,,,,,,,,,,,,,,,,,,,,,,,,,,,,,,,,,,,,,,,,,,,,
avNyf41quCI.mp4,4,petting horse,A person is rubbing the horse with his hand,29.97002997002997,0.0,10.01,2.37,6.44,71,193,71,101,101,132,132,162,162,193,,,,,,,,,,,,,,,,,,,,,,,,,,,,,,,,,,,,,,,,,,,,,,,,,,,,,,,,,,,,,,,,,,,,,,,,,,,,,,,,,,,,,,,,,,,,,,,,,,,,,,,,,,,,,,,,,,,,,,,,,,,,,,,,,,,,,,
H2ik_E3Hm1Q.mp4,10,clapping,A person is clapping hisher hands,29.97002997002997,0.0,6.07,0.27,3.2,8,96,8,17,17,26,26,35,35,43,43,52,52,61,61,70,70,78,78,87,87,96,,,,,,,,,,,,,,,,,,,,,,,,,,,,,,,,,,,,,,,,,,,,,,,,,,,,,,,,,,,,,,,,,,,,,,,,,,,,,,,,,,,,,,,,,,,,,,,,,,,,,,,,,,,,,,,,,,,,,,,,,,
6EQgw6G--p0.mp4,4,planting trees,A person is cleaning with his hands,29.97002997002997,0.0,10.01,1.8,3.6,54,108,54,67,67,81,81,94,94,108,,,,,,,,,,,,,,,,,,,,,,,,,,,,,,,,,,,,,,,,,,,,,,,,,,,,,,,,,,,,,,,,,,,,,,,,,,,,,,,,,,,,,,,,,,,,,,,,,,,,,,,,,,,,,,,,,,,,,,,,,,,,,,,,,,,,,,
UMi404A74_E.mp4,4,bench pressing,A person is doing a chest press with the barbell rod,29.97002997002997,0.0,10.01,2.2,9.04,66,271,66,117,117,168,168,220,220,271,,,,,,,,,,,,,,,,,,,,,,,,,,,,,,,,,,,,,,,,,,,,,,,,,,,,,,,,,,,,,,,,,,,,,,,,,,,,,,,,,,,,,,,,,,,,,,,,,,,,,,,,,,,,,,,,,,,,,,,,,,,,,,,,,,,,,,
BDduXreZRbw.mp4,2,spinning plates,A person is rotating the stick,29.0,0.0,10.0,6.48,7.55,188,219,188,204,204,219,,,,,,,,,,,,,,,,,,,,,,,,,,,,,,,,,,,,,,,,,,,,,,,,,,,,,,,,,,,,,,,,,,,,,,,,,,,,,,,,,,,,,,,,,,,,,,,,,,,,,,,,,,,,,,,,,,,,,,,,,,,,,,,,,,,,,,,,,,
oGZYWw1QGuc.mp4,5,shearing sheep,A person is cutting animal's hair,25.0,0.0,10.0,1.64,3.72,41,93,41,51,51,62,62,72,72,83,83,93,,,,,,,,,,,,,,,,,,,,,,,,,,,,,,,,,,,,,,,,,,,,,,,,,,,,,,,,,,,,,,,,,,,,,,,,,,,,,,,,,,,,,,,,,,,,,,,,,,,,,,,,,,,,,,,,,,,,,,,,,,,,,,,,,,,,
7RQX5RUne5Y.mp4,6,rolling eyes,A person is rolling his eyes,29.97002997002997,0.0,10.01,6.17,10.01,185,300,185,204,204,223,223,242,242,261,261,281,281,300,,,,,,,,,,,,,,,,,,,,,,,,,,,,,,,,,,,,,,,,,,,,,,,,,,,,,,,,,,,,,,,,,,,,,,,,,,,,,,,,,,,,,,,,,,,,,,,,,,,,,,,,,,,,,,,,,,,,,,,,,,,,,,,,,,
yCEVY-9Tc8k.mp4,45,scrambling eggs,A person is using a spoon to stir the food in the bowl,30.0,0.0,10.0,0.07,10.0,2,300,2,9,9,16,16,22,22,29,29,35,35,42,42,49,49,55,55,62,62,69,69,75,75,82,82,88,88,95,95,102,102,108,108,115,115,121,121,128,128,135,135,141,141,148,148,155,155,161,161,168,168,174,174,181,181,188,188,194,194,201,201,207,207,214,214,221,221,227,227,234,234,240,240,247,247,254,254,260,260,267,267,274,274,280,280,287,287,293,293,300,,,,,,,,,,,,,,,,,,,,,,,,,,,,,,,,,,,,,,,,,,,,,,,,,,,,
ElRBcnnMw3A.mp4,2,pull ups,A person is doing Gym,25.0,0.0,5.6,0.12,1.0,3,25,3,14,14,25,,,,,,,,,,,,,,,,,,,,,,,,,,,,,,,,,,,,,,,,,,,,,,,,,,,,,,,,,,,,,,,,,,,,,,,,,,,,,,,,,,,,,,,,,,,,,,,,,,,,,,,,,,,,,,,,,,,,,,,,,,,,,,,,,,,,,,,,,,
FPB9npe3yI4.mp4,4,carving pumpkin,A person is removing the seeds from a pumpkin,24.0,0.0,10.0,1.46,2.33,35,56,35,40,40,45,45,50,50,56,,,,,,,,,,,,,,,,,,,,,,,,,,,,,,,,,,,,,,,,,,,,,,,,,,,,,,,,,,,,,,,,,,,,,,,,,,,,,,,,,,,,,,,,,,,,,,,,,,,,,,,,,,,,,,,,,,,,,,,,,,,,,,,,,,,,,,
vj_wSvjO2Uo.mp4,4,gold panning,A person is tapping the water with an index finger,30.0,0.0,10.0,0.33,2.17,10,65,10,23,23,37,37,51,51,65,,,,,,,,,,,,,,,,,,,,,,,,,,,,,,,,,,,,,,,,,,,,,,,,,,,,,,,,,,,,,,,,,,,,,,,,,,,,,,,,,,,,,,,,,,,,,,,,,,,,,,,,,,,,,,,,,,,,,,,,,,,,,,,,,,,,,,
tAxSKXXax_g.mp4,11,scrambling eggs,A person is whisking the eggs with a beater,30.0,0.0,10.0,4.4,6.8,132,204,132,139,139,145,145,152,152,158,158,165,165,171,171,178,178,184,184,191,191,197,197,204,,,,,,,,,,,,,,,,,,,,,,,,,,,,,,,,,,,,,,,,,,,,,,,,,,,,,,,,,,,,,,,,,,,,,,,,,,,,,,,,,,,,,,,,,,,,,,,,,,,,,,,,,,,,,,,,,,,,,,,,
gct1JkyrBEE.mp4,3,playing xylophone,A person is hitting the object,30.0,0.0,10.0,5.6,6.8,168,204,168,180,180,192,192,204,,,,,,,,,,,,,,,,,,,,,,,,,,,,,,,,,,,,,,,,,,,,,,,,,,,,,,,,,,,,,,,,,,,,,,,,,,,,,,,,,,,,,,,,,,,,,,,,,,,,,,,,,,,,,,,,,,,,,,,,,,,,,,,,,,,,,,,,
UjAUF2hc930.mp4,2,sneezing,A person is waving his head,24.857,0.0,9.05,0.84,2.33,21,58,21,39,39,58,,,,,,,,,,,,,,,,,,,,,,,,,,,,,,,,,,,,,,,,,,,,,,,,,,,,,,,,,,,,,,,,,,,,,,,,,,,,,,,,,,,,,,,,,,,,,,,,,,,,,,,,,,,,,,,,,,,,,,,,,,,,,,,,,,,,,,,,,,
EsyX_V2EnTg.mp4,9,juggling fire,A man is playing with a fire stick,11.607,0.0,10.08,0.0,6.72,0,78,0,9,9,18,18,26,26,35,35,44,44,52,52,61,61,70,70,78,,,,,,,,,,,,,,,,,,,,,,,,,,,,,,,,,,,,,,,,,,,,,,,,,,,,,,,,,,,,,,,,,,,,,,,,,,,,,,,,,,,,,,,,,,,,,,,,,,,,,,,,,,,,,,,,,,,,,,,,,,,,
ABXuis6JJrM.mp4,2,surveying,A person is calling with his hand,25.0,0.0,10.0,2.0,2.64,50,66,50,58,58,66,,,,,,,,,,,,,,,,,,,,,,,,,,,,,,,,,,,,,,,,,,,,,,,,,,,,,,,,,,,,,,,,,,,,,,,,,,,,,,,,,,,,,,,,,,,,,,,,,,,,,,,,,,,,,,,,,,,,,,,,,,,,,,,,,,,,,,,,,,
_fdnJ_ns9fI.mp4,2,golf chipping,A person is playing golf,23.976023976023978,0.0,10.01,1.04,4.05,25,97,25,61,61,97,,,,,,,,,,,,,,,,,,,,,,,,,,,,,,,,,,,,,,,,,,,,,,,,,,,,,,,,,,,,,,,,,,,,,,,,,,,,,,,,,,,,,,,,,,,,,,,,,,,,,,,,,,,,,,,,,,,,,,,,,,,,,,,,,,,,,,,,,,
ku4IzpiFaoA.mp4,2,using a wrench,A person is tightening the bolt,30.0,0.0,10.0,3.17,4.33,95,130,95,112,112,130,,,,,,,,,,,,,,,,,,,,,,,,,,,,,,,,,,,,,,,,,,,,,,,,,,,,,,,,,,,,,,,,,,,,,,,,,,,,,,,,,,,,,,,,,,,,,,,,,,,,,,,,,,,,,,,,,,,,,,,,,,,,,,,,,,,,,,,,,,
MUSUBGW39LM.mp4,3,punching bag,A boy is boxing,29.97002997002997,0.0,10.01,0.67,6.04,20,181,20,74,74,127,127,181,,,,,,,,,,,,,,,,,,,,,,,,,,,,,,,,,,,,,,,,,,,,,,,,,,,,,,,,,,,,,,,,,,,,,,,,,,,,,,,,,,,,,,,,,,,,,,,,,,,,,,,,,,,,,,,,,,,,,,,,,,,,,,,,,,,,,,,,
n09HKpSCl70.mp4,3,cleaning windows,A person is spraying the liquid on the glass,30.0,0.0,10.0,0.03,4.07,1,122,1,42,42,82,82,122,,,,,,,,,,,,,,,,,,,,,,,,,,,,,,,,,,,,,,,,,,,,,,,,,,,,,,,,,,,,,,,,,,,,,,,,,,,,,,,,,,,,,,,,,,,,,,,,,,,,,,,,,,,,,,,,,,,,,,,,,,,,,,,,,,,,,,,,
zCDSC_4juhs.mp4,2,making a sandwich,A person is placing the food,29.97002997002997,0.0,10.01,3.34,3.7,100,111,100,105,105,111,,,,,,,,,,,,,,,,,,,,,,,,,,,,,,,,,,,,,,,,,,,,,,,,,,,,,,,,,,,,,,,,,,,,,,,,,,,,,,,,,,,,,,,,,,,,,,,,,,,,,,,,,,,,,,,,,,,,,,,,,,,,,,,,,,,,,,,,,,
JEnp_xZbkxk.mp4,3,front raises,A person is lifting the weights,29.97002997002997,0.0,10.01,4.8,10.01,144,300,144,196,196,248,248,300,,,,,,,,,,,,,,,,,,,,,,,,,,,,,,,,,,,,,,,,,,,,,,,,,,,,,,,,,,,,,,,,,,,,,,,,,,,,,,,,,,,,,,,,,,,,,,,,,,,,,,,,,,,,,,,,,,,,,,,,,,,,,,,,,,,,,,,,
r8mX_-kfcXc.mp4,4,playing hand clapping games,A person is playing with the baby's hands,15.0,0.0,10.0,2.53,4.13,38,62,38,44,44,50,50,56,56,62,,,,,,,,,,,,,,,,,,,,,,,,,,,,,,,,,,,,,,,,,,,,,,,,,,,,,,,,,,,,,,,,,,,,,,,,,,,,,,,,,,,,,,,,,,,,,,,,,,,,,,,,,,,,,,,,,,,,,,,,,,,,,,,,,,,,,,
pjOfZiTrEAA.mp4,3,archaeological excavation,A person is digging in the mud,30.0,0.0,10.0,5.6,8.0,168,240,168,192,192,216,216,240,,,,,,,,,,,,,,,,,,,,,,,,,,,,,,,,,,,,,,,,,,,,,,,,,,,,,,,,,,,,,,,,,,,,,,,,,,,,,,,,,,,,,,,,,,,,,,,,,,,,,,,,,,,,,,,,,,,,,,,,,,,,,,,,,,,,,,,,
fagB4DV55Mk.mp4,7,busking,A person is playing the guitar,15.0,0.0,9.4,0.33,3.33,5,50,5,11,11,18,18,24,24,31,31,37,37,43,43,50,,,,,,,,,,,,,,,,,,,,,,,,,,,,,,,,,,,,,,,,,,,,,,,,,,,,,,,,,,,,,,,,,,,,,,,,,,,,,,,,,,,,,,,,,,,,,,,,,,,,,,,,,,,,,,,,,,,,,,,,,,,,,,,,
ov7U3qcMIaU.mp4,5,applauding,A person with a yellow shirt is clapping,24.897,0.0,10.0,0.24,1.53,6,38,6,12,12,19,19,25,25,31,31,38,,,,,,,,,,,,,,,,,,,,,,,,,,,,,,,,,,,,,,,,,,,,,,,,,,,,,,,,,,,,,,,,,,,,,,,,,,,,,,,,,,,,,,,,,,,,,,,,,,,,,,,,,,,,,,,,,,,,,,,,,,,,,,,,,,,,
yjZ03DbAXDY.mp4,2,zumba,A person is dancing on the floor,29.97002997002997,0.0,10.01,0.23,1.97,7,59,7,33,33,59,,,,,,,,,,,,,,,,,,,,,,,,,,,,,,,,,,,,,,,,,,,,,,,,,,,,,,,,,,,,,,,,,,,,,,,,,,,,,,,,,,,,,,,,,,,,,,,,,,,,,,,,,,,,,,,,,,,,,,,,,,,,,,,,,,,,,,,,,,
QDJH2vzGPH0.mp4,2,washing dishes,A person is washing utensils,30.0,0.0,10.0,7.33,8.03,220,241,220,230,230,241,,,,,,,,,,,,,,,,,,,,,,,,,,,,,,,,,,,,,,,,,,,,,,,,,,,,,,,,,,,,,,,,,,,,,,,,,,,,,,,,,,,,,,,,,,,,,,,,,,,,,,,,,,,,,,,,,,,,,,,,,,,,,,,,,,,,,,,,,,
-tcD0doI-vo.mp4,4,air drumming,A person is playing with a kid,14.916666666666666,0.0,4.76,0.67,1.54,10,23,10,13,13,17,17,20,20,23,,,,,,,,,,,,,,,,,,,,,,,,,,,,,,,,,,,,,,,,,,,,,,,,,,,,,,,,,,,,,,,,,,,,,,,,,,,,,,,,,,,,,,,,,,,,,,,,,,,,,,,,,,,,,,,,,,,,,,,,,,,,,,,,,,,,,,
IDMpv6OPaRM.mp4,2,massaging back,A person is massaging,29.97002997002997,0.0,10.01,0.2,6.01,6,180,6,93,93,180,,,,,,,,,,,,,,,,,,,,,,,,,,,,,,,,,,,,,,,,,,,,,,,,,,,,,,,,,,,,,,,,,,,,,,,,,,,,,,,,,,,,,,,,,,,,,,,,,,,,,,,,,,,,,,,,,,,,,,,,,,,,,,,,,,,,,,,,,,
8P1V9BKuT8w.mp4,5,making slime,A person is removing the dough,30.0,0.0,10.0,7.93,9.77,238,293,238,249,249,260,260,271,271,282,282,293,,,,,,,,,,,,,,,,,,,,,,,,,,,,,,,,,,,,,,,,,,,,,,,,,,,,,,,,,,,,,,,,,,,,,,,,,,,,,,,,,,,,,,,,,,,,,,,,,,,,,,,,,,,,,,,,,,,,,,,,,,,,,,,,,,,,
WaIcPYknUXI.mp4,11,grooming horse,A person is cleaning the hoof of the horse,30.0,0.0,10.0,0.13,3.13,4,94,4,12,12,20,20,28,28,36,36,45,45,53,53,61,61,69,69,77,77,85,85,94,,,,,,,,,,,,,,,,,,,,,,,,,,,,,,,,,,,,,,,,,,,,,,,,,,,,,,,,,,,,,,,,,,,,,,,,,,,,,,,,,,,,,,,,,,,,,,,,,,,,,,,,,,,,,,,,,,,,,,,,
7RQX5RUne5Y.mp4,6,rolling eyes,A person is rolling his eyes,29.97002997002997,0.0,10.01,6.17,9.98,185,299,185,204,204,223,223,242,242,261,261,280,280,299,,,,,,,,,,,,,,,,,,,,,,,,,,,,,,,,,,,,,,,,,,,,,,,,,,,,,,,,,,,,,,,,,,,,,,,,,,,,,,,,,,,,,,,,,,,,,,,,,,,,,,,,,,,,,,,,,,,,,,,,,,,,,,,,,,
KUVGlkdJsUo.mp4,7,hugging baby,A girl is waving her hand,29.035369774919616,0.0,9.09,5.92,7.96,172,231,172,180,180,189,189,197,197,206,206,214,214,223,223,231,,,,,,,,,,,,,,,,,,,,,,,,,,,,,,,,,,,,,,,,,,,,,,,,,,,,,,,,,,,,,,,,,,,,,,,,,,,,,,,,,,,,,,,,,,,,,,,,,,,,,,,,,,,,,,,,,,,,,,,,,,,,,,,,
nQGOZYpu7iQ.mp4,2,contact juggling,A person is playing with the ball,30.0,0.0,10.0,2.73,3.93,82,118,82,100,100,118,,,,,,,,,,,,,,,,,,,,,,,,,,,,,,,,,,,,,,,,,,,,,,,,,,,,,,,,,,,,,,,,,,,,,,,,,,,,,,,,,,,,,,,,,,,,,,,,,,,,,,,,,,,,,,,,,,,,,,,,,,,,,,,,,,,,,,,,,,
QQnHWzAfr6U.mp4,14,cutting orange,A person is cutting fruit,25.0,0.0,10.0,3.2,7.96,80,199,80,88,88,97,97,106,106,114,114,123,123,131,131,140,140,148,148,156,156,165,165,174,174,182,182,190,190,199,,,,,,,,,,,,,,,,,,,,,,,,,,,,,,,,,,,,,,,,,,,,,,,,,,,,,,,,,,,,,,,,,,,,,,,,,,,,,,,,,,,,,,,,,,,,,,,,,,,,,,,,,,,,,,,,,,
c6Hp4UKmGhk.mp4,3,shoot dance,A girl is waving her hand and leg,30.0,0.0,9.9,0.37,1.67,11,50,11,24,24,37,37,50,,,,,,,,,,,,,,,,,,,,,,,,,,,,,,,,,,,,,,,,,,,,,,,,,,,,,,,,,,,,,,,,,,,,,,,,,,,,,,,,,,,,,,,,,,,,,,,,,,,,,,,,,,,,,,,,,,,,,,,,,,,,,,,,,,,,,,,,
9KWhx8v7ayg.mp4,3,plastering,A person is applying cement,29.916666666666668,0.0,10.03,0.2,9.59,6,287,6,100,100,193,193,287,,,,,,,,,,,,,,,,,,,,,,,,,,,,,,,,,,,,,,,,,,,,,,,,,,,,,,,,,,,,,,,,,,,,,,,,,,,,,,,,,,,,,,,,,,,,,,,,,,,,,,,,,,,,,,,,,,,,,,,,,,,,,,,,,,,,,,,,
IRBrTKrVCxo.mp4,7,shining shoes,A person is polishing a shoe,30.0,0.0,10.0,1.6,4.0,48,120,48,58,58,69,69,79,79,89,89,99,99,110,110,120,,,,,,,,,,,,,,,,,,,,,,,,,,,,,,,,,,,,,,,,,,,,,,,,,,,,,,,,,,,,,,,,,,,,,,,,,,,,,,,,,,,,,,,,,,,,,,,,,,,,,,,,,,,,,,,,,,,,,,,,,,,,,,,,
HO7Z6X1J0QM.mp4,8,dancing charleston,A person is dancing while holding the other person,23.976023976023978,0.0,9.68,3.92,9.47,94,227,94,111,111,127,127,144,144,161,161,177,177,194,194,211,211,227,,,,,,,,,,,,,,,,,,,,,,,,,,,,,,,,,,,,,,,,,,,,,,,,,,,,,,,,,,,,,,,,,,,,,,,,,,,,,,,,,,,,,,,,,,,,,,,,,,,,,,,,,,,,,,,,,,,,,,,,,,,,,,
QYZNOmlJrms.mp4,20,playing maracas,A person is playing with the objects,30.0,0.0,10.0,0.17,10.0,5,300,5,20,20,34,34,49,49,64,64,79,79,93,93,108,108,123,123,138,138,152,152,167,167,182,182,197,197,211,211,226,226,241,241,256,256,270,270,285,285,300,,,,,,,,,,,,,,,,,,,,,,,,,,,,,,,,,,,,,,,,,,,,,,,,,,,,,,,,,,,,,,,,,,,,,,,,,,,,,,,,,,,,,,,,,,,,,,,,,,,,,,
AE0e7UFpEiU.mp4,2,making latte art,A person is preparing coffee,30.0,0.0,10.0,0.13,4.2,4,126,4,65,65,126,,,,,,,,,,,,,,,,,,,,,,,,,,,,,,,,,,,,,,,,,,,,,,,,,,,,,,,,,,,,,,,,,,,,,,,,,,,,,,,,,,,,,,,,,,,,,,,,,,,,,,,,,,,,,,,,,,,,,,,,,,,,,,,,,,,,,,,,,,
aVfz_sQG7Gk.mp4,9,waxing eyebrows,A person is taping the eyebrows,15.0,0.0,10.0,2.47,9.07,37,136,37,48,48,59,59,70,70,81,81,92,92,103,103,114,114,125,125,136,,,,,,,,,,,,,,,,,,,,,,,,,,,,,,,,,,,,,,,,,,,,,,,,,,,,,,,,,,,,,,,,,,,,,,,,,,,,,,,,,,,,,,,,,,,,,,,,,,,,,,,,,,,,,,,,,,,,,,,,,,,,
pELPxMOKtew.mp4,2,opening wine bottle,A person is opening the bottle cap,23.976023976023978,0.0,10.01,2.38,3.25,57,78,57,67,67,78,,,,,,,,,,,,,,,,,,,,,,,,,,,,,,,,,,,,,,,,,,,,,,,,,,,,,,,,,,,,,,,,,,,,,,,,,,,,,,,,,,,,,,,,,,,,,,,,,,,,,,,,,,,,,,,,,,,,,,,,,,,,,,,,,,,,,,,,,,
7hK1TqduuYo.mp4,3,zumba,A person is dancing on the floor,25.0,0.0,10.0,3.88,9.24,97,231,97,142,142,186,186,231,,,,,,,,,,,,,,,,,,,,,,,,,,,,,,,,,,,,,,,,,,,,,,,,,,,,,,,,,,,,,,,,,,,,,,,,,,,,,,,,,,,,,,,,,,,,,,,,,,,,,,,,,,,,,,,,,,,,,,,,,,,,,,,,,,,,,,,,
4E3YKtjmAYg.mp4,2,washing feet,A person is scrubbing the legs,29.97002997002997,0.0,7.54,5.84,6.77,175,203,175,189,189,203,,,,,,,,,,,,,,,,,,,,,,,,,,,,,,,,,,,,,,,,,,,,,,,,,,,,,,,,,,,,,,,,,,,,,,,,,,,,,,,,,,,,,,,,,,,,,,,,,,,,,,,,,,,,,,,,,,,,,,,,,,,,,,,,,,,,,,,,,,
YOMZ0R8NG6s.mp4,3,playing darts,A person is moving the hand,30.0,0.0,10.0,0.03,1.13,1,34,1,12,12,23,23,34,,,,,,,,,,,,,,,,,,,,,,,,,,,,,,,,,,,,,,,,,,,,,,,,,,,,,,,,,,,,,,,,,,,,,,,,,,,,,,,,,,,,,,,,,,,,,,,,,,,,,,,,,,,,,,,,,,,,,,,,,,,,,,,,,,,,,,,,
D-hFgxYCsxM.mp4,2,raising eyebrows,The woman is clapping her hands,30.0,0.0,10.0,5.4,6.67,162,200,162,181,181,200,,,,,,,,,,,,,,,,,,,,,,,,,,,,,,,,,,,,,,,,,,,,,,,,,,,,,,,,,,,,,,,,,,,,,,,,,,,,,,,,,,,,,,,,,,,,,,,,,,,,,,,,,,,,,,,,,,,,,,,,,,,,,,,,,,,,,,,,,,
scPd8M2l8L4.mp4,3,finger snapping,Two women are dancing,25.0,0.0,10.0,1.76,9.72,44,243,44,110,110,177,177,243,,,,,,,,,,,,,,,,,,,,,,,,,,,,,,,,,,,,,,,,,,,,,,,,,,,,,,,,,,,,,,,,,,,,,,,,,,,,,,,,,,,,,,,,,,,,,,,,,,,,,,,,,,,,,,,,,,,,,,,,,,,,,,,,,,,,,,,,
5If3p2EoC08.mp4,4,roller skating,A person is skating,23.976023976023978,0.0,10.01,1.33,6.38,32,153,32,62,62,93,93,123,123,153,,,,,,,,,,,,,,,,,,,,,,,,,,,,,,,,,,,,,,,,,,,,,,,,,,,,,,,,,,,,,,,,,,,,,,,,,,,,,,,,,,,,,,,,,,,,,,,,,,,,,,,,,,,,,,,,,,,,,,,,,,,,,,,,,,,,,,
DA6N2ebQ8WA.mp4,2,push up,A person is doing push-ups,29.97002997002997,0.0,9.11,0.03,3.87,1,116,1,59,59,116,,,,,,,,,,,,,,,,,,,,,,,,,,,,,,,,,,,,,,,,,,,,,,,,,,,,,,,,,,,,,,,,,,,,,,,,,,,,,,,,,,,,,,,,,,,,,,,,,,,,,,,,,,,,,,,,,,,,,,,,,,,,,,,,,,,,,,,,,,
NkZcAG6JlNE.mp4,2,fixing hair,A person is waving,30.0,0.0,10.0,5.67,6.37,170,191,170,181,181,191,,,,,,,,,,,,,,,,,,,,,,,,,,,,,,,,,,,,,,,,,,,,,,,,,,,,,,,,,,,,,,,,,,,,,,,,,,,,,,,,,,,,,,,,,,,,,,,,,,,,,,,,,,,,,,,,,,,,,,,,,,,,,,,,,,,,,,,,,,
ab48kqiD6WY.mp4,3,situp,A man is doing an exercise,29.97002997002997,0.0,10.01,3.34,10.01,100,300,100,166,166,233,233,300,,,,,,,,,,,,,,,,,,,,,,,,,,,,,,,,,,,,,,,,,,,,,,,,,,,,,,,,,,,,,,,,,,,,,,,,,,,,,,,,,,,,,,,,,,,,,,,,,,,,,,,,,,,,,,,,,,,,,,,,,,,,,,,,,,,,,,,,
p8shNvb3xVs.mp4,3,crawling baby,A person is moving their hands,30.0,0.0,10.0,1.47,5.97,44,179,44,89,89,134,134,179,,,,,,,,,,,,,,,,,,,,,,,,,,,,,,,,,,,,,,,,,,,,,,,,,,,,,,,,,,,,,,,,,,,,,,,,,,,,,,,,,,,,,,,,,,,,,,,,,,,,,,,,,,,,,,,,,,,,,,,,,,,,,,,,,,,,,,,,
uICK6PNKpw4.mp4,2,waving hand,A person is waving,23.976023976023978,0.0,4.71,3.5,4.21,84,101,84,93,93,101,,,,,,,,,,,,,,,,,,,,,,,,,,,,,,,,,,,,,,,,,,,,,,,,,,,,,,,,,,,,,,,,,,,,,,,,,,,,,,,,,,,,,,,,,,,,,,,,,,,,,,,,,,,,,,,,,,,,,,,,,,,,,,,,,,,,,,,,,,
C5aIlW-M0MM.mp4,9,playing cymbals,A person is hitting the musical plates with sticks,29.97002997002997,0.0,9.18,0.13,4.9,4,147,4,20,20,36,36,52,52,68,68,84,84,100,100,115,115,131,131,147,,,,,,,,,,,,,,,,,,,,,,,,,,,,,,,,,,,,,,,,,,,,,,,,,,,,,,,,,,,,,,,,,,,,,,,,,,,,,,,,,,,,,,,,,,,,,,,,,,,,,,,,,,,,,,,,,,,,,,,,,,,,
iIGk8yqP6EI.mp4,4,hammer throw,A person is rotating,25.0,0.0,6.72,2.24,4.48,56,112,56,70,70,84,84,98,98,112,,,,,,,,,,,,,,,,,,,,,,,,,,,,,,,,,,,,,,,,,,,,,,,,,,,,,,,,,,,,,,,,,,,,,,,,,,,,,,,,,,,,,,,,,,,,,,,,,,,,,,,,,,,,,,,,,,,,,,,,,,,,,,,,,,,,,,
jRoJsjR-KHk.mp4,3,dancing ballet,A girl was jumping,24.993,0.0,10.0,4.72,6.52,118,163,118,133,133,148,148,163,,,,,,,,,,,,,,,,,,,,,,,,,,,,,,,,,,,,,,,,,,,,,,,,,,,,,,,,,,,,,,,,,,,,,,,,,,,,,,,,,,,,,,,,,,,,,,,,,,,,,,,,,,,,,,,,,,,,,,,,,,,,,,,,,,,,,,,,
CYpSo6wJBQo.mp4,2,mixing colours,A boy is tightening the lid,30.0,0.0,10.0,4.0,5.4,120,162,120,141,141,162,,,,,,,,,,,,,,,,,,,,,,,,,,,,,,,,,,,,,,,,,,,,,,,,,,,,,,,,,,,,,,,,,,,,,,,,,,,,,,,,,,,,,,,,,,,,,,,,,,,,,,,,,,,,,,,,,,,,,,,,,,,,,,,,,,,,,,,,,,
TgWYLwK4S9o.mp4,2,sucking lolly,A baby is moving his lips,15.0,0.0,9.4,0.47,1.53,7,23,7,15,15,23,,,,,,,,,,,,,,,,,,,,,,,,,,,,,,,,,,,,,,,,,,,,,,,,,,,,,,,,,,,,,,,,,,,,,,,,,,,,,,,,,,,,,,,,,,,,,,,,,,,,,,,,,,,,,,,,,,,,,,,,,,,,,,,,,,,,,,,,,,
KXf4WrRUHrY.mp4,7,mountain climber (exercise),A person is doing push-ups,30.0,0.0,9.2,0.87,7.83,26,235,26,56,56,86,86,116,116,146,146,176,176,205,205,235,,,,,,,,,,,,,,,,,,,,,,,,,,,,,,,,,,,,,,,,,,,,,,,,,,,,,,,,,,,,,,,,,,,,,,,,,,,,,,,,,,,,,,,,,,,,,,,,,,,,,,,,,,,,,,,,,,,,,,,,,,,,,,,,
BdO1TNpu7d4.mp4,2,surveying,A camera is moving in to and fro motion,23.976023976023978,0.0,10.01,6.01,9.09,144,218,144,181,181,218,,,,,,,,,,,,,,,,,,,,,,,,,,,,,,,,,,,,,,,,,,,,,,,,,,,,,,,,,,,,,,,,,,,,,,,,,,,,,,,,,,,,,,,,,,,,,,,,,,,,,,,,,,,,,,,,,,,,,,,,,,,,,,,,,,,,,,,,,,
to-ztySWFp4.mp4,6,waving hand,A person is moving his hand,30.0,0.0,10.0,4.27,7.07,128,212,128,142,142,156,156,170,170,184,184,198,198,212,,,,,,,,,,,,,,,,,,,,,,,,,,,,,,,,,,,,,,,,,,,,,,,,,,,,,,,,,,,,,,,,,,,,,,,,,,,,,,,,,,,,,,,,,,,,,,,,,,,,,,,,,,,,,,,,,,,,,,,,,,,,,,,,,,
6Nhu53-vZZo.mp4,10,doing aerobics,A person is dancing,25.0,0.0,10.0,2.88,9.72,72,243,72,89,89,106,106,123,123,140,140,158,158,175,175,192,192,209,209,226,226,243,,,,,,,,,,,,,,,,,,,,,,,,,,,,,,,,,,,,,,,,,,,,,,,,,,,,,,,,,,,,,,,,,,,,,,,,,,,,,,,,,,,,,,,,,,,,,,,,,,,,,,,,,,,,,,,,,,,,,,,,,,
7kJwWpY2IUk.mp4,3,hurdling,A person is jumping,10.0,0.0,9.3,3.6,6.6,36,66,36,46,46,56,56,66,,,,,,,,,,,,,,,,,,,,,,,,,,,,,,,,,,,,,,,,,,,,,,,,,,,,,,,,,,,,,,,,,,,,,,,,,,,,,,,,,,,,,,,,,,,,,,,,,,,,,,,,,,,,,,,,,,,,,,,,,,,,,,,,,,,,,,,,
EL0YuhpJslU.mp4,2,steer roping,A person is tying the animal's legs,30.0,0.0,10.0,9.4,10.0,282,300,282,291,291,300,,,,,,,,,,,,,,,,,,,,,,,,,,,,,,,,,,,,,,,,,,,,,,,,,,,,,,,,,,,,,,,,,,,,,,,,,,,,,,,,,,,,,,,,,,,,,,,,,,,,,,,,,,,,,,,,,,,,,,,,,,,,,,,,,,,,,,,,,,
lzVmKsnzF0Y.mp4,3,smashing,A person is playing the guitar,30.0,0.0,10.0,1.17,2.17,35,65,35,45,45,55,55,65,,,,,,,,,,,,,,,,,,,,,,,,,,,,,,,,,,,,,,,,,,,,,,,,,,,,,,,,,,,,,,,,,,,,,,,,,,,,,,,,,,,,,,,,,,,,,,,,,,,,,,,,,,,,,,,,,,,,,,,,,,,,,,,,,,,,,,,,
LwwkLlu5Gno.mp4,10,playing maracas,A person is waving hisher hand,11.0,0.0,9.27,4.73,8.0,52,88,52,56,56,59,59,63,63,67,67,70,70,74,74,77,77,81,81,84,84,88,,,,,,,,,,,,,,,,,,,,,,,,,,,,,,,,,,,,,,,,,,,,,,,,,,,,,,,,,,,,,,,,,,,,,,,,,,,,,,,,,,,,,,,,,,,,,,,,,,,,,,,,,,,,,,,,,,,,,,,,,,
LPb5FlP6JiM.mp4,2,presenting weather forecast,A person is moving his hands,30.0,0.0,8.8,0.03,3.8,1,114,1,58,58,114,,,,,,,,,,,,,,,,,,,,,,,,,,,,,,,,,,,,,,,,,,,,,,,,,,,,,,,,,,,,,,,,,,,,,,,,,,,,,,,,,,,,,,,,,,,,,,,,,,,,,,,,,,,,,,,,,,,,,,,,,,,,,,,,,,,,,,,,,,
ElRBcnnMw3A.mp4,2,pull ups,A person doing exercise,25.0,0.0,5.6,0.12,1.04,3,26,3,15,15,26,,,,,,,,,,,,,,,,,,,,,,,,,,,,,,,,,,,,,,,,,,,,,,,,,,,,,,,,,,,,,,,,,,,,,,,,,,,,,,,,,,,,,,,,,,,,,,,,,,,,,,,,,,,,,,,,,,,,,,,,,,,,,,,,,,,,,,,,,,
IyEnCfTNaeg.mp4,9,doing nails,A person is applying nail polish,29.97002997002997,0.0,10.01,1.67,7.11,50,213,50,68,68,87,87,105,105,123,123,141,141,159,159,177,177,195,195,213,,,,,,,,,,,,,,,,,,,,,,,,,,,,,,,,,,,,,,,,,,,,,,,,,,,,,,,,,,,,,,,,,,,,,,,,,,,,,,,,,,,,,,,,,,,,,,,,,,,,,,,,,,,,,,,,,,,,,,,,,,,,
hnS3WnEvqiE.mp4,3,fencing (sport),A person is shaking his right hand,25.0,0.0,10.0,1.76,2.32,44,58,44,49,49,53,53,58,,,,,,,,,,,,,,,,,,,,,,,,,,,,,,,,,,,,,,,,,,,,,,,,,,,,,,,,,,,,,,,,,,,,,,,,,,,,,,,,,,,,,,,,,,,,,,,,,,,,,,,,,,,,,,,,,,,,,,,,,,,,,,,,,,,,,,,,
c3qEld6osCs.mp4,2,water sliding,A person is waving,25.0,0.0,10.0,8.92,9.56,223,239,223,231,231,239,,,,,,,,,,,,,,,,,,,,,,,,,,,,,,,,,,,,,,,,,,,,,,,,,,,,,,,,,,,,,,,,,,,,,,,,,,,,,,,,,,,,,,,,,,,,,,,,,,,,,,,,,,,,,,,,,,,,,,,,,,,,,,,,,,,,,,,,,,
AT8sUMY1KPQ.mp4,2,dyeing hair,A girl is applying dye to her hair,29.501,0.0,10.03,0.37,1.29,11,38,11,24,24,38,,,,,,,,,,,,,,,,,,,,,,,,,,,,,,,,,,,,,,,,,,,,,,,,,,,,,,,,,,,,,,,,,,,,,,,,,,,,,,,,,,,,,,,,,,,,,,,,,,,,,,,,,,,,,,,,,,,,,,,,,,,,,,,,,,,,,,,,,,
AhmAibsL_Xs.mp4,3,grooming cat,A person is shaving the cat's hair,30.0,0.0,10.0,0.17,2.2,5,66,5,25,25,46,46,66,,,,,,,,,,,,,,,,,,,,,,,,,,,,,,,,,,,,,,,,,,,,,,,,,,,,,,,,,,,,,,,,,,,,,,,,,,,,,,,,,,,,,,,,,,,,,,,,,,,,,,,,,,,,,,,,,,,,,,,,,,,,,,,,,,,,,,,,
fjVekAxX0hE.mp4,3,dining,A man is mixing the buttermilk,23.976023976023978,0.0,10.01,5.8,8.09,139,194,139,157,157,176,176,194,,,,,,,,,,,,,,,,,,,,,,,,,,,,,,,,,,,,,,,,,,,,,,,,,,,,,,,,,,,,,,,,,,,,,,,,,,,,,,,,,,,,,,,,,,,,,,,,,,,,,,,,,,,,,,,,,,,,,,,,,,,,,,,,,,,,,,,,
jOAKcT7fADc.mp4,8,casting fishing line,A man is pulling the thread,29.666666666666668,0.0,10.01,3.07,7.11,91,211,91,106,106,121,121,136,136,151,151,166,166,181,181,196,196,211,,,,,,,,,,,,,,,,,,,,,,,,,,,,,,,,,,,,,,,,,,,,,,,,,,,,,,,,,,,,,,,,,,,,,,,,,,,,,,,,,,,,,,,,,,,,,,,,,,,,,,,,,,,,,,,,,,,,,,,,,,,,,,
Qf3r5LlsJgk.mp4,2,lighting fire,A boy is lighting a lighter,30.0,0.0,9.77,2.83,3.4,85,102,85,94,94,102,,,,,,,,,,,,,,,,,,,,,,,,,,,,,,,,,,,,,,,,,,,,,,,,,,,,,,,,,,,,,,,,,,,,,,,,,,,,,,,,,,,,,,,,,,,,,,,,,,,,,,,,,,,,,,,,,,,,,,,,,,,,,,,,,,,,,,,,,,
WbIQbwSRJ0E.mp4,7,barbequing,A person is applying spices to a grill,29.97002997002997,0.0,10.01,2.74,4.9,82,147,82,91,91,100,100,110,110,119,119,129,129,138,138,147,,,,,,,,,,,,,,,,,,,,,,,,,,,,,,,,,,,,,,,,,,,,,,,,,,,,,,,,,,,,,,,,,,,,,,,,,,,,,,,,,,,,,,,,,,,,,,,,,,,,,,,,,,,,,,,,,,,,,,,,,,,,,,,,
6udds-7UV1s.mp4,3,making slime,A person is mixing with the spoon,29.0,0.0,10.0,0.1,1.83,3,53,3,20,20,37,37,53,,,,,,,,,,,,,,,,,,,,,,,,,,,,,,,,,,,,,,,,,,,,,,,,,,,,,,,,,,,,,,,,,,,,,,,,,,,,,,,,,,,,,,,,,,,,,,,,,,,,,,,,,,,,,,,,,,,,,,,,,,,,,,,,,,,,,,,,
8mOtZsivYsE.mp4,6,riding mechanical bull,A person is playing with an ox,30.0,0.0,10.0,3.23,9.73,97,292,97,130,130,162,162,194,194,227,227,259,259,292,,,,,,,,,,,,,,,,,,,,,,,,,,,,,,,,,,,,,,,,,,,,,,,,,,,,,,,,,,,,,,,,,,,,,,,,,,,,,,,,,,,,,,,,,,,,,,,,,,,,,,,,,,,,,,,,,,,,,,,,,,,,,,,,,,
IhBGVUQdh1k.mp4,17,spray painting,A person is rotating a spray can with their hand,29.97002997002997,0.0,10.01,0.53,4.2,16,126,16,22,22,29,29,35,35,42,42,48,48,55,55,61,61,67,67,74,74,80,80,87,87,93,93,100,100,106,106,113,113,119,119,126,,,,,,,,,,,,,,,,,,,,,,,,,,,,,,,,,,,,,,,,,,,,,,,,,,,,,,,,,,,,,,,,,,,,,,,,,,,,,,,,,,,,,,,,,,,,,,,,,,,,,,,,,,,,
ARoKq4uIK1w.mp4,2,chasing,A person is running after a hen,29.97002997002997,0.0,10.01,0.33,6.27,10,188,10,99,99,188,,,,,,,,,,,,,,,,,,,,,,,,,,,,,,,,,,,,,,,,,,,,,,,,,,,,,,,,,,,,,,,,,,,,,,,,,,,,,,,,,,,,,,,,,,,,,,,,,,,,,,,,,,,,,,,,,,,,,,,,,,,,,,,,,,,,,,,,,,
qILO7N6mAKU.mp4,15,playing ukulele,A person is playing the guitar,25.0,0.0,10.0,0.2,4.2,5,105,5,12,12,18,18,25,25,32,32,38,38,45,45,52,52,58,58,65,65,72,72,78,78,85,85,92,92,98,98,105,,,,,,,,,,,,,,,,,,,,,,,,,,,,,,,,,,,,,,,,,,,,,,,,,,,,,,,,,,,,,,,,,,,,,,,,,,,,,,,,,,,,,,,,,,,,,,,,,,,,,,,,,,,,,,,,
aiqG1l4C12o.mp4,10,tapping pen,A person is tapping the table with sticks,12.0,0.0,9.17,1.17,4.83,14,58,14,19,19,23,23,28,28,32,32,36,36,41,41,45,45,49,49,54,54,58,,,,,,,,,,,,,,,,,,,,,,,,,,,,,,,,,,,,,,,,,,,,,,,,,,,,,,,,,,,,,,,,,,,,,,,,,,,,,,,,,,,,,,,,,,,,,,,,,,,,,,,,,,,,,,,,,,,,,,,,,,
RzUilK9NAqU.mp4,5,playing hand clapping games,A person is moving his hands,29.97002997002997,0.0,10.01,0.2,3.84,6,115,6,28,28,50,50,71,71,93,93,115,,,,,,,,,,,,,,,,,,,,,,,,,,,,,,,,,,,,,,,,,,,,,,,,,,,,,,,,,,,,,,,,,,,,,,,,,,,,,,,,,,,,,,,,,,,,,,,,,,,,,,,,,,,,,,,,,,,,,,,,,,,,,,,,,,,,
2K6jlXklnSA.mp4,2,frying vegetables,A person is picking broccoli,25.0,0.0,10.0,8.12,9.88,203,247,203,225,225,247,,,,,,,,,,,,,,,,,,,,,,,,,,,,,,,,,,,,,,,,,,,,,,,,,,,,,,,,,,,,,,,,,,,,,,,,,,,,,,,,,,,,,,,,,,,,,,,,,,,,,,,,,,,,,,,,,,,,,,,,,,,,,,,,,,,,,,,,,,
D7o7eeKVqOc.mp4,2,brushing hair,A person is combing his hair,14.666666666666666,0.0,9.68,5.32,6.61,78,97,78,88,88,97,,,,,,,,,,,,,,,,,,,,,,,,,,,,,,,,,,,,,,,,,,,,,,,,,,,,,,,,,,,,,,,,,,,,,,,,,,,,,,,,,,,,,,,,,,,,,,,,,,,,,,,,,,,,,,,,,,,,,,,,,,,,,,,,,,,,,,,,,,
rrMj-3cROkA.mp4,2,dyeing eyebrows,A person is shaping their eyebrow with a brush,28.589,0.0,10.0,0.56,1.64,16,47,16,31,31,47,,,,,,,,,,,,,,,,,,,,,,,,,,,,,,,,,,,,,,,,,,,,,,,,,,,,,,,,,,,,,,,,,,,,,,,,,,,,,,,,,,,,,,,,,,,,,,,,,,,,,,,,,,,,,,,,,,,,,,,,,,,,,,,,,,,,,,,,,,
uRPFzJJ6cM8.mp4,3,headbanging,A person is moving the head,30.0,0.0,10.0,1.33,3.4,40,102,40,60,60,81,81,102,,,,,,,,,,,,,,,,,,,,,,,,,,,,,,,,,,,,,,,,,,,,,,,,,,,,,,,,,,,,,,,,,,,,,,,,,,,,,,,,,,,,,,,,,,,,,,,,,,,,,,,,,,,,,,,,,,,,,,,,,,,,,,,,,,,,,,,,
G7ItKBVAb70.mp4,4,skiing crosscountry,A person is skiing in the snow,29.97002997002997,0.0,10.01,0.27,6.11,8,183,8,52,52,96,96,140,140,183,,,,,,,,,,,,,,,,,,,,,,,,,,,,,,,,,,,,,,,,,,,,,,,,,,,,,,,,,,,,,,,,,,,,,,,,,,,,,,,,,,,,,,,,,,,,,,,,,,,,,,,,,,,,,,,,,,,,,,,,,,,,,,,,,,,,,,
EIyBmEaViPY.mp4,2,shaking hands,A person is moving his hands,7.0,0.0,8.14,4.29,6.14,30,43,30,36,36,43,,,,,,,,,,,,,,,,,,,,,,,,,,,,,,,,,,,,,,,,,,,,,,,,,,,,,,,,,,,,,,,,,,,,,,,,,,,,,,,,,,,,,,,,,,,,,,,,,,,,,,,,,,,,,,,,,,,,,,,,,,,,,,,,,,,,,,,,,,
03do4ZbZrkA.mp4,2,steer roping,A person is beating,29.97002997002997,0.0,10.01,6.67,7.44,200,223,200,212,212,223,,,,,,,,,,,,,,,,,,,,,,,,,,,,,,,,,,,,,,,,,,,,,,,,,,,,,,,,,,,,,,,,,,,,,,,,,,,,,,,,,,,,,,,,,,,,,,,,,,,,,,,,,,,,,,,,,,,,,,,,,,,,,,,,,,,,,,,,,,
eflhm70fnkc.mp4,2,playing cricket,Batsman is hitting the bat on the ground,14.25,0.0,10.04,5.75,8.42,82,120,82,101,101,120,,,,,,,,,,,,,,,,,,,,,,,,,,,,,,,,,,,,,,,,,,,,,,,,,,,,,,,,,,,,,,,,,,,,,,,,,,,,,,,,,,,,,,,,,,,,,,,,,,,,,,,,,,,,,,,,,,,,,,,,,,,,,,,,,,,,,,,,,,
7E-aVSApRYI.mp4,2,stacking cups,A person is placing cups,29.906,0.0,10.03,1.2,2.07,36,62,36,49,49,62,,,,,,,,,,,,,,,,,,,,,,,,,,,,,,,,,,,,,,,,,,,,,,,,,,,,,,,,,,,,,,,,,,,,,,,,,,,,,,,,,,,,,,,,,,,,,,,,,,,,,,,,,,,,,,,,,,,,,,,,,,,,,,,,,,,,,,,,,,
tN6sX00PRkw.mp4,9,headbanging,A person is moving his head,30.0,0.0,10.0,4.03,9.97,121,299,121,141,141,161,161,180,180,200,200,220,220,240,240,259,259,279,279,299,,,,,,,,,,,,,,,,,,,,,,,,,,,,,,,,,,,,,,,,,,,,,,,,,,,,,,,,,,,,,,,,,,,,,,,,,,,,,,,,,,,,,,,,,,,,,,,,,,,,,,,,,,,,,,,,,,,,,,,,,,,,
Xx4O3vMijRc.mp4,8,flipping pancake,A person is shaking the food in a pan,30.0,0.0,9.77,2.57,4.73,77,142,77,85,85,93,93,101,101,109,109,117,117,125,125,133,133,142,,,,,,,,,,,,,,,,,,,,,,,,,,,,,,,,,,,,,,,,,,,,,,,,,,,,,,,,,,,,,,,,,,,,,,,,,,,,,,,,,,,,,,,,,,,,,,,,,,,,,,,,,,,,,,,,,,,,,,,,,,,,,,
J3fE1uR4Iqc.mp4,4,eating ice cream,A person is licking the ice cream,25.0,0.0,10.0,1.24,3.6,31,90,31,46,46,60,60,75,75,90,,,,,,,,,,,,,,,,,,,,,,,,,,,,,,,,,,,,,,,,,,,,,,,,,,,,,,,,,,,,,,,,,,,,,,,,,,,,,,,,,,,,,,,,,,,,,,,,,,,,,,,,,,,,,,,,,,,,,,,,,,,,,,,,,,,,,,
9Xs3y3jYcKE.mp4,6,opening coconuts,A person is cutting a coconut,29.97002997002997,0.0,10.01,0.57,3.6,17,108,17,32,32,47,47,62,62,78,78,93,93,108,,,,,,,,,,,,,,,,,,,,,,,,,,,,,,,,,,,,,,,,,,,,,,,,,,,,,,,,,,,,,,,,,,,,,,,,,,,,,,,,,,,,,,,,,,,,,,,,,,,,,,,,,,,,,,,,,,,,,,,,,,,,,,,,,,
j90GGQtagkg.mp4,5,chopping wood,A person is hitting with the tool,15.0,0.0,10.0,1.2,9.33,18,140,18,42,42,67,67,91,91,116,116,140,,,,,,,,,,,,,,,,,,,,,,,,,,,,,,,,,,,,,,,,,,,,,,,,,,,,,,,,,,,,,,,,,,,,,,,,,,,,,,,,,,,,,,,,,,,,,,,,,,,,,,,,,,,,,,,,,,,,,,,,,,,,,,,,,,,,
mXpQP8xUJ6E.mp4,3,blowing leaves,A person is cleaning in the garden,30.0,0.0,9.6,0.17,4.27,5,128,5,46,46,87,87,128,,,,,,,,,,,,,,,,,,,,,,,,,,,,,,,,,,,,,,,,,,,,,,,,,,,,,,,,,,,,,,,,,,,,,,,,,,,,,,,,,,,,,,,,,,,,,,,,,,,,,,,,,,,,,,,,,,,,,,,,,,,,,,,,,,,,,,,,
i4VGPgmxc94.mp4,2,putting on lipstick,A woman is applying lipstick to her lips,23.976023976023978,0.0,10.01,0.08,3.71,2,89,2,46,46,89,,,,,,,,,,,,,,,,,,,,,,,,,,,,,,,,,,,,,,,,,,,,,,,,,,,,,,,,,,,,,,,,,,,,,,,,,,,,,,,,,,,,,,,,,,,,,,,,,,,,,,,,,,,,,,,,,,,,,,,,,,,,,,,,,,,,,,,,,,
BZpScevi730.mp4,7,cleaning shoes,A person is cleaning the shoes,29.97002997002997,0.0,10.01,0.4,3.57,12,107,12,26,26,39,39,53,53,66,66,80,80,93,93,107,,,,,,,,,,,,,,,,,,,,,,,,,,,,,,,,,,,,,,,,,,,,,,,,,,,,,,,,,,,,,,,,,,,,,,,,,,,,,,,,,,,,,,,,,,,,,,,,,,,,,,,,,,,,,,,,,,,,,,,,,,,,,,,,
u2aNYQdwgCc.mp4,4,swimming backstroke,A person is swimming in the pool,30.0,0.0,10.0,0.77,7.03,23,211,23,70,70,117,117,164,164,211,,,,,,,,,,,,,,,,,,,,,,,,,,,,,,,,,,,,,,,,,,,,,,,,,,,,,,,,,,,,,,,,,,,,,,,,,,,,,,,,,,,,,,,,,,,,,,,,,,,,,,,,,,,,,,,,,,,,,,,,,,,,,,,,,,,,,,
KsTnNqhZaHg.mp4,3,crossing eyes,A person is moving the left eye ball,22.166666666666668,0.0,9.52,0.9,3.47,20,77,20,39,39,58,58,77,,,,,,,,,,,,,,,,,,,,,,,,,,,,,,,,,,,,,,,,,,,,,,,,,,,,,,,,,,,,,,,,,,,,,,,,,,,,,,,,,,,,,,,,,,,,,,,,,,,,,,,,,,,,,,,,,,,,,,,,,,,,,,,,,,,,,,,,
Myp6jG5hm_E.mp4,2,playing rubiks cube,A person is playing with the cube,30.0,0.0,10.0,0.27,3.53,8,106,8,57,57,106,,,,,,,,,,,,,,,,,,,,,,,,,,,,,,,,,,,,,,,,,,,,,,,,,,,,,,,,,,,,,,,,,,,,,,,,,,,,,,,,,,,,,,,,,,,,,,,,,,,,,,,,,,,,,,,,,,,,,,,,,,,,,,,,,,,,,,,,,,
X-mPcI0q4aE.mp4,3,singing,A woman is waving her hand,29.97002997002997,0.0,9.61,8.44,9.11,253,273,253,260,260,267,267,273,,,,,,,,,,,,,,,,,,,,,,,,,,,,,,,,,,,,,,,,,,,,,,,,,,,,,,,,,,,,,,,,,,,,,,,,,,,,,,,,,,,,,,,,,,,,,,,,,,,,,,,,,,,,,,,,,,,,,,,,,,,,,,,,,,,,,,,,
DblyPWY_NOc.mp4,3,acting in play,A person is dancing,29.97002997002997,0.0,10.01,1.57,5.11,47,153,47,82,82,118,118,153,,,,,,,,,,,,,,,,,,,,,,,,,,,,,,,,,,,,,,,,,,,,,,,,,,,,,,,,,,,,,,,,,,,,,,,,,,,,,,,,,,,,,,,,,,,,,,,,,,,,,,,,,,,,,,,,,,,,,,,,,,,,,,,,,,,,,,,,
tPLLge9jc3k.mp4,2,bench pressing,A person is lifting weights,29.97002997002997,0.0,10.01,5.71,9.81,171,294,171,233,233,294,,,,,,,,,,,,,,,,,,,,,,,,,,,,,,,,,,,,,,,,,,,,,,,,,,,,,,,,,,,,,,,,,,,,,,,,,,,,,,,,,,,,,,,,,,,,,,,,,,,,,,,,,,,,,,,,,,,,,,,,,,,,,,,,,,,,,,,,,,
7E1_W_rN_MY.mp4,7,dribbling basketball,A person is playing basketball,30.0,0.0,10.0,1.73,4.47,52,134,52,63,63,75,75,87,87,99,99,111,111,123,123,134,,,,,,,,,,,,,,,,,,,,,,,,,,,,,,,,,,,,,,,,,,,,,,,,,,,,,,,,,,,,,,,,,,,,,,,,,,,,,,,,,,,,,,,,,,,,,,,,,,,,,,,,,,,,,,,,,,,,,,,,,,,,,,,,
W_cYDcqyC74.mp4,2,cosplaying,A person is rotating the object with the right hand,30.0,0.0,10.0,5.53,7.0,166,210,166,188,188,210,,,,,,,,,,,,,,,,,,,,,,,,,,,,,,,,,,,,,,,,,,,,,,,,,,,,,,,,,,,,,,,,,,,,,,,,,,,,,,,,,,,,,,,,,,,,,,,,,,,,,,,,,,,,,,,,,,,,,,,,,,,,,,,,,,,,,,,,,,
7xR7tO-TUSw.mp4,3,breaking glass,A person is hitting the object with a hammer,29.97002997002997,0.0,9.81,2.8,4.1,84,123,84,97,97,110,110,123,,,,,,,,,,,,,,,,,,,,,,,,,,,,,,,,,,,,,,,,,,,,,,,,,,,,,,,,,,,,,,,,,,,,,,,,,,,,,,,,,,,,,,,,,,,,,,,,,,,,,,,,,,,,,,,,,,,,,,,,,,,,,,,,,,,,,,,,
O6FexsCL2N8.mp4,3,sweeping floor,A person is sweeping the ground,24.0,0.0,10.0,0.17,3.42,4,82,4,30,30,56,56,82,,,,,,,,,,,,,,,,,,,,,,,,,,,,,,,,,,,,,,,,,,,,,,,,,,,,,,,,,,,,,,,,,,,,,,,,,,,,,,,,,,,,,,,,,,,,,,,,,,,,,,,,,,,,,,,,,,,,,,,,,,,,,,,,,,,,,,,,
pWstvEw3WVw.mp4,2,cracking neck,A person is pressing their neck with their hands,14.985014985014985,0.0,10.01,3.07,4.14,46,62,46,54,54,62,,,,,,,,,,,,,,,,,,,,,,,,,,,,,,,,,,,,,,,,,,,,,,,,,,,,,,,,,,,,,,,,,,,,,,,,,,,,,,,,,,,,,,,,,,,,,,,,,,,,,,,,,,,,,,,,,,,,,,,,,,,,,,,,,,,,,,,,,,
D6Pj-E9pdj8.mp4,2,slapping,A person is moving his hand,30.0,0.0,10.0,3.17,6.07,95,182,95,139,139,182,,,,,,,,,,,,,,,,,,,,,,,,,,,,,,,,,,,,,,,,,,,,,,,,,,,,,,,,,,,,,,,,,,,,,,,,,,,,,,,,,,,,,,,,,,,,,,,,,,,,,,,,,,,,,,,,,,,,,,,,,,,,,,,,,,,,,,,,,,
nTaJy7GZZOg.mp4,11,using a sledge hammer,A person is hitting the tyre,27.027,0.0,10.03,1.0,9.99,27,270,27,49,49,71,71,93,93,115,115,138,138,160,160,182,182,204,204,226,226,248,248,270,,,,,,,,,,,,,,,,,,,,,,,,,,,,,,,,,,,,,,,,,,,,,,,,,,,,,,,,,,,,,,,,,,,,,,,,,,,,,,,,,,,,,,,,,,,,,,,,,,,,,,,,,,,,,,,,,,,,,,,,
Pfx9gvIWlrI.mp4,4,jogging,A person is doing exercise,30.0,0.0,10.0,3.83,10.0,115,300,115,161,161,208,208,254,254,300,,,,,,,,,,,,,,,,,,,,,,,,,,,,,,,,,,,,,,,,,,,,,,,,,,,,,,,,,,,,,,,,,,,,,,,,,,,,,,,,,,,,,,,,,,,,,,,,,,,,,,,,,,,,,,,,,,,,,,,,,,,,,,,,,,,,,,
8Gmc4e5w8Lk.mp4,3,tapping pen,A person is moving the left hand,30.0,0.0,10.0,8.33,9.6,250,288,250,262,262,275,275,288,,,,,,,,,,,,,,,,,,,,,,,,,,,,,,,,,,,,,,,,,,,,,,,,,,,,,,,,,,,,,,,,,,,,,,,,,,,,,,,,,,,,,,,,,,,,,,,,,,,,,,,,,,,,,,,,,,,,,,,,,,,,,,,,,,,,,,,,
IKlJBAICvtI.mp4,3,moon walking,A person is doing the moonwalk,29.97002997002997,0.0,10.01,2.67,5.91,80,177,80,113,113,145,145,177,,,,,,,,,,,,,,,,,,,,,,,,,,,,,,,,,,,,,,,,,,,,,,,,,,,,,,,,,,,,,,,,,,,,,,,,,,,,,,,,,,,,,,,,,,,,,,,,,,,,,,,,,,,,,,,,,,,,,,,,,,,,,,,,,,,,,,,,
WpxMt3U3TOY.mp4,3,skiing mono,A person is skiing,10.0,0.0,8.8,0.2,5.0,2,50,2,18,18,34,34,50,,,,,,,,,,,,,,,,,,,,,,,,,,,,,,,,,,,,,,,,,,,,,,,,,,,,,,,,,,,,,,,,,,,,,,,,,,,,,,,,,,,,,,,,,,,,,,,,,,,,,,,,,,,,,,,,,,,,,,,,,,,,,,,,,,,,,,,,
4rOOszniWCU.mp4,2,roller skating,A person is skating,28.97102897102897,0.0,9.01,0.59,2.97,17,86,17,52,52,86,,,,,,,,,,,,,,,,,,,,,,,,,,,,,,,,,,,,,,,,,,,,,,,,,,,,,,,,,,,,,,,,,,,,,,,,,,,,,,,,,,,,,,,,,,,,,,,,,,,,,,,,,,,,,,,,,,,,,,,,,,,,,,,,,,,,,,,,,,
DI0VyqOmVXw.mp4,17,skipping rope,A person is skipping,30.0,0.0,10.0,0.03,9.73,1,292,1,18,18,35,35,52,52,70,70,87,87,104,104,121,121,138,138,155,155,172,172,189,189,206,206,223,223,240,240,257,257,275,275,292,,,,,,,,,,,,,,,,,,,,,,,,,,,,,,,,,,,,,,,,,,,,,,,,,,,,,,,,,,,,,,,,,,,,,,,,,,,,,,,,,,,,,,,,,,,,,,,,,,,,,,,,,,,,
lj_CJ9ojEaQ.mp4,10,gospel singing in church,A person is shaking the hand,29.97002997002997,0.0,10.01,1.53,5.17,46,155,46,56,56,67,67,78,78,89,89,100,100,111,111,122,122,133,133,144,144,155,,,,,,,,,,,,,,,,,,,,,,,,,,,,,,,,,,,,,,,,,,,,,,,,,,,,,,,,,,,,,,,,,,,,,,,,,,,,,,,,,,,,,,,,,,,,,,,,,,,,,,,,,,,,,,,,,,,,,,,,,,
4196A2ZUA8s.mp4,3,cooking chicken,A person is tapping with their fingers,29.97002997002997,0.0,10.01,1.17,2.2,35,66,35,45,45,56,56,66,,,,,,,,,,,,,,,,,,,,,,,,,,,,,,,,,,,,,,,,,,,,,,,,,,,,,,,,,,,,,,,,,,,,,,,,,,,,,,,,,,,,,,,,,,,,,,,,,,,,,,,,,,,,,,,,,,,,,,,,,,,,,,,,,,,,,,,,
9EaylcOtNp0.mp4,3,breakdancing,A woman is rotating her body on the floor,30.0,0.0,10.0,7.2,10.0,216,300,216,244,244,272,272,300,,,,,,,,,,,,,,,,,,,,,,,,,,,,,,,,,,,,,,,,,,,,,,,,,,,,,,,,,,,,,,,,,,,,,,,,,,,,,,,,,,,,,,,,,,,,,,,,,,,,,,,,,,,,,,,,,,,,,,,,,,,,,,,,,,,,,,,,
cw1VFnnXKZY.mp4,2,punching bag,A person is playing kick boxing,29.97002997002997,0.0,10.01,4.6,6.61,138,198,138,168,168,198,,,,,,,,,,,,,,,,,,,,,,,,,,,,,,,,,,,,,,,,,,,,,,,,,,,,,,,,,,,,,,,,,,,,,,,,,,,,,,,,,,,,,,,,,,,,,,,,,,,,,,,,,,,,,,,,,,,,,,,,,,,,,,,,,,,,,,,,,,
i5oQAHVPk7E.mp4,2,falling off bike,A person is moving the cycle with his leg,24.0,0.0,9.54,0.58,2.13,14,51,14,33,33,51,,,,,,,,,,,,,,,,,,,,,,,,,,,,,,,,,,,,,,,,,,,,,,,,,,,,,,,,,,,,,,,,,,,,,,,,,,,,,,,,,,,,,,,,,,,,,,,,,,,,,,,,,,,,,,,,,,,,,,,,,,,,,,,,,,,,,,,,,,
zvMqDtOSKLg.mp4,4,petting cat,A person is pampering a cat,29.97002997002997,0.0,10.01,8.27,9.88,248,296,248,260,260,272,272,284,284,296,,,,,,,,,,,,,,,,,,,,,,,,,,,,,,,,,,,,,,,,,,,,,,,,,,,,,,,,,,,,,,,,,,,,,,,,,,,,,,,,,,,,,,,,,,,,,,,,,,,,,,,,,,,,,,,,,,,,,,,,,,,,,,,,,,,,,,
8o8m_81Az28.mp4,4,waxing back,A person is rubbing with his hand,30.0,0.0,10.0,1.4,4.93,42,148,42,68,68,95,95,121,121,148,,,,,,,,,,,,,,,,,,,,,,,,,,,,,,,,,,,,,,,,,,,,,,,,,,,,,,,,,,,,,,,,,,,,,,,,,,,,,,,,,,,,,,,,,,,,,,,,,,,,,,,,,,,,,,,,,,,,,,,,,,,,,,,,,,,,,,
dBinq7_YwRg.mp4,2,shooting basketball,A kid is playing basketball,14.667,0.0,9.34,1.23,2.39,18,35,18,26,26,35,,,,,,,,,,,,,,,,,,,,,,,,,,,,,,,,,,,,,,,,,,,,,,,,,,,,,,,,,,,,,,,,,,,,,,,,,,,,,,,,,,,,,,,,,,,,,,,,,,,,,,,,,,,,,,,,,,,,,,,,,,,,,,,,,,,,,,,,,,
Jm8UbJ-WRfo.mp4,4,blasting sand,A person is painting,29.97002997002997,0.0,10.01,0.03,4.7,1,141,1,36,36,71,71,106,106,141,,,,,,,,,,,,,,,,,,,,,,,,,,,,,,,,,,,,,,,,,,,,,,,,,,,,,,,,,,,,,,,,,,,,,,,,,,,,,,,,,,,,,,,,,,,,,,,,,,,,,,,,,,,,,,,,,,,,,,,,,,,,,,,,,,,,,,
7v0ZB3vkqpA.mp4,13,slicing onion,A person is cutting onions,30.0,0.0,9.13,0.03,4.0,1,120,1,10,10,19,19,29,29,38,38,47,47,56,56,65,65,74,74,83,83,93,93,102,102,111,111,120,,,,,,,,,,,,,,,,,,,,,,,,,,,,,,,,,,,,,,,,,,,,,,,,,,,,,,,,,,,,,,,,,,,,,,,,,,,,,,,,,,,,,,,,,,,,,,,,,,,,,,,,,,,,,,,,,,,,
ADtYZmfgeSM.mp4,10,battle rope training,The person is waving the rope,29.97002997002997,0.0,9.54,0.03,3.5,1,105,1,12,12,22,22,32,32,43,43,53,53,64,64,74,74,85,85,95,95,105,,,,,,,,,,,,,,,,,,,,,,,,,,,,,,,,,,,,,,,,,,,,,,,,,,,,,,,,,,,,,,,,,,,,,,,,,,,,,,,,,,,,,,,,,,,,,,,,,,,,,,,,,,,,,,,,,,,,,,,,,,
8B_SoHxUENE.mp4,2,playing organ,A person is pressing the piano keys,29.97002997002997,0.0,10.01,6.87,8.61,206,258,206,232,232,258,,,,,,,,,,,,,,,,,,,,,,,,,,,,,,,,,,,,,,,,,,,,,,,,,,,,,,,,,,,,,,,,,,,,,,,,,,,,,,,,,,,,,,,,,,,,,,,,,,,,,,,,,,,,,,,,,,,,,,,,,,,,,,,,,,,,,,,,,,
fE_X7--wTxs.mp4,2,deadlifting,A person is exercising,29.97002997002997,0.0,10.01,1.47,7.07,44,212,44,128,128,212,,,,,,,,,,,,,,,,,,,,,,,,,,,,,,,,,,,,,,,,,,,,,,,,,,,,,,,,,,,,,,,,,,,,,,,,,,,,,,,,,,,,,,,,,,,,,,,,,,,,,,,,,,,,,,,,,,,,,,,,,,,,,,,,,,,,,,,,,,
OD9eGK6Gec0.mp4,7,doing nails,A person is doing nail polish,29.97002997002997,0.0,10.01,0.97,3.24,29,97,29,39,39,48,48,58,58,68,68,78,78,87,87,97,,,,,,,,,,,,,,,,,,,,,,,,,,,,,,,,,,,,,,,,,,,,,,,,,,,,,,,,,,,,,,,,,,,,,,,,,,,,,,,,,,,,,,,,,,,,,,,,,,,,,,,,,,,,,,,,,,,,,,,,,,,,,,,,
M0rxrD-jSpc.mp4,2,playing scrabble,A person is placing the coins on the board,29.97002997002997,0.0,6.57,3.07,4.84,92,145,92,119,119,145,,,,,,,,,,,,,,,,,,,,,,,,,,,,,,,,,,,,,,,,,,,,,,,,,,,,,,,,,,,,,,,,,,,,,,,,,,,,,,,,,,,,,,,,,,,,,,,,,,,,,,,,,,,,,,,,,,,,,,,,,,,,,,,,,,,,,,,,,,
BbrwxxyIDPg.mp4,3,milking goat,A person is rubbing meat,30.0,0.0,10.0,2.07,6.17,62,185,62,103,103,144,144,185,,,,,,,,,,,,,,,,,,,,,,,,,,,,,,,,,,,,,,,,,,,,,,,,,,,,,,,,,,,,,,,,,,,,,,,,,,,,,,,,,,,,,,,,,,,,,,,,,,,,,,,,,,,,,,,,,,,,,,,,,,,,,,,,,,,,,,,,
BrloXzK2grQ.mp4,3,decoupage,A person is painting with a brush,29.372,0.0,10.01,0.17,0.92,5,27,5,12,12,20,20,27,,,,,,,,,,,,,,,,,,,,,,,,,,,,,,,,,,,,,,,,,,,,,,,,,,,,,,,,,,,,,,,,,,,,,,,,,,,,,,,,,,,,,,,,,,,,,,,,,,,,,,,,,,,,,,,,,,,,,,,,,,,,,,,,,,,,,,,,
BCv5DhgWP0c.mp4,4,seasoning food,A person is mixing the flour with both hands,25.0,0.0,10.0,4.04,5.48,101,137,101,110,110,119,119,128,128,137,,,,,,,,,,,,,,,,,,,,,,,,,,,,,,,,,,,,,,,,,,,,,,,,,,,,,,,,,,,,,,,,,,,,,,,,,,,,,,,,,,,,,,,,,,,,,,,,,,,,,,,,,,,,,,,,,,,,,,,,,,,,,,,,,,,,,,
mhmFO3qWr9Y.mp4,6,poking bellybutton,A person is rubbing,19.594,0.0,10.0,0.05,2.86,1,56,1,10,10,19,19,29,29,38,38,47,47,56,,,,,,,,,,,,,,,,,,,,,,,,,,,,,,,,,,,,,,,,,,,,,,,,,,,,,,,,,,,,,,,,,,,,,,,,,,,,,,,,,,,,,,,,,,,,,,,,,,,,,,,,,,,,,,,,,,,,,,,,,,,,,,,,,,
cly-JfeXzZM.mp4,3,cleaning shoes,A person is pressing the shoe,30.0,0.0,10.0,0.6,2.43,18,73,18,36,36,55,55,73,,,,,,,,,,,,,,,,,,,,,,,,,,,,,,,,,,,,,,,,,,,,,,,,,,,,,,,,,,,,,,,,,,,,,,,,,,,,,,,,,,,,,,,,,,,,,,,,,,,,,,,,,,,,,,,,,,,,,,,,,,,,,,,,,,,,,,,,
HJe9YOvzJPU.mp4,7,clapping,A person is clapping,30.0,0.0,10.0,3.03,7.73,91,232,91,111,111,131,131,151,151,171,171,191,191,212,212,232,,,,,,,,,,,,,,,,,,,,,,,,,,,,,,,,,,,,,,,,,,,,,,,,,,,,,,,,,,,,,,,,,,,,,,,,,,,,,,,,,,,,,,,,,,,,,,,,,,,,,,,,,,,,,,,,,,,,,,,,,,,,,,,,
wYK_7na0Jns.mp4,4,belly dancing,A woman is waving her hands,14.0,0.0,10.0,2.21,3.93,31,55,31,37,37,43,43,49,49,55,,,,,,,,,,,,,,,,,,,,,,,,,,,,,,,,,,,,,,,,,,,,,,,,,,,,,,,,,,,,,,,,,,,,,,,,,,,,,,,,,,,,,,,,,,,,,,,,,,,,,,,,,,,,,,,,,,,,,,,,,,,,,,,,,,,,,,
8Wg6VOvmS-k.mp4,4,moving baby,A kid is playing,29.97002997002997,0.0,10.01,7.51,9.91,225,297,225,243,243,261,261,279,279,297,,,,,,,,,,,,,,,,,,,,,,,,,,,,,,,,,,,,,,,,,,,,,,,,,,,,,,,,,,,,,,,,,,,,,,,,,,,,,,,,,,,,,,,,,,,,,,,,,,,,,,,,,,,,,,,,,,,,,,,,,,,,,,,,,,,,,,
EIOE8RdJxwo.mp4,2,ironing hair,A person is combing hair,29.97002997002997,0.0,10.01,0.6,3.77,18,113,18,65,65,113,,,,,,,,,,,,,,,,,,,,,,,,,,,,,,,,,,,,,,,,,,,,,,,,,,,,,,,,,,,,,,,,,,,,,,,,,,,,,,,,,,,,,,,,,,,,,,,,,,,,,,,,,,,,,,,,,,,,,,,,,,,,,,,,,,,,,,,,,,
S3CvVt6Fglw.mp4,20,tiptoeing,A person is dancing,29.97002997002997,0.0,9.04,2.27,8.58,68,257,68,78,78,87,87,97,97,106,106,115,115,125,125,134,134,144,144,153,153,162,162,172,172,181,181,191,191,200,200,209,209,219,219,228,228,238,238,247,247,257,,,,,,,,,,,,,,,,,,,,,,,,,,,,,,,,,,,,,,,,,,,,,,,,,,,,,,,,,,,,,,,,,,,,,,,,,,,,,,,,,,,,,,,,,,,,,,,,,,,,,,
OmUveSMYAgI.mp4,2,opening present,A boy is moving the package,30.0,0.0,10.0,0.03,0.93,1,28,1,14,14,28,,,,,,,,,,,,,,,,,,,,,,,,,,,,,,,,,,,,,,,,,,,,,,,,,,,,,,,,,,,,,,,,,,,,,,,,,,,,,,,,,,,,,,,,,,,,,,,,,,,,,,,,,,,,,,,,,,,,,,,,,,,,,,,,,,,,,,,,,,
8NIH59_H8A4.mp4,5,high fiving,A kid is beating a person's hand,30.0,0.0,10.0,0.03,2.43,1,73,1,16,16,30,30,44,44,59,59,73,,,,,,,,,,,,,,,,,,,,,,,,,,,,,,,,,,,,,,,,,,,,,,,,,,,,,,,,,,,,,,,,,,,,,,,,,,,,,,,,,,,,,,,,,,,,,,,,,,,,,,,,,,,,,,,,,,,,,,,,,,,,,,,,,,,,
rac2EWZexFk.mp4,6,swimming butterfly stroke,A person is swimming in the water,29.97002997002997,0.0,9.44,0.03,7.67,1,230,1,39,39,78,78,116,116,154,154,192,192,230,,,,,,,,,,,,,,,,,,,,,,,,,,,,,,,,,,,,,,,,,,,,,,,,,,,,,,,,,,,,,,,,,,,,,,,,,,,,,,,,,,,,,,,,,,,,,,,,,,,,,,,,,,,,,,,,,,,,,,,,,,,,,,,,,,
sM0D_NhLNsY.mp4,3,waving hand,A baby is shaking her hand,30.0,0.0,10.0,4.6,6.57,138,197,138,158,158,177,177,197,,,,,,,,,,,,,,,,,,,,,,,,,,,,,,,,,,,,,,,,,,,,,,,,,,,,,,,,,,,,,,,,,,,,,,,,,,,,,,,,,,,,,,,,,,,,,,,,,,,,,,,,,,,,,,,,,,,,,,,,,,,,,,,,,,,,,,,,
liZ-1DXKR7E.mp4,3,fixing hair,The girl is keeping powder in her hair,29.97002997002997,0.0,10.01,4.77,5.67,143,170,143,152,152,161,161,170,,,,,,,,,,,,,,,,,,,,,,,,,,,,,,,,,,,,,,,,,,,,,,,,,,,,,,,,,,,,,,,,,,,,,,,,,,,,,,,,,,,,,,,,,,,,,,,,,,,,,,,,,,,,,,,,,,,,,,,,,,,,,,,,,,,,,,,,
paru6-2Q7rM.mp4,4,curling (sport),A person is flying the flag,29.97002997002997,0.0,9.28,1.2,4.44,36,133,36,60,60,85,85,109,109,133,,,,,,,,,,,,,,,,,,,,,,,,,,,,,,,,,,,,,,,,,,,,,,,,,,,,,,,,,,,,,,,,,,,,,,,,,,,,,,,,,,,,,,,,,,,,,,,,,,,,,,,,,,,,,,,,,,,,,,,,,,,,,,,,,,,,,,
JyJIwnu8o20.mp4,3,bouncing on bouncy castle,A person is jumping,26.333333333333332,0.0,10.03,3.8,5.85,100,154,100,118,118,136,136,154,,,,,,,,,,,,,,,,,,,,,,,,,,,,,,,,,,,,,,,,,,,,,,,,,,,,,,,,,,,,,,,,,,,,,,,,,,,,,,,,,,,,,,,,,,,,,,,,,,,,,,,,,,,,,,,,,,,,,,,,,,,,,,,,,,,,,,,,
KbFupBYRHww.mp4,2,lunge,A person is exercising with dumbbells,29.97002997002997,0.0,10.01,0.03,9.38,1,281,1,141,141,281,,,,,,,,,,,,,,,,,,,,,,,,,,,,,,,,,,,,,,,,,,,,,,,,,,,,,,,,,,,,,,,,,,,,,,,,,,,,,,,,,,,,,,,,,,,,,,,,,,,,,,,,,,,,,,,,,,,,,,,,,,,,,,,,,,,,,,,,,,
JUKJ9wpmW3U.mp4,3,massaging neck,A person is rubbing their neck,29.97002997002997,0.0,10.01,1.13,4.2,34,126,34,64,64,95,95,126,,,,,,,,,,,,,,,,,,,,,,,,,,,,,,,,,,,,,,,,,,,,,,,,,,,,,,,,,,,,,,,,,,,,,,,,,,,,,,,,,,,,,,,,,,,,,,,,,,,,,,,,,,,,,,,,,,,,,,,,,,,,,,,,,,,,,,,,
FVObpIuZ7RY.mp4,5,putting on foundation,A woman is doing her makeup with a brush,25.0,0.0,9.92,2.04,2.92,51,73,51,55,55,60,60,64,64,69,69,73,,,,,,,,,,,,,,,,,,,,,,,,,,,,,,,,,,,,,,,,,,,,,,,,,,,,,,,,,,,,,,,,,,,,,,,,,,,,,,,,,,,,,,,,,,,,,,,,,,,,,,,,,,,,,,,,,,,,,,,,,,,,,,,,,,,,
EmjxfaAZ2Uk.mp4,3,playing cymbals,A person is playing drums,29.97002997002997,0.0,9.44,0.17,1.63,5,49,5,20,20,34,34,49,,,,,,,,,,,,,,,,,,,,,,,,,,,,,,,,,,,,,,,,,,,,,,,,,,,,,,,,,,,,,,,,,,,,,,,,,,,,,,,,,,,,,,,,,,,,,,,,,,,,,,,,,,,,,,,,,,,,,,,,,,,,,,,,,,,,,,,,
DQofiIXC_oQ.mp4,6,trimming or shaving beard,A person is shaving,29.431,0.0,9.0,0.03,2.11,1,62,1,11,11,22,22,32,32,42,42,52,52,62,,,,,,,,,,,,,,,,,,,,,,,,,,,,,,,,,,,,,,,,,,,,,,,,,,,,,,,,,,,,,,,,,,,,,,,,,,,,,,,,,,,,,,,,,,,,,,,,,,,,,,,,,,,,,,,,,,,,,,,,,,,,,,,,,,
9h7vVE_oIZU.mp4,6,making latte art,A person is pouring the milk,30.0,0.0,10.0,0.03,9.67,1,290,1,49,49,98,98,146,146,194,194,242,242,290,,,,,,,,,,,,,,,,,,,,,,,,,,,,,,,,,,,,,,,,,,,,,,,,,,,,,,,,,,,,,,,,,,,,,,,,,,,,,,,,,,,,,,,,,,,,,,,,,,,,,,,,,,,,,,,,,,,,,,,,,,,,,,,,,,
aZt4K4tdX-c.mp4,6,herding cattle,A person is rubbing a buffalo,29.97002997002997,0.0,10.01,2.34,4.2,70,126,70,79,79,88,88,98,98,107,107,116,116,126,,,,,,,,,,,,,,,,,,,,,,,,,,,,,,,,,,,,,,,,,,,,,,,,,,,,,,,,,,,,,,,,,,,,,,,,,,,,,,,,,,,,,,,,,,,,,,,,,,,,,,,,,,,,,,,,,,,,,,,,,,,,,,,,,,
fszV7d7MVF8.mp4,3,jumping jacks,A woman is doing exercise,30.0,0.0,9.5,0.27,4.0,8,120,8,46,46,83,83,120,,,,,,,,,,,,,,,,,,,,,,,,,,,,,,,,,,,,,,,,,,,,,,,,,,,,,,,,,,,,,,,,,,,,,,,,,,,,,,,,,,,,,,,,,,,,,,,,,,,,,,,,,,,,,,,,,,,,,,,,,,,,,,,,,,,,,,,,
S9fAZadvBzw.mp4,3,using a paint roller,A person is painting with a roller,25.0,0.0,10.0,2.68,5.16,67,129,67,88,88,108,108,129,,,,,,,,,,,,,,,,,,,,,,,,,,,,,,,,,,,,,,,,,,,,,,,,,,,,,,,,,,,,,,,,,,,,,,,,,,,,,,,,,,,,,,,,,,,,,,,,,,,,,,,,,,,,,,,,,,,,,,,,,,,,,,,,,,,,,,,,
i1dANwO_TNQ.mp4,6,throwing knife,A person is throwing a knife towards the plate,29.97002997002997,0.0,10.01,0.17,8.84,5,265,5,48,48,92,92,135,135,178,178,222,222,265,,,,,,,,,,,,,,,,,,,,,,,,,,,,,,,,,,,,,,,,,,,,,,,,,,,,,,,,,,,,,,,,,,,,,,,,,,,,,,,,,,,,,,,,,,,,,,,,,,,,,,,,,,,,,,,,,,,,,,,,,,,,,,,,,,
h15RDDfnI2g.mp4,6,playing drums,A person is beating with the stick,25.0,0.0,10.0,0.32,2.28,8,57,8,16,16,24,24,32,32,41,41,49,49,57,,,,,,,,,,,,,,,,,,,,,,,,,,,,,,,,,,,,,,,,,,,,,,,,,,,,,,,,,,,,,,,,,,,,,,,,,,,,,,,,,,,,,,,,,,,,,,,,,,,,,,,,,,,,,,,,,,,,,,,,,,,,,,,,,,
q58v2s6ra68.mp4,2,carrying baby,A baby was jumping up and down,16.666666666666668,0.0,10.02,0.18,1.68,3,28,3,16,16,28,,,,,,,,,,,,,,,,,,,,,,,,,,,,,,,,,,,,,,,,,,,,,,,,,,,,,,,,,,,,,,,,,,,,,,,,,,,,,,,,,,,,,,,,,,,,,,,,,,,,,,,,,,,,,,,,,,,,,,,,,,,,,,,,,,,,,,,,,,
DA6N2ebQ8WA.mp4,2,push up,A person is doing the push-ups,29.97002997002997,0.0,9.11,0.13,4.2,4,126,4,65,65,126,,,,,,,,,,,,,,,,,,,,,,,,,,,,,,,,,,,,,,,,,,,,,,,,,,,,,,,,,,,,,,,,,,,,,,,,,,,,,,,,,,,,,,,,,,,,,,,,,,,,,,,,,,,,,,,,,,,,,,,,,,,,,,,,,,,,,,,,,,
lioRJ7ojDP8.mp4,2,building sandcastle,A person is moving the hands,29.943,0.0,9.45,2.17,3.91,65,117,65,91,91,117,,,,,,,,,,,,,,,,,,,,,,,,,,,,,,,,,,,,,,,,,,,,,,,,,,,,,,,,,,,,,,,,,,,,,,,,,,,,,,,,,,,,,,,,,,,,,,,,,,,,,,,,,,,,,,,,,,,,,,,,,,,,,,,,,,,,,,,,,,
7tgUJGpuhVE.mp4,2,checking watch,A person is hitting the watch with his finger,30.0,0.0,10.0,0.4,0.93,12,28,12,20,20,28,,,,,,,,,,,,,,,,,,,,,,,,,,,,,,,,,,,,,,,,,,,,,,,,,,,,,,,,,,,,,,,,,,,,,,,,,,,,,,,,,,,,,,,,,,,,,,,,,,,,,,,,,,,,,,,,,,,,,,,,,,,,,,,,,,,,,,,,,,
99YIJkfipxs.mp4,3,doing aerobics,A person is doing exercise,30.0,0.0,10.0,0.23,4.87,7,146,7,54,54,100,100,146,,,,,,,,,,,,,,,,,,,,,,,,,,,,,,,,,,,,,,,,,,,,,,,,,,,,,,,,,,,,,,,,,,,,,,,,,,,,,,,,,,,,,,,,,,,,,,,,,,,,,,,,,,,,,,,,,,,,,,,,,,,,,,,,,,,,,,,,
kf4oaFVSILg.mp4,2,lunge,A person is exercising with a weight in his hand,20.0,0.0,4.25,0.05,3.35,1,67,1,34,34,67,,,,,,,,,,,,,,,,,,,,,,,,,,,,,,,,,,,,,,,,,,,,,,,,,,,,,,,,,,,,,,,,,,,,,,,,,,,,,,,,,,,,,,,,,,,,,,,,,,,,,,,,,,,,,,,,,,,,,,,,,,,,,,,,,,,,,,,,,,
YOMZ0R8NG6s.mp4,3,playing darts,A person is moving the right hand,30.0,0.0,10.0,0.03,1.17,1,35,1,12,12,24,24,35,,,,,,,,,,,,,,,,,,,,,,,,,,,,,,,,,,,,,,,,,,,,,,,,,,,,,,,,,,,,,,,,,,,,,,,,,,,,,,,,,,,,,,,,,,,,,,,,,,,,,,,,,,,,,,,,,,,,,,,,,,,,,,,,,,,,,,,,
fdmzDARpAng.mp4,4,pull ups,A person is doing pull-ups,29.97002997002997,0.0,10.01,0.73,9.98,22,299,22,91,91,160,160,229,229,299,,,,,,,,,,,,,,,,,,,,,,,,,,,,,,,,,,,,,,,,,,,,,,,,,,,,,,,,,,,,,,,,,,,,,,,,,,,,,,,,,,,,,,,,,,,,,,,,,,,,,,,,,,,,,,,,,,,,,,,,,,,,,,,,,,,,,,
gDDrFS1nu5U.mp4,4,side kick,A person is doing exercises,29.97002997002997,0.0,9.01,3.14,8.68,94,260,94,135,135,177,177,218,218,260,,,,,,,,,,,,,,,,,,,,,,,,,,,,,,,,,,,,,,,,,,,,,,,,,,,,,,,,,,,,,,,,,,,,,,,,,,,,,,,,,,,,,,,,,,,,,,,,,,,,,,,,,,,,,,,,,,,,,,,,,,,,,,,,,,,,,,
1F8zCQ8B4Do.mp4,5,bookbinding,A person is pressing his finger,15.0,0.0,10.0,1.27,3.53,19,53,19,26,26,33,33,39,39,46,46,53,,,,,,,,,,,,,,,,,,,,,,,,,,,,,,,,,,,,,,,,,,,,,,,,,,,,,,,,,,,,,,,,,,,,,,,,,,,,,,,,,,,,,,,,,,,,,,,,,,,,,,,,,,,,,,,,,,,,,,,,,,,,,,,,,,,,
aqT06i93uBE.mp4,3,squeezing orange,A person is pressing the orange with his hand,29.97002997002997,0.0,10.01,0.13,4.37,4,131,4,46,46,88,88,131,,,,,,,,,,,,,,,,,,,,,,,,,,,,,,,,,,,,,,,,,,,,,,,,,,,,,,,,,,,,,,,,,,,,,,,,,,,,,,,,,,,,,,,,,,,,,,,,,,,,,,,,,,,,,,,,,,,,,,,,,,,,,,,,,,,,,,,,
PR1zGlQsAVI.mp4,2,sawing wood,A person is cutting an object with an axe,19.994,0.0,10.0,0.1,0.9,2,18,2,10,10,18,,,,,,,,,,,,,,,,,,,,,,,,,,,,,,,,,,,,,,,,,,,,,,,,,,,,,,,,,,,,,,,,,,,,,,,,,,,,,,,,,,,,,,,,,,,,,,,,,,,,,,,,,,,,,,,,,,,,,,,,,,,,,,,,,,,,,,,,,,
ZRWuWbyZDsM.mp4,2,grinding meat,A person is pressing into the jar,25.0,0.0,10.0,5.72,6.72,143,168,143,156,156,168,,,,,,,,,,,,,,,,,,,,,,,,,,,,,,,,,,,,,,,,,,,,,,,,,,,,,,,,,,,,,,,,,,,,,,,,,,,,,,,,,,,,,,,,,,,,,,,,,,,,,,,,,,,,,,,,,,,,,,,,,,,,,,,,,,,,,,,,,,
nak7hW4Wlt8.mp4,5,using a sledge hammer,A person is hitting an object with a hammer,29.97002997002997,0.0,10.01,0.03,8.71,1,261,1,53,53,105,105,157,157,209,209,261,,,,,,,,,,,,,,,,,,,,,,,,,,,,,,,,,,,,,,,,,,,,,,,,,,,,,,,,,,,,,,,,,,,,,,,,,,,,,,,,,,,,,,,,,,,,,,,,,,,,,,,,,,,,,,,,,,,,,,,,,,,,,,,,,,,,
shtyVWKhV04.mp4,6,marching,Some band members are doing parade,29.97002997002997,0.0,10.01,0.03,4.87,1,146,1,25,25,50,50,74,74,98,98,122,122,146,,,,,,,,,,,,,,,,,,,,,,,,,,,,,,,,,,,,,,,,,,,,,,,,,,,,,,,,,,,,,,,,,,,,,,,,,,,,,,,,,,,,,,,,,,,,,,,,,,,,,,,,,,,,,,,,,,,,,,,,,,,,,,,,,,
webMTIRxGTk.mp4,4,bench pressing,A person is lifting the weights,29.97002997002997,0.0,10.01,0.43,8.01,13,240,13,70,70,126,126,183,183,240,,,,,,,,,,,,,,,,,,,,,,,,,,,,,,,,,,,,,,,,,,,,,,,,,,,,,,,,,,,,,,,,,,,,,,,,,,,,,,,,,,,,,,,,,,,,,,,,,,,,,,,,,,,,,,,,,,,,,,,,,,,,,,,,,,,,,,
abY-JTk62pE.mp4,3,rope pushdown,A person is doing gym,30.0,0.0,10.0,2.0,9.73,60,292,60,137,137,214,214,292,,,,,,,,,,,,,,,,,,,,,,,,,,,,,,,,,,,,,,,,,,,,,,,,,,,,,,,,,,,,,,,,,,,,,,,,,,,,,,,,,,,,,,,,,,,,,,,,,,,,,,,,,,,,,,,,,,,,,,,,,,,,,,,,,,,,,,,,
SwDB-bfdwLI.mp4,4,headbanging,A woman is moving her head,15.668,0.0,1.53,0.06,1.34,1,21,1,6,6,11,11,16,16,21,,,,,,,,,,,,,,,,,,,,,,,,,,,,,,,,,,,,,,,,,,,,,,,,,,,,,,,,,,,,,,,,,,,,,,,,,,,,,,,,,,,,,,,,,,,,,,,,,,,,,,,,,,,,,,,,,,,,,,,,,,,,,,,,,,,,,,
pCdwV0G4Ic8.mp4,6,bending metal,A person is hitting the object,29.97002997002997,0.0,10.01,0.87,6.31,26,189,26,54,54,81,81,108,108,135,135,162,162,189,,,,,,,,,,,,,,,,,,,,,,,,,,,,,,,,,,,,,,,,,,,,,,,,,,,,,,,,,,,,,,,,,,,,,,,,,,,,,,,,,,,,,,,,,,,,,,,,,,,,,,,,,,,,,,,,,,,,,,,,,,,,,,,,,,
qehp1FlkI_E.mp4,2,barbequing,A person is mixing food,25.0,0.0,10.0,1.0,2.0,25,50,25,38,38,50,,,,,,,,,,,,,,,,,,,,,,,,,,,,,,,,,,,,,,,,,,,,,,,,,,,,,,,,,,,,,,,,,,,,,,,,,,,,,,,,,,,,,,,,,,,,,,,,,,,,,,,,,,,,,,,,,,,,,,,,,,,,,,,,,,,,,,,,,,
q58v2s6ra68.mp4,3,carrying baby,A child is jumping,16.666666666666668,0.0,10.02,0.24,1.98,4,33,4,14,14,24,24,33,,,,,,,,,,,,,,,,,,,,,,,,,,,,,,,,,,,,,,,,,,,,,,,,,,,,,,,,,,,,,,,,,,,,,,,,,,,,,,,,,,,,,,,,,,,,,,,,,,,,,,,,,,,,,,,,,,,,,,,,,,,,,,,,,,,,,,,,
yLe0qHq6kBM.mp4,6,eating burger,A boy eating the food,30.0,0.0,10.0,0.27,4.17,8,125,8,28,28,47,47,67,67,86,86,105,105,125,,,,,,,,,,,,,,,,,,,,,,,,,,,,,,,,,,,,,,,,,,,,,,,,,,,,,,,,,,,,,,,,,,,,,,,,,,,,,,,,,,,,,,,,,,,,,,,,,,,,,,,,,,,,,,,,,,,,,,,,,,,,,,,,,,
LIyE7n_jDNc.mp4,14,gospel singing in church,A person is moving the hand fan,30.0,0.0,9.3,2.53,8.63,76,259,76,89,89,102,102,115,115,128,128,141,141,154,154,167,167,181,181,194,194,207,207,220,220,233,233,246,246,259,,,,,,,,,,,,,,,,,,,,,,,,,,,,,,,,,,,,,,,,,,,,,,,,,,,,,,,,,,,,,,,,,,,,,,,,,,,,,,,,,,,,,,,,,,,,,,,,,,,,,,,,,,,,,,,,,,
A3fk54oi6_E.mp4,3,playing harmonica,A man is touching his mouth,30.0,0.0,10.0,0.57,5.27,17,158,17,64,64,111,111,158,,,,,,,,,,,,,,,,,,,,,,,,,,,,,,,,,,,,,,,,,,,,,,,,,,,,,,,,,,,,,,,,,,,,,,,,,,,,,,,,,,,,,,,,,,,,,,,,,,,,,,,,,,,,,,,,,,,,,,,,,,,,,,,,,,,,,,,,
NjkuOdErtQI.mp4,2,jogging,A woman doing jogging,23.976023976023978,0.0,10.01,0.04,1.46,1,35,1,18,18,35,,,,,,,,,,,,,,,,,,,,,,,,,,,,,,,,,,,,,,,,,,,,,,,,,,,,,,,,,,,,,,,,,,,,,,,,,,,,,,,,,,,,,,,,,,,,,,,,,,,,,,,,,,,,,,,,,,,,,,,,,,,,,,,,,,,,,,,,,,
AjgmclVk5Lk.mp4,5,filling cake,A person is rotating the cake stand,29.97002997002997,0.0,10.01,6.57,10.01,197,300,197,217,217,238,238,258,258,279,279,300,,,,,,,,,,,,,,,,,,,,,,,,,,,,,,,,,,,,,,,,,,,,,,,,,,,,,,,,,,,,,,,,,,,,,,,,,,,,,,,,,,,,,,,,,,,,,,,,,,,,,,,,,,,,,,,,,,,,,,,,,,,,,,,,,,,,
mVV1_qP0U44.mp4,2,planing wood,A person is sanding the wood with a machine,29.416666666666668,0.0,10.03,3.26,4.79,96,141,96,119,119,141,,,,,,,,,,,,,,,,,,,,,,,,,,,,,,,,,,,,,,,,,,,,,,,,,,,,,,,,,,,,,,,,,,,,,,,,,,,,,,,,,,,,,,,,,,,,,,,,,,,,,,,,,,,,,,,,,,,,,,,,,,,,,,,,,,,,,,,,,,
NvjrKvZOrWM.mp4,4,pirouetting,A lady is dancing,25.0,0.0,10.0,0.12,3.68,3,92,3,25,25,48,48,70,70,92,,,,,,,,,,,,,,,,,,,,,,,,,,,,,,,,,,,,,,,,,,,,,,,,,,,,,,,,,,,,,,,,,,,,,,,,,,,,,,,,,,,,,,,,,,,,,,,,,,,,,,,,,,,,,,,,,,,,,,,,,,,,,,,,,,,,,,
wIOr9W3P6PQ.mp4,7,eating doughnuts,A baby is waving his hand,29.97002997002997,0.0,10.01,3.0,9.28,90,278,90,117,117,144,144,171,171,197,197,224,224,251,251,278,,,,,,,,,,,,,,,,,,,,,,,,,,,,,,,,,,,,,,,,,,,,,,,,,,,,,,,,,,,,,,,,,,,,,,,,,,,,,,,,,,,,,,,,,,,,,,,,,,,,,,,,,,,,,,,,,,,,,,,,,,,,,,,,
shmvkEZOlDM.mp4,3,petting cat,A person is moving their fingers,29.746,0.0,7.19,3.03,4.5,90,134,90,105,105,120,120,134,,,,,,,,,,,,,,,,,,,,,,,,,,,,,,,,,,,,,,,,,,,,,,,,,,,,,,,,,,,,,,,,,,,,,,,,,,,,,,,,,,,,,,,,,,,,,,,,,,,,,,,,,,,,,,,,,,,,,,,,,,,,,,,,,,,,,,,,
0I1hZiCx9u0.mp4,14,photobombing,A person is doing cycling exercise,23.976023976023978,0.0,9.8,0.42,9.72,10,233,10,26,26,42,42,57,57,73,73,89,89,105,105,121,121,137,137,153,153,169,169,185,185,201,201,217,217,233,,,,,,,,,,,,,,,,,,,,,,,,,,,,,,,,,,,,,,,,,,,,,,,,,,,,,,,,,,,,,,,,,,,,,,,,,,,,,,,,,,,,,,,,,,,,,,,,,,,,,,,,,,,,,,,,,,
GCQ4ifMG2_g.mp4,2,breaking boards,A boy is tapping the brick with his leg,29.97002997002997,0.0,10.01,0.4,4.84,12,145,12,79,79,145,,,,,,,,,,,,,,,,,,,,,,,,,,,,,,,,,,,,,,,,,,,,,,,,,,,,,,,,,,,,,,,,,,,,,,,,,,,,,,,,,,,,,,,,,,,,,,,,,,,,,,,,,,,,,,,,,,,,,,,,,,,,,,,,,,,,,,,,,,
i57JJ3k7Jc4.mp4,8,visiting the zoo,A kid is tapping on the glass window with his left hand,30.0,0.0,10.0,3.73,5.57,112,167,112,118,118,125,125,132,132,139,139,146,146,153,153,160,160,167,,,,,,,,,,,,,,,,,,,,,,,,,,,,,,,,,,,,,,,,,,,,,,,,,,,,,,,,,,,,,,,,,,,,,,,,,,,,,,,,,,,,,,,,,,,,,,,,,,,,,,,,,,,,,,,,,,,,,,,,,,,,,,
VGALohSBs9A.mp4,2,javelin throw,A person is moving their hands,30.0,0.0,8.83,4.83,7.23,145,217,145,181,181,217,,,,,,,,,,,,,,,,,,,,,,,,,,,,,,,,,,,,,,,,,,,,,,,,,,,,,,,,,,,,,,,,,,,,,,,,,,,,,,,,,,,,,,,,,,,,,,,,,,,,,,,,,,,,,,,,,,,,,,,,,,,,,,,,,,,,,,,,,,
OIHzDI_gJyY.mp4,2,cutting orange,A person is peeling the orange with a knife,25.0,0.0,10.0,9.4,10.0,235,250,235,242,242,250,,,,,,,,,,,,,,,,,,,,,,,,,,,,,,,,,,,,,,,,,,,,,,,,,,,,,,,,,,,,,,,,,,,,,,,,,,,,,,,,,,,,,,,,,,,,,,,,,,,,,,,,,,,,,,,,,,,,,,,,,,,,,,,,,,,,,,,,,,
kf4oaFVSILg.mp4,2,lunge,A man is doing an exercise,20.0,0.0,4.25,0.05,4.25,1,85,1,43,43,85,,,,,,,,,,,,,,,,,,,,,,,,,,,,,,,,,,,,,,,,,,,,,,,,,,,,,,,,,,,,,,,,,,,,,,,,,,,,,,,,,,,,,,,,,,,,,,,,,,,,,,,,,,,,,,,,,,,,,,,,,,,,,,,,,,,,,,,,,,
7mxPcW6Z03A.mp4,12,playing keyboard,A person is playing the piano,29.97002997002997,0.0,10.01,0.6,6.67,18,200,18,33,33,48,48,64,64,79,79,94,94,109,109,124,124,139,139,155,155,170,170,185,185,200,,,,,,,,,,,,,,,,,,,,,,,,,,,,,,,,,,,,,,,,,,,,,,,,,,,,,,,,,,,,,,,,,,,,,,,,,,,,,,,,,,,,,,,,,,,,,,,,,,,,,,,,,,,,,,,,,,,,,,
xBGpxEoxUj8.mp4,3,javelin throw,A person is moving,29.917,0.0,10.03,4.01,7.19,120,215,120,152,152,183,183,215,,,,,,,,,,,,,,,,,,,,,,,,,,,,,,,,,,,,,,,,,,,,,,,,,,,,,,,,,,,,,,,,,,,,,,,,,,,,,,,,,,,,,,,,,,,,,,,,,,,,,,,,,,,,,,,,,,,,,,,,,,,,,,,,,,,,,,,,
oBh6gAwL7Js.mp4,2,bouncing on bouncy castle,A girl in a white dress is jumping,7.492,0.0,10.01,6.01,7.07,45,53,45,49,49,53,,,,,,,,,,,,,,,,,,,,,,,,,,,,,,,,,,,,,,,,,,,,,,,,,,,,,,,,,,,,,,,,,,,,,,,,,,,,,,,,,,,,,,,,,,,,,,,,,,,,,,,,,,,,,,,,,,,,,,,,,,,,,,,,,,,,,,,,,,
PGflAiWhRTU.mp4,7,massaging legs,A person is rubbing the leg,30.0,0.0,10.0,0.83,6.8,25,204,25,51,51,76,76,102,102,127,127,153,153,178,178,204,,,,,,,,,,,,,,,,,,,,,,,,,,,,,,,,,,,,,,,,,,,,,,,,,,,,,,,,,,,,,,,,,,,,,,,,,,,,,,,,,,,,,,,,,,,,,,,,,,,,,,,,,,,,,,,,,,,,,,,,,,,,,,,,
j8h8A6HfL2g.mp4,2,eating chips,A person is dipping food,30.0,0.0,10.0,6.83,8.47,205,254,205,230,230,254,,,,,,,,,,,,,,,,,,,,,,,,,,,,,,,,,,,,,,,,,,,,,,,,,,,,,,,,,,,,,,,,,,,,,,,,,,,,,,,,,,,,,,,,,,,,,,,,,,,,,,,,,,,,,,,,,,,,,,,,,,,,,,,,,,,,,,,,,,
mwmU7SyVDGE.mp4,3,playing blackjack,A person is picking the cards,25.0,0.0,10.0,0.24,1.24,6,31,6,14,14,23,23,31,,,,,,,,,,,,,,,,,,,,,,,,,,,,,,,,,,,,,,,,,,,,,,,,,,,,,,,,,,,,,,,,,,,,,,,,,,,,,,,,,,,,,,,,,,,,,,,,,,,,,,,,,,,,,,,,,,,,,,,,,,,,,,,,,,,,,,,,
GdxuIHS7IUg.mp4,2,chopping wood,A person is hitting wood,29.97002997002997,0.0,9.91,4.4,7.84,132,235,132,183,183,235,,,,,,,,,,,,,,,,,,,,,,,,,,,,,,,,,,,,,,,,,,,,,,,,,,,,,,,,,,,,,,,,,,,,,,,,,,,,,,,,,,,,,,,,,,,,,,,,,,,,,,,,,,,,,,,,,,,,,,,,,,,,,,,,,,,,,,,,,,
LNwWJ49d2MU.mp4,8,planing wood,A person is smoothing the wooden piece,29.912,0.0,10.03,0.64,10.0,19,299,19,54,54,89,89,124,124,159,159,194,194,229,229,264,264,299,,,,,,,,,,,,,,,,,,,,,,,,,,,,,,,,,,,,,,,,,,,,,,,,,,,,,,,,,,,,,,,,,,,,,,,,,,,,,,,,,,,,,,,,,,,,,,,,,,,,,,,,,,,,,,,,,,,,,,,,,,,,,,
PY6pxGlGvL0.mp4,5,cooking scallops,A person is shaking the pan,30.0,0.0,10.0,8.73,10.0,262,300,262,269,269,277,277,285,285,292,292,300,,,,,,,,,,,,,,,,,,,,,,,,,,,,,,,,,,,,,,,,,,,,,,,,,,,,,,,,,,,,,,,,,,,,,,,,,,,,,,,,,,,,,,,,,,,,,,,,,,,,,,,,,,,,,,,,,,,,,,,,,,,,,,,,,,,,
ZlcnO-XNESY.mp4,19,playing harp,A person is playing guitar,29.97002997002997,0.0,9.21,0.57,7.41,17,222,17,28,28,38,38,49,49,60,60,71,71,82,82,92,92,103,103,114,114,125,125,135,135,146,146,157,157,168,168,179,179,189,189,200,200,211,211,222,,,,,,,,,,,,,,,,,,,,,,,,,,,,,,,,,,,,,,,,,,,,,,,,,,,,,,,,,,,,,,,,,,,,,,,,,,,,,,,,,,,,,,,,,,,,,,,,,,,,,,,,
jNMvsYIKEKw.mp4,3,swinging on something,A person is swinging,30.0,0.0,10.0,0.03,9.77,1,293,1,98,98,196,196,293,,,,,,,,,,,,,,,,,,,,,,,,,,,,,,,,,,,,,,,,,,,,,,,,,,,,,,,,,,,,,,,,,,,,,,,,,,,,,,,,,,,,,,,,,,,,,,,,,,,,,,,,,,,,,,,,,,,,,,,,,,,,,,,,,,,,,,,,
tN6sX00PRkw.mp4,9,headbanging,A person is nodding his head,30.0,0.0,10.0,3.87,10.0,116,300,116,137,137,157,157,178,178,198,198,218,218,239,239,259,259,280,280,300,,,,,,,,,,,,,,,,,,,,,,,,,,,,,,,,,,,,,,,,,,,,,,,,,,,,,,,,,,,,,,,,,,,,,,,,,,,,,,,,,,,,,,,,,,,,,,,,,,,,,,,,,,,,,,,,,,,,,,,,,,,,
8v6Q7_FbWDE.mp4,2,cutting nails,A person is cutting the dog's nails,30.0,0.0,10.0,1.37,3.63,41,109,41,75,75,109,,,,,,,,,,,,,,,,,,,,,,,,,,,,,,,,,,,,,,,,,,,,,,,,,,,,,,,,,,,,,,,,,,,,,,,,,,,,,,,,,,,,,,,,,,,,,,,,,,,,,,,,,,,,,,,,,,,,,,,,,,,,,,,,,,,,,,,,,,
IyEnCfTNaeg.mp4,10,doing nails,A person is applying the nail polish,29.97002997002997,0.0,10.01,1.8,7.37,54,221,54,71,71,87,87,104,104,121,121,137,137,154,154,171,171,187,187,204,204,221,,,,,,,,,,,,,,,,,,,,,,,,,,,,,,,,,,,,,,,,,,,,,,,,,,,,,,,,,,,,,,,,,,,,,,,,,,,,,,,,,,,,,,,,,,,,,,,,,,,,,,,,,,,,,,,,,,,,,,,,,,
vXnnGyln9M0.mp4,4,using a sledge hammer,A person is hitting the tire,10.0,0.0,9.1,0.6,7.2,6,72,6,22,22,39,39,55,55,72,,,,,,,,,,,,,,,,,,,,,,,,,,,,,,,,,,,,,,,,,,,,,,,,,,,,,,,,,,,,,,,,,,,,,,,,,,,,,,,,,,,,,,,,,,,,,,,,,,,,,,,,,,,,,,,,,,,,,,,,,,,,,,,,,,,,,,
vtD9EHkMmfs.mp4,2,cosplaying,A person is dancing,29.97002997002997,0.0,10.01,2.4,4.07,72,122,72,97,97,122,,,,,,,,,,,,,,,,,,,,,,,,,,,,,,,,,,,,,,,,,,,,,,,,,,,,,,,,,,,,,,,,,,,,,,,,,,,,,,,,,,,,,,,,,,,,,,,,,,,,,,,,,,,,,,,,,,,,,,,,,,,,,,,,,,,,,,,,,,
lkWFn4Cnkpo.mp4,6,pirouetting,A person is spinning,23.976023976023978,0.0,9.34,1.13,5.38,27,129,27,44,44,61,61,78,78,95,95,112,112,129,,,,,,,,,,,,,,,,,,,,,,,,,,,,,,,,,,,,,,,,,,,,,,,,,,,,,,,,,,,,,,,,,,,,,,,,,,,,,,,,,,,,,,,,,,,,,,,,,,,,,,,,,,,,,,,,,,,,,,,,,,,,,,,,,,
pELPxMOKtew.mp4,2,opening wine bottle,A person is opening the bottle cap,23.976023976023978,0.0,10.01,2.34,3.25,56,78,56,67,67,78,,,,,,,,,,,,,,,,,,,,,,,,,,,,,,,,,,,,,,,,,,,,,,,,,,,,,,,,,,,,,,,,,,,,,,,,,,,,,,,,,,,,,,,,,,,,,,,,,,,,,,,,,,,,,,,,,,,,,,,,,,,,,,,,,,,,,,,,,,
a8I3Z0cPlK0.mp4,13,bouncing ball (not juggling),A boy is bouncing on the balloon,24.0,0.0,10.0,0.42,7.63,10,183,10,23,23,36,36,50,50,63,63,76,76,90,90,103,103,117,117,130,130,143,143,157,157,170,170,183,,,,,,,,,,,,,,,,,,,,,,,,,,,,,,,,,,,,,,,,,,,,,,,,,,,,,,,,,,,,,,,,,,,,,,,,,,,,,,,,,,,,,,,,,,,,,,,,,,,,,,,,,,,,,,,,,,,,
J2XSJ-Nz8_c.mp4,3,cracking neck,A person is moving the head,30.0,0.0,5.37,0.23,5.17,7,155,7,56,56,106,106,155,,,,,,,,,,,,,,,,,,,,,,,,,,,,,,,,,,,,,,,,,,,,,,,,,,,,,,,,,,,,,,,,,,,,,,,,,,,,,,,,,,,,,,,,,,,,,,,,,,,,,,,,,,,,,,,,,,,,,,,,,,,,,,,,,,,,,,,,
TeOXyKTbeuE.mp4,4,making sushi,A person is applying oil with a brush,30.0,0.0,10.0,6.33,8.53,190,256,190,206,206,223,223,239,239,256,,,,,,,,,,,,,,,,,,,,,,,,,,,,,,,,,,,,,,,,,,,,,,,,,,,,,,,,,,,,,,,,,,,,,,,,,,,,,,,,,,,,,,,,,,,,,,,,,,,,,,,,,,,,,,,,,,,,,,,,,,,,,,,,,,,,,,
LRKyL9nJvlc.mp4,2,using inhaler,A girl is breathing,25.0,0.0,10.0,0.76,4.88,19,122,19,70,70,122,,,,,,,,,,,,,,,,,,,,,,,,,,,,,,,,,,,,,,,,,,,,,,,,,,,,,,,,,,,,,,,,,,,,,,,,,,,,,,,,,,,,,,,,,,,,,,,,,,,,,,,,,,,,,,,,,,,,,,,,,,,,,,,,,,,,,,,,,,
g7YlogE08_c.mp4,4,swinging on something,A girl swings on a swing,15.0,0.0,10.0,0.07,10.0,1,150,1,38,38,75,75,113,113,150,,,,,,,,,,,,,,,,,,,,,,,,,,,,,,,,,,,,,,,,,,,,,,,,,,,,,,,,,,,,,,,,,,,,,,,,,,,,,,,,,,,,,,,,,,,,,,,,,,,,,,,,,,,,,,,,,,,,,,,,,,,,,,,,,,,,,,
9_uY5VUXhr8.mp4,3,playing ukulele,A person is playing a guitar,29.0,0.0,10.0,0.07,4.41,2,128,2,44,44,86,86,128,,,,,,,,,,,,,,,,,,,,,,,,,,,,,,,,,,,,,,,,,,,,,,,,,,,,,,,,,,,,,,,,,,,,,,,,,,,,,,,,,,,,,,,,,,,,,,,,,,,,,,,,,,,,,,,,,,,,,,,,,,,,,,,,,,,,,,,,
gd0FXdvcMTo.mp4,3,jumping jacks,A person is working out,23.91708743024183,0.0,8.95,5.69,7.86,136,188,136,153,153,171,171,188,,,,,,,,,,,,,,,,,,,,,,,,,,,,,,,,,,,,,,,,,,,,,,,,,,,,,,,,,,,,,,,,,,,,,,,,,,,,,,,,,,,,,,,,,,,,,,,,,,,,,,,,,,,,,,,,,,,,,,,,,,,,,,,,,,,,,,,,
Eal_qH0kb1g.mp4,12,making balloon shapes,A person is rotating the balloon,7.992007992007992,0.0,10.01,1.38,5.38,11,43,11,14,14,16,16,19,19,22,22,24,24,27,27,30,30,33,33,35,35,38,38,41,41,43,,,,,,,,,,,,,,,,,,,,,,,,,,,,,,,,,,,,,,,,,,,,,,,,,,,,,,,,,,,,,,,,,,,,,,,,,,,,,,,,,,,,,,,,,,,,,,,,,,,,,,,,,,,,,,,,,,,,,,
CM-LAgOT5Jg.mp4,5,putting on eyeliner,A person is doing eyelashes,25.0,0.0,10.0,3.0,5.72,75,143,75,89,89,102,102,116,116,129,129,143,,,,,,,,,,,,,,,,,,,,,,,,,,,,,,,,,,,,,,,,,,,,,,,,,,,,,,,,,,,,,,,,,,,,,,,,,,,,,,,,,,,,,,,,,,,,,,,,,,,,,,,,,,,,,,,,,,,,,,,,,,,,,,,,,,,,
Kn9-3lPzS04.mp4,8,applauding,A person is clapping,23.976023976023978,0.0,9.13,2.5,8.76,60,210,60,79,79,98,98,117,117,135,135,154,154,173,173,191,191,210,,,,,,,,,,,,,,,,,,,,,,,,,,,,,,,,,,,,,,,,,,,,,,,,,,,,,,,,,,,,,,,,,,,,,,,,,,,,,,,,,,,,,,,,,,,,,,,,,,,,,,,,,,,,,,,,,,,,,,,,,,,,,,
Q0uftveS5EM.mp4,3,shopping,A person is moving the hangers,28.278,0.0,10.01,2.05,4.39,58,124,58,80,80,102,102,124,,,,,,,,,,,,,,,,,,,,,,,,,,,,,,,,,,,,,,,,,,,,,,,,,,,,,,,,,,,,,,,,,,,,,,,,,,,,,,,,,,,,,,,,,,,,,,,,,,,,,,,,,,,,,,,,,,,,,,,,,,,,,,,,,,,,,,,,
QY_ewd4OiiU.mp4,4,using a paint roller,A person is moving the roller,25.0,0.0,10.0,0.96,4.76,24,119,24,48,48,72,72,95,95,119,,,,,,,,,,,,,,,,,,,,,,,,,,,,,,,,,,,,,,,,,,,,,,,,,,,,,,,,,,,,,,,,,,,,,,,,,,,,,,,,,,,,,,,,,,,,,,,,,,,,,,,,,,,,,,,,,,,,,,,,,,,,,,,,,,,,,,
X6u7AQcOmrI.mp4,8,driving car,A person is switching on the wipers,29.97002997002997,0.0,10.01,0.07,9.78,2,293,2,39,39,75,75,111,111,147,147,184,184,220,220,256,256,293,,,,,,,,,,,,,,,,,,,,,,,,,,,,,,,,,,,,,,,,,,,,,,,,,,,,,,,,,,,,,,,,,,,,,,,,,,,,,,,,,,,,,,,,,,,,,,,,,,,,,,,,,,,,,,,,,,,,,,,,,,,,,,
gV3mza6xOWc.mp4,6,shaping bread dough,A person is chopping dough with a knife,30.0,0.0,10.0,2.83,4.13,85,124,85,92,92,98,98,104,104,111,111,117,117,124,,,,,,,,,,,,,,,,,,,,,,,,,,,,,,,,,,,,,,,,,,,,,,,,,,,,,,,,,,,,,,,,,,,,,,,,,,,,,,,,,,,,,,,,,,,,,,,,,,,,,,,,,,,,,,,,,,,,,,,,,,,,,,,,,,
S3CvVt6Fglw.mp4,19,tiptoeing,A woman is dancing,29.97002997002997,0.0,9.04,2.27,7.84,68,235,68,77,77,86,86,95,95,103,103,112,112,121,121,130,130,138,138,147,147,156,156,165,165,174,174,182,182,191,191,200,200,209,209,217,217,226,226,235,,,,,,,,,,,,,,,,,,,,,,,,,,,,,,,,,,,,,,,,,,,,,,,,,,,,,,,,,,,,,,,,,,,,,,,,,,,,,,,,,,,,,,,,,,,,,,,,,,,,,,,,
gfPqEIYd_nU.mp4,16,ironing hair,A girl combing her hair,29.97002997002997,0.0,10.01,0.4,9.78,12,293,12,30,30,47,47,65,65,82,82,100,100,117,117,135,135,152,152,170,170,187,187,205,205,222,222,240,240,257,257,275,275,293,,,,,,,,,,,,,,,,,,,,,,,,,,,,,,,,,,,,,,,,,,,,,,,,,,,,,,,,,,,,,,,,,,,,,,,,,,,,,,,,,,,,,,,,,,,,,,,,,,,,,,,,,,,,,,
dNsHd6q3WTk.mp4,2,packing,A person is placing the clothes in a bag,29.97002997002997,0.0,10.01,1.6,3.17,48,95,48,71,71,95,,,,,,,,,,,,,,,,,,,,,,,,,,,,,,,,,,,,,,,,,,,,,,,,,,,,,,,,,,,,,,,,,,,,,,,,,,,,,,,,,,,,,,,,,,,,,,,,,,,,,,,,,,,,,,,,,,,,,,,,,,,,,,,,,,,,,,,,,,
7-Ytm8aJJKg.mp4,3,dunking basketball,A person is hitting the ball towards the floor,15.0,0.0,9.07,2.0,3.47,30,52,30,37,37,44,44,52,,,,,,,,,,,,,,,,,,,,,,,,,,,,,,,,,,,,,,,,,,,,,,,,,,,,,,,,,,,,,,,,,,,,,,,,,,,,,,,,,,,,,,,,,,,,,,,,,,,,,,,,,,,,,,,,,,,,,,,,,,,,,,,,,,,,,,,,
mTjuvavYy2E.mp4,10,bouncing on bouncy castle,A person is jumping,30.0,0.0,10.0,4.43,9.93,133,298,133,150,150,166,166,183,183,199,199,215,215,232,232,248,248,265,265,281,281,298,,,,,,,,,,,,,,,,,,,,,,,,,,,,,,,,,,,,,,,,,,,,,,,,,,,,,,,,,,,,,,,,,,,,,,,,,,,,,,,,,,,,,,,,,,,,,,,,,,,,,,,,,,,,,,,,,,,,,,,,,,
GGygOgSjEXU.mp4,4,clapping,A person is clapping hands,8.0,0.0,10.0,4.0,5.38,32,43,32,34,34,37,37,40,40,43,,,,,,,,,,,,,,,,,,,,,,,,,,,,,,,,,,,,,,,,,,,,,,,,,,,,,,,,,,,,,,,,,,,,,,,,,,,,,,,,,,,,,,,,,,,,,,,,,,,,,,,,,,,,,,,,,,,,,,,,,,,,,,,,,,,,,,
qehp1FlkI_E.mp4,2,barbequing,A person is mixing the curry,25.0,0.0,10.0,1.0,2.0,25,50,25,38,38,50,,,,,,,,,,,,,,,,,,,,,,,,,,,,,,,,,,,,,,,,,,,,,,,,,,,,,,,,,,,,,,,,,,,,,,,,,,,,,,,,,,,,,,,,,,,,,,,,,,,,,,,,,,,,,,,,,,,,,,,,,,,,,,,,,,,,,,,,,,
YdE9976vAF4.mp4,2,trimming trees,A person is cutting the stems of the tree,29.97002997002997,0.0,10.01,2.94,4.57,88,137,88,112,112,137,,,,,,,,,,,,,,,,,,,,,,,,,,,,,,,,,,,,,,,,,,,,,,,,,,,,,,,,,,,,,,,,,,,,,,,,,,,,,,,,,,,,,,,,,,,,,,,,,,,,,,,,,,,,,,,,,,,,,,,,,,,,,,,,,,,,,,,,,,
JTzBS2l7f9w.mp4,4,hammer throw,A person is rotating,30.0,0.0,8.0,1.63,3.83,49,115,49,66,66,82,82,99,99,115,,,,,,,,,,,,,,,,,,,,,,,,,,,,,,,,,,,,,,,,,,,,,,,,,,,,,,,,,,,,,,,,,,,,,,,,,,,,,,,,,,,,,,,,,,,,,,,,,,,,,,,,,,,,,,,,,,,,,,,,,,,,,,,,,,,,,,
NuKJDAAuARw.mp4,3,clam digging,A person is moving the stick in the field,30.0,0.0,10.0,0.07,2.43,2,73,2,26,26,50,50,73,,,,,,,,,,,,,,,,,,,,,,,,,,,,,,,,,,,,,,,,,,,,,,,,,,,,,,,,,,,,,,,,,,,,,,,,,,,,,,,,,,,,,,,,,,,,,,,,,,,,,,,,,,,,,,,,,,,,,,,,,,,,,,,,,,,,,,,,
M3yyxI1zVaM.mp4,5,coloring in,A person is coloring the diagram,30.0,0.0,10.0,8.57,9.97,257,299,257,265,265,274,274,282,282,290,290,299,,,,,,,,,,,,,,,,,,,,,,,,,,,,,,,,,,,,,,,,,,,,,,,,,,,,,,,,,,,,,,,,,,,,,,,,,,,,,,,,,,,,,,,,,,,,,,,,,,,,,,,,,,,,,,,,,,,,,,,,,,,,,,,,,,,,
vnwiHJglf30.mp4,2,sign language interpreting,A person is moving the hands,30.0,0.0,10.0,3.67,4.93,110,148,110,129,129,148,,,,,,,,,,,,,,,,,,,,,,,,,,,,,,,,,,,,,,,,,,,,,,,,,,,,,,,,,,,,,,,,,,,,,,,,,,,,,,,,,,,,,,,,,,,,,,,,,,,,,,,,,,,,,,,,,,,,,,,,,,,,,,,,,,,,,,,,,,
UjAUF2hc930.mp4,2,sneezing,A man is moving his hands to the top and bottom,24.857,0.0,9.05,0.44,2.49,11,62,11,36,36,62,,,,,,,,,,,,,,,,,,,,,,,,,,,,,,,,,,,,,,,,,,,,,,,,,,,,,,,,,,,,,,,,,,,,,,,,,,,,,,,,,,,,,,,,,,,,,,,,,,,,,,,,,,,,,,,,,,,,,,,,,,,,,,,,,,,,,,,,,,
aTlO_JoQD8s.mp4,18,carving marble,A person is hitting the nail with a hammer,29.97002997002997,0.0,10.01,0.93,9.84,28,295,28,42,42,57,57,72,72,87,87,102,102,117,117,132,132,146,146,161,161,176,176,191,191,206,206,221,221,235,235,250,250,265,265,280,280,295,,,,,,,,,,,,,,,,,,,,,,,,,,,,,,,,,,,,,,,,,,,,,,,,,,,,,,,,,,,,,,,,,,,,,,,,,,,,,,,,,,,,,,,,,,,,,,,,,,,,,,,,,,
rcfaRJS90aY.mp4,4,washing dishes,A person is cleaning with a sponge,29.97002997002997,0.0,10.01,0.23,3.37,7,101,7,31,31,54,54,77,77,101,,,,,,,,,,,,,,,,,,,,,,,,,,,,,,,,,,,,,,,,,,,,,,,,,,,,,,,,,,,,,,,,,,,,,,,,,,,,,,,,,,,,,,,,,,,,,,,,,,,,,,,,,,,,,,,,,,,,,,,,,,,,,,,,,,,,,,
KHfzpE8KW6w.mp4,4,home roasting coffee,A person is stirring the food item with a spatula,29.97002997002997,0.0,10.01,0.53,3.24,16,97,16,36,36,56,56,77,77,97,,,,,,,,,,,,,,,,,,,,,,,,,,,,,,,,,,,,,,,,,,,,,,,,,,,,,,,,,,,,,,,,,,,,,,,,,,,,,,,,,,,,,,,,,,,,,,,,,,,,,,,,,,,,,,,,,,,,,,,,,,,,,,,,,,,,,,
6kdyYVpL0fg.mp4,3,tap dancing,A person is dancing,30.0,0.0,10.0,3.87,5.4,116,162,116,132,132,147,147,162,,,,,,,,,,,,,,,,,,,,,,,,,,,,,,,,,,,,,,,,,,,,,,,,,,,,,,,,,,,,,,,,,,,,,,,,,,,,,,,,,,,,,,,,,,,,,,,,,,,,,,,,,,,,,,,,,,,,,,,,,,,,,,,,,,,,,,,,
L244-tUUDsU.mp4,3,exercising with an exercise ball,A person is waving his hands,24.882,0.0,10.01,2.97,3.9,74,97,74,81,81,89,89,97,,,,,,,,,,,,,,,,,,,,,,,,,,,,,,,,,,,,,,,,,,,,,,,,,,,,,,,,,,,,,,,,,,,,,,,,,,,,,,,,,,,,,,,,,,,,,,,,,,,,,,,,,,,,,,,,,,,,,,,,,,,,,,,,,,,,,,,,
iDZ6KAcka7Y.mp4,7,getting a haircut,A person is combing,13.918,0.0,9.12,2.01,5.39,28,75,28,35,35,42,42,48,48,55,55,61,61,68,68,75,,,,,,,,,,,,,,,,,,,,,,,,,,,,,,,,,,,,,,,,,,,,,,,,,,,,,,,,,,,,,,,,,,,,,,,,,,,,,,,,,,,,,,,,,,,,,,,,,,,,,,,,,,,,,,,,,,,,,,,,,,,,,,,,
aO1rzpzjjWM.mp4,10,surfing crowd,A person is waving hisher hand,30.0,0.0,10.0,2.23,6.53,67,196,67,80,80,93,93,106,106,119,119,131,131,144,144,157,157,170,170,183,183,196,,,,,,,,,,,,,,,,,,,,,,,,,,,,,,,,,,,,,,,,,,,,,,,,,,,,,,,,,,,,,,,,,,,,,,,,,,,,,,,,,,,,,,,,,,,,,,,,,,,,,,,,,,,,,,,,,,,,,,,,,,
60gxshtbGS4.mp4,2,doing aerobics,A person is doing exercise,25.0,0.0,10.0,1.4,7.36,35,184,35,110,110,184,,,,,,,,,,,,,,,,,,,,,,,,,,,,,,,,,,,,,,,,,,,,,,,,,,,,,,,,,,,,,,,,,,,,,,,,,,,,,,,,,,,,,,,,,,,,,,,,,,,,,,,,,,,,,,,,,,,,,,,,,,,,,,,,,,,,,,,,,,
8arA38O3v4E.mp4,3,waking up,A child is jumping,29.97002997002997,0.0,10.01,4.7,6.17,141,185,141,156,156,170,170,185,,,,,,,,,,,,,,,,,,,,,,,,,,,,,,,,,,,,,,,,,,,,,,,,,,,,,,,,,,,,,,,,,,,,,,,,,,,,,,,,,,,,,,,,,,,,,,,,,,,,,,,,,,,,,,,,,,,,,,,,,,,,,,,,,,,,,,,,
P5GN-2Dv44M.mp4,4,needle felting,A person is pressing on the toy,29.97002997002997,0.0,10.01,2.37,3.6,71,108,71,80,80,89,89,99,99,108,,,,,,,,,,,,,,,,,,,,,,,,,,,,,,,,,,,,,,,,,,,,,,,,,,,,,,,,,,,,,,,,,,,,,,,,,,,,,,,,,,,,,,,,,,,,,,,,,,,,,,,,,,,,,,,,,,,,,,,,,,,,,,,,,,,,,,
pms9Lwt33ms.mp4,3,using a paint roller,A person is painting a wall,30.0,0.0,10.0,2.33,10.0,70,300,70,146,146,223,223,300,,,,,,,,,,,,,,,,,,,,,,,,,,,,,,,,,,,,,,,,,,,,,,,,,,,,,,,,,,,,,,,,,,,,,,,,,,,,,,,,,,,,,,,,,,,,,,,,,,,,,,,,,,,,,,,,,,,,,,,,,,,,,,,,,,,,,,,,
KFioFKlryCw.mp4,14,putting on mascara,A person is applying mascara,15.0,0.0,10.0,1.73,9.8,26,147,26,34,34,43,43,52,52,60,60,69,69,78,78,86,86,95,95,104,104,112,112,121,121,130,130,138,138,147,,,,,,,,,,,,,,,,,,,,,,,,,,,,,,,,,,,,,,,,,,,,,,,,,,,,,,,,,,,,,,,,,,,,,,,,,,,,,,,,,,,,,,,,,,,,,,,,,,,,,,,,,,,,,,,,,,
Da1loFklGQU.mp4,4,pouring milk,A person is pouring liquid into the cup,19.604,0.0,10.05,3.93,9.69,77,190,77,105,105,133,133,162,162,190,,,,,,,,,,,,,,,,,,,,,,,,,,,,,,,,,,,,,,,,,,,,,,,,,,,,,,,,,,,,,,,,,,,,,,,,,,,,,,,,,,,,,,,,,,,,,,,,,,,,,,,,,,,,,,,,,,,,,,,,,,,,,,,,,,,,,,
wIOr9W3P6PQ.mp4,7,eating doughnuts,A baby is shaking his hands,29.97002997002997,0.0,10.01,3.07,9.48,92,284,92,120,120,147,147,175,175,202,202,229,229,257,257,284,,,,,,,,,,,,,,,,,,,,,,,,,,,,,,,,,,,,,,,,,,,,,,,,,,,,,,,,,,,,,,,,,,,,,,,,,,,,,,,,,,,,,,,,,,,,,,,,,,,,,,,,,,,,,,,,,,,,,,,,,,,,,,,,
4W6phLyMUKA.mp4,2,exercising arm,A man is doing an exercise,30.0,0.0,10.0,3.63,10.0,109,300,109,205,205,300,,,,,,,,,,,,,,,,,,,,,,,,,,,,,,,,,,,,,,,,,,,,,,,,,,,,,,,,,,,,,,,,,,,,,,,,,,,,,,,,,,,,,,,,,,,,,,,,,,,,,,,,,,,,,,,,,,,,,,,,,,,,,,,,,,,,,,,,,,
efI3L7Qd_kY.mp4,2,deadlifting,A person is lifting the weights,30.0,0.0,9.03,0.6,6.43,18,193,18,106,106,193,,,,,,,,,,,,,,,,,,,,,,,,,,,,,,,,,,,,,,,,,,,,,,,,,,,,,,,,,,,,,,,,,,,,,,,,,,,,,,,,,,,,,,,,,,,,,,,,,,,,,,,,,,,,,,,,,,,,,,,,,,,,,,,,,,,,,,,,,,
q1Cgk7Edg_s.mp4,3,rock scissors paper,A person is hitting something,30.0,0.0,10.0,1.07,8.33,32,250,32,105,105,177,177,250,,,,,,,,,,,,,,,,,,,,,,,,,,,,,,,,,,,,,,,,,,,,,,,,,,,,,,,,,,,,,,,,,,,,,,,,,,,,,,,,,,,,,,,,,,,,,,,,,,,,,,,,,,,,,,,,,,,,,,,,,,,,,,,,,,,,,,,,
iGHhv4gk2Uk.mp4,5,dancing gangnam style,A person is dancing,25.0,0.0,10.0,7.16,9.48,179,237,179,191,191,202,202,214,214,225,225,237,,,,,,,,,,,,,,,,,,,,,,,,,,,,,,,,,,,,,,,,,,,,,,,,,,,,,,,,,,,,,,,,,,,,,,,,,,,,,,,,,,,,,,,,,,,,,,,,,,,,,,,,,,,,,,,,,,,,,,,,,,,,,,,,,,,,
KXf4WrRUHrY.mp4,7,mountain climber (exercise),A person is doing push-ups,30.0,0.0,9.2,1.0,7.87,30,236,30,59,59,89,89,118,118,148,148,177,177,207,207,236,,,,,,,,,,,,,,,,,,,,,,,,,,,,,,,,,,,,,,,,,,,,,,,,,,,,,,,,,,,,,,,,,,,,,,,,,,,,,,,,,,,,,,,,,,,,,,,,,,,,,,,,,,,,,,,,,,,,,,,,,,,,,,,,
9PZqtdmaVN4.mp4,2,spraying,A person is adjusting the hair,29.97002997002997,0.0,10.01,0.67,2.84,20,85,20,53,53,85,,,,,,,,,,,,,,,,,,,,,,,,,,,,,,,,,,,,,,,,,,,,,,,,,,,,,,,,,,,,,,,,,,,,,,,,,,,,,,,,,,,,,,,,,,,,,,,,,,,,,,,,,,,,,,,,,,,,,,,,,,,,,,,,,,,,,,,,,,
lPKcBM0m_aY.mp4,6,drumming fingers,A person is moving their fingers,29.97002997002997,0.0,5.41,0.37,5.07,11,152,11,34,34,58,58,82,82,105,105,129,129,152,,,,,,,,,,,,,,,,,,,,,,,,,,,,,,,,,,,,,,,,,,,,,,,,,,,,,,,,,,,,,,,,,,,,,,,,,,,,,,,,,,,,,,,,,,,,,,,,,,,,,,,,,,,,,,,,,,,,,,,,,,,,,,,,,,
L244-tUUDsU.mp4,3,exercising with an exercise ball,A person is waving his hands,24.882,0.0,10.01,3.05,3.9,76,97,76,83,83,90,90,97,,,,,,,,,,,,,,,,,,,,,,,,,,,,,,,,,,,,,,,,,,,,,,,,,,,,,,,,,,,,,,,,,,,,,,,,,,,,,,,,,,,,,,,,,,,,,,,,,,,,,,,,,,,,,,,,,,,,,,,,,,,,,,,,,,,,,,,,
t13Y6OSvIYg.mp4,2,playing hand clapping games,A person is clapping,30.0,0.0,10.0,0.07,5.73,2,172,2,87,87,172,,,,,,,,,,,,,,,,,,,,,,,,,,,,,,,,,,,,,,,,,,,,,,,,,,,,,,,,,,,,,,,,,,,,,,,,,,,,,,,,,,,,,,,,,,,,,,,,,,,,,,,,,,,,,,,,,,,,,,,,,,,,,,,,,,,,,,,,,,
MCZ9vTrTLmA.mp4,3,tai chi,A person is moving his hands,15.0,0.0,10.0,3.73,9.87,56,148,56,87,87,118,118,148,,,,,,,,,,,,,,,,,,,,,,,,,,,,,,,,,,,,,,,,,,,,,,,,,,,,,,,,,,,,,,,,,,,,,,,,,,,,,,,,,,,,,,,,,,,,,,,,,,,,,,,,,,,,,,,,,,,,,,,,,,,,,,,,,,,,,,,,
Wywy3VMw5ts.mp4,2,rock scissors paper,A person is playing with their hands,29.97002997002997,0.0,10.01,4.8,5.47,144,164,144,154,154,164,,,,,,,,,,,,,,,,,,,,,,,,,,,,,,,,,,,,,,,,,,,,,,,,,,,,,,,,,,,,,,,,,,,,,,,,,,,,,,,,,,,,,,,,,,,,,,,,,,,,,,,,,,,,,,,,,,,,,,,,,,,,,,,,,,,,,,,,,,
6vE9eZgE-2U.mp4,4,frying vegetables,A person is tapping the spoon,25.0,0.0,10.0,3.12,4.08,78,102,78,84,84,90,90,96,96,102,,,,,,,,,,,,,,,,,,,,,,,,,,,,,,,,,,,,,,,,,,,,,,,,,,,,,,,,,,,,,,,,,,,,,,,,,,,,,,,,,,,,,,,,,,,,,,,,,,,,,,,,,,,,,,,,,,,,,,,,,,,,,,,,,,,,,,
k3edjWm-x4g.mp4,2,backflip (human),A person is trying to jump,29.97002997002997,0.0,4.87,1.4,3.2,42,96,42,69,69,96,,,,,,,,,,,,,,,,,,,,,,,,,,,,,,,,,,,,,,,,,,,,,,,,,,,,,,,,,,,,,,,,,,,,,,,,,,,,,,,,,,,,,,,,,,,,,,,,,,,,,,,,,,,,,,,,,,,,,,,,,,,,,,,,,,,,,,,,,,
ez5CqjwLFf0.mp4,2,gymnastics tumbling,A person is jumping,15.0,0.0,10.0,4.93,6.67,74,100,74,87,87,100,,,,,,,,,,,,,,,,,,,,,,,,,,,,,,,,,,,,,,,,,,,,,,,,,,,,,,,,,,,,,,,,,,,,,,,,,,,,,,,,,,,,,,,,,,,,,,,,,,,,,,,,,,,,,,,,,,,,,,,,,,,,,,,,,,,,,,,,,,
PGflAiWhRTU.mp4,7,massaging legs,A person is massaging the leg,30.0,0.0,10.0,0.8,6.83,24,205,24,50,50,76,76,102,102,128,128,153,153,179,179,205,,,,,,,,,,,,,,,,,,,,,,,,,,,,,,,,,,,,,,,,,,,,,,,,,,,,,,,,,,,,,,,,,,,,,,,,,,,,,,,,,,,,,,,,,,,,,,,,,,,,,,,,,,,,,,,,,,,,,,,,,,,,,,,,
fE_X7--wTxs.mp4,2,deadlifting,A person is doing exercise with weights,29.97002997002997,0.0,10.01,0.43,7.01,13,210,13,111,111,210,,,,,,,,,,,,,,,,,,,,,,,,,,,,,,,,,,,,,,,,,,,,,,,,,,,,,,,,,,,,,,,,,,,,,,,,,,,,,,,,,,,,,,,,,,,,,,,,,,,,,,,,,,,,,,,,,,,,,,,,,,,,,,,,,,,,,,,,,,
Uls-ddNbu80.mp4,18,jogging,A person is jumping,14.922,0.0,10.05,0.07,9.78,1,146,1,9,9,17,17,25,25,33,33,41,41,49,49,57,57,65,65,73,73,81,81,89,89,97,97,105,105,113,113,121,121,130,130,138,138,146,,,,,,,,,,,,,,,,,,,,,,,,,,,,,,,,,,,,,,,,,,,,,,,,,,,,,,,,,,,,,,,,,,,,,,,,,,,,,,,,,,,,,,,,,,,,,,,,,,,,,,,,,,
nHwFXAPVJF4.mp4,3,hand washing clothes,A person is washing the t-shirt,30.0,0.0,9.27,2.33,8.57,70,257,70,132,132,194,194,257,,,,,,,,,,,,,,,,,,,,,,,,,,,,,,,,,,,,,,,,,,,,,,,,,,,,,,,,,,,,,,,,,,,,,,,,,,,,,,,,,,,,,,,,,,,,,,,,,,,,,,,,,,,,,,,,,,,,,,,,,,,,,,,,,,,,,,,,
Tpn9XoaVsMA.mp4,2,washing dishes,A person is moving the hand,30.0,0.0,10.0,6.07,6.67,182,200,182,191,191,200,,,,,,,,,,,,,,,,,,,,,,,,,,,,,,,,,,,,,,,,,,,,,,,,,,,,,,,,,,,,,,,,,,,,,,,,,,,,,,,,,,,,,,,,,,,,,,,,,,,,,,,,,,,,,,,,,,,,,,,,,,,,,,,,,,,,,,,,,,
YUhyGd0JUdg.mp4,2,finger snapping,A person is snapping their finger,29.97002997002997,0.0,9.14,6.04,7.61,181,228,181,204,204,228,,,,,,,,,,,,,,,,,,,,,,,,,,,,,,,,,,,,,,,,,,,,,,,,,,,,,,,,,,,,,,,,,,,,,,,,,,,,,,,,,,,,,,,,,,,,,,,,,,,,,,,,,,,,,,,,,,,,,,,,,,,,,,,,,,,,,,,,,,
9r67eUNFS78.mp4,2,tap dancing,A person is jumping,29.97002997002997,0.0,10.01,7.71,8.61,231,258,231,245,245,258,,,,,,,,,,,,,,,,,,,,,,,,,,,,,,,,,,,,,,,,,,,,,,,,,,,,,,,,,,,,,,,,,,,,,,,,,,,,,,,,,,,,,,,,,,,,,,,,,,,,,,,,,,,,,,,,,,,,,,,,,,,,,,,,,,,,,,,,,,
H6iaAmhIot8.mp4,9,dodgeball,A person is shaking his hands while dancing,24.083,0.0,10.01,0.08,2.53,2,61,2,8,8,15,15,22,22,28,28,35,35,41,41,48,48,54,54,61,,,,,,,,,,,,,,,,,,,,,,,,,,,,,,,,,,,,,,,,,,,,,,,,,,,,,,,,,,,,,,,,,,,,,,,,,,,,,,,,,,,,,,,,,,,,,,,,,,,,,,,,,,,,,,,,,,,,,,,,,,,,
OBH88NPbB6M.mp4,2,petting cat,A person is playing with a cat,29.97002997002997,0.0,6.47,0.03,2.27,1,68,1,35,35,68,,,,,,,,,,,,,,,,,,,,,,,,,,,,,,,,,,,,,,,,,,,,,,,,,,,,,,,,,,,,,,,,,,,,,,,,,,,,,,,,,,,,,,,,,,,,,,,,,,,,,,,,,,,,,,,,,,,,,,,,,,,,,,,,,,,,,,,,,,
lyCa10PFRcE.mp4,3,winking,A person is winking,10.0,0.0,10.0,0.8,3.8,8,38,8,18,18,28,28,38,,,,,,,,,,,,,,,,,,,,,,,,,,,,,,,,,,,,,,,,,,,,,,,,,,,,,,,,,,,,,,,,,,,,,,,,,,,,,,,,,,,,,,,,,,,,,,,,,,,,,,,,,,,,,,,,,,,,,,,,,,,,,,,,,,,,,,,,
fOcfIbaEipc.mp4,3,playing xylophone,A person is playing an instrument,16.666666666666668,0.0,10.02,5.22,5.7,87,95,87,89,89,92,92,95,,,,,,,,,,,,,,,,,,,,,,,,,,,,,,,,,,,,,,,,,,,,,,,,,,,,,,,,,,,,,,,,,,,,,,,,,,,,,,,,,,,,,,,,,,,,,,,,,,,,,,,,,,,,,,,,,,,,,,,,,,,,,,,,,,,,,,,,
9iVoUBN2pfI.mp4,8,slicing onion,A person is chopping the onion,9.99000999000999,0.0,10.01,6.21,8.91,62,89,62,66,66,69,69,72,72,76,76,79,79,82,82,86,86,89,,,,,,,,,,,,,,,,,,,,,,,,,,,,,,,,,,,,,,,,,,,,,,,,,,,,,,,,,,,,,,,,,,,,,,,,,,,,,,,,,,,,,,,,,,,,,,,,,,,,,,,,,,,,,,,,,,,,,,,,,,,,,,
c7mVebJInOA.mp4,7,spinning plates,A person is clapping her hands,25.0,0.0,10.0,0.32,2.04,8,51,8,14,14,20,20,26,26,33,33,39,39,45,45,51,,,,,,,,,,,,,,,,,,,,,,,,,,,,,,,,,,,,,,,,,,,,,,,,,,,,,,,,,,,,,,,,,,,,,,,,,,,,,,,,,,,,,,,,,,,,,,,,,,,,,,,,,,,,,,,,,,,,,,,,,,,,,,,,
ebuQx-5dUSw.mp4,13,putting on foundation,A person is applying makeup,29.97002997002997,0.0,10.01,5.01,8.07,150,242,150,157,157,164,164,171,171,178,178,185,185,192,192,200,200,207,207,214,214,221,221,228,228,235,235,242,,,,,,,,,,,,,,,,,,,,,,,,,,,,,,,,,,,,,,,,,,,,,,,,,,,,,,,,,,,,,,,,,,,,,,,,,,,,,,,,,,,,,,,,,,,,,,,,,,,,,,,,,,,,,,,,,,,,
zMY6OltEQ2s.mp4,3,petting cat,A cat is waving its legs,30.0,0.0,10.0,5.23,6.37,157,191,157,168,168,180,180,191,,,,,,,,,,,,,,,,,,,,,,,,,,,,,,,,,,,,,,,,,,,,,,,,,,,,,,,,,,,,,,,,,,,,,,,,,,,,,,,,,,,,,,,,,,,,,,,,,,,,,,,,,,,,,,,,,,,,,,,,,,,,,,,,,,,,,,,,
oOplKWLMCzg.mp4,5,writing,A person is moving the fingers,30.0,0.0,10.0,2.87,4.27,86,128,86,95,95,103,103,112,112,120,120,128,,,,,,,,,,,,,,,,,,,,,,,,,,,,,,,,,,,,,,,,,,,,,,,,,,,,,,,,,,,,,,,,,,,,,,,,,,,,,,,,,,,,,,,,,,,,,,,,,,,,,,,,,,,,,,,,,,,,,,,,,,,,,,,,,,,,
cqBKMGuZC6I.mp4,2,playing violin,A woman is playing the violin,23.976023976023978,0.0,10.01,6.01,9.09,144,218,144,181,181,218,,,,,,,,,,,,,,,,,,,,,,,,,,,,,,,,,,,,,,,,,,,,,,,,,,,,,,,,,,,,,,,,,,,,,,,,,,,,,,,,,,,,,,,,,,,,,,,,,,,,,,,,,,,,,,,,,,,,,,,,,,,,,,,,,,,,,,,,,,
3xXf8cP9m0Y.mp4,4,lifting hat,A person is rotating the hat with his thumb,16.083333333333332,0.0,10.01,6.22,7.9,100,127,100,106,106,113,113,120,120,127,,,,,,,,,,,,,,,,,,,,,,,,,,,,,,,,,,,,,,,,,,,,,,,,,,,,,,,,,,,,,,,,,,,,,,,,,,,,,,,,,,,,,,,,,,,,,,,,,,,,,,,,,,,,,,,,,,,,,,,,,,,,,,,,,,,,,,
AFMmqsjcfis.mp4,3,rope pushdown,A person is doing a workout,29.97002997002997,0.0,10.01,2.37,9.61,71,288,71,143,143,215,215,288,,,,,,,,,,,,,,,,,,,,,,,,,,,,,,,,,,,,,,,,,,,,,,,,,,,,,,,,,,,,,,,,,,,,,,,,,,,,,,,,,,,,,,,,,,,,,,,,,,,,,,,,,,,,,,,,,,,,,,,,,,,,,,,,,,,,,,,,
KsSA-5c5kdA.mp4,2,sweeping floor,A person is moving the broomstick,30.0,0.0,10.0,1.0,3.6,30,108,30,69,69,108,,,,,,,,,,,,,,,,,,,,,,,,,,,,,,,,,,,,,,,,,,,,,,,,,,,,,,,,,,,,,,,,,,,,,,,,,,,,,,,,,,,,,,,,,,,,,,,,,,,,,,,,,,,,,,,,,,,,,,,,,,,,,,,,,,,,,,,,,,
aZt4K4tdX-c.mp4,6,herding cattle,A person is massaging the animal,29.97002997002997,0.0,10.01,2.27,4.04,68,121,68,77,77,86,86,95,95,103,103,112,112,121,,,,,,,,,,,,,,,,,,,,,,,,,,,,,,,,,,,,,,,,,,,,,,,,,,,,,,,,,,,,,,,,,,,,,,,,,,,,,,,,,,,,,,,,,,,,,,,,,,,,,,,,,,,,,,,,,,,,,,,,,,,,,,,,,,
-v9MutR8bU4.mp4,19,pumping fist,A person on the right is waving his hand,23.954,0.0,10.02,3.05,9.56,73,229,73,81,81,89,89,97,97,106,106,114,114,122,122,130,130,139,139,147,147,155,155,163,163,171,171,180,180,188,188,196,196,204,204,213,213,221,221,229,,,,,,,,,,,,,,,,,,,,,,,,,,,,,,,,,,,,,,,,,,,,,,,,,,,,,,,,,,,,,,,,,,,,,,,,,,,,,,,,,,,,,,,,,,,,,,,,,,,,,,,,
6Lp_uAizFjw.mp4,3,applying cream,A person is rubbing the skin,30.0,0.0,10.0,2.2,3.63,66,109,66,80,80,95,95,109,,,,,,,,,,,,,,,,,,,,,,,,,,,,,,,,,,,,,,,,,,,,,,,,,,,,,,,,,,,,,,,,,,,,,,,,,,,,,,,,,,,,,,,,,,,,,,,,,,,,,,,,,,,,,,,,,,,,,,,,,,,,,,,,,,,,,,,,
kdYDs9W3nn4.mp4,16,doing nails,A person is polishing the nails,29.97002997002997,0.0,10.01,0.23,4.44,7,133,7,15,15,23,23,31,31,39,39,47,47,54,54,62,62,70,70,78,78,86,86,94,94,102,102,109,109,117,117,125,125,133,,,,,,,,,,,,,,,,,,,,,,,,,,,,,,,,,,,,,,,,,,,,,,,,,,,,,,,,,,,,,,,,,,,,,,,,,,,,,,,,,,,,,,,,,,,,,,,,,,,,,,,,,,,,,,
dSscGQ3v0KQ.mp4,3,moon walking,A person is dancing,30.0,0.0,9.4,2.07,5.87,62,176,62,100,100,138,138,176,,,,,,,,,,,,,,,,,,,,,,,,,,,,,,,,,,,,,,,,,,,,,,,,,,,,,,,,,,,,,,,,,,,,,,,,,,,,,,,,,,,,,,,,,,,,,,,,,,,,,,,,,,,,,,,,,,,,,,,,,,,,,,,,,,,,,,,,
sC2SLwXON6A.mp4,6,sawing wood,A person is cutting the trunk,15.0,0.0,10.0,4.73,7.33,71,110,71,78,78,84,84,91,91,97,97,103,103,110,,,,,,,,,,,,,,,,,,,,,,,,,,,,,,,,,,,,,,,,,,,,,,,,,,,,,,,,,,,,,,,,,,,,,,,,,,,,,,,,,,,,,,,,,,,,,,,,,,,,,,,,,,,,,,,,,,,,,,,,,,,,,,,,,,
KSBfjdhxfrQ.mp4,3,playing monopoly,A person is placing cards on the table,23.976023976023978,0.0,10.01,1.58,3.42,38,82,38,53,53,67,67,82,,,,,,,,,,,,,,,,,,,,,,,,,,,,,,,,,,,,,,,,,,,,,,,,,,,,,,,,,,,,,,,,,,,,,,,,,,,,,,,,,,,,,,,,,,,,,,,,,,,,,,,,,,,,,,,,,,,,,,,,,,,,,,,,,,,,,,,,
03do4ZbZrkA.mp4,2,steer roping,A person is beating,29.97002997002997,0.0,10.01,6.64,7.47,199,224,199,212,212,224,,,,,,,,,,,,,,,,,,,,,,,,,,,,,,,,,,,,,,,,,,,,,,,,,,,,,,,,,,,,,,,,,,,,,,,,,,,,,,,,,,,,,,,,,,,,,,,,,,,,,,,,,,,,,,,,,,,,,,,,,,,,,,,,,,,,,,,,,,
K0cnzdgbcvc.mp4,12,needle felting,A person is poking with a needle,30.0,0.0,10.0,0.03,6.0,1,180,1,16,16,31,31,46,46,61,61,76,76,91,91,106,106,120,120,135,135,150,150,165,165,180,,,,,,,,,,,,,,,,,,,,,,,,,,,,,,,,,,,,,,,,,,,,,,,,,,,,,,,,,,,,,,,,,,,,,,,,,,,,,,,,,,,,,,,,,,,,,,,,,,,,,,,,,,,,,,,,,,,,,,
qLNLQ26iu9s.mp4,3,pushing wheelchair,A person is moving the wheel,28.102,0.0,10.03,0.04,2.78,1,78,1,27,27,52,52,78,,,,,,,,,,,,,,,,,,,,,,,,,,,,,,,,,,,,,,,,,,,,,,,,,,,,,,,,,,,,,,,,,,,,,,,,,,,,,,,,,,,,,,,,,,,,,,,,,,,,,,,,,,,,,,,,,,,,,,,,,,,,,,,,,,,,,,,,
7wcglB_dFE0.mp4,3,filling eyebrows,A person is shaping the eyebrow with a pencil,23.976023976023978,0.0,10.01,0.5,2.92,12,70,12,32,32,51,51,70,,,,,,,,,,,,,,,,,,,,,,,,,,,,,,,,,,,,,,,,,,,,,,,,,,,,,,,,,,,,,,,,,,,,,,,,,,,,,,,,,,,,,,,,,,,,,,,,,,,,,,,,,,,,,,,,,,,,,,,,,,,,,,,,,,,,,,,,
HhiGySYdL44.mp4,3,playing beer pong,A person is waving his hand,24.996,0.0,10.0,6.88,8.24,172,206,172,183,183,195,195,206,,,,,,,,,,,,,,,,,,,,,,,,,,,,,,,,,,,,,,,,,,,,,,,,,,,,,,,,,,,,,,,,,,,,,,,,,,,,,,,,,,,,,,,,,,,,,,,,,,,,,,,,,,,,,,,,,,,,,,,,,,,,,,,,,,,,,,,,
hUNikQSF8ik.mp4,4,putting on foundation,A person is applying powder with a brush,19.346,0.0,10.03,7.6,8.89,147,172,147,153,153,159,159,166,166,172,,,,,,,,,,,,,,,,,,,,,,,,,,,,,,,,,,,,,,,,,,,,,,,,,,,,,,,,,,,,,,,,,,,,,,,,,,,,,,,,,,,,,,,,,,,,,,,,,,,,,,,,,,,,,,,,,,,,,,,,,,,,,,,,,,,,,,
QduPdOUx4mA.mp4,4,marching,A person is rotating the flag,29.97002997002997,0.0,10.01,0.03,4.37,1,131,1,34,34,66,66,98,98,131,,,,,,,,,,,,,,,,,,,,,,,,,,,,,,,,,,,,,,,,,,,,,,,,,,,,,,,,,,,,,,,,,,,,,,,,,,,,,,,,,,,,,,,,,,,,,,,,,,,,,,,,,,,,,,,,,,,,,,,,,,,,,,,,,,,,,,
yLe0qHq6kBM.mp4,6,eating burger,A boy is eating,30.0,0.0,10.0,0.47,4.13,14,124,14,33,33,51,51,69,69,87,87,105,105,124,,,,,,,,,,,,,,,,,,,,,,,,,,,,,,,,,,,,,,,,,,,,,,,,,,,,,,,,,,,,,,,,,,,,,,,,,,,,,,,,,,,,,,,,,,,,,,,,,,,,,,,,,,,,,,,,,,,,,,,,,,,,,,,,,,
7oAaklvLk4k.mp4,2,hurdling,A person is jumping,30.0,0.0,4.9,2.23,3.87,67,116,67,92,92,116,,,,,,,,,,,,,,,,,,,,,,,,,,,,,,,,,,,,,,,,,,,,,,,,,,,,,,,,,,,,,,,,,,,,,,,,,,,,,,,,,,,,,,,,,,,,,,,,,,,,,,,,,,,,,,,,,,,,,,,,,,,,,,,,,,,,,,,,,,
fde0fnYJszI.mp4,5,scrambling eggs,A person is swiping the egg on a bowl,30.0,0.0,10.0,0.03,3.0,1,90,1,19,19,37,37,54,54,72,72,90,,,,,,,,,,,,,,,,,,,,,,,,,,,,,,,,,,,,,,,,,,,,,,,,,,,,,,,,,,,,,,,,,,,,,,,,,,,,,,,,,,,,,,,,,,,,,,,,,,,,,,,,,,,,,,,,,,,,,,,,,,,,,,,,,,,,
9Yyvbkj_GI0.mp4,2,being in zero gravity,A boy is being flipped by two people,29.94,0.0,10.02,3.17,9.49,95,284,95,189,189,284,,,,,,,,,,,,,,,,,,,,,,,,,,,,,,,,,,,,,,,,,,,,,,,,,,,,,,,,,,,,,,,,,,,,,,,,,,,,,,,,,,,,,,,,,,,,,,,,,,,,,,,,,,,,,,,,,,,,,,,,,,,,,,,,,,,,,,,,,,
gQtyH2kqmsw.mp4,8,hula hooping,A person is playing hula hoop,30.0,0.0,6.6,0.07,5.17,2,155,2,21,21,40,40,60,60,79,79,98,98,117,117,136,136,155,,,,,,,,,,,,,,,,,,,,,,,,,,,,,,,,,,,,,,,,,,,,,,,,,,,,,,,,,,,,,,,,,,,,,,,,,,,,,,,,,,,,,,,,,,,,,,,,,,,,,,,,,,,,,,,,,,,,,,,,,,,,,,
FeVJ6YvmYX0.mp4,2,lunge,A person is doing exercises,29.97002997002997,0.0,9.11,0.2,4.5,6,135,6,71,71,135,,,,,,,,,,,,,,,,,,,,,,,,,,,,,,,,,,,,,,,,,,,,,,,,,,,,,,,,,,,,,,,,,,,,,,,,,,,,,,,,,,,,,,,,,,,,,,,,,,,,,,,,,,,,,,,,,,,,,,,,,,,,,,,,,,,,,,,,,,
swEKuItPiac.mp4,2,squat,A person is weight lifting,30.0,0.0,9.77,0.97,6.47,29,194,29,112,112,194,,,,,,,,,,,,,,,,,,,,,,,,,,,,,,,,,,,,,,,,,,,,,,,,,,,,,,,,,,,,,,,,,,,,,,,,,,,,,,,,,,,,,,,,,,,,,,,,,,,,,,,,,,,,,,,,,,,,,,,,,,,,,,,,,,,,,,,,,,
cdu-0xQEXJc.mp4,4,treating wood,A person is rubbing the door,25.0,0.0,10.0,5.96,9.4,149,235,149,170,170,192,192,213,213,235,,,,,,,,,,,,,,,,,,,,,,,,,,,,,,,,,,,,,,,,,,,,,,,,,,,,,,,,,,,,,,,,,,,,,,,,,,,,,,,,,,,,,,,,,,,,,,,,,,,,,,,,,,,,,,,,,,,,,,,,,,,,,,,,,,,,,,
dg9pDLv-uF4.mp4,2,playing recorder,A kid is dancing,30.0,0.0,10.0,0.2,1.93,6,58,6,32,32,58,,,,,,,,,,,,,,,,,,,,,,,,,,,,,,,,,,,,,,,,,,,,,,,,,,,,,,,,,,,,,,,,,,,,,,,,,,,,,,,,,,,,,,,,,,,,,,,,,,,,,,,,,,,,,,,,,,,,,,,,,,,,,,,,,,,,,,,,,,
QkQQjFGnZlg.mp4,2,squat,A man is lifting the weights,30.0,0.0,9.2,0.47,6.27,14,188,14,101,101,188,,,,,,,,,,,,,,,,,,,,,,,,,,,,,,,,,,,,,,,,,,,,,,,,,,,,,,,,,,,,,,,,,,,,,,,,,,,,,,,,,,,,,,,,,,,,,,,,,,,,,,,,,,,,,,,,,,,,,,,,,,,,,,,,,,,,,,,,,,
HCrdBsDe_AE.mp4,10,cleaning toilet,A person is cleaning the toilet,29.97002997002997,0.0,10.01,0.03,3.64,1,109,1,12,12,23,23,34,34,44,44,55,55,66,66,77,77,88,88,98,98,109,,,,,,,,,,,,,,,,,,,,,,,,,,,,,,,,,,,,,,,,,,,,,,,,,,,,,,,,,,,,,,,,,,,,,,,,,,,,,,,,,,,,,,,,,,,,,,,,,,,,,,,,,,,,,,,,,,,,,,,,,,
uQ3ZBJp36wg.mp4,6,swimming backstroke,A person is swimming,30.0,0.0,10.0,0.17,9.23,5,277,5,50,50,96,96,141,141,186,186,232,232,277,,,,,,,,,,,,,,,,,,,,,,,,,,,,,,,,,,,,,,,,,,,,,,,,,,,,,,,,,,,,,,,,,,,,,,,,,,,,,,,,,,,,,,,,,,,,,,,,,,,,,,,,,,,,,,,,,,,,,,,,,,,,,,,,,,
f2pypefCCus.mp4,4,cracking knuckles,A person is playing with their hands,29.583333333333332,0.0,10.01,0.07,6.93,2,205,2,53,53,104,104,154,154,205,,,,,,,,,,,,,,,,,,,,,,,,,,,,,,,,,,,,,,,,,,,,,,,,,,,,,,,,,,,,,,,,,,,,,,,,,,,,,,,,,,,,,,,,,,,,,,,,,,,,,,,,,,,,,,,,,,,,,,,,,,,,,,,,,,,,,,
LBueODuOHQc.mp4,3,playing polo,A person is riding the horse,25.0,0.0,10.0,5.64,6.96,141,174,141,152,152,163,163,174,,,,,,,,,,,,,,,,,,,,,,,,,,,,,,,,,,,,,,,,,,,,,,,,,,,,,,,,,,,,,,,,,,,,,,,,,,,,,,,,,,,,,,,,,,,,,,,,,,,,,,,,,,,,,,,,,,,,,,,,,,,,,,,,,,,,,,,,
HKnj14bdH0s.mp4,19,playing xylophone,A girl is playing with the stick,29.97002997002997,0.0,8.51,2.87,7.04,86,211,86,93,93,99,99,106,106,113,113,119,119,126,126,132,132,139,139,145,145,152,152,158,158,165,165,172,172,178,178,185,185,191,191,198,198,204,204,211,,,,,,,,,,,,,,,,,,,,,,,,,,,,,,,,,,,,,,,,,,,,,,,,,,,,,,,,,,,,,,,,,,,,,,,,,,,,,,,,,,,,,,,,,,,,,,,,,,,,,,,,
qIcQ_Zc6le4.mp4,8,cutting orange,A person is cutting an item with a blade,30.0,0.0,10.0,3.23,6.2,97,186,97,108,108,119,119,130,130,142,142,153,153,164,164,175,175,186,,,,,,,,,,,,,,,,,,,,,,,,,,,,,,,,,,,,,,,,,,,,,,,,,,,,,,,,,,,,,,,,,,,,,,,,,,,,,,,,,,,,,,,,,,,,,,,,,,,,,,,,,,,,,,,,,,,,,,,,,,,,,,
T1y8wsYTORI.mp4,7,marriage proposal,A person is clapping,30.0,0.0,10.0,0.27,2.4,8,72,8,17,17,27,27,36,36,45,45,54,54,63,63,72,,,,,,,,,,,,,,,,,,,,,,,,,,,,,,,,,,,,,,,,,,,,,,,,,,,,,,,,,,,,,,,,,,,,,,,,,,,,,,,,,,,,,,,,,,,,,,,,,,,,,,,,,,,,,,,,,,,,,,,,,,,,,,,,
fFQ_M3LMJho.mp4,2,braiding hair,A person is rotating the hair,30.0,0.0,10.0,6.83,7.77,205,233,205,219,219,233,,,,,,,,,,,,,,,,,,,,,,,,,,,,,,,,,,,,,,,,,,,,,,,,,,,,,,,,,,,,,,,,,,,,,,,,,,,,,,,,,,,,,,,,,,,,,,,,,,,,,,,,,,,,,,,,,,,,,,,,,,,,,,,,,,,,,,,,,,
nHwFXAPVJF4.mp4,2,hand washing clothes,A person is washing clothes,30.0,0.0,9.27,3.47,8.13,104,244,104,174,174,244,,,,,,,,,,,,,,,,,,,,,,,,,,,,,,,,,,,,,,,,,,,,,,,,,,,,,,,,,,,,,,,,,,,,,,,,,,,,,,,,,,,,,,,,,,,,,,,,,,,,,,,,,,,,,,,,,,,,,,,,,,,,,,,,,,,,,,,,,,
WGZyygDLlpQ.mp4,3,opening wine bottle,A person is rotating the object,25.0,0.0,9.28,0.96,4.52,24,113,24,54,54,83,83,113,,,,,,,,,,,,,,,,,,,,,,,,,,,,,,,,,,,,,,,,,,,,,,,,,,,,,,,,,,,,,,,,,,,,,,,,,,,,,,,,,,,,,,,,,,,,,,,,,,,,,,,,,,,,,,,,,,,,,,,,,,,,,,,,,,,,,,,,
TTQGodd_nPg.mp4,6,carrying baby,A woman is moving forward and backward,23.583333333333332,0.0,9.88,0.34,9.12,8,215,8,42,42,77,77,111,111,146,146,180,180,215,,,,,,,,,,,,,,,,,,,,,,,,,,,,,,,,,,,,,,,,,,,,,,,,,,,,,,,,,,,,,,,,,,,,,,,,,,,,,,,,,,,,,,,,,,,,,,,,,,,,,,,,,,,,,,,,,,,,,,,,,,,,,,,,,,
5AHhV008HuQ.mp4,3,flipping pancake,A kid is playing with a pan,29.97002997002997,0.0,9.68,1.37,5.41,41,162,41,81,81,121,121,162,,,,,,,,,,,,,,,,,,,,,,,,,,,,,,,,,,,,,,,,,,,,,,,,,,,,,,,,,,,,,,,,,,,,,,,,,,,,,,,,,,,,,,,,,,,,,,,,,,,,,,,,,,,,,,,,,,,,,,,,,,,,,,,,,,,,,,,,
fnTkR1uHvCU.mp4,7,changing wheel (not on bike),A person is fixing the screw,25.0,0.0,10.0,6.2,8.44,155,211,155,163,163,171,171,179,179,187,187,195,195,203,203,211,,,,,,,,,,,,,,,,,,,,,,,,,,,,,,,,,,,,,,,,,,,,,,,,,,,,,,,,,,,,,,,,,,,,,,,,,,,,,,,,,,,,,,,,,,,,,,,,,,,,,,,,,,,,,,,,,,,,,,,,,,,,,,,,
EpTeVtoil5M.mp4,2,push up,A person is doing push-ups,25.0,0.0,8.96,0.04,3.84,1,96,1,48,48,96,,,,,,,,,,,,,,,,,,,,,,,,,,,,,,,,,,,,,,,,,,,,,,,,,,,,,,,,,,,,,,,,,,,,,,,,,,,,,,,,,,,,,,,,,,,,,,,,,,,,,,,,,,,,,,,,,,,,,,,,,,,,,,,,,,,,,,,,,,
8Wg6VOvmS-k.mp4,4,moving baby,A baby is playing,29.97002997002997,0.0,10.01,7.47,9.91,224,297,224,242,242,261,261,279,279,297,,,,,,,,,,,,,,,,,,,,,,,,,,,,,,,,,,,,,,,,,,,,,,,,,,,,,,,,,,,,,,,,,,,,,,,,,,,,,,,,,,,,,,,,,,,,,,,,,,,,,,,,,,,,,,,,,,,,,,,,,,,,,,,,,,,,,,
l9LqIYiZjLQ.mp4,5,shining shoes,A person is polishing the shoe,25.0,0.0,10.0,0.72,3.04,18,76,18,30,30,41,41,53,53,64,64,76,,,,,,,,,,,,,,,,,,,,,,,,,,,,,,,,,,,,,,,,,,,,,,,,,,,,,,,,,,,,,,,,,,,,,,,,,,,,,,,,,,,,,,,,,,,,,,,,,,,,,,,,,,,,,,,,,,,,,,,,,,,,,,,,,,,,
kgZKEGAvEXg.mp4,2,combing hair,A person is combing the hair,30.0,0.0,9.23,3.6,5.57,108,167,108,137,137,167,,,,,,,,,,,,,,,,,,,,,,,,,,,,,,,,,,,,,,,,,,,,,,,,,,,,,,,,,,,,,,,,,,,,,,,,,,,,,,,,,,,,,,,,,,,,,,,,,,,,,,,,,,,,,,,,,,,,,,,,,,,,,,,,,,,,,,,,,,
9BlJwflR6aA.mp4,3,plastering,A person is softening the wall,7.805555555555555,0.0,10.12,7.05,9.99,55,78,55,62,62,70,70,78,,,,,,,,,,,,,,,,,,,,,,,,,,,,,,,,,,,,,,,,,,,,,,,,,,,,,,,,,,,,,,,,,,,,,,,,,,,,,,,,,,,,,,,,,,,,,,,,,,,,,,,,,,,,,,,,,,,,,,,,,,,,,,,,,,,,,,,,
7Aj98Let5r8.mp4,4,dribbling basketball,A person is bouncing a basketball,29.97002997002997,0.0,10.01,0.6,2.4,18,72,18,31,31,45,45,58,58,72,,,,,,,,,,,,,,,,,,,,,,,,,,,,,,,,,,,,,,,,,,,,,,,,,,,,,,,,,,,,,,,,,,,,,,,,,,,,,,,,,,,,,,,,,,,,,,,,,,,,,,,,,,,,,,,,,,,,,,,,,,,,,,,,,,,,,,
B0EKYDSv_yQ.mp4,5,scrambling eggs,A person is gathering food,23.916666666666668,0.0,9.99,0.04,1.59,1,38,1,8,8,16,16,23,23,31,31,38,,,,,,,,,,,,,,,,,,,,,,,,,,,,,,,,,,,,,,,,,,,,,,,,,,,,,,,,,,,,,,,,,,,,,,,,,,,,,,,,,,,,,,,,,,,,,,,,,,,,,,,,,,,,,,,,,,,,,,,,,,,,,,,,,,,,
ICWUTZO5aPc.mp4,3,playing xylophone,A person is clapping,30.0,0.0,9.4,1.33,5.13,40,154,40,78,78,116,116,154,,,,,,,,,,,,,,,,,,,,,,,,,,,,,,,,,,,,,,,,,,,,,,,,,,,,,,,,,,,,,,,,,,,,,,,,,,,,,,,,,,,,,,,,,,,,,,,,,,,,,,,,,,,,,,,,,,,,,,,,,,,,,,,,,,,,,,,,
7l_l0968ICo.mp4,9,getting a tattoo,A person is getting a tattoo,29.954,0.0,10.02,3.1,5.07,93,152,93,100,100,107,107,113,113,120,120,126,126,133,133,139,139,146,146,152,,,,,,,,,,,,,,,,,,,,,,,,,,,,,,,,,,,,,,,,,,,,,,,,,,,,,,,,,,,,,,,,,,,,,,,,,,,,,,,,,,,,,,,,,,,,,,,,,,,,,,,,,,,,,,,,,,,,,,,,,,,,
FJNuJzVu2Nk.mp4,5,shining shoes,A boy is polishing the shoe,29.97002997002997,0.0,10.01,0.13,1.17,4,35,4,10,10,16,16,22,22,29,29,35,,,,,,,,,,,,,,,,,,,,,,,,,,,,,,,,,,,,,,,,,,,,,,,,,,,,,,,,,,,,,,,,,,,,,,,,,,,,,,,,,,,,,,,,,,,,,,,,,,,,,,,,,,,,,,,,,,,,,,,,,,,,,,,,,,,,
PKG57rsxlDM.mp4,4,playing blackjack,A man is sharing cards,30.0,0.0,10.0,0.47,3.2,14,96,14,35,35,55,55,76,76,96,,,,,,,,,,,,,,,,,,,,,,,,,,,,,,,,,,,,,,,,,,,,,,,,,,,,,,,,,,,,,,,,,,,,,,,,,,,,,,,,,,,,,,,,,,,,,,,,,,,,,,,,,,,,,,,,,,,,,,,,,,,,,,,,,,,,,,
amQO7nfWEQs.mp4,3,putting in contact lenses,A person is blinking eyes,30.0,0.0,10.0,1.4,2.77,42,83,42,56,56,69,69,83,,,,,,,,,,,,,,,,,,,,,,,,,,,,,,,,,,,,,,,,,,,,,,,,,,,,,,,,,,,,,,,,,,,,,,,,,,,,,,,,,,,,,,,,,,,,,,,,,,,,,,,,,,,,,,,,,,,,,,,,,,,,,,,,,,,,,,,,
7oAaklvLk4k.mp4,2,hurdling,A person is jumping over a hurdle,30.0,0.0,4.9,2.2,3.73,66,112,66,89,89,112,,,,,,,,,,,,,,,,,,,,,,,,,,,,,,,,,,,,,,,,,,,,,,,,,,,,,,,,,,,,,,,,,,,,,,,,,,,,,,,,,,,,,,,,,,,,,,,,,,,,,,,,,,,,,,,,,,,,,,,,,,,,,,,,,,,,,,,,,,
saXDQtEO9WM.mp4,2,playing rubiks cube,A person is rotating a cube,24.0,0.0,10.0,2.0,3.42,48,82,48,65,65,82,,,,,,,,,,,,,,,,,,,,,,,,,,,,,,,,,,,,,,,,,,,,,,,,,,,,,,,,,,,,,,,,,,,,,,,,,,,,,,,,,,,,,,,,,,,,,,,,,,,,,,,,,,,,,,,,,,,,,,,,,,,,,,,,,,,,,,,,,,
hLU9EBADYUc.mp4,2,moon walking,A person is dancing,9.7125,0.0,9.47,3.4,5.05,33,49,33,41,41,49,,,,,,,,,,,,,,,,,,,,,,,,,,,,,,,,,,,,,,,,,,,,,,,,,,,,,,,,,,,,,,,,,,,,,,,,,,,,,,,,,,,,,,,,,,,,,,,,,,,,,,,,,,,,,,,,,,,,,,,,,,,,,,,,,,,,,,,,,,
D3qWsxGAHJ8.mp4,4,blowing out candles,A boy is blowing out the candles,15.0,0.0,10.0,3.2,8.27,48,124,48,67,67,86,86,105,105,124,,,,,,,,,,,,,,,,,,,,,,,,,,,,,,,,,,,,,,,,,,,,,,,,,,,,,,,,,,,,,,,,,,,,,,,,,,,,,,,,,,,,,,,,,,,,,,,,,,,,,,,,,,,,,,,,,,,,,,,,,,,,,,,,,,,,,,
qbLReliSivw.mp4,3,repairing puncture,A person is moving the hand,29.97002997002997,0.0,10.01,7.61,8.17,228,245,228,233,233,239,239,245,,,,,,,,,,,,,,,,,,,,,,,,,,,,,,,,,,,,,,,,,,,,,,,,,,,,,,,,,,,,,,,,,,,,,,,,,,,,,,,,,,,,,,,,,,,,,,,,,,,,,,,,,,,,,,,,,,,,,,,,,,,,,,,,,,,,,,,,
oopnT_wGGHE.mp4,5,rolling pastry,A person is rotating the dough,29.795,0.0,10.0,0.03,2.75,1,82,1,17,17,34,34,50,50,66,66,82,,,,,,,,,,,,,,,,,,,,,,,,,,,,,,,,,,,,,,,,,,,,,,,,,,,,,,,,,,,,,,,,,,,,,,,,,,,,,,,,,,,,,,,,,,,,,,,,,,,,,,,,,,,,,,,,,,,,,,,,,,,,,,,,,,,,
7tgUJGpuhVE.mp4,2,checking watch,A person is tapping on the watch with his index finger,30.0,0.0,10.0,0.43,0.83,13,25,13,19,19,25,,,,,,,,,,,,,,,,,,,,,,,,,,,,,,,,,,,,,,,,,,,,,,,,,,,,,,,,,,,,,,,,,,,,,,,,,,,,,,,,,,,,,,,,,,,,,,,,,,,,,,,,,,,,,,,,,,,,,,,,,,,,,,,,,,,,,,,,,,
a55MvMrYrCA.mp4,2,metal detecting,A person is checking the bomb,29.97002997002997,0.0,10.01,0.57,3.57,17,107,17,62,62,107,,,,,,,,,,,,,,,,,,,,,,,,,,,,,,,,,,,,,,,,,,,,,,,,,,,,,,,,,,,,,,,,,,,,,,,,,,,,,,,,,,,,,,,,,,,,,,,,,,,,,,,,,,,,,,,,,,,,,,,,,,,,,,,,,,,,,,,,,,
o3KuFl81xxA.mp4,2,tagging graffiti,The person is shaking the spray bottle,25.0,0.0,9.16,0.2,0.44,5,11,5,8,8,11,,,,,,,,,,,,,,,,,,,,,,,,,,,,,,,,,,,,,,,,,,,,,,,,,,,,,,,,,,,,,,,,,,,,,,,,,,,,,,,,,,,,,,,,,,,,,,,,,,,,,,,,,,,,,,,,,,,,,,,,,,,,,,,,,,,,,,,,,,
jpC3Wa_Na_Y.mp4,3,bathing dog,A person is rubbing his fingers on a dog,20.0,0.0,8.95,6.1,6.9,122,138,122,127,127,133,133,138,,,,,,,,,,,,,,,,,,,,,,,,,,,,,,,,,,,,,,,,,,,,,,,,,,,,,,,,,,,,,,,,,,,,,,,,,,,,,,,,,,,,,,,,,,,,,,,,,,,,,,,,,,,,,,,,,,,,,,,,,,,,,,,,,,,,,,,,
hggjGDItPe0.mp4,3,throwing snowballs,A person is throwing the snowballs,29.97002997002997,0.0,10.01,0.03,7.04,1,211,1,71,71,141,141,211,,,,,,,,,,,,,,,,,,,,,,,,,,,,,,,,,,,,,,,,,,,,,,,,,,,,,,,,,,,,,,,,,,,,,,,,,,,,,,,,,,,,,,,,,,,,,,,,,,,,,,,,,,,,,,,,,,,,,,,,,,,,,,,,,,,,,,,,
eb6HIe_xRwg.mp4,2,steering car,The steering is rotating,29.97002997002997,0.0,9.04,2.8,4.5,84,135,84,110,110,135,,,,,,,,,,,,,,,,,,,,,,,,,,,,,,,,,,,,,,,,,,,,,,,,,,,,,,,,,,,,,,,,,,,,,,,,,,,,,,,,,,,,,,,,,,,,,,,,,,,,,,,,,,,,,,,,,,,,,,,,,,,,,,,,,,,,,,,,,,
Z3BeONGMTsQ.mp4,3,passing American football (in game),A person is jumping on the ground,29.97002997002997,0.0,10.01,3.04,4.64,91,139,91,107,107,123,123,139,,,,,,,,,,,,,,,,,,,,,,,,,,,,,,,,,,,,,,,,,,,,,,,,,,,,,,,,,,,,,,,,,,,,,,,,,,,,,,,,,,,,,,,,,,,,,,,,,,,,,,,,,,,,,,,,,,,,,,,,,,,,,,,,,,,,,,,,
alWfkiWU9EE.mp4,4,playing accordion,A person is playing the harmonium,29.97002997002997,0.0,10.01,1.13,10.01,34,300,34,100,100,167,167,233,233,300,,,,,,,,,,,,,,,,,,,,,,,,,,,,,,,,,,,,,,,,,,,,,,,,,,,,,,,,,,,,,,,,,,,,,,,,,,,,,,,,,,,,,,,,,,,,,,,,,,,,,,,,,,,,,,,,,,,,,,,,,,,,,,,,,,,,,,
ARoKq4uIK1w.mp4,2,chasing,A woman is trying to catch the hen,29.97002997002997,0.0,10.01,1.77,6.97,53,209,53,131,131,209,,,,,,,,,,,,,,,,,,,,,,,,,,,,,,,,,,,,,,,,,,,,,,,,,,,,,,,,,,,,,,,,,,,,,,,,,,,,,,,,,,,,,,,,,,,,,,,,,,,,,,,,,,,,,,,,,,,,,,,,,,,,,,,,,,,,,,,,,,
3lfVWOTuaDk.mp4,2,catching fish,A person is rotating the fishing rod rope,24.0,0.0,10.0,1.17,1.83,28,44,28,36,36,44,,,,,,,,,,,,,,,,,,,,,,,,,,,,,,,,,,,,,,,,,,,,,,,,,,,,,,,,,,,,,,,,,,,,,,,,,,,,,,,,,,,,,,,,,,,,,,,,,,,,,,,,,,,,,,,,,,,,,,,,,,,,,,,,,,,,,,,,,,
ryQmZgXaPqI.mp4,3,using a paint roller,A person is painting the wall,25.0,0.0,10.0,0.92,7.6,23,190,23,79,79,134,134,190,,,,,,,,,,,,,,,,,,,,,,,,,,,,,,,,,,,,,,,,,,,,,,,,,,,,,,,,,,,,,,,,,,,,,,,,,,,,,,,,,,,,,,,,,,,,,,,,,,,,,,,,,,,,,,,,,,,,,,,,,,,,,,,,,,,,,,,,
yAH3y7MjP_4.mp4,3,writing,A man is waving his hand with a pen,30.0,0.0,10.0,0.2,1.0,6,30,6,14,14,22,22,30,,,,,,,,,,,,,,,,,,,,,,,,,,,,,,,,,,,,,,,,,,,,,,,,,,,,,,,,,,,,,,,,,,,,,,,,,,,,,,,,,,,,,,,,,,,,,,,,,,,,,,,,,,,,,,,,,,,,,,,,,,,,,,,,,,,,,,,,
3_xM0Fm-sKI.mp4,5,brushing teeth,A person is brushing their teeth,24.0,0.0,10.0,2.58,5.92,62,142,62,78,78,94,94,110,110,126,126,142,,,,,,,,,,,,,,,,,,,,,,,,,,,,,,,,,,,,,,,,,,,,,,,,,,,,,,,,,,,,,,,,,,,,,,,,,,,,,,,,,,,,,,,,,,,,,,,,,,,,,,,,,,,,,,,,,,,,,,,,,,,,,,,,,,,,
d7mKWn4cxY0.mp4,2,spraying,A person is painting the floor,29.97002997002997,0.0,8.71,0.4,4.2,12,126,12,69,69,126,,,,,,,,,,,,,,,,,,,,,,,,,,,,,,,,,,,,,,,,,,,,,,,,,,,,,,,,,,,,,,,,,,,,,,,,,,,,,,,,,,,,,,,,,,,,,,,,,,,,,,,,,,,,,,,,,,,,,,,,,,,,,,,,,,,,,,,,,,
xqB7XzNAWGA.mp4,7,sharpening pencil,A person is drawing,25.0,0.0,10.0,0.12,3.08,3,77,3,14,14,24,24,35,35,45,45,56,56,66,66,77,,,,,,,,,,,,,,,,,,,,,,,,,,,,,,,,,,,,,,,,,,,,,,,,,,,,,,,,,,,,,,,,,,,,,,,,,,,,,,,,,,,,,,,,,,,,,,,,,,,,,,,,,,,,,,,,,,,,,,,,,,,,,,,,
LOZ3wXKeMqs.mp4,3,massaging neck,A person is giving a neck massage,30.0,0.0,10.0,0.03,4.83,1,145,1,49,49,97,97,145,,,,,,,,,,,,,,,,,,,,,,,,,,,,,,,,,,,,,,,,,,,,,,,,,,,,,,,,,,,,,,,,,,,,,,,,,,,,,,,,,,,,,,,,,,,,,,,,,,,,,,,,,,,,,,,,,,,,,,,,,,,,,,,,,,,,,,,,
eApcqn8S79s.mp4,3,dancing charleston,A person with a white top is dancing,29.97002997002997,0.0,10.01,0.03,7.87,1,236,1,80,80,158,158,236,,,,,,,,,,,,,,,,,,,,,,,,,,,,,,,,,,,,,,,,,,,,,,,,,,,,,,,,,,,,,,,,,,,,,,,,,,,,,,,,,,,,,,,,,,,,,,,,,,,,,,,,,,,,,,,,,,,,,,,,,,,,,,,,,,,,,,,,
LL_lupGcnDc.mp4,9,playing maracas,A man is shaking the musical instrument,29.97002997002997,0.0,10.01,0.17,3.77,5,113,5,17,17,29,29,41,41,53,53,65,65,77,77,89,89,101,101,113,,,,,,,,,,,,,,,,,,,,,,,,,,,,,,,,,,,,,,,,,,,,,,,,,,,,,,,,,,,,,,,,,,,,,,,,,,,,,,,,,,,,,,,,,,,,,,,,,,,,,,,,,,,,,,,,,,,,,,,,,,,,
QxUhkIezDoo.mp4,2,tagging graffiti,A person is writing on the wall,14.917,0.0,10.06,0.94,1.68,14,25,14,19,19,25,,,,,,,,,,,,,,,,,,,,,,,,,,,,,,,,,,,,,,,,,,,,,,,,,,,,,,,,,,,,,,,,,,,,,,,,,,,,,,,,,,,,,,,,,,,,,,,,,,,,,,,,,,,,,,,,,,,,,,,,,,,,,,,,,,,,,,,,,,
ttFPEmFMrDk.mp4,4,archaeological excavation,A person is gathering mud with a shovel,25.0,0.0,10.0,0.56,3.4,14,85,14,32,32,50,50,67,67,85,,,,,,,,,,,,,,,,,,,,,,,,,,,,,,,,,,,,,,,,,,,,,,,,,,,,,,,,,,,,,,,,,,,,,,,,,,,,,,,,,,,,,,,,,,,,,,,,,,,,,,,,,,,,,,,,,,,,,,,,,,,,,,,,,,,,,,
n3GoaNCNEa8.mp4,3,mountain climber (exercise),A person is doing exercise,29.97002997002997,0.0,10.01,6.41,9.78,192,293,192,225,225,259,259,293,,,,,,,,,,,,,,,,,,,,,,,,,,,,,,,,,,,,,,,,,,,,,,,,,,,,,,,,,,,,,,,,,,,,,,,,,,,,,,,,,,,,,,,,,,,,,,,,,,,,,,,,,,,,,,,,,,,,,,,,,,,,,,,,,,,,,,,,
WGZyygDLlpQ.mp4,3,opening wine bottle,A person is rotating an object,25.0,0.0,9.28,1.0,4.48,25,112,25,54,54,83,83,112,,,,,,,,,,,,,,,,,,,,,,,,,,,,,,,,,,,,,,,,,,,,,,,,,,,,,,,,,,,,,,,,,,,,,,,,,,,,,,,,,,,,,,,,,,,,,,,,,,,,,,,,,,,,,,,,,,,,,,,,,,,,,,,,,,,,,,,,
jquAlkmPtLY.mp4,3,hammer throw,A person is rotating,29.97002997002997,0.0,10.01,3.64,5.21,109,156,109,125,125,140,140,156,,,,,,,,,,,,,,,,,,,,,,,,,,,,,,,,,,,,,,,,,,,,,,,,,,,,,,,,,,,,,,,,,,,,,,,,,,,,,,,,,,,,,,,,,,,,,,,,,,,,,,,,,,,,,,,,,,,,,,,,,,,,,,,,,,,,,,,,
f0cl5063ApE.mp4,2,clapping,A boy clapping his hands,25.0,0.0,10.0,1.16,2.08,29,52,29,40,40,52,,,,,,,,,,,,,,,,,,,,,,,,,,,,,,,,,,,,,,,,,,,,,,,,,,,,,,,,,,,,,,,,,,,,,,,,,,,,,,,,,,,,,,,,,,,,,,,,,,,,,,,,,,,,,,,,,,,,,,,,,,,,,,,,,,,,,,,,,,
NyscV0RER98.mp4,3,playing lute,A man is playing a piano,29.97002997002997,0.0,10.01,0.57,1.43,17,43,17,26,26,34,34,43,,,,,,,,,,,,,,,,,,,,,,,,,,,,,,,,,,,,,,,,,,,,,,,,,,,,,,,,,,,,,,,,,,,,,,,,,,,,,,,,,,,,,,,,,,,,,,,,,,,,,,,,,,,,,,,,,,,,,,,,,,,,,,,,,,,,,,,,
7_sxiwOBqB8.mp4,15,dribbling basketball,A boy is playing with a basketball,29.97002997002997,0.0,8.98,0.03,7.51,1,225,1,16,16,31,31,46,46,61,61,76,76,91,91,106,106,121,121,136,136,151,151,166,166,181,181,195,195,210,210,225,,,,,,,,,,,,,,,,,,,,,,,,,,,,,,,,,,,,,,,,,,,,,,,,,,,,,,,,,,,,,,,,,,,,,,,,,,,,,,,,,,,,,,,,,,,,,,,,,,,,,,,,,,,,,,,,
Xg5UALbniUM.mp4,5,cutting pineapple,A person is cutting fruit,23.976023976023978,0.0,9.59,1.04,3.92,25,94,25,39,39,53,53,66,66,80,80,94,,,,,,,,,,,,,,,,,,,,,,,,,,,,,,,,,,,,,,,,,,,,,,,,,,,,,,,,,,,,,,,,,,,,,,,,,,,,,,,,,,,,,,,,,,,,,,,,,,,,,,,,,,,,,,,,,,,,,,,,,,,,,,,,,,,,
wRIUnlxuRSo.mp4,2,swimming backstroke,A person is swimming,30.0,0.0,7.3,0.37,5.07,11,152,11,82,82,152,,,,,,,,,,,,,,,,,,,,,,,,,,,,,,,,,,,,,,,,,,,,,,,,,,,,,,,,,,,,,,,,,,,,,,,,,,,,,,,,,,,,,,,,,,,,,,,,,,,,,,,,,,,,,,,,,,,,,,,,,,,,,,,,,,,,,,,,,,
WJqNDMkfcTA.mp4,2,applying cream,A person is rubbing a woman's face with their finger,24.985,0.0,10.01,3.88,5.08,97,127,97,112,112,127,,,,,,,,,,,,,,,,,,,,,,,,,,,,,,,,,,,,,,,,,,,,,,,,,,,,,,,,,,,,,,,,,,,,,,,,,,,,,,,,,,,,,,,,,,,,,,,,,,,,,,,,,,,,,,,,,,,,,,,,,,,,,,,,,,,,,,,,,,
aKNpTwB2RAU.mp4,5,putting wallpaper on wall,A person is marking with a pencil,25.0,0.0,10.0,4.04,5.44,101,136,101,108,108,115,115,122,122,129,129,136,,,,,,,,,,,,,,,,,,,,,,,,,,,,,,,,,,,,,,,,,,,,,,,,,,,,,,,,,,,,,,,,,,,,,,,,,,,,,,,,,,,,,,,,,,,,,,,,,,,,,,,,,,,,,,,,,,,,,,,,,,,,,,,,,,,,
8rIzrwTX_uk.mp4,2,breakdancing,A person is dancing,29.994,0.0,10.0,0.07,2.03,2,61,2,32,32,61,,,,,,,,,,,,,,,,,,,,,,,,,,,,,,,,,,,,,,,,,,,,,,,,,,,,,,,,,,,,,,,,,,,,,,,,,,,,,,,,,,,,,,,,,,,,,,,,,,,,,,,,,,,,,,,,,,,,,,,,,,,,,,,,,,,,,,,,,,
J1x1Q7HyfV0.mp4,3,throwing knife,A person was throwing something at the wall,30.0,0.0,8.03,1.87,7.73,56,232,56,115,115,173,173,232,,,,,,,,,,,,,,,,,,,,,,,,,,,,,,,,,,,,,,,,,,,,,,,,,,,,,,,,,,,,,,,,,,,,,,,,,,,,,,,,,,,,,,,,,,,,,,,,,,,,,,,,,,,,,,,,,,,,,,,,,,,,,,,,,,,,,,,,
AhmAibsL_Xs.mp4,3,grooming cat,A person is massaging the cat,30.0,0.0,10.0,0.33,2.13,10,64,10,28,28,46,46,64,,,,,,,,,,,,,,,,,,,,,,,,,,,,,,,,,,,,,,,,,,,,,,,,,,,,,,,,,,,,,,,,,,,,,,,,,,,,,,,,,,,,,,,,,,,,,,,,,,,,,,,,,,,,,,,,,,,,,,,,,,,,,,,,,,,,,,,,
cYTZhEyQxhY.mp4,2,card stacking,A person is picking the cards,29.739,0.0,10.02,0.4,1.61,12,48,12,30,30,48,,,,,,,,,,,,,,,,,,,,,,,,,,,,,,,,,,,,,,,,,,,,,,,,,,,,,,,,,,,,,,,,,,,,,,,,,,,,,,,,,,,,,,,,,,,,,,,,,,,,,,,,,,,,,,,,,,,,,,,,,,,,,,,,,,,,,,,,,,
rdfmd7RUUzo.mp4,14,laying bricks,A person is tapping on the brick with a pallet,25.0,0.0,10.0,5.32,8.28,133,207,133,138,138,144,144,149,149,154,154,159,159,165,165,170,170,175,175,181,181,186,186,191,191,196,196,202,202,207,,,,,,,,,,,,,,,,,,,,,,,,,,,,,,,,,,,,,,,,,,,,,,,,,,,,,,,,,,,,,,,,,,,,,,,,,,,,,,,,,,,,,,,,,,,,,,,,,,,,,,,,,,,,,,,,,,
KiLkpmzEP8U.mp4,4,playing poker,A person is playing with the cards,29.97002997002997,0.0,10.01,2.07,7.11,62,213,62,100,100,138,138,176,176,213,,,,,,,,,,,,,,,,,,,,,,,,,,,,,,,,,,,,,,,,,,,,,,,,,,,,,,,,,,,,,,,,,,,,,,,,,,,,,,,,,,,,,,,,,,,,,,,,,,,,,,,,,,,,,,,,,,,,,,,,,,,,,,,,,,,,,,
alWfkiWU9EE.mp4,4,playing accordion,A person is playing the musical instrument,29.97002997002997,0.0,10.01,1.07,10.01,32,300,32,99,99,166,166,233,233,300,,,,,,,,,,,,,,,,,,,,,,,,,,,,,,,,,,,,,,,,,,,,,,,,,,,,,,,,,,,,,,,,,,,,,,,,,,,,,,,,,,,,,,,,,,,,,,,,,,,,,,,,,,,,,,,,,,,,,,,,,,,,,,,,,,,,,,
9GbHEPrbJNE.mp4,5,sieving,A man is waving his hands,30.0,0.0,9.23,0.23,2.27,7,68,7,19,19,32,32,44,44,56,56,68,,,,,,,,,,,,,,,,,,,,,,,,,,,,,,,,,,,,,,,,,,,,,,,,,,,,,,,,,,,,,,,,,,,,,,,,,,,,,,,,,,,,,,,,,,,,,,,,,,,,,,,,,,,,,,,,,,,,,,,,,,,,,,,,,,,,
hCHbWVirdiA.mp4,2,juggling soccer ball,A person is playing with the ball,30.0,0.0,10.0,2.23,3.33,67,100,67,83,83,100,,,,,,,,,,,,,,,,,,,,,,,,,,,,,,,,,,,,,,,,,,,,,,,,,,,,,,,,,,,,,,,,,,,,,,,,,,,,,,,,,,,,,,,,,,,,,,,,,,,,,,,,,,,,,,,,,,,,,,,,,,,,,,,,,,,,,,,,,,
ABXuis6JJrM.mp4,2,surveying,A person is waving hisher hand,25.0,0.0,10.0,2.0,2.64,50,66,50,58,58,66,,,,,,,,,,,,,,,,,,,,,,,,,,,,,,,,,,,,,,,,,,,,,,,,,,,,,,,,,,,,,,,,,,,,,,,,,,,,,,,,,,,,,,,,,,,,,,,,,,,,,,,,,,,,,,,,,,,,,,,,,,,,,,,,,,,,,,,,,,
x9sq4NCgYNo.mp4,6,belly dancing,A woman is dancing,29.97002997002997,0.0,10.01,5.61,8.64,168,259,168,183,183,198,198,213,213,229,229,244,244,259,,,,,,,,,,,,,,,,,,,,,,,,,,,,,,,,,,,,,,,,,,,,,,,,,,,,,,,,,,,,,,,,,,,,,,,,,,,,,,,,,,,,,,,,,,,,,,,,,,,,,,,,,,,,,,,,,,,,,,,,,,,,,,,,,,
siHDEsJmfZY.mp4,4,cooking scallops,A person is flipping the food item with steel tongs,30.0,0.0,10.0,0.07,6.97,2,209,2,54,54,106,106,157,157,209,,,,,,,,,,,,,,,,,,,,,,,,,,,,,,,,,,,,,,,,,,,,,,,,,,,,,,,,,,,,,,,,,,,,,,,,,,,,,,,,,,,,,,,,,,,,,,,,,,,,,,,,,,,,,,,,,,,,,,,,,,,,,,,,,,,,,,
6JHijqutcvQ.mp4,3,tap dancing,A person is dancing on the floor,29.916666666666668,0.0,10.03,0.33,2.57,10,77,10,32,32,54,54,77,,,,,,,,,,,,,,,,,,,,,,,,,,,,,,,,,,,,,,,,,,,,,,,,,,,,,,,,,,,,,,,,,,,,,,,,,,,,,,,,,,,,,,,,,,,,,,,,,,,,,,,,,,,,,,,,,,,,,,,,,,,,,,,,,,,,,,,,
PzVy91apiTU.mp4,2,flint knapping,A person is tapping with the tool,30.0,0.0,10.0,2.27,3.73,68,112,68,90,90,112,,,,,,,,,,,,,,,,,,,,,,,,,,,,,,,,,,,,,,,,,,,,,,,,,,,,,,,,,,,,,,,,,,,,,,,,,,,,,,,,,,,,,,,,,,,,,,,,,,,,,,,,,,,,,,,,,,,,,,,,,,,,,,,,,,,,,,,,,,
nak7hW4Wlt8.mp4,5,using a sledge hammer,A person is hitting with a hammer,29.97002997002997,0.0,10.01,0.13,8.78,4,263,4,55,55,107,107,159,159,211,211,263,,,,,,,,,,,,,,,,,,,,,,,,,,,,,,,,,,,,,,,,,,,,,,,,,,,,,,,,,,,,,,,,,,,,,,,,,,,,,,,,,,,,,,,,,,,,,,,,,,,,,,,,,,,,,,,,,,,,,,,,,,,,,,,,,,,,
Fa_g6qLeutA.mp4,7,making balloon shapes,A woman is squeezing the balloon,29.97002997002997,0.0,10.01,0.23,2.07,7,62,7,15,15,23,23,31,31,39,39,47,47,54,54,62,,,,,,,,,,,,,,,,,,,,,,,,,,,,,,,,,,,,,,,,,,,,,,,,,,,,,,,,,,,,,,,,,,,,,,,,,,,,,,,,,,,,,,,,,,,,,,,,,,,,,,,,,,,,,,,,,,,,,,,,,,,,,,,,
yFBiAIlr2d8.mp4,5,trimming shrubs,A person is cutting with the tool,29.905,0.0,10.03,1.0,3.44,30,103,30,44,44,59,59,74,74,88,88,103,,,,,,,,,,,,,,,,,,,,,,,,,,,,,,,,,,,,,,,,,,,,,,,,,,,,,,,,,,,,,,,,,,,,,,,,,,,,,,,,,,,,,,,,,,,,,,,,,,,,,,,,,,,,,,,,,,,,,,,,,,,,,,,,,,,,
6l0gWnHxMp4.mp4,4,situp,A woman doing exercise,30.0,0.0,10.0,0.93,8.63,28,259,28,86,86,143,143,201,201,259,,,,,,,,,,,,,,,,,,,,,,,,,,,,,,,,,,,,,,,,,,,,,,,,,,,,,,,,,,,,,,,,,,,,,,,,,,,,,,,,,,,,,,,,,,,,,,,,,,,,,,,,,,,,,,,,,,,,,,,,,,,,,,,,,,,,,,
rVIJzmJnKMo.mp4,2,cumbia,The man is rotating his dancing partner,30.0,0.0,9.73,4.53,5.93,136,178,136,157,157,178,,,,,,,,,,,,,,,,,,,,,,,,,,,,,,,,,,,,,,,,,,,,,,,,,,,,,,,,,,,,,,,,,,,,,,,,,,,,,,,,,,,,,,,,,,,,,,,,,,,,,,,,,,,,,,,,,,,,,,,,,,,,,,,,,,,,,,,,,,
-nmm2KT7uNU.mp4,2,pushing cart,A person is moving the toy vehicle towards the back,30.0,0.0,10.0,0.87,3.77,26,113,26,70,70,113,,,,,,,,,,,,,,,,,,,,,,,,,,,,,,,,,,,,,,,,,,,,,,,,,,,,,,,,,,,,,,,,,,,,,,,,,,,,,,,,,,,,,,,,,,,,,,,,,,,,,,,,,,,,,,,,,,,,,,,,,,,,,,,,,,,,,,,,,,
MEvHiRupOOc.mp4,3,applauding,A person is clapping hisher hands,29.933,0.0,10.02,5.28,8.92,158,267,158,194,194,231,231,267,,,,,,,,,,,,,,,,,,,,,,,,,,,,,,,,,,,,,,,,,,,,,,,,,,,,,,,,,,,,,,,,,,,,,,,,,,,,,,,,,,,,,,,,,,,,,,,,,,,,,,,,,,,,,,,,,,,,,,,,,,,,,,,,,,,,,,,,
DoE27sXdtgY.mp4,6,gospel singing in church,A man is clapping his hands,29.97002997002997,0.0,10.01,6.61,10.01,198,300,198,215,215,232,232,249,249,266,266,283,283,300,,,,,,,,,,,,,,,,,,,,,,,,,,,,,,,,,,,,,,,,,,,,,,,,,,,,,,,,,,,,,,,,,,,,,,,,,,,,,,,,,,,,,,,,,,,,,,,,,,,,,,,,,,,,,,,,,,,,,,,,,,,,,,,,,,
lKiwC--0o5Y.mp4,6,sharpening pencil,A person is sharpening the pencil and placing the shavings on the plate,29.97002997002997,0.0,10.01,0.2,2.94,6,88,6,20,20,33,33,47,47,60,60,74,74,88,,,,,,,,,,,,,,,,,,,,,,,,,,,,,,,,,,,,,,,,,,,,,,,,,,,,,,,,,,,,,,,,,,,,,,,,,,,,,,,,,,,,,,,,,,,,,,,,,,,,,,,,,,,,,,,,,,,,,,,,,,,,,,,,,,
fncy-lbnLCk.mp4,2,steering car,A person is rotating the steering,29.97002997002997,0.0,9.34,0.73,5.81,22,174,22,98,98,174,,,,,,,,,,,,,,,,,,,,,,,,,,,,,,,,,,,,,,,,,,,,,,,,,,,,,,,,,,,,,,,,,,,,,,,,,,,,,,,,,,,,,,,,,,,,,,,,,,,,,,,,,,,,,,,,,,,,,,,,,,,,,,,,,,,,,,,,,,
STS1a2RUloM.mp4,2,cutting pineapple,A person is slicing the pineapple,29.97002997002997,0.0,10.01,7.24,8.11,217,243,217,230,230,243,,,,,,,,,,,,,,,,,,,,,,,,,,,,,,,,,,,,,,,,,,,,,,,,,,,,,,,,,,,,,,,,,,,,,,,,,,,,,,,,,,,,,,,,,,,,,,,,,,,,,,,,,,,,,,,,,,,,,,,,,,,,,,,,,,,,,,,,,,
Z2SbsUX0Fg4.mp4,3,waxing back,A person is waxing the hair,29.97002997002997,0.0,10.01,3.27,4.64,98,139,98,112,112,125,125,139,,,,,,,,,,,,,,,,,,,,,,,,,,,,,,,,,,,,,,,,,,,,,,,,,,,,,,,,,,,,,,,,,,,,,,,,,,,,,,,,,,,,,,,,,,,,,,,,,,,,,,,,,,,,,,,,,,,,,,,,,,,,,,,,,,,,,,,,
_Gq2G10Sp8M.mp4,3,arm wrestling,A person is moving the hand,30.0,0.0,10.0,3.97,4.77,119,143,119,127,127,135,135,143,,,,,,,,,,,,,,,,,,,,,,,,,,,,,,,,,,,,,,,,,,,,,,,,,,,,,,,,,,,,,,,,,,,,,,,,,,,,,,,,,,,,,,,,,,,,,,,,,,,,,,,,,,,,,,,,,,,,,,,,,,,,,,,,,,,,,,,,
AtLgyGatxkY.mp4,3,playing slot machine,A die is moving left and right,30.0,0.0,10.0,4.97,6.07,149,182,149,160,160,171,171,182,,,,,,,,,,,,,,,,,,,,,,,,,,,,,,,,,,,,,,,,,,,,,,,,,,,,,,,,,,,,,,,,,,,,,,,,,,,,,,,,,,,,,,,,,,,,,,,,,,,,,,,,,,,,,,,,,,,,,,,,,,,,,,,,,,,,,,,,
f4EtJWOnyTg.mp4,2,bouncing on trampoline,A person is jumping,14.648,0.0,9.15,3.55,5.39,52,79,52,65,65,79,,,,,,,,,,,,,,,,,,,,,,,,,,,,,,,,,,,,,,,,,,,,,,,,,,,,,,,,,,,,,,,,,,,,,,,,,,,,,,,,,,,,,,,,,,,,,,,,,,,,,,,,,,,,,,,,,,,,,,,,,,,,,,,,,,,,,,,,,,
UCD2pgAyNWo.mp4,8,cosplaying,A person is moving her hands,30.0,0.0,10.0,0.07,5.4,2,162,2,22,22,42,42,62,62,82,82,102,102,122,122,142,142,162,,,,,,,,,,,,,,,,,,,,,,,,,,,,,,,,,,,,,,,,,,,,,,,,,,,,,,,,,,,,,,,,,,,,,,,,,,,,,,,,,,,,,,,,,,,,,,,,,,,,,,,,,,,,,,,,,,,,,,,,,,,,,,
egmAFjWlq-o.mp4,2,packing,A baby putting some objects into a cardboard box,30.0,0.0,10.0,0.13,3.2,4,96,4,50,50,96,,,,,,,,,,,,,,,,,,,,,,,,,,,,,,,,,,,,,,,,,,,,,,,,,,,,,,,,,,,,,,,,,,,,,,,,,,,,,,,,,,,,,,,,,,,,,,,,,,,,,,,,,,,,,,,,,,,,,,,,,,,,,,,,,,,,,,,,,,
NZ0U6MKMJ5M.mp4,13,jogging,A person is jogging,29.97002997002997,0.0,10.01,0.03,9.91,1,297,1,24,24,47,47,70,70,92,92,115,115,138,138,161,161,183,183,206,206,229,229,252,252,275,275,297,,,,,,,,,,,,,,,,,,,,,,,,,,,,,,,,,,,,,,,,,,,,,,,,,,,,,,,,,,,,,,,,,,,,,,,,,,,,,,,,,,,,,,,,,,,,,,,,,,,,,,,,,,,,,,,,,,,,
NkZcAG6JlNE.mp4,2,fixing hair,A person is waving the hand,30.0,0.0,10.0,5.8,6.33,174,190,174,182,182,190,,,,,,,,,,,,,,,,,,,,,,,,,,,,,,,,,,,,,,,,,,,,,,,,,,,,,,,,,,,,,,,,,,,,,,,,,,,,,,,,,,,,,,,,,,,,,,,,,,,,,,,,,,,,,,,,,,,,,,,,,,,,,,,,,,,,,,,,,,
gR4YUYP_vSM.mp4,2,cracking knuckles,A person is pressing his fingers together,29.97002997002997,0.0,10.01,2.74,5.11,82,153,82,117,117,153,,,,,,,,,,,,,,,,,,,,,,,,,,,,,,,,,,,,,,,,,,,,,,,,,,,,,,,,,,,,,,,,,,,,,,,,,,,,,,,,,,,,,,,,,,,,,,,,,,,,,,,,,,,,,,,,,,,,,,,,,,,,,,,,,,,,,,,,,,
Pfx9gvIWlrI.mp4,4,jogging,A person is doing exercise,30.0,0.0,10.0,3.87,10.0,116,300,116,162,162,208,208,254,254,300,,,,,,,,,,,,,,,,,,,,,,,,,,,,,,,,,,,,,,,,,,,,,,,,,,,,,,,,,,,,,,,,,,,,,,,,,,,,,,,,,,,,,,,,,,,,,,,,,,,,,,,,,,,,,,,,,,,,,,,,,,,,,,,,,,,,,,
J8_EeIrLs_w.mp4,5,skipping rope,A person is skipping,29.97002997002997,0.0,9.88,2.54,6.41,76,192,76,99,99,122,122,145,145,169,169,192,,,,,,,,,,,,,,,,,,,,,,,,,,,,,,,,,,,,,,,,,,,,,,,,,,,,,,,,,,,,,,,,,,,,,,,,,,,,,,,,,,,,,,,,,,,,,,,,,,,,,,,,,,,,,,,,,,,,,,,,,,,,,,,,,,,,
fuWUe2B4Kgk.mp4,2,moon walking,A person is doing the moonwalk dance,29.97002997002997,0.0,10.01,4.44,6.27,133,188,133,161,161,188,,,,,,,,,,,,,,,,,,,,,,,,,,,,,,,,,,,,,,,,,,,,,,,,,,,,,,,,,,,,,,,,,,,,,,,,,,,,,,,,,,,,,,,,,,,,,,,,,,,,,,,,,,,,,,,,,,,,,,,,,,,,,,,,,,,,,,,,,,
a1OCibJNAcg.mp4,26,treating wood,A person is cleaning the table,29.97002997002997,0.0,10.01,0.27,9.88,8,296,8,19,19,31,31,42,42,53,53,64,64,75,75,86,86,97,97,108,108,119,119,130,130,141,141,152,152,163,163,174,174,185,185,197,197,208,208,219,219,230,230,241,241,252,252,263,263,274,274,285,285,296,,,,,,,,,,,,,,,,,,,,,,,,,,,,,,,,,,,,,,,,,,,,,,,,,,,,,,,,,,,,,,,,,,,,,,,,,,,,,,,,,,,,,,,,,,
9df6GFjJhGE.mp4,2,breakdancing,A person is moving both hands on the ground,30.0,0.0,10.0,0.03,4.8,1,144,1,73,73,144,,,,,,,,,,,,,,,,,,,,,,,,,,,,,,,,,,,,,,,,,,,,,,,,,,,,,,,,,,,,,,,,,,,,,,,,,,,,,,,,,,,,,,,,,,,,,,,,,,,,,,,,,,,,,,,,,,,,,,,,,,,,,,,,,,,,,,,,,,
8NYNa6IdqFA.mp4,5,riding mechanical bull,A person is playing on the bull,29.97002997002997,0.0,10.01,2.57,9.81,77,294,77,120,120,164,164,207,207,250,250,294,,,,,,,,,,,,,,,,,,,,,,,,,,,,,,,,,,,,,,,,,,,,,,,,,,,,,,,,,,,,,,,,,,,,,,,,,,,,,,,,,,,,,,,,,,,,,,,,,,,,,,,,,,,,,,,,,,,,,,,,,,,,,,,,,,,,
rrMj-3cROkA.mp4,2,dyeing eyebrows,A person is applying the color on the eyebrow with a brush,28.589,0.0,10.0,0.56,1.61,16,46,16,31,31,46,,,,,,,,,,,,,,,,,,,,,,,,,,,,,,,,,,,,,,,,,,,,,,,,,,,,,,,,,,,,,,,,,,,,,,,,,,,,,,,,,,,,,,,,,,,,,,,,,,,,,,,,,,,,,,,,,,,,,,,,,,,,,,,,,,,,,,,,,,
fde0fnYJszI.mp4,5,scrambling eggs,A person is cooking,30.0,0.0,10.0,0.03,3.2,1,96,1,20,20,39,39,58,58,77,77,96,,,,,,,,,,,,,,,,,,,,,,,,,,,,,,,,,,,,,,,,,,,,,,,,,,,,,,,,,,,,,,,,,,,,,,,,,,,,,,,,,,,,,,,,,,,,,,,,,,,,,,,,,,,,,,,,,,,,,,,,,,,,,,,,,,,,
zYyOgqOsJTY.mp4,2,playing dominoes,A person is placing the domino blocks,30.0,0.0,10.0,2.8,5.73,84,172,84,128,128,172,,,,,,,,,,,,,,,,,,,,,,,,,,,,,,,,,,,,,,,,,,,,,,,,,,,,,,,,,,,,,,,,,,,,,,,,,,,,,,,,,,,,,,,,,,,,,,,,,,,,,,,,,,,,,,,,,,,,,,,,,,,,,,,,,,,,,,,,,,
NyMU_sFIEVQ.mp4,3,playing hand clapping games,A girl taps her head with a hand,29.944388270980788,0.0,10.02,1.87,2.44,56,73,56,62,62,67,67,73,,,,,,,,,,,,,,,,,,,,,,,,,,,,,,,,,,,,,,,,,,,,,,,,,,,,,,,,,,,,,,,,,,,,,,,,,,,,,,,,,,,,,,,,,,,,,,,,,,,,,,,,,,,,,,,,,,,,,,,,,,,,,,,,,,,,,,,,
_7NShoxop6Q.mp4,8,swimming breast stroke,A person is swimming,25.0,0.0,10.0,0.04,10.0,1,250,1,32,32,63,63,94,94,126,126,157,157,188,188,219,219,250,,,,,,,,,,,,,,,,,,,,,,,,,,,,,,,,,,,,,,,,,,,,,,,,,,,,,,,,,,,,,,,,,,,,,,,,,,,,,,,,,,,,,,,,,,,,,,,,,,,,,,,,,,,,,,,,,,,,,,,,,,,,,,
n09HKpSCl70.mp4,3,cleaning windows,A person is spraying liquid on the glass,30.0,0.0,10.0,0.03,4.03,1,121,1,41,41,81,81,121,,,,,,,,,,,,,,,,,,,,,,,,,,,,,,,,,,,,,,,,,,,,,,,,,,,,,,,,,,,,,,,,,,,,,,,,,,,,,,,,,,,,,,,,,,,,,,,,,,,,,,,,,,,,,,,,,,,,,,,,,,,,,,,,,,,,,,,,
OQ7IIjSiEZY.mp4,4,playing darts,A lady is playing darts,30.0,0.0,9.77,0.03,8.73,1,262,1,66,66,131,131,197,197,262,,,,,,,,,,,,,,,,,,,,,,,,,,,,,,,,,,,,,,,,,,,,,,,,,,,,,,,,,,,,,,,,,,,,,,,,,,,,,,,,,,,,,,,,,,,,,,,,,,,,,,,,,,,,,,,,,,,,,,,,,,,,,,,,,,,,,,
XS8pDhEGYJ4.mp4,2,making sushi,A person is mixing the flour,30.0,0.0,10.0,5.17,6.63,155,199,155,177,177,199,,,,,,,,,,,,,,,,,,,,,,,,,,,,,,,,,,,,,,,,,,,,,,,,,,,,,,,,,,,,,,,,,,,,,,,,,,,,,,,,,,,,,,,,,,,,,,,,,,,,,,,,,,,,,,,,,,,,,,,,,,,,,,,,,,,,,,,,,,
1F8zCQ8B4Do.mp4,5,bookbinding,A person is pressing with the thumb,15.0,0.0,10.0,1.4,3.53,21,53,21,27,27,34,34,40,40,46,46,53,,,,,,,,,,,,,,,,,,,,,,,,,,,,,,,,,,,,,,,,,,,,,,,,,,,,,,,,,,,,,,,,,,,,,,,,,,,,,,,,,,,,,,,,,,,,,,,,,,,,,,,,,,,,,,,,,,,,,,,,,,,,,,,,,,,,
CDlubaJiSxs.mp4,10,busking,A person is playing the guitar,30.0,0.0,10.0,0.37,5.8,11,174,11,27,27,43,43,60,60,76,76,92,92,109,109,125,125,141,141,158,158,174,,,,,,,,,,,,,,,,,,,,,,,,,,,,,,,,,,,,,,,,,,,,,,,,,,,,,,,,,,,,,,,,,,,,,,,,,,,,,,,,,,,,,,,,,,,,,,,,,,,,,,,,,,,,,,,,,,,,,,,,,,
nc5Z1KD1mrQ.mp4,14,drumming fingers,A person is playing the drum with the left thumb,30.0,0.0,10.0,1.17,4.93,35,148,35,43,43,51,51,59,59,67,67,75,75,83,83,91,91,99,99,107,107,115,115,123,123,131,131,140,140,148,,,,,,,,,,,,,,,,,,,,,,,,,,,,,,,,,,,,,,,,,,,,,,,,,,,,,,,,,,,,,,,,,,,,,,,,,,,,,,,,,,,,,,,,,,,,,,,,,,,,,,,,,,,,,,,,,,
K0vRZCfw4Hg.mp4,6,sharpening knives,A person is sharpening the knife,29.97002997002997,0.0,10.01,0.47,2.87,14,86,14,26,26,38,38,50,50,62,62,74,74,86,,,,,,,,,,,,,,,,,,,,,,,,,,,,,,,,,,,,,,,,,,,,,,,,,,,,,,,,,,,,,,,,,,,,,,,,,,,,,,,,,,,,,,,,,,,,,,,,,,,,,,,,,,,,,,,,,,,,,,,,,,,,,,,,,,
DCIh83C3eoo.mp4,2,playing badminton,A person is swinging a tennis racket with their right hand,29.97002997002997,0.0,10.01,8.38,9.88,251,296,251,273,273,296,,,,,,,,,,,,,,,,,,,,,,,,,,,,,,,,,,,,,,,,,,,,,,,,,,,,,,,,,,,,,,,,,,,,,,,,,,,,,,,,,,,,,,,,,,,,,,,,,,,,,,,,,,,,,,,,,,,,,,,,,,,,,,,,,,,,,,,,,,
NcxaAV5X5t4.mp4,4,ironing,A person is moving the iron box,30.0,0.0,10.0,2.57,5.63,77,169,77,100,100,123,123,146,146,169,,,,,,,,,,,,,,,,,,,,,,,,,,,,,,,,,,,,,,,,,,,,,,,,,,,,,,,,,,,,,,,,,,,,,,,,,,,,,,,,,,,,,,,,,,,,,,,,,,,,,,,,,,,,,,,,,,,,,,,,,,,,,,,,,,,,,,
Ioo_X-Aez3w.mp4,4,using a wrench,A person is cutting the pipe,30.0,0.0,9.57,6.13,9.07,184,272,184,206,206,228,228,250,250,272,,,,,,,,,,,,,,,,,,,,,,,,,,,,,,,,,,,,,,,,,,,,,,,,,,,,,,,,,,,,,,,,,,,,,,,,,,,,,,,,,,,,,,,,,,,,,,,,,,,,,,,,,,,,,,,,,,,,,,,,,,,,,,,,,,,,,,
RVINJtvupCc.mp4,2,chiseling stone,A person is hitting the object with a hammer,25.0,0.0,10.0,3.8,4.4,95,110,95,102,102,110,,,,,,,,,,,,,,,,,,,,,,,,,,,,,,,,,,,,,,,,,,,,,,,,,,,,,,,,,,,,,,,,,,,,,,,,,,,,,,,,,,,,,,,,,,,,,,,,,,,,,,,,,,,,,,,,,,,,,,,,,,,,,,,,,,,,,,,,,,
9EZK77m2hJw.mp4,5,grooming cat,A person is trimming an animal's hair,29.97002997002997,0.0,10.01,6.47,9.71,194,291,194,214,214,233,233,252,252,272,272,291,,,,,,,,,,,,,,,,,,,,,,,,,,,,,,,,,,,,,,,,,,,,,,,,,,,,,,,,,,,,,,,,,,,,,,,,,,,,,,,,,,,,,,,,,,,,,,,,,,,,,,,,,,,,,,,,,,,,,,,,,,,,,,,,,,,,
FDtr3oLvW-E.mp4,2,deadlifting,A person is doing exercise,24.0,0.0,10.0,0.63,6.67,15,160,15,88,88,160,,,,,,,,,,,,,,,,,,,,,,,,,,,,,,,,,,,,,,,,,,,,,,,,,,,,,,,,,,,,,,,,,,,,,,,,,,,,,,,,,,,,,,,,,,,,,,,,,,,,,,,,,,,,,,,,,,,,,,,,,,,,,,,,,,,,,,,,,,
ebuQx-5dUSw.mp4,13,putting on foundation,A person doing makeup with a brush,29.97002997002997,0.0,10.01,5.11,8.21,153,246,153,161,161,168,168,175,175,182,182,189,189,196,196,203,203,210,210,217,217,224,224,232,232,239,239,246,,,,,,,,,,,,,,,,,,,,,,,,,,,,,,,,,,,,,,,,,,,,,,,,,,,,,,,,,,,,,,,,,,,,,,,,,,,,,,,,,,,,,,,,,,,,,,,,,,,,,,,,,,,,,,,,,,,,
Afh6hmGuf28.mp4,4,playing mahjong,A person is clapping,10.0,0.0,9.1,6.6,7.9,66,79,66,69,69,72,72,76,76,79,,,,,,,,,,,,,,,,,,,,,,,,,,,,,,,,,,,,,,,,,,,,,,,,,,,,,,,,,,,,,,,,,,,,,,,,,,,,,,,,,,,,,,,,,,,,,,,,,,,,,,,,,,,,,,,,,,,,,,,,,,,,,,,,,,,,,,
z2vZ998eQaU.mp4,3,bench pressing,A person is doing exercise,25.0,0.0,10.0,0.04,6.08,1,152,1,51,51,102,102,152,,,,,,,,,,,,,,,,,,,,,,,,,,,,,,,,,,,,,,,,,,,,,,,,,,,,,,,,,,,,,,,,,,,,,,,,,,,,,,,,,,,,,,,,,,,,,,,,,,,,,,,,,,,,,,,,,,,,,,,,,,,,,,,,,,,,,,,,
vQSgrT9aiTw.mp4,3,opening wine bottle,A person is opening the bottle cap,22.083333333333332,0.0,10.01,0.32,7.11,7,157,7,57,57,107,107,157,,,,,,,,,,,,,,,,,,,,,,,,,,,,,,,,,,,,,,,,,,,,,,,,,,,,,,,,,,,,,,,,,,,,,,,,,,,,,,,,,,,,,,,,,,,,,,,,,,,,,,,,,,,,,,,,,,,,,,,,,,,,,,,,,,,,,,,,
Vys_tulnG6M.mp4,4,attending conference,A person is moving the hands up and down,29.97002997002997,0.0,10.01,1.97,5.11,59,153,59,82,82,106,106,130,130,153,,,,,,,,,,,,,,,,,,,,,,,,,,,,,,,,,,,,,,,,,,,,,,,,,,,,,,,,,,,,,,,,,,,,,,,,,,,,,,,,,,,,,,,,,,,,,,,,,,,,,,,,,,,,,,,,,,,,,,,,,,,,,,,,,,,,,,
p1POdJ6JWaI.mp4,13,sawing wood,A person is cutting the wood with an axe,30.0,0.0,10.0,0.13,8.37,4,251,4,23,23,42,42,61,61,80,80,99,99,118,118,137,137,156,156,175,175,194,194,213,213,232,232,251,,,,,,,,,,,,,,,,,,,,,,,,,,,,,,,,,,,,,,,,,,,,,,,,,,,,,,,,,,,,,,,,,,,,,,,,,,,,,,,,,,,,,,,,,,,,,,,,,,,,,,,,,,,,,,,,,,,,
nz66Heij8PA.mp4,4,punching bag,A man is boxing,25.0,0.0,9.0,0.48,3.96,12,99,12,34,34,55,55,77,77,99,,,,,,,,,,,,,,,,,,,,,,,,,,,,,,,,,,,,,,,,,,,,,,,,,,,,,,,,,,,,,,,,,,,,,,,,,,,,,,,,,,,,,,,,,,,,,,,,,,,,,,,,,,,,,,,,,,,,,,,,,,,,,,,,,,,,,,
FQDGxs8RmEA.mp4,2,bee keeping,A man is pressing some object with his hand,30.0,0.0,8.53,1.2,3.13,36,94,36,65,65,94,,,,,,,,,,,,,,,,,,,,,,,,,,,,,,,,,,,,,,,,,,,,,,,,,,,,,,,,,,,,,,,,,,,,,,,,,,,,,,,,,,,,,,,,,,,,,,,,,,,,,,,,,,,,,,,,,,,,,,,,,,,,,,,,,,,,,,,,,,
8pQG7DWI7S4.mp4,6,crocheting,A person is pulling the thread,29.97002997002997,0.0,10.01,8.71,9.88,261,296,261,267,267,273,273,279,279,285,285,290,290,296,,,,,,,,,,,,,,,,,,,,,,,,,,,,,,,,,,,,,,,,,,,,,,,,,,,,,,,,,,,,,,,,,,,,,,,,,,,,,,,,,,,,,,,,,,,,,,,,,,,,,,,,,,,,,,,,,,,,,,,,,,,,,,,,,,
uBhp82KUzVE.mp4,2,squat,A person is doing weight lifting,30.0,0.0,10.0,0.03,7.47,1,224,1,113,113,224,,,,,,,,,,,,,,,,,,,,,,,,,,,,,,,,,,,,,,,,,,,,,,,,,,,,,,,,,,,,,,,,,,,,,,,,,,,,,,,,,,,,,,,,,,,,,,,,,,,,,,,,,,,,,,,,,,,,,,,,,,,,,,,,,,,,,,,,,,
HO7Z6X1J0QM.mp4,7,dancing charleston,A person is doing,23.976023976023978,0.0,9.68,3.92,9.43,94,226,94,113,113,132,132,151,151,170,170,189,189,207,207,226,,,,,,,,,,,,,,,,,,,,,,,,,,,,,,,,,,,,,,,,,,,,,,,,,,,,,,,,,,,,,,,,,,,,,,,,,,,,,,,,,,,,,,,,,,,,,,,,,,,,,,,,,,,,,,,,,,,,,,,,,,,,,,,,
asRf83I-9CY.mp4,4,mixing colours,The boy is rubbing a some object,30.0,0.0,10.0,1.63,4.17,49,125,49,68,68,87,87,106,106,125,,,,,,,,,,,,,,,,,,,,,,,,,,,,,,,,,,,,,,,,,,,,,,,,,,,,,,,,,,,,,,,,,,,,,,,,,,,,,,,,,,,,,,,,,,,,,,,,,,,,,,,,,,,,,,,,,,,,,,,,,,,,,,,,,,,,,,
8oQMcX4wofw.mp4,2,moving baby,A person is rubbing with his hand,30.0,0.0,10.0,6.0,7.0,180,210,180,195,195,210,,,,,,,,,,,,,,,,,,,,,,,,,,,,,,,,,,,,,,,,,,,,,,,,,,,,,,,,,,,,,,,,,,,,,,,,,,,,,,,,,,,,,,,,,,,,,,,,,,,,,,,,,,,,,,,,,,,,,,,,,,,,,,,,,,,,,,,,,,
8tfcIXTnssc.mp4,3,stacking cups,A person is building a tower with cups,29.97002997002997,0.0,10.01,1.0,5.87,30,176,30,79,79,127,127,176,,,,,,,,,,,,,,,,,,,,,,,,,,,,,,,,,,,,,,,,,,,,,,,,,,,,,,,,,,,,,,,,,,,,,,,,,,,,,,,,,,,,,,,,,,,,,,,,,,,,,,,,,,,,,,,,,,,,,,,,,,,,,,,,,,,,,,,,
IvqbDkT-Evs.mp4,3,smashing,A person is breaking the guitar,29.933,0.0,8.99,0.13,3.44,4,103,4,37,37,70,70,103,,,,,,,,,,,,,,,,,,,,,,,,,,,,,,,,,,,,,,,,,,,,,,,,,,,,,,,,,,,,,,,,,,,,,,,,,,,,,,,,,,,,,,,,,,,,,,,,,,,,,,,,,,,,,,,,,,,,,,,,,,,,,,,,,,,,,,,,
J7rjGq9E_kk.mp4,2,mountain climber (exercise),A woman is doing exercise,29.97002997002997,0.0,10.01,0.03,5.67,1,170,1,86,86,170,,,,,,,,,,,,,,,,,,,,,,,,,,,,,,,,,,,,,,,,,,,,,,,,,,,,,,,,,,,,,,,,,,,,,,,,,,,,,,,,,,,,,,,,,,,,,,,,,,,,,,,,,,,,,,,,,,,,,,,,,,,,,,,,,,,,,,,,,,
ADtYZmfgeSM.mp4,10,battle rope training,A person is waving the rope,29.97002997002997,0.0,9.54,0.07,3.47,2,104,2,13,13,23,23,33,33,43,43,53,53,64,64,74,74,84,84,94,94,104,,,,,,,,,,,,,,,,,,,,,,,,,,,,,,,,,,,,,,,,,,,,,,,,,,,,,,,,,,,,,,,,,,,,,,,,,,,,,,,,,,,,,,,,,,,,,,,,,,,,,,,,,,,,,,,,,,,,,,,,,,
9Jf7DviWEik.mp4,3,doing sudoku,A person is drawing with a pen,25.0,0.0,10.0,4.12,4.88,103,122,103,109,109,116,116,122,,,,,,,,,,,,,,,,,,,,,,,,,,,,,,,,,,,,,,,,,,,,,,,,,,,,,,,,,,,,,,,,,,,,,,,,,,,,,,,,,,,,,,,,,,,,,,,,,,,,,,,,,,,,,,,,,,,,,,,,,,,,,,,,,,,,,,,,
_hxIyBXLTLw.mp4,8,playing guitar,A person is playing guitar,29.604,0.0,10.03,5.2,7.53,154,223,154,163,163,171,171,180,180,188,188,197,197,205,205,214,214,223,,,,,,,,,,,,,,,,,,,,,,,,,,,,,,,,,,,,,,,,,,,,,,,,,,,,,,,,,,,,,,,,,,,,,,,,,,,,,,,,,,,,,,,,,,,,,,,,,,,,,,,,,,,,,,,,,,,,,,,,,,,,,,
CcdohtqCKm4.mp4,2,juggling fire,A person is fire juggling,25.0,0.0,10.0,3.52,5.04,88,126,88,107,107,126,,,,,,,,,,,,,,,,,,,,,,,,,,,,,,,,,,,,,,,,,,,,,,,,,,,,,,,,,,,,,,,,,,,,,,,,,,,,,,,,,,,,,,,,,,,,,,,,,,,,,,,,,,,,,,,,,,,,,,,,,,,,,,,,,,,,,,,,,,
E1fmSijoPT4.mp4,3,playing cymbals,A woman is playing the musical plates,29.97002997002997,0.0,9.41,3.97,7.87,119,236,119,158,158,197,197,236,,,,,,,,,,,,,,,,,,,,,,,,,,,,,,,,,,,,,,,,,,,,,,,,,,,,,,,,,,,,,,,,,,,,,,,,,,,,,,,,,,,,,,,,,,,,,,,,,,,,,,,,,,,,,,,,,,,,,,,,,,,,,,,,,,,,,,,,
c3q9uixVgR4.mp4,13,playing drums,A person playing the drums,30.0,0.0,10.0,0.47,9.73,14,292,14,36,36,57,57,78,78,100,100,121,121,142,142,164,164,185,185,206,206,228,228,249,249,270,270,292,,,,,,,,,,,,,,,,,,,,,,,,,,,,,,,,,,,,,,,,,,,,,,,,,,,,,,,,,,,,,,,,,,,,,,,,,,,,,,,,,,,,,,,,,,,,,,,,,,,,,,,,,,,,,,,,,,,,
YN-IdSS5XxU.mp4,2,reading newspaper,A person is moving a pen on the paper,30.0,0.0,10.0,6.43,9.87,193,296,193,245,245,296,,,,,,,,,,,,,,,,,,,,,,,,,,,,,,,,,,,,,,,,,,,,,,,,,,,,,,,,,,,,,,,,,,,,,,,,,,,,,,,,,,,,,,,,,,,,,,,,,,,,,,,,,,,,,,,,,,,,,,,,,,,,,,,,,,,,,,,,,,
vx-g_xfa_G0.mp4,3,headbanging,A woman moving her head,30.0,0.0,10.0,0.07,1.87,2,56,2,20,20,38,38,56,,,,,,,,,,,,,,,,,,,,,,,,,,,,,,,,,,,,,,,,,,,,,,,,,,,,,,,,,,,,,,,,,,,,,,,,,,,,,,,,,,,,,,,,,,,,,,,,,,,,,,,,,,,,,,,,,,,,,,,,,,,,,,,,,,,,,,,,
L2SaEzAlmmk.mp4,2,smelling feet,A person is tapping with his hand on his leg,29.97002997002997,0.0,10.01,9.61,10.01,288,300,288,294,294,300,,,,,,,,,,,,,,,,,,,,,,,,,,,,,,,,,,,,,,,,,,,,,,,,,,,,,,,,,,,,,,,,,,,,,,,,,,,,,,,,,,,,,,,,,,,,,,,,,,,,,,,,,,,,,,,,,,,,,,,,,,,,,,,,,,,,,,,,,,
6ZcLrAjM7lk.mp4,3,moving child,A person is kicking,30.0,0.0,10.0,0.17,2.8,5,84,5,31,31,58,58,84,,,,,,,,,,,,,,,,,,,,,,,,,,,,,,,,,,,,,,,,,,,,,,,,,,,,,,,,,,,,,,,,,,,,,,,,,,,,,,,,,,,,,,,,,,,,,,,,,,,,,,,,,,,,,,,,,,,,,,,,,,,,,,,,,,,,,,,,
R4iNhSI9KHk.mp4,4,playing ocarina,A person is touching an object,30.0,0.0,8.87,2.4,3.97,72,119,72,84,84,95,95,107,107,119,,,,,,,,,,,,,,,,,,,,,,,,,,,,,,,,,,,,,,,,,,,,,,,,,,,,,,,,,,,,,,,,,,,,,,,,,,,,,,,,,,,,,,,,,,,,,,,,,,,,,,,,,,,,,,,,,,,,,,,,,,,,,,,,,,,,,,
99YIJkfipxs.mp4,3,doing aerobics,A person is dancing,30.0,0.0,10.0,0.23,4.93,7,148,7,54,54,101,101,148,,,,,,,,,,,,,,,,,,,,,,,,,,,,,,,,,,,,,,,,,,,,,,,,,,,,,,,,,,,,,,,,,,,,,,,,,,,,,,,,,,,,,,,,,,,,,,,,,,,,,,,,,,,,,,,,,,,,,,,,,,,,,,,,,,,,,,,,
-coeq0syJYU.mp4,4,pumping fist,A person is shaking hands,15.0,0.0,10.0,5.47,7.27,82,109,82,89,89,96,96,102,102,109,,,,,,,,,,,,,,,,,,,,,,,,,,,,,,,,,,,,,,,,,,,,,,,,,,,,,,,,,,,,,,,,,,,,,,,,,,,,,,,,,,,,,,,,,,,,,,,,,,,,,,,,,,,,,,,,,,,,,,,,,,,,,,,,,,,,,,
jdYkQiqiZ5c.mp4,3,massaging back,A person is giving a massage,25.0,0.0,10.0,0.12,9.56,3,239,3,82,82,160,160,239,,,,,,,,,,,,,,,,,,,,,,,,,,,,,,,,,,,,,,,,,,,,,,,,,,,,,,,,,,,,,,,,,,,,,,,,,,,,,,,,,,,,,,,,,,,,,,,,,,,,,,,,,,,,,,,,,,,,,,,,,,,,,,,,,,,,,,,,
l9LqIYiZjLQ.mp4,4,shining shoes,A person is polishing the shoe,25.0,0.0,10.0,0.72,2.4,18,60,18,28,28,39,39,50,50,60,,,,,,,,,,,,,,,,,,,,,,,,,,,,,,,,,,,,,,,,,,,,,,,,,,,,,,,,,,,,,,,,,,,,,,,,,,,,,,,,,,,,,,,,,,,,,,,,,,,,,,,,,,,,,,,,,,,,,,,,,,,,,,,,,,,,,,
aTlO_JoQD8s.mp4,18,carving marble,A person is hitting a hammer,29.97002997002997,0.0,10.01,0.83,9.91,25,297,25,40,40,55,55,71,71,86,86,101,101,116,116,131,131,146,146,161,161,176,176,191,191,207,207,222,222,237,237,252,252,267,267,282,282,297,,,,,,,,,,,,,,,,,,,,,,,,,,,,,,,,,,,,,,,,,,,,,,,,,,,,,,,,,,,,,,,,,,,,,,,,,,,,,,,,,,,,,,,,,,,,,,,,,,,,,,,,,,
apktTEnMnCc.mp4,10,playing cymbals,A person is hitting the music plates with sticks,29.97002997002997,0.0,10.01,1.4,4.47,42,134,42,51,51,60,60,70,70,79,79,88,88,97,97,107,107,116,116,125,125,134,,,,,,,,,,,,,,,,,,,,,,,,,,,,,,,,,,,,,,,,,,,,,,,,,,,,,,,,,,,,,,,,,,,,,,,,,,,,,,,,,,,,,,,,,,,,,,,,,,,,,,,,,,,,,,,,,,,,,,,,,,
lx4_H9JvWdk.mp4,2,walking through snow,A person is digging the snow,23.976023976023978,0.0,10.01,0.67,4.59,16,110,16,63,63,110,,,,,,,,,,,,,,,,,,,,,,,,,,,,,,,,,,,,,,,,,,,,,,,,,,,,,,,,,,,,,,,,,,,,,,,,,,,,,,,,,,,,,,,,,,,,,,,,,,,,,,,,,,,,,,,,,,,,,,,,,,,,,,,,,,,,,,,,,,
70ZbhMEtUcU.mp4,9,making slime,A person is rubbing the clay,30.0,0.0,10.0,3.8,9.97,114,299,114,135,135,155,155,176,176,196,196,217,217,237,237,258,258,278,278,299,,,,,,,,,,,,,,,,,,,,,,,,,,,,,,,,,,,,,,,,,,,,,,,,,,,,,,,,,,,,,,,,,,,,,,,,,,,,,,,,,,,,,,,,,,,,,,,,,,,,,,,,,,,,,,,,,,,,,,,,,,,,
MmQSRYIvzig.mp4,7,filling cake,A person is putting the cream on the cake,24.0,0.0,10.0,2.96,4.5,71,108,71,76,76,82,82,87,87,92,92,98,98,103,103,108,,,,,,,,,,,,,,,,,,,,,,,,,,,,,,,,,,,,,,,,,,,,,,,,,,,,,,,,,,,,,,,,,,,,,,,,,,,,,,,,,,,,,,,,,,,,,,,,,,,,,,,,,,,,,,,,,,,,,,,,,,,,,,,,
Xx4O3vMijRc.mp4,8,flipping pancake,A person is shaking the pan,30.0,0.0,9.77,2.57,4.73,77,142,77,85,85,93,93,101,101,109,109,117,117,125,125,133,133,142,,,,,,,,,,,,,,,,,,,,,,,,,,,,,,,,,,,,,,,,,,,,,,,,,,,,,,,,,,,,,,,,,,,,,,,,,,,,,,,,,,,,,,,,,,,,,,,,,,,,,,,,,,,,,,,,,,,,,,,,,,,,,,
oxZtMawAYMc.mp4,4,whistling,A person is rotating an object,29.97002997002997,0.0,8.98,5.81,8.31,174,249,174,193,193,212,212,230,230,249,,,,,,,,,,,,,,,,,,,,,,,,,,,,,,,,,,,,,,,,,,,,,,,,,,,,,,,,,,,,,,,,,,,,,,,,,,,,,,,,,,,,,,,,,,,,,,,,,,,,,,,,,,,,,,,,,,,,,,,,,,,,,,,,,,,,,,
FZ5dIbUso84.mp4,3,putting on foundation,A person is cleaning the face,24.0,0.0,10.0,2.75,4.04,66,97,66,76,76,87,87,97,,,,,,,,,,,,,,,,,,,,,,,,,,,,,,,,,,,,,,,,,,,,,,,,,,,,,,,,,,,,,,,,,,,,,,,,,,,,,,,,,,,,,,,,,,,,,,,,,,,,,,,,,,,,,,,,,,,,,,,,,,,,,,,,,,,,,,,,
_fdnJ_ns9fI.mp4,2,golf chipping,A person is playing golf,23.976023976023978,0.0,10.01,1.04,4.0,25,96,25,60,60,96,,,,,,,,,,,,,,,,,,,,,,,,,,,,,,,,,,,,,,,,,,,,,,,,,,,,,,,,,,,,,,,,,,,,,,,,,,,,,,,,,,,,,,,,,,,,,,,,,,,,,,,,,,,,,,,,,,,,,,,,,,,,,,,,,,,,,,,,,,
9N4uteyTWf4.mp4,4,making slime,A person is pressing with the fingers,28.934,0.0,10.02,1.52,3.87,44,112,44,61,61,78,78,95,95,112,,,,,,,,,,,,,,,,,,,,,,,,,,,,,,,,,,,,,,,,,,,,,,,,,,,,,,,,,,,,,,,,,,,,,,,,,,,,,,,,,,,,,,,,,,,,,,,,,,,,,,,,,,,,,,,,,,,,,,,,,,,,,,,,,,,,,,
aXlh2Ss6XH8.mp4,7,changing oil,A person is rotating the bolt,29.97002997002997,0.0,10.01,1.8,7.51,54,225,54,78,78,103,103,127,127,152,152,176,176,201,201,225,,,,,,,,,,,,,,,,,,,,,,,,,,,,,,,,,,,,,,,,,,,,,,,,,,,,,,,,,,,,,,,,,,,,,,,,,,,,,,,,,,,,,,,,,,,,,,,,,,,,,,,,,,,,,,,,,,,,,,,,,,,,,,,,
H2fZ5TC_I-M.mp4,4,calligraphy,A person is putting paint on the cloth,29.833333333333332,0.0,10.02,0.03,9.99,1,298,1,75,75,150,150,224,224,298,,,,,,,,,,,,,,,,,,,,,,,,,,,,,,,,,,,,,,,,,,,,,,,,,,,,,,,,,,,,,,,,,,,,,,,,,,,,,,,,,,,,,,,,,,,,,,,,,,,,,,,,,,,,,,,,,,,,,,,,,,,,,,,,,,,,,,
3xXf8cP9m0Y.mp4,5,lifting hat,A person is moving the finger,16.083333333333332,0.0,10.01,5.91,7.9,95,127,95,102,102,108,108,114,114,120,120,127,,,,,,,,,,,,,,,,,,,,,,,,,,,,,,,,,,,,,,,,,,,,,,,,,,,,,,,,,,,,,,,,,,,,,,,,,,,,,,,,,,,,,,,,,,,,,,,,,,,,,,,,,,,,,,,,,,,,,,,,,,,,,,,,,,,,
HIIS-bqWi3k.mp4,3,swinging on something,A person is swinging,15.0,0.0,10.0,0.53,8.53,8,128,8,48,48,88,88,128,,,,,,,,,,,,,,,,,,,,,,,,,,,,,,,,,,,,,,,,,,,,,,,,,,,,,,,,,,,,,,,,,,,,,,,,,,,,,,,,,,,,,,,,,,,,,,,,,,,,,,,,,,,,,,,,,,,,,,,,,,,,,,,,,,,,,,,,
q1Cgk7Edg_s.mp4,3,rock scissors paper,A person is hitting an object,30.0,0.0,10.0,1.07,8.33,32,250,32,105,105,177,177,250,,,,,,,,,,,,,,,,,,,,,,,,,,,,,,,,,,,,,,,,,,,,,,,,,,,,,,,,,,,,,,,,,,,,,,,,,,,,,,,,,,,,,,,,,,,,,,,,,,,,,,,,,,,,,,,,,,,,,,,,,,,,,,,,,,,,,,,,
iKiiy8t5HpY.mp4,2,dancing charleston,A person is dancing,30.0,0.0,9.77,5.13,7.77,154,233,154,193,193,233,,,,,,,,,,,,,,,,,,,,,,,,,,,,,,,,,,,,,,,,,,,,,,,,,,,,,,,,,,,,,,,,,,,,,,,,,,,,,,,,,,,,,,,,,,,,,,,,,,,,,,,,,,,,,,,,,,,,,,,,,,,,,,,,,,,,,,,,,,
8BrVokGJqnQ.mp4,8,splashing water,A kid is tapping on the water,30.0,0.0,10.0,0.77,3.0,23,90,23,31,31,40,40,48,48,56,56,65,65,73,73,82,82,90,,,,,,,,,,,,,,,,,,,,,,,,,,,,,,,,,,,,,,,,,,,,,,,,,,,,,,,,,,,,,,,,,,,,,,,,,,,,,,,,,,,,,,,,,,,,,,,,,,,,,,,,,,,,,,,,,,,,,,,,,,,,,,
AjgmclVk5Lk.mp4,5,filling cake,A person is moving his hand,29.97002997002997,0.0,10.01,6.41,10.01,192,300,192,213,213,235,235,257,257,278,278,300,,,,,,,,,,,,,,,,,,,,,,,,,,,,,,,,,,,,,,,,,,,,,,,,,,,,,,,,,,,,,,,,,,,,,,,,,,,,,,,,,,,,,,,,,,,,,,,,,,,,,,,,,,,,,,,,,,,,,,,,,,,,,,,,,,,,
l4_JH8K9cr8.mp4,2,building sandcastle,A person is adjusting the sand,29.97002997002997,0.0,10.01,1.53,2.74,46,82,46,64,64,82,,,,,,,,,,,,,,,,,,,,,,,,,,,,,,,,,,,,,,,,,,,,,,,,,,,,,,,,,,,,,,,,,,,,,,,,,,,,,,,,,,,,,,,,,,,,,,,,,,,,,,,,,,,,,,,,,,,,,,,,,,,,,,,,,,,,,,,,,,
FPB9npe3yI4.mp4,4,carving pumpkin,A person is mixing the pumpkin with a spoon,24.0,0.0,10.0,1.54,2.33,37,56,37,42,42,47,47,51,51,56,,,,,,,,,,,,,,,,,,,,,,,,,,,,,,,,,,,,,,,,,,,,,,,,,,,,,,,,,,,,,,,,,,,,,,,,,,,,,,,,,,,,,,,,,,,,,,,,,,,,,,,,,,,,,,,,,,,,,,,,,,,,,,,,,,,,,,
mcKV4x59z6k.mp4,7,swimming backstroke,A person is swimming,29.97002997002997,0.0,10.01,0.33,6.47,10,194,10,36,36,62,62,89,89,115,115,141,141,168,168,194,,,,,,,,,,,,,,,,,,,,,,,,,,,,,,,,,,,,,,,,,,,,,,,,,,,,,,,,,,,,,,,,,,,,,,,,,,,,,,,,,,,,,,,,,,,,,,,,,,,,,,,,,,,,,,,,,,,,,,,,,,,,,,,,
pRQlkFiB-zg.mp4,2,setting table,A person is placing the glasses on the table,29.97002997002997,0.0,10.01,3.87,8.58,116,257,116,186,186,257,,,,,,,,,,,,,,,,,,,,,,,,,,,,,,,,,,,,,,,,,,,,,,,,,,,,,,,,,,,,,,,,,,,,,,,,,,,,,,,,,,,,,,,,,,,,,,,,,,,,,,,,,,,,,,,,,,,,,,,,,,,,,,,,,,,,,,,,,,
iDZ6KAcka7Y.mp4,7,getting a haircut,A person is combing,13.918,0.0,9.12,2.01,5.39,28,75,28,35,35,41,41,48,48,55,55,61,61,68,68,75,,,,,,,,,,,,,,,,,,,,,,,,,,,,,,,,,,,,,,,,,,,,,,,,,,,,,,,,,,,,,,,,,,,,,,,,,,,,,,,,,,,,,,,,,,,,,,,,,,,,,,,,,,,,,,,,,,,,,,,,,,,,,,,,
5s9xPO4eNg4.mp4,7,shaving legs,A person is applying wax to a leg,29.97002997002997,0.0,10.01,1.37,7.01,41,210,41,65,65,89,89,113,113,137,137,161,161,186,186,210,,,,,,,,,,,,,,,,,,,,,,,,,,,,,,,,,,,,,,,,,,,,,,,,,,,,,,,,,,,,,,,,,,,,,,,,,,,,,,,,,,,,,,,,,,,,,,,,,,,,,,,,,,,,,,,,,,,,,,,,,,,,,,,,
hPYGgv_75SY.mp4,3,hammer throw,A woman was rotating,29.97002997002997,0.0,10.01,1.07,2.77,32,83,32,49,49,66,66,83,,,,,,,,,,,,,,,,,,,,,,,,,,,,,,,,,,,,,,,,,,,,,,,,,,,,,,,,,,,,,,,,,,,,,,,,,,,,,,,,,,,,,,,,,,,,,,,,,,,,,,,,,,,,,,,,,,,,,,,,,,,,,,,,,,,,,,,,
INJ44ypBaX4.mp4,2,building sandcastle,A person is digging the sand with a tool,29.97002997002997,0.0,10.01,7.41,8.38,222,251,222,236,236,251,,,,,,,,,,,,,,,,,,,,,,,,,,,,,,,,,,,,,,,,,,,,,,,,,,,,,,,,,,,,,,,,,,,,,,,,,,,,,,,,,,,,,,,,,,,,,,,,,,,,,,,,,,,,,,,,,,,,,,,,,,,,,,,,,,,,,,,,,,
hte8Iy5tVNc.mp4,21,playing cello,A person is playing the violin,15.0,0.0,10.0,0.07,9.87,1,148,1,8,8,15,15,22,22,29,29,36,36,43,43,50,50,57,57,64,64,71,71,78,78,85,85,92,92,99,99,106,106,113,113,120,120,127,127,134,134,141,141,148,,,,,,,,,,,,,,,,,,,,,,,,,,,,,,,,,,,,,,,,,,,,,,,,,,,,,,,,,,,,,,,,,,,,,,,,,,,,,,,,,,,,,,,,,,,,,,,,,,,,
uQ3ZBJp36wg.mp4,6,swimming backstroke,A person is swimming,30.0,0.0,10.0,0.47,9.73,14,292,14,61,61,107,107,153,153,199,199,245,245,292,,,,,,,,,,,,,,,,,,,,,,,,,,,,,,,,,,,,,,,,,,,,,,,,,,,,,,,,,,,,,,,,,,,,,,,,,,,,,,,,,,,,,,,,,,,,,,,,,,,,,,,,,,,,,,,,,,,,,,,,,,,,,,,,,,
sVt-ScBN1eA.mp4,3,waving hand,A person is moving his hand,30.0,0.0,10.0,1.6,4.57,48,137,48,78,78,107,107,137,,,,,,,,,,,,,,,,,,,,,,,,,,,,,,,,,,,,,,,,,,,,,,,,,,,,,,,,,,,,,,,,,,,,,,,,,,,,,,,,,,,,,,,,,,,,,,,,,,,,,,,,,,,,,,,,,,,,,,,,,,,,,,,,,,,,,,,,
7Aj98Let5r8.mp4,3,dribbling basketball,A person is playing with a ball,29.97002997002997,0.0,10.01,0.07,2.34,2,70,2,25,25,47,47,70,,,,,,,,,,,,,,,,,,,,,,,,,,,,,,,,,,,,,,,,,,,,,,,,,,,,,,,,,,,,,,,,,,,,,,,,,,,,,,,,,,,,,,,,,,,,,,,,,,,,,,,,,,,,,,,,,,,,,,,,,,,,,,,,,,,,,,,,
E-npWd1lxw8.mp4,18,cutting watermelon,A person is using the knife to cut the watermelon,23.97442727757059,0.0,10.01,0.04,7.55,1,181,1,11,11,21,21,31,31,41,41,51,51,61,61,71,71,81,81,91,91,101,101,111,111,121,121,131,131,141,141,151,151,161,161,171,171,181,,,,,,,,,,,,,,,,,,,,,,,,,,,,,,,,,,,,,,,,,,,,,,,,,,,,,,,,,,,,,,,,,,,,,,,,,,,,,,,,,,,,,,,,,,,,,,,,,,,,,,,,,,
nTnAoTQ41Nc.mp4,2,carving ice,A person is hitting with a pen,30.0,0.0,10.0,1.03,4.67,31,140,31,86,86,140,,,,,,,,,,,,,,,,,,,,,,,,,,,,,,,,,,,,,,,,,,,,,,,,,,,,,,,,,,,,,,,,,,,,,,,,,,,,,,,,,,,,,,,,,,,,,,,,,,,,,,,,,,,,,,,,,,,,,,,,,,,,,,,,,,,,,,,,,,
jEiGJjmYv20.mp4,3,leatherworking,A person is hitting with the hammer,29.97002997002997,0.0,9.24,5.27,6.11,158,183,158,167,167,175,175,183,,,,,,,,,,,,,,,,,,,,,,,,,,,,,,,,,,,,,,,,,,,,,,,,,,,,,,,,,,,,,,,,,,,,,,,,,,,,,,,,,,,,,,,,,,,,,,,,,,,,,,,,,,,,,,,,,,,,,,,,,,,,,,,,,,,,,,,,
_Gq2G10Sp8M.mp4,2,arm wrestling,A person is moving the hands,30.0,0.0,10.0,4.0,4.57,120,137,120,128,128,137,,,,,,,,,,,,,,,,,,,,,,,,,,,,,,,,,,,,,,,,,,,,,,,,,,,,,,,,,,,,,,,,,,,,,,,,,,,,,,,,,,,,,,,,,,,,,,,,,,,,,,,,,,,,,,,,,,,,,,,,,,,,,,,,,,,,,,,,,,
8euNSaWLrho.mp4,3,dribbling basketball,A person is playing with a basketball,30.0,0.0,9.07,0.53,1.6,16,48,16,26,26,37,37,48,,,,,,,,,,,,,,,,,,,,,,,,,,,,,,,,,,,,,,,,,,,,,,,,,,,,,,,,,,,,,,,,,,,,,,,,,,,,,,,,,,,,,,,,,,,,,,,,,,,,,,,,,,,,,,,,,,,,,,,,,,,,,,,,,,,,,,,,
cGt7sQWdn9I.mp4,4,treating wood,A person is brushing,25.0,0.0,10.0,3.24,4.84,81,121,81,91,91,101,101,111,111,121,,,,,,,,,,,,,,,,,,,,,,,,,,,,,,,,,,,,,,,,,,,,,,,,,,,,,,,,,,,,,,,,,,,,,,,,,,,,,,,,,,,,,,,,,,,,,,,,,,,,,,,,,,,,,,,,,,,,,,,,,,,,,,,,,,,,,,
efI3L7Qd_kY.mp4,2,deadlifting,A person is lifting the weights,30.0,0.0,9.03,0.03,7.03,1,211,1,106,106,211,,,,,,,,,,,,,,,,,,,,,,,,,,,,,,,,,,,,,,,,,,,,,,,,,,,,,,,,,,,,,,,,,,,,,,,,,,,,,,,,,,,,,,,,,,,,,,,,,,,,,,,,,,,,,,,,,,,,,,,,,,,,,,,,,,,,,,,,,,
phsBb_5xDt0.mp4,2,washing dishes,A kid is cleaning up,24.96,0.0,7.21,4.89,6.57,122,164,122,143,143,164,,,,,,,,,,,,,,,,,,,,,,,,,,,,,,,,,,,,,,,,,,,,,,,,,,,,,,,,,,,,,,,,,,,,,,,,,,,,,,,,,,,,,,,,,,,,,,,,,,,,,,,,,,,,,,,,,,,,,,,,,,,,,,,,,,,,,,,,,,
QIWereG_SBA.mp4,2,shopping,A person is moving shoes on the floor,29.97002997002997,0.0,9.61,0.27,1.94,8,58,8,33,33,58,,,,,,,,,,,,,,,,,,,,,,,,,,,,,,,,,,,,,,,,,,,,,,,,,,,,,,,,,,,,,,,,,,,,,,,,,,,,,,,,,,,,,,,,,,,,,,,,,,,,,,,,,,,,,,,,,,,,,,,,,,,,,,,,,,,,,,,,,,
UH-KzG9meik.mp4,2,tasting beer,A girl is nodding her head,15.0,0.0,10.0,4.2,4.93,63,74,63,69,69,74,,,,,,,,,,,,,,,,,,,,,,,,,,,,,,,,,,,,,,,,,,,,,,,,,,,,,,,,,,,,,,,,,,,,,,,,,,,,,,,,,,,,,,,,,,,,,,,,,,,,,,,,,,,,,,,,,,,,,,,,,,,,,,,,,,,,,,,,,,
f2pypefCCus.mp4,3,cracking knuckles,A person is moving the hand,29.583333333333332,0.0,10.01,0.07,6.93,2,205,2,70,70,137,137,205,,,,,,,,,,,,,,,,,,,,,,,,,,,,,,,,,,,,,,,,,,,,,,,,,,,,,,,,,,,,,,,,,,,,,,,,,,,,,,,,,,,,,,,,,,,,,,,,,,,,,,,,,,,,,,,,,,,,,,,,,,,,,,,,,,,,,,,,
arzd8HX0puA.mp4,3,dealing cards,A person is arranging the playing cards,15.0,0.0,10.0,3.87,5.6,58,84,58,66,66,75,75,84,,,,,,,,,,,,,,,,,,,,,,,,,,,,,,,,,,,,,,,,,,,,,,,,,,,,,,,,,,,,,,,,,,,,,,,,,,,,,,,,,,,,,,,,,,,,,,,,,,,,,,,,,,,,,,,,,,,,,,,,,,,,,,,,,,,,,,,,
7l_l0968ICo.mp4,9,getting a tattoo,A person is drawing on the face of another person,29.954,0.0,10.02,3.04,5.21,91,156,91,98,98,105,105,113,113,120,120,127,127,134,134,141,141,149,149,156,,,,,,,,,,,,,,,,,,,,,,,,,,,,,,,,,,,,,,,,,,,,,,,,,,,,,,,,,,,,,,,,,,,,,,,,,,,,,,,,,,,,,,,,,,,,,,,,,,,,,,,,,,,,,,,,,,,,,,,,,,,,
p1POdJ6JWaI.mp4,13,sawing wood,A person is cutting the wood,30.0,0.0,10.0,0.17,8.43,5,253,5,24,24,43,43,62,62,81,81,100,100,119,119,139,139,158,158,177,177,196,196,215,215,234,234,253,,,,,,,,,,,,,,,,,,,,,,,,,,,,,,,,,,,,,,,,,,,,,,,,,,,,,,,,,,,,,,,,,,,,,,,,,,,,,,,,,,,,,,,,,,,,,,,,,,,,,,,,,,,,,,,,,,,,
9iVoUBN2pfI.mp4,8,slicing onion,A person is cutting a vegetable,9.99000999000999,0.0,10.01,6.21,9.01,62,90,62,65,65,69,69,72,72,76,76,79,79,83,83,86,86,90,,,,,,,,,,,,,,,,,,,,,,,,,,,,,,,,,,,,,,,,,,,,,,,,,,,,,,,,,,,,,,,,,,,,,,,,,,,,,,,,,,,,,,,,,,,,,,,,,,,,,,,,,,,,,,,,,,,,,,,,,,,,,,
fnUwF1PMeXU.mp4,3,shuffling feet,A person is dancing,10.25,0.0,10.05,2.15,4.78,22,49,22,31,31,40,40,49,,,,,,,,,,,,,,,,,,,,,,,,,,,,,,,,,,,,,,,,,,,,,,,,,,,,,,,,,,,,,,,,,,,,,,,,,,,,,,,,,,,,,,,,,,,,,,,,,,,,,,,,,,,,,,,,,,,,,,,,,,,,,,,,,,,,,,,,
qm7RxZq2Jow.mp4,2,changing gear in car,A person is handling the gear,30.0,0.0,10.0,2.0,2.97,60,89,60,74,74,89,,,,,,,,,,,,,,,,,,,,,,,,,,,,,,,,,,,,,,,,,,,,,,,,,,,,,,,,,,,,,,,,,,,,,,,,,,,,,,,,,,,,,,,,,,,,,,,,,,,,,,,,,,,,,,,,,,,,,,,,,,,,,,,,,,,,,,,,,,
JLXbJGJRaoM.mp4,3,sleeping,A person is rubbing hisher finger,10.0,0.0,10.0,2.2,3.4,22,34,22,26,26,30,30,34,,,,,,,,,,,,,,,,,,,,,,,,,,,,,,,,,,,,,,,,,,,,,,,,,,,,,,,,,,,,,,,,,,,,,,,,,,,,,,,,,,,,,,,,,,,,,,,,,,,,,,,,,,,,,,,,,,,,,,,,,,,,,,,,,,,,,,,,
n4zEf0rKNlQ.mp4,3,needle felting,A person is showing some object,29.97002997002997,0.0,10.01,4.6,5.31,138,159,138,145,145,152,152,159,,,,,,,,,,,,,,,,,,,,,,,,,,,,,,,,,,,,,,,,,,,,,,,,,,,,,,,,,,,,,,,,,,,,,,,,,,,,,,,,,,,,,,,,,,,,,,,,,,,,,,,,,,,,,,,,,,,,,,,,,,,,,,,,,,,,,,,,
H0p9DWYwFMo.mp4,2,breaking boards,A person is moving the hands,15.0,0.0,10.0,3.93,6.13,59,92,59,76,76,92,,,,,,,,,,,,,,,,,,,,,,,,,,,,,,,,,,,,,,,,,,,,,,,,,,,,,,,,,,,,,,,,,,,,,,,,,,,,,,,,,,,,,,,,,,,,,,,,,,,,,,,,,,,,,,,,,,,,,,,,,,,,,,,,,,,,,,,,,,
IbDBHUu8hJs.mp4,2,dancing charleston,A group of people dancing,29.97002997002997,0.0,10.01,6.24,7.64,187,229,187,208,208,229,,,,,,,,,,,,,,,,,,,,,,,,,,,,,,,,,,,,,,,,,,,,,,,,,,,,,,,,,,,,,,,,,,,,,,,,,,,,,,,,,,,,,,,,,,,,,,,,,,,,,,,,,,,,,,,,,,,,,,,,,,,,,,,,,,,,,,,,,,
mf0GlQOWI6o.mp4,6,waving hand,A person is waving his hand,30.0,0.0,9.87,3.43,4.97,103,149,103,111,111,118,118,126,126,134,134,141,141,149,,,,,,,,,,,,,,,,,,,,,,,,,,,,,,,,,,,,,,,,,,,,,,,,,,,,,,,,,,,,,,,,,,,,,,,,,,,,,,,,,,,,,,,,,,,,,,,,,,,,,,,,,,,,,,,,,,,,,,,,,,,,,,,,,,
6EQgw6G--p0.mp4,4,planting trees,A person is cleaning with hands,29.97002997002997,0.0,10.01,1.94,3.6,58,108,58,70,70,83,83,95,95,108,,,,,,,,,,,,,,,,,,,,,,,,,,,,,,,,,,,,,,,,,,,,,,,,,,,,,,,,,,,,,,,,,,,,,,,,,,,,,,,,,,,,,,,,,,,,,,,,,,,,,,,,,,,,,,,,,,,,,,,,,,,,,,,,,,,,,,
Yt7-BnVkoUM.mp4,2,pull ups,A person is doing exercise,30.0,0.0,10.0,0.6,9.0,18,270,18,144,144,270,,,,,,,,,,,,,,,,,,,,,,,,,,,,,,,,,,,,,,,,,,,,,,,,,,,,,,,,,,,,,,,,,,,,,,,,,,,,,,,,,,,,,,,,,,,,,,,,,,,,,,,,,,,,,,,,,,,,,,,,,,,,,,,,,,,,,,,,,,
5uyq1MvdM2o.mp4,2,dunking basketball,A person is hitting the ball to the ground,24.0,0.0,5.29,0.58,1.79,14,43,14,29,29,43,,,,,,,,,,,,,,,,,,,,,,,,,,,,,,,,,,,,,,,,,,,,,,,,,,,,,,,,,,,,,,,,,,,,,,,,,,,,,,,,,,,,,,,,,,,,,,,,,,,,,,,,,,,,,,,,,,,,,,,,,,,,,,,,,,,,,,,,,,
P5wHVYArR9E.mp4,2,skateboarding,A person is skating on snow,30.0,0.0,10.0,3.07,4.6,92,138,92,115,115,138,,,,,,,,,,,,,,,,,,,,,,,,,,,,,,,,,,,,,,,,,,,,,,,,,,,,,,,,,,,,,,,,,,,,,,,,,,,,,,,,,,,,,,,,,,,,,,,,,,,,,,,,,,,,,,,,,,,,,,,,,,,,,,,,,,,,,,,,,,
G-vgi6GdZKw.mp4,4,shaping bread dough,A person is preparing the dough,29.97002997002997,0.0,10.01,0.4,2.6,12,78,12,28,28,45,45,61,61,78,,,,,,,,,,,,,,,,,,,,,,,,,,,,,,,,,,,,,,,,,,,,,,,,,,,,,,,,,,,,,,,,,,,,,,,,,,,,,,,,,,,,,,,,,,,,,,,,,,,,,,,,,,,,,,,,,,,,,,,,,,,,,,,,,,,,,,
DQofiIXC_oQ.mp4,6,trimming or shaving beard,A person is shaving another person,29.431,0.0,9.0,0.03,2.07,1,61,1,11,11,21,21,31,31,41,41,51,51,61,,,,,,,,,,,,,,,,,,,,,,,,,,,,,,,,,,,,,,,,,,,,,,,,,,,,,,,,,,,,,,,,,,,,,,,,,,,,,,,,,,,,,,,,,,,,,,,,,,,,,,,,,,,,,,,,,,,,,,,,,,,,,,,,,,
V12GwlXab4M.mp4,14,chiseling stone,A person is carving the statue,29.97002997002997,0.0,10.01,3.2,4.8,96,144,96,99,99,103,103,106,106,110,110,113,113,116,116,120,120,123,123,127,127,130,130,134,134,137,137,140,140,144,,,,,,,,,,,,,,,,,,,,,,,,,,,,,,,,,,,,,,,,,,,,,,,,,,,,,,,,,,,,,,,,,,,,,,,,,,,,,,,,,,,,,,,,,,,,,,,,,,,,,,,,,,,,,,,,,,
98U_H6RE9jA.mp4,2,tying knot (not on a tie),A person is pulling the rope,30.0,0.0,10.0,8.0,9.2,240,276,240,258,258,276,,,,,,,,,,,,,,,,,,,,,,,,,,,,,,,,,,,,,,,,,,,,,,,,,,,,,,,,,,,,,,,,,,,,,,,,,,,,,,,,,,,,,,,,,,,,,,,,,,,,,,,,,,,,,,,,,,,,,,,,,,,,,,,,,,,,,,,,,,
nv0RQMZ13aA.mp4,3,playing violin,A person is playing the violin,29.97002997002997,0.0,10.01,4.9,9.38,147,281,147,192,192,236,236,281,,,,,,,,,,,,,,,,,,,,,,,,,,,,,,,,,,,,,,,,,,,,,,,,,,,,,,,,,,,,,,,,,,,,,,,,,,,,,,,,,,,,,,,,,,,,,,,,,,,,,,,,,,,,,,,,,,,,,,,,,,,,,,,,,,,,,,,,
sdKCVpw_rpw.mp4,11,milking cow,A person is extracting milk,30.0,0.0,10.0,1.57,9.87,47,296,47,69,69,92,92,115,115,138,138,160,160,183,183,206,206,228,228,251,251,274,274,296,,,,,,,,,,,,,,,,,,,,,,,,,,,,,,,,,,,,,,,,,,,,,,,,,,,,,,,,,,,,,,,,,,,,,,,,,,,,,,,,,,,,,,,,,,,,,,,,,,,,,,,,,,,,,,,,,,,,,,,,
sAC2auIu3q4.mp4,6,scrubbing face,A person is rubbing the woman's chin,25.0,0.0,10.0,3.4,6.28,85,157,85,97,97,109,109,121,121,133,133,145,145,157,,,,,,,,,,,,,,,,,,,,,,,,,,,,,,,,,,,,,,,,,,,,,,,,,,,,,,,,,,,,,,,,,,,,,,,,,,,,,,,,,,,,,,,,,,,,,,,,,,,,,,,,,,,,,,,,,,,,,,,,,,,,,,,,,,
P26B6XGEnm0.mp4,3,tossing salad,A person is shaking the spoon,23.976023976023978,0.0,10.01,5.63,6.76,135,162,135,144,144,153,153,162,,,,,,,,,,,,,,,,,,,,,,,,,,,,,,,,,,,,,,,,,,,,,,,,,,,,,,,,,,,,,,,,,,,,,,,,,,,,,,,,,,,,,,,,,,,,,,,,,,,,,,,,,,,,,,,,,,,,,,,,,,,,,,,,,,,,,,,,
K0cnzdgbcvc.mp4,13,needle felting,A person is pressing,30.0,0.0,10.0,0.13,5.97,4,179,4,17,17,31,31,44,44,58,58,71,71,84,84,98,98,111,111,125,125,138,138,152,152,165,165,179,,,,,,,,,,,,,,,,,,,,,,,,,,,,,,,,,,,,,,,,,,,,,,,,,,,,,,,,,,,,,,,,,,,,,,,,,,,,,,,,,,,,,,,,,,,,,,,,,,,,,,,,,,,,,,,,,,,,
H2ik_E3Hm1Q.mp4,10,clapping,A person is clapping,29.97002997002997,0.0,6.07,0.23,3.17,7,95,7,16,16,25,25,33,33,42,42,51,51,60,60,68,68,77,77,86,86,95,,,,,,,,,,,,,,,,,,,,,,,,,,,,,,,,,,,,,,,,,,,,,,,,,,,,,,,,,,,,,,,,,,,,,,,,,,,,,,,,,,,,,,,,,,,,,,,,,,,,,,,,,,,,,,,,,,,,,,,,,,
4QmRqYqyA1Y.mp4,2,using a microscope,A person is rubbing with the index finger,29.97002997002997,0.0,10.01,5.11,6.17,153,185,153,169,169,185,,,,,,,,,,,,,,,,,,,,,,,,,,,,,,,,,,,,,,,,,,,,,,,,,,,,,,,,,,,,,,,,,,,,,,,,,,,,,,,,,,,,,,,,,,,,,,,,,,,,,,,,,,,,,,,,,,,,,,,,,,,,,,,,,,,,,,,,,,
OEAbSDKWBh4.mp4,5,archaeological excavation,A person is digging mud in the water,23.976023976023978,0.0,10.01,0.17,2.29,4,55,4,14,14,24,24,34,34,44,44,55,,,,,,,,,,,,,,,,,,,,,,,,,,,,,,,,,,,,,,,,,,,,,,,,,,,,,,,,,,,,,,,,,,,,,,,,,,,,,,,,,,,,,,,,,,,,,,,,,,,,,,,,,,,,,,,,,,,,,,,,,,,,,,,,,,,,
vj_wSvjO2Uo.mp4,4,gold panning,A person is mixing water with their finger,30.0,0.0,10.0,0.07,2.07,2,62,2,17,17,32,32,47,47,62,,,,,,,,,,,,,,,,,,,,,,,,,,,,,,,,,,,,,,,,,,,,,,,,,,,,,,,,,,,,,,,,,,,,,,,,,,,,,,,,,,,,,,,,,,,,,,,,,,,,,,,,,,,,,,,,,,,,,,,,,,,,,,,,,,,,,,
fRTSBPLtOZ0.mp4,15,playing cello,A person is playing the guitar,25.0,0.0,10.0,4.88,9.92,122,248,122,130,130,139,139,147,147,156,156,164,164,172,172,181,181,189,189,198,198,206,206,214,214,223,223,231,231,240,240,248,,,,,,,,,,,,,,,,,,,,,,,,,,,,,,,,,,,,,,,,,,,,,,,,,,,,,,,,,,,,,,,,,,,,,,,,,,,,,,,,,,,,,,,,,,,,,,,,,,,,,,,,,,,,,,,,
sdKCVpw_rpw.mp4,10,milking cow,A person is drawing milk,30.0,0.0,10.0,1.33,8.0,40,240,40,60,60,80,80,100,100,120,120,140,140,160,160,180,180,200,200,220,220,240,,,,,,,,,,,,,,,,,,,,,,,,,,,,,,,,,,,,,,,,,,,,,,,,,,,,,,,,,,,,,,,,,,,,,,,,,,,,,,,,,,,,,,,,,,,,,,,,,,,,,,,,,,,,,,,,,,,,,,,,,,
-ugRK5Xp-K4.mp4,6,pumping fist,A person is dancing,30.0,0.0,10.0,2.67,7.33,80,220,80,104,104,127,127,150,150,173,173,196,196,220,,,,,,,,,,,,,,,,,,,,,,,,,,,,,,,,,,,,,,,,,,,,,,,,,,,,,,,,,,,,,,,,,,,,,,,,,,,,,,,,,,,,,,,,,,,,,,,,,,,,,,,,,,,,,,,,,,,,,,,,,,,,,,,,,,
8AHA_FM1dIc.mp4,4,riding mechanical bull,A person is riding a bull,29.666666666666668,0.0,10.01,0.03,5.6,1,166,1,42,42,84,84,125,125,166,,,,,,,,,,,,,,,,,,,,,,,,,,,,,,,,,,,,,,,,,,,,,,,,,,,,,,,,,,,,,,,,,,,,,,,,,,,,,,,,,,,,,,,,,,,,,,,,,,,,,,,,,,,,,,,,,,,,,,,,,,,,,,,,,,,,,,
TO68IdzLD9A.mp4,7,waxing eyebrows,A person is rubbing on the strip,15.0,0.0,10.0,6.0,9.67,90,145,90,98,98,106,106,113,113,121,121,129,129,137,137,145,,,,,,,,,,,,,,,,,,,,,,,,,,,,,,,,,,,,,,,,,,,,,,,,,,,,,,,,,,,,,,,,,,,,,,,,,,,,,,,,,,,,,,,,,,,,,,,,,,,,,,,,,,,,,,,,,,,,,,,,,,,,,,,,
7mxPcW6Z03A.mp4,12,playing keyboard,A person is playing the piano,29.97002997002997,0.0,10.01,0.17,6.31,5,189,5,20,20,36,36,51,51,66,66,82,82,97,97,112,112,128,128,143,143,159,159,174,174,189,,,,,,,,,,,,,,,,,,,,,,,,,,,,,,,,,,,,,,,,,,,,,,,,,,,,,,,,,,,,,,,,,,,,,,,,,,,,,,,,,,,,,,,,,,,,,,,,,,,,,,,,,,,,,,,,,,,,,,
_Ap6LEZ9nmE.mp4,3,cutting pineapple,A person is slicing vegetables,28.916666666666668,0.0,5.12,2.01,3.8,58,110,58,75,75,93,93,110,,,,,,,,,,,,,,,,,,,,,,,,,,,,,,,,,,,,,,,,,,,,,,,,,,,,,,,,,,,,,,,,,,,,,,,,,,,,,,,,,,,,,,,,,,,,,,,,,,,,,,,,,,,,,,,,,,,,,,,,,,,,,,,,,,,,,,,,
XVb1uVYfyMg.mp4,2,driving car,A person is driving the vehicle,29.97002997002997,0.0,10.01,1.17,3.14,35,94,35,64,64,94,,,,,,,,,,,,,,,,,,,,,,,,,,,,,,,,,,,,,,,,,,,,,,,,,,,,,,,,,,,,,,,,,,,,,,,,,,,,,,,,,,,,,,,,,,,,,,,,,,,,,,,,,,,,,,,,,,,,,,,,,,,,,,,,,,,,,,,,,,
hVI6VQIS2Yo.mp4,5,squat,A person is doing squats,29.917,0.0,10.03,0.74,8.96,22,268,22,71,71,120,120,169,169,219,219,268,,,,,,,,,,,,,,,,,,,,,,,,,,,,,,,,,,,,,,,,,,,,,,,,,,,,,,,,,,,,,,,,,,,,,,,,,,,,,,,,,,,,,,,,,,,,,,,,,,,,,,,,,,,,,,,,,,,,,,,,,,,,,,,,,,,,
nFNLa8mJCtc.mp4,4,playing violin,A person is playing the musical instrument,29.97002997002997,0.0,10.01,0.43,8.64,13,259,13,75,75,136,136,198,198,259,,,,,,,,,,,,,,,,,,,,,,,,,,,,,,,,,,,,,,,,,,,,,,,,,,,,,,,,,,,,,,,,,,,,,,,,,,,,,,,,,,,,,,,,,,,,,,,,,,,,,,,,,,,,,,,,,,,,,,,,,,,,,,,,,,,,,,
GXM5aylM_Hg.mp4,9,riding scooter,A person is cycling on a wheel scooter,29.97002997002997,0.0,10.01,3.0,9.21,90,276,90,111,111,131,131,152,152,172,172,193,193,214,214,234,234,255,255,276,,,,,,,,,,,,,,,,,,,,,,,,,,,,,,,,,,,,,,,,,,,,,,,,,,,,,,,,,,,,,,,,,,,,,,,,,,,,,,,,,,,,,,,,,,,,,,,,,,,,,,,,,,,,,,,,,,,,,,,,,,,,
H0dZpGLfYxE.mp4,4,hammer throw,A person is rotating the object,29.97002997002997,0.0,10.01,0.03,3.57,1,107,1,28,28,54,54,80,80,107,,,,,,,,,,,,,,,,,,,,,,,,,,,,,,,,,,,,,,,,,,,,,,,,,,,,,,,,,,,,,,,,,,,,,,,,,,,,,,,,,,,,,,,,,,,,,,,,,,,,,,,,,,,,,,,,,,,,,,,,,,,,,,,,,,,,,,
dMSku7Nwxd8.mp4,2,juggling fire,A person is fire juggling,25.0,0.0,10.0,8.56,10.0,214,250,214,232,232,250,,,,,,,,,,,,,,,,,,,,,,,,,,,,,,,,,,,,,,,,,,,,,,,,,,,,,,,,,,,,,,,,,,,,,,,,,,,,,,,,,,,,,,,,,,,,,,,,,,,,,,,,,,,,,,,,,,,,,,,,,,,,,,,,,,,,,,,,,,
WJqNDMkfcTA.mp4,2,applying cream,A person is applying cream to the face of a woman,24.985,0.0,10.01,3.52,5.32,88,133,88,110,110,133,,,,,,,,,,,,,,,,,,,,,,,,,,,,,,,,,,,,,,,,,,,,,,,,,,,,,,,,,,,,,,,,,,,,,,,,,,,,,,,,,,,,,,,,,,,,,,,,,,,,,,,,,,,,,,,,,,,,,,,,,,,,,,,,,,,,,,,,,,
XVb1uVYfyMg.mp4,2,driving car,A person is driving the vehicle,29.97002997002997,0.0,10.01,1.17,3.17,35,95,35,65,65,95,,,,,,,,,,,,,,,,,,,,,,,,,,,,,,,,,,,,,,,,,,,,,,,,,,,,,,,,,,,,,,,,,,,,,,,,,,,,,,,,,,,,,,,,,,,,,,,,,,,,,,,,,,,,,,,,,,,,,,,,,,,,,,,,,,,,,,,,,,
JLXbJGJRaoM.mp4,2,sleeping,A person is rubbing with a finger,10.0,0.0,10.0,2.2,3.2,22,32,22,27,27,32,,,,,,,,,,,,,,,,,,,,,,,,,,,,,,,,,,,,,,,,,,,,,,,,,,,,,,,,,,,,,,,,,,,,,,,,,,,,,,,,,,,,,,,,,,,,,,,,,,,,,,,,,,,,,,,,,,,,,,,,,,,,,,,,,,,,,,,,,,
FcFhfx6hVm0.mp4,4,moon walking,A woman is doing the moonwalk,30.0,0.0,10.0,5.47,8.97,164,269,164,191,191,217,217,243,243,269,,,,,,,,,,,,,,,,,,,,,,,,,,,,,,,,,,,,,,,,,,,,,,,,,,,,,,,,,,,,,,,,,,,,,,,,,,,,,,,,,,,,,,,,,,,,,,,,,,,,,,,,,,,,,,,,,,,,,,,,,,,,,,,,,,,,,,
swEKuItPiac.mp4,2,squat,A person is lifting the weights,30.0,0.0,9.77,0.97,6.47,29,194,29,112,112,194,,,,,,,,,,,,,,,,,,,,,,,,,,,,,,,,,,,,,,,,,,,,,,,,,,,,,,,,,,,,,,,,,,,,,,,,,,,,,,,,,,,,,,,,,,,,,,,,,,,,,,,,,,,,,,,,,,,,,,,,,,,,,,,,,,,,,,,,,,
dhZkRTZKdUo.mp4,11,juggling balls,A person is juggling the balls,10.0,0.0,10.0,5.2,10.0,52,100,52,56,56,60,60,65,65,69,69,74,74,78,78,82,82,87,87,91,91,96,96,100,,,,,,,,,,,,,,,,,,,,,,,,,,,,,,,,,,,,,,,,,,,,,,,,,,,,,,,,,,,,,,,,,,,,,,,,,,,,,,,,,,,,,,,,,,,,,,,,,,,,,,,,,,,,,,,,,,,,,,,,
PzVy91apiTU.mp4,2,flint knapping,A person is hitting an object with a tool,30.0,0.0,10.0,2.6,3.67,78,110,78,94,94,110,,,,,,,,,,,,,,,,,,,,,,,,,,,,,,,,,,,,,,,,,,,,,,,,,,,,,,,,,,,,,,,,,,,,,,,,,,,,,,,,,,,,,,,,,,,,,,,,,,,,,,,,,,,,,,,,,,,,,,,,,,,,,,,,,,,,,,,,,,
kvmh09DdNko.mp4,4,singing,A person is moving the hand,29.97002997002997,0.0,9.31,0.4,2.0,12,60,12,24,24,36,36,48,48,60,,,,,,,,,,,,,,,,,,,,,,,,,,,,,,,,,,,,,,,,,,,,,,,,,,,,,,,,,,,,,,,,,,,,,,,,,,,,,,,,,,,,,,,,,,,,,,,,,,,,,,,,,,,,,,,,,,,,,,,,,,,,,,,,,,,,,,
4mNZX8vGP7w.mp4,2,home roasting coffee,A person is mixing food,25.0,0.0,10.0,1.64,4.8,41,120,41,80,80,120,,,,,,,,,,,,,,,,,,,,,,,,,,,,,,,,,,,,,,,,,,,,,,,,,,,,,,,,,,,,,,,,,,,,,,,,,,,,,,,,,,,,,,,,,,,,,,,,,,,,,,,,,,,,,,,,,,,,,,,,,,,,,,,,,,,,,,,,,,
D6Pj-E9pdj8.mp4,2,slapping,A person is moving the hand,30.0,0.0,10.0,3.17,6.13,95,184,95,139,139,184,,,,,,,,,,,,,,,,,,,,,,,,,,,,,,,,,,,,,,,,,,,,,,,,,,,,,,,,,,,,,,,,,,,,,,,,,,,,,,,,,,,,,,,,,,,,,,,,,,,,,,,,,,,,,,,,,,,,,,,,,,,,,,,,,,,,,,,,,,
A18r94S7cEs.mp4,5,high jump,A person is jumping,30.0,0.0,7.23,2.23,6.27,67,188,67,91,91,116,116,140,140,164,164,188,,,,,,,,,,,,,,,,,,,,,,,,,,,,,,,,,,,,,,,,,,,,,,,,,,,,,,,,,,,,,,,,,,,,,,,,,,,,,,,,,,,,,,,,,,,,,,,,,,,,,,,,,,,,,,,,,,,,,,,,,,,,,,,,,,,,
PdEsqzAFV0k.mp4,4,folding clothes,A person is folding the towel,29.97002997002997,0.0,10.01,2.84,3.84,85,115,85,93,93,100,100,108,108,115,,,,,,,,,,,,,,,,,,,,,,,,,,,,,,,,,,,,,,,,,,,,,,,,,,,,,,,,,,,,,,,,,,,,,,,,,,,,,,,,,,,,,,,,,,,,,,,,,,,,,,,,,,,,,,,,,,,,,,,,,,,,,,,,,,,,,,
-coeq0syJYU.mp4,4,pumping fist,A person is waving hisher hand,15.0,0.0,10.0,5.53,7.33,83,110,83,90,90,96,96,103,103,110,,,,,,,,,,,,,,,,,,,,,,,,,,,,,,,,,,,,,,,,,,,,,,,,,,,,,,,,,,,,,,,,,,,,,,,,,,,,,,,,,,,,,,,,,,,,,,,,,,,,,,,,,,,,,,,,,,,,,,,,,,,,,,,,,,,,,,
KO7cACe7J40.mp4,9,backflip (human),A person is jumping on the trampoline,30.0,0.0,10.0,0.27,6.27,8,188,8,28,28,48,48,68,68,88,88,108,108,128,128,148,148,168,168,188,,,,,,,,,,,,,,,,,,,,,,,,,,,,,,,,,,,,,,,,,,,,,,,,,,,,,,,,,,,,,,,,,,,,,,,,,,,,,,,,,,,,,,,,,,,,,,,,,,,,,,,,,,,,,,,,,,,,,,,,,,,,
LC--13eiXkk.mp4,2,using a wrench,A machine is rotating,25.0,0.0,10.0,0.04,3.68,1,92,1,46,46,92,,,,,,,,,,,,,,,,,,,,,,,,,,,,,,,,,,,,,,,,,,,,,,,,,,,,,,,,,,,,,,,,,,,,,,,,,,,,,,,,,,,,,,,,,,,,,,,,,,,,,,,,,,,,,,,,,,,,,,,,,,,,,,,,,,,,,,,,,,
nTaJy7GZZOg.mp4,10,using a sledge hammer,A person is hitting the tire with the hammer,27.027,0.0,10.03,1.0,9.77,27,264,27,51,51,74,74,98,98,122,122,145,145,169,169,193,193,216,216,240,240,264,,,,,,,,,,,,,,,,,,,,,,,,,,,,,,,,,,,,,,,,,,,,,,,,,,,,,,,,,,,,,,,,,,,,,,,,,,,,,,,,,,,,,,,,,,,,,,,,,,,,,,,,,,,,,,,,,,,,,,,,,,
7v0ZB3vkqpA.mp4,13,slicing onion,A person is chopping vegetables,30.0,0.0,9.13,0.03,4.13,1,124,1,11,11,20,20,29,29,39,39,48,48,58,58,67,67,77,77,86,86,95,95,105,105,114,114,124,,,,,,,,,,,,,,,,,,,,,,,,,,,,,,,,,,,,,,,,,,,,,,,,,,,,,,,,,,,,,,,,,,,,,,,,,,,,,,,,,,,,,,,,,,,,,,,,,,,,,,,,,,,,,,,,,,,,
H3RtUdtuGJQ.mp4,4,playing cello,A person is playing the violin,15.0,0.0,10.0,0.93,9.67,14,145,14,47,47,80,80,112,112,145,,,,,,,,,,,,,,,,,,,,,,,,,,,,,,,,,,,,,,,,,,,,,,,,,,,,,,,,,,,,,,,,,,,,,,,,,,,,,,,,,,,,,,,,,,,,,,,,,,,,,,,,,,,,,,,,,,,,,,,,,,,,,,,,,,,,,,
ab48kqiD6WY.mp4,2,situp,A person is exercising,29.97002997002997,0.0,10.01,3.37,8.88,101,266,101,183,183,266,,,,,,,,,,,,,,,,,,,,,,,,,,,,,,,,,,,,,,,,,,,,,,,,,,,,,,,,,,,,,,,,,,,,,,,,,,,,,,,,,,,,,,,,,,,,,,,,,,,,,,,,,,,,,,,,,,,,,,,,,,,,,,,,,,,,,,,,,,
NuKJDAAuARw.mp4,3,clam digging,A person is using a stick in the field,30.0,0.0,10.0,0.03,2.4,1,72,1,25,25,48,48,72,,,,,,,,,,,,,,,,,,,,,,,,,,,,,,,,,,,,,,,,,,,,,,,,,,,,,,,,,,,,,,,,,,,,,,,,,,,,,,,,,,,,,,,,,,,,,,,,,,,,,,,,,,,,,,,,,,,,,,,,,,,,,,,,,,,,,,,,
AFMmqsjcfis.mp4,3,rope pushdown,A person is doing exercise,29.97002997002997,0.0,10.01,2.04,9.51,61,285,61,136,136,211,211,285,,,,,,,,,,,,,,,,,,,,,,,,,,,,,,,,,,,,,,,,,,,,,,,,,,,,,,,,,,,,,,,,,,,,,,,,,,,,,,,,,,,,,,,,,,,,,,,,,,,,,,,,,,,,,,,,,,,,,,,,,,,,,,,,,,,,,,,,
GdxuIHS7IUg.mp4,2,chopping wood,A person is hitting the wooden piece,29.97002997002997,0.0,9.91,4.44,7.84,133,235,133,184,184,235,,,,,,,,,,,,,,,,,,,,,,,,,,,,,,,,,,,,,,,,,,,,,,,,,,,,,,,,,,,,,,,,,,,,,,,,,,,,,,,,,,,,,,,,,,,,,,,,,,,,,,,,,,,,,,,,,,,,,,,,,,,,,,,,,,,,,,,,,,
4W6phLyMUKA.mp4,2,exercising arm,A person is doing exercise,30.0,0.0,10.0,3.93,9.37,118,281,118,199,199,281,,,,,,,,,,,,,,,,,,,,,,,,,,,,,,,,,,,,,,,,,,,,,,,,,,,,,,,,,,,,,,,,,,,,,,,,,,,,,,,,,,,,,,,,,,,,,,,,,,,,,,,,,,,,,,,,,,,,,,,,,,,,,,,,,,,,,,,,,,
EfCKgrYxH24.mp4,2,beatboxing,A man is moving his wrist,10.022,0.0,10.08,0.7,1.6,7,16,7,12,12,16,,,,,,,,,,,,,,,,,,,,,,,,,,,,,,,,,,,,,,,,,,,,,,,,,,,,,,,,,,,,,,,,,,,,,,,,,,,,,,,,,,,,,,,,,,,,,,,,,,,,,,,,,,,,,,,,,,,,,,,,,,,,,,,,,,,,,,,,,,
H3RtUdtuGJQ.mp4,4,playing cello,A person is playing the guitar,15.0,0.0,10.0,0.93,9.73,14,146,14,47,47,80,80,113,113,146,,,,,,,,,,,,,,,,,,,,,,,,,,,,,,,,,,,,,,,,,,,,,,,,,,,,,,,,,,,,,,,,,,,,,,,,,,,,,,,,,,,,,,,,,,,,,,,,,,,,,,,,,,,,,,,,,,,,,,,,,,,,,,,,,,,,,,
qMPJXPM-CMc.mp4,2,playing trombone,A person is playing with an instrument,30.0,0.0,6.9,0.03,2.2,1,66,1,34,34,66,,,,,,,,,,,,,,,,,,,,,,,,,,,,,,,,,,,,,,,,,,,,,,,,,,,,,,,,,,,,,,,,,,,,,,,,,,,,,,,,,,,,,,,,,,,,,,,,,,,,,,,,,,,,,,,,,,,,,,,,,,,,,,,,,,,,,,,,,,
ZRWuWbyZDsM.mp4,2,grinding meat,A person is pressing the food item with an object,25.0,0.0,10.0,5.72,6.6,143,165,143,154,154,165,,,,,,,,,,,,,,,,,,,,,,,,,,,,,,,,,,,,,,,,,,,,,,,,,,,,,,,,,,,,,,,,,,,,,,,,,,,,,,,,,,,,,,,,,,,,,,,,,,,,,,,,,,,,,,,,,,,,,,,,,,,,,,,,,,,,,,,,,,
OdMF2amosXM.mp4,2,playing violin,A person is playing the violin,25.0,0.0,10.0,4.48,6.52,112,163,112,138,138,163,,,,,,,,,,,,,,,,,,,,,,,,,,,,,,,,,,,,,,,,,,,,,,,,,,,,,,,,,,,,,,,,,,,,,,,,,,,,,,,,,,,,,,,,,,,,,,,,,,,,,,,,,,,,,,,,,,,,,,,,,,,,,,,,,,,,,,,,,,
i8eRil8qm0E.mp4,2,dancing gangnam style,A person is raising his leg while dancing,30.0,0.0,8.97,0.33,2.33,10,70,10,40,40,70,,,,,,,,,,,,,,,,,,,,,,,,,,,,,,,,,,,,,,,,,,,,,,,,,,,,,,,,,,,,,,,,,,,,,,,,,,,,,,,,,,,,,,,,,,,,,,,,,,,,,,,,,,,,,,,,,,,,,,,,,,,,,,,,,,,,,,,,,,
WTXrpw8xrmQ.mp4,2,gold panning,A person is dipping the bowl in the water,30.0,0.0,10.0,0.03,1.83,1,55,1,28,28,55,,,,,,,,,,,,,,,,,,,,,,,,,,,,,,,,,,,,,,,,,,,,,,,,,,,,,,,,,,,,,,,,,,,,,,,,,,,,,,,,,,,,,,,,,,,,,,,,,,,,,,,,,,,,,,,,,,,,,,,,,,,,,,,,,,,,,,,,,,
j0Sw7rcNEBo.mp4,5,swimming front crawl,A person is swimming,29.0,0.0,10.0,0.45,6.79,13,197,13,50,50,87,87,123,123,160,160,197,,,,,,,,,,,,,,,,,,,,,,,,,,,,,,,,,,,,,,,,,,,,,,,,,,,,,,,,,,,,,,,,,,,,,,,,,,,,,,,,,,,,,,,,,,,,,,,,,,,,,,,,,,,,,,,,,,,,,,,,,,,,,,,,,,,,
xgE2LBuiaw0.mp4,7,making a sandwich,A person is applying cream to bread,29.97002997002997,0.0,10.01,0.07,4.24,2,127,2,20,20,38,38,56,56,74,74,91,91,109,109,127,,,,,,,,,,,,,,,,,,,,,,,,,,,,,,,,,,,,,,,,,,,,,,,,,,,,,,,,,,,,,,,,,,,,,,,,,,,,,,,,,,,,,,,,,,,,,,,,,,,,,,,,,,,,,,,,,,,,,,,,,,,,,,,,
FQXvG_ruWqs.mp4,20,busking,A person is playing the guitar,30.0,0.0,10.0,1.6,9.97,48,299,48,61,61,73,73,86,86,98,98,111,111,123,123,136,136,148,148,161,161,173,173,186,186,198,198,211,211,224,224,236,236,249,249,261,261,274,274,286,286,299,,,,,,,,,,,,,,,,,,,,,,,,,,,,,,,,,,,,,,,,,,,,,,,,,,,,,,,,,,,,,,,,,,,,,,,,,,,,,,,,,,,,,,,,,,,,,,,,,,,,,,
8dhABofQeUk.mp4,2,surfing water,A person is surfing on the water,30.0,0.0,10.0,0.17,8.57,5,257,5,131,131,257,,,,,,,,,,,,,,,,,,,,,,,,,,,,,,,,,,,,,,,,,,,,,,,,,,,,,,,,,,,,,,,,,,,,,,,,,,,,,,,,,,,,,,,,,,,,,,,,,,,,,,,,,,,,,,,,,,,,,,,,,,,,,,,,,,,,,,,,,,
ChIQLn4PpD4.mp4,3,mixing colours,A person is painting on the white sheet,30.0,0.0,10.0,4.83,6.53,145,196,145,162,162,179,179,196,,,,,,,,,,,,,,,,,,,,,,,,,,,,,,,,,,,,,,,,,,,,,,,,,,,,,,,,,,,,,,,,,,,,,,,,,,,,,,,,,,,,,,,,,,,,,,,,,,,,,,,,,,,,,,,,,,,,,,,,,,,,,,,,,,,,,,,,
0I1hZiCx9u0.mp4,14,photobombing,A person is cycling,23.976023976023978,0.0,9.8,0.46,9.72,11,233,11,26,26,42,42,58,58,74,74,90,90,106,106,122,122,138,138,154,154,169,169,185,185,201,201,217,217,233,,,,,,,,,,,,,,,,,,,,,,,,,,,,,,,,,,,,,,,,,,,,,,,,,,,,,,,,,,,,,,,,,,,,,,,,,,,,,,,,,,,,,,,,,,,,,,,,,,,,,,,,,,,,,,,,,,
7hbI0s9hygY.mp4,2,card stacking,A person is placing the cards,29.833333333333332,0.0,10.02,0.03,3.35,1,100,1,51,51,100,,,,,,,,,,,,,,,,,,,,,,,,,,,,,,,,,,,,,,,,,,,,,,,,,,,,,,,,,,,,,,,,,,,,,,,,,,,,,,,,,,,,,,,,,,,,,,,,,,,,,,,,,,,,,,,,,,,,,,,,,,,,,,,,,,,,,,,,,,
9HwZIVAyJ-A.mp4,2,tapping guitar,A person is tapping with the right hand index finger,23.976023976023978,0.0,9.72,0.38,0.79,9,19,9,14,14,19,,,,,,,,,,,,,,,,,,,,,,,,,,,,,,,,,,,,,,,,,,,,,,,,,,,,,,,,,,,,,,,,,,,,,,,,,,,,,,,,,,,,,,,,,,,,,,,,,,,,,,,,,,,,,,,,,,,,,,,,,,,,,,,,,,,,,,,,,,
x_f3E10iCAg.mp4,2,bottling,A person is fixing the object,25.0,0.0,10.0,7.84,9.2,196,230,196,213,213,230,,,,,,,,,,,,,,,,,,,,,,,,,,,,,,,,,,,,,,,,,,,,,,,,,,,,,,,,,,,,,,,,,,,,,,,,,,,,,,,,,,,,,,,,,,,,,,,,,,,,,,,,,,,,,,,,,,,,,,,,,,,,,,,,,,,,,,,,,,
WzyC6wP50kI.mp4,4,scrambling eggs,A person is mixing the food,15.0,0.0,10.0,3.93,5.27,59,79,59,64,64,69,69,74,74,79,,,,,,,,,,,,,,,,,,,,,,,,,,,,,,,,,,,,,,,,,,,,,,,,,,,,,,,,,,,,,,,,,,,,,,,,,,,,,,,,,,,,,,,,,,,,,,,,,,,,,,,,,,,,,,,,,,,,,,,,,,,,,,,,,,,,,,
BVzQnH9Ne_s.mp4,2,treating wood,A person is rubbing an object,30.0,0.0,9.63,0.03,1.03,1,31,1,16,16,31,,,,,,,,,,,,,,,,,,,,,,,,,,,,,,,,,,,,,,,,,,,,,,,,,,,,,,,,,,,,,,,,,,,,,,,,,,,,,,,,,,,,,,,,,,,,,,,,,,,,,,,,,,,,,,,,,,,,,,,,,,,,,,,,,,,,,,,,,,
ov7U3qcMIaU.mp4,6,applauding,A person is clapping,24.897,0.0,10.0,0.2,1.73,5,43,5,11,11,18,18,24,24,30,30,37,37,43,,,,,,,,,,,,,,,,,,,,,,,,,,,,,,,,,,,,,,,,,,,,,,,,,,,,,,,,,,,,,,,,,,,,,,,,,,,,,,,,,,,,,,,,,,,,,,,,,,,,,,,,,,,,,,,,,,,,,,,,,,,,,,,,,,
3V-hi2VGfDk.mp4,4,cooking chicken,A person is mixing the food with the utensil,29.97002997002997,0.0,10.01,1.94,6.47,58,194,58,92,92,126,126,160,160,194,,,,,,,,,,,,,,,,,,,,,,,,,,,,,,,,,,,,,,,,,,,,,,,,,,,,,,,,,,,,,,,,,,,,,,,,,,,,,,,,,,,,,,,,,,,,,,,,,,,,,,,,,,,,,,,,,,,,,,,,,,,,,,,,,,,,,,
7TLxsKYFZxU.mp4,4,making slime,A person is mixing the jelly,30.0,0.0,10.0,1.27,2.83,38,85,38,50,50,62,62,74,74,85,,,,,,,,,,,,,,,,,,,,,,,,,,,,,,,,,,,,,,,,,,,,,,,,,,,,,,,,,,,,,,,,,,,,,,,,,,,,,,,,,,,,,,,,,,,,,,,,,,,,,,,,,,,,,,,,,,,,,,,,,,,,,,,,,,,,,,
B5D9ZypiF9s.mp4,3,waxing back,A person is rubbing on a wax strip,30.0,0.0,10.0,1.67,3.57,50,107,50,69,69,88,88,107,,,,,,,,,,,,,,,,,,,,,,,,,,,,,,,,,,,,,,,,,,,,,,,,,,,,,,,,,,,,,,,,,,,,,,,,,,,,,,,,,,,,,,,,,,,,,,,,,,,,,,,,,,,,,,,,,,,,,,,,,,,,,,,,,,,,,,,,
nAGpmX0qf6E.mp4,2,fidgeting,A person is moving his hand,29.0,0.0,10.0,0.03,1.9,1,55,1,28,28,55,,,,,,,,,,,,,,,,,,,,,,,,,,,,,,,,,,,,,,,,,,,,,,,,,,,,,,,,,,,,,,,,,,,,,,,,,,,,,,,,,,,,,,,,,,,,,,,,,,,,,,,,,,,,,,,,,,,,,,,,,,,,,,,,,,,,,,,,,,
AWpKrX1MoYI.mp4,10,seasoning food,A person is pouring ingredients,30.0,0.0,10.0,4.17,9.2,125,276,125,140,140,155,155,170,170,185,185,200,200,216,216,231,231,246,246,261,261,276,,,,,,,,,,,,,,,,,,,,,,,,,,,,,,,,,,,,,,,,,,,,,,,,,,,,,,,,,,,,,,,,,,,,,,,,,,,,,,,,,,,,,,,,,,,,,,,,,,,,,,,,,,,,,,,,,,,,,,,,,,
cc9iCNPSiKc.mp4,3,blowing leaves,A person is moving the blower,30.0,0.0,10.0,0.37,2.37,11,71,11,31,31,51,51,71,,,,,,,,,,,,,,,,,,,,,,,,,,,,,,,,,,,,,,,,,,,,,,,,,,,,,,,,,,,,,,,,,,,,,,,,,,,,,,,,,,,,,,,,,,,,,,,,,,,,,,,,,,,,,,,,,,,,,,,,,,,,,,,,,,,,,,,,
X6u7AQcOmrI.mp4,8,driving car,A person is switching on the wipers,29.97002997002997,0.0,10.01,0.13,9.71,4,291,4,40,40,76,76,111,111,147,147,183,183,219,219,255,255,291,,,,,,,,,,,,,,,,,,,,,,,,,,,,,,,,,,,,,,,,,,,,,,,,,,,,,,,,,,,,,,,,,,,,,,,,,,,,,,,,,,,,,,,,,,,,,,,,,,,,,,,,,,,,,,,,,,,,,,,,,,,,,,
7j8VxA5FuzQ.mp4,2,riding mechanical bull,A person is sitting on a bull,30.0,0.0,10.0,0.13,5.93,4,178,4,91,91,178,,,,,,,,,,,,,,,,,,,,,,,,,,,,,,,,,,,,,,,,,,,,,,,,,,,,,,,,,,,,,,,,,,,,,,,,,,,,,,,,,,,,,,,,,,,,,,,,,,,,,,,,,,,,,,,,,,,,,,,,,,,,,,,,,,,,,,,,,,
QJ1pgpoY1yM.mp4,17,pinching,A person is pinching,30.0,0.0,9.73,0.17,9.73,5,292,5,22,22,39,39,56,56,74,74,91,91,108,108,125,125,143,143,160,160,177,177,194,194,211,211,229,229,246,246,263,263,280,280,292,,,,,,,,,,,,,,,,,,,,,,,,,,,,,,,,,,,,,,,,,,,,,,,,,,,,,,,,,,,,,,,,,,,,,,,,,,,,,,,,,,,,,,,,,,,,,,,,,,,,,,,,,,,,
CM-LAgOT5Jg.mp4,5,putting on eyeliner,A person is brushing the eye lashes,25.0,0.0,10.0,3.04,5.68,76,142,76,89,89,102,102,116,116,129,129,142,,,,,,,,,,,,,,,,,,,,,,,,,,,,,,,,,,,,,,,,,,,,,,,,,,,,,,,,,,,,,,,,,,,,,,,,,,,,,,,,,,,,,,,,,,,,,,,,,,,,,,,,,,,,,,,,,,,,,,,,,,,,,,,,,,,,
cz6A1docGAs.mp4,2,tango dancing,A person is dancing,25.0,0.0,10.0,5.28,9.56,132,239,132,186,186,239,,,,,,,,,,,,,,,,,,,,,,,,,,,,,,,,,,,,,,,,,,,,,,,,,,,,,,,,,,,,,,,,,,,,,,,,,,,,,,,,,,,,,,,,,,,,,,,,,,,,,,,,,,,,,,,,,,,,,,,,,,,,,,,,,,,,,,,,,,
lmqVNqEi0p8.mp4,3,yarn spinning,A person is moving her fingers,29.97002997002997,0.0,10.01,8.11,9.88,243,296,243,261,261,279,279,296,,,,,,,,,,,,,,,,,,,,,,,,,,,,,,,,,,,,,,,,,,,,,,,,,,,,,,,,,,,,,,,,,,,,,,,,,,,,,,,,,,,,,,,,,,,,,,,,,,,,,,,,,,,,,,,,,,,,,,,,,,,,,,,,,,,,,,,,
KGl95MApWkg.mp4,3,playing violin,A person is playing the violin,29.97002997002997,0.0,10.01,0.67,8.31,20,249,20,97,97,173,173,249,,,,,,,,,,,,,,,,,,,,,,,,,,,,,,,,,,,,,,,,,,,,,,,,,,,,,,,,,,,,,,,,,,,,,,,,,,,,,,,,,,,,,,,,,,,,,,,,,,,,,,,,,,,,,,,,,,,,,,,,,,,,,,,,,,,,,,,,
7kJwWpY2IUk.mp4,3,hurdling,A person is jumping,10.0,0.0,9.3,2.2,6.7,22,67,22,37,37,52,52,67,,,,,,,,,,,,,,,,,,,,,,,,,,,,,,,,,,,,,,,,,,,,,,,,,,,,,,,,,,,,,,,,,,,,,,,,,,,,,,,,,,,,,,,,,,,,,,,,,,,,,,,,,,,,,,,,,,,,,,,,,,,,,,,,,,,,,,,,
xYSALgkdOdA.mp4,2,washing hair,A person is rubbing their right hand on their head,29.97002997002997,0.0,10.01,1.53,2.54,46,76,46,61,61,76,,,,,,,,,,,,,,,,,,,,,,,,,,,,,,,,,,,,,,,,,,,,,,,,,,,,,,,,,,,,,,,,,,,,,,,,,,,,,,,,,,,,,,,,,,,,,,,,,,,,,,,,,,,,,,,,,,,,,,,,,,,,,,,,,,,,,,,,,,
eb6HIe_xRwg.mp4,2,steering car,A car's steering is moving up and down,29.97002997002997,0.0,9.04,2.94,5.44,88,163,88,125,125,163,,,,,,,,,,,,,,,,,,,,,,,,,,,,,,,,,,,,,,,,,,,,,,,,,,,,,,,,,,,,,,,,,,,,,,,,,,,,,,,,,,,,,,,,,,,,,,,,,,,,,,,,,,,,,,,,,,,,,,,,,,,,,,,,,,,,,,,,,,
nOtgdRuNrJE.mp4,4,massaging neck,A person is pressing the neck,23.976023976023978,0.0,10.01,0.13,6.26,3,150,3,40,40,76,76,113,113,150,,,,,,,,,,,,,,,,,,,,,,,,,,,,,,,,,,,,,,,,,,,,,,,,,,,,,,,,,,,,,,,,,,,,,,,,,,,,,,,,,,,,,,,,,,,,,,,,,,,,,,,,,,,,,,,,,,,,,,,,,,,,,,,,,,,,,,
HmdWEQ7bbTQ.mp4,17,skipping rope,A person is skipping,30.0,0.0,9.6,0.37,9.4,11,282,11,27,27,43,43,59,59,75,75,91,91,107,107,122,122,138,138,154,154,170,170,186,186,202,202,218,218,234,234,250,250,266,266,282,,,,,,,,,,,,,,,,,,,,,,,,,,,,,,,,,,,,,,,,,,,,,,,,,,,,,,,,,,,,,,,,,,,,,,,,,,,,,,,,,,,,,,,,,,,,,,,,,,,,,,,,,,,,
avNyf41quCI.mp4,4,petting horse,A person is touching the horse,29.97002997002997,0.0,10.01,2.34,6.41,70,192,70,100,100,131,131,161,161,192,,,,,,,,,,,,,,,,,,,,,,,,,,,,,,,,,,,,,,,,,,,,,,,,,,,,,,,,,,,,,,,,,,,,,,,,,,,,,,,,,,,,,,,,,,,,,,,,,,,,,,,,,,,,,,,,,,,,,,,,,,,,,,,,,,,,,,
VDmQDNa7-vk.mp4,2,spinning poi,A person is playing fire juggling,24.916666666666668,0.0,10.03,8.59,9.51,214,237,214,226,226,237,,,,,,,,,,,,,,,,,,,,,,,,,,,,,,,,,,,,,,,,,,,,,,,,,,,,,,,,,,,,,,,,,,,,,,,,,,,,,,,,,,,,,,,,,,,,,,,,,,,,,,,,,,,,,,,,,,,,,,,,,,,,,,,,,,,,,,,,,,
c6Hp4UKmGhk.mp4,3,shoot dance,A girl is moving her leg while dancing,30.0,0.0,9.9,0.33,1.73,10,52,10,24,24,38,38,52,,,,,,,,,,,,,,,,,,,,,,,,,,,,,,,,,,,,,,,,,,,,,,,,,,,,,,,,,,,,,,,,,,,,,,,,,,,,,,,,,,,,,,,,,,,,,,,,,,,,,,,,,,,,,,,,,,,,,,,,,,,,,,,,,,,,,,,,
mTjuvavYy2E.mp4,10,bouncing on bouncy castle,A person is jumping,30.0,0.0,10.0,4.43,9.97,133,299,133,150,150,166,166,183,183,199,199,216,216,233,233,249,249,266,266,282,282,299,,,,,,,,,,,,,,,,,,,,,,,,,,,,,,,,,,,,,,,,,,,,,,,,,,,,,,,,,,,,,,,,,,,,,,,,,,,,,,,,,,,,,,,,,,,,,,,,,,,,,,,,,,,,,,,,,,,,,,,,,,
Z3BeONGMTsQ.mp4,3,passing American football (in game),A man is jumping sideways to his left,29.97002997002997,0.0,10.01,3.0,4.67,90,140,90,107,107,123,123,140,,,,,,,,,,,,,,,,,,,,,,,,,,,,,,,,,,,,,,,,,,,,,,,,,,,,,,,,,,,,,,,,,,,,,,,,,,,,,,,,,,,,,,,,,,,,,,,,,,,,,,,,,,,,,,,,,,,,,,,,,,,,,,,,,,,,,,,,
EdU7LFanhps.mp4,2,swimming breast stroke,A person is swimming,25.0,0.0,10.0,0.96,4.04,24,101,24,62,62,101,,,,,,,,,,,,,,,,,,,,,,,,,,,,,,,,,,,,,,,,,,,,,,,,,,,,,,,,,,,,,,,,,,,,,,,,,,,,,,,,,,,,,,,,,,,,,,,,,,,,,,,,,,,,,,,,,,,,,,,,,,,,,,,,,,,,,,,,,,
eljVGRG9C-E.mp4,3,carving pumpkin,A person is carving the pumpkin with a knife,23.976023976023978,0.0,10.01,8.59,9.51,206,228,206,214,214,221,221,228,,,,,,,,,,,,,,,,,,,,,,,,,,,,,,,,,,,,,,,,,,,,,,,,,,,,,,,,,,,,,,,,,,,,,,,,,,,,,,,,,,,,,,,,,,,,,,,,,,,,,,,,,,,,,,,,,,,,,,,,,,,,,,,,,,,,,,,,
dFgqqodqcBI.mp4,5,push up,A person is doing push-ups,30.0,0.0,9.73,0.33,5.73,10,172,10,42,42,74,74,107,107,139,139,172,,,,,,,,,,,,,,,,,,,,,,,,,,,,,,,,,,,,,,,,,,,,,,,,,,,,,,,,,,,,,,,,,,,,,,,,,,,,,,,,,,,,,,,,,,,,,,,,,,,,,,,,,,,,,,,,,,,,,,,,,,,,,,,,,,,,
o3KuFl81xxA.mp4,2,tagging graffiti,A person is waving the spray bottle,25.0,0.0,9.16,0.28,0.44,7,11,7,9,9,11,,,,,,,,,,,,,,,,,,,,,,,,,,,,,,,,,,,,,,,,,,,,,,,,,,,,,,,,,,,,,,,,,,,,,,,,,,,,,,,,,,,,,,,,,,,,,,,,,,,,,,,,,,,,,,,,,,,,,,,,,,,,,,,,,,,,,,,,,,
ELnxiZINFRY.mp4,9,laughing,A woman tapping her head with her hand,25.0,0.0,10.0,6.2,8.44,155,211,155,161,161,167,167,174,174,180,180,186,186,192,192,199,199,205,205,211,,,,,,,,,,,,,,,,,,,,,,,,,,,,,,,,,,,,,,,,,,,,,,,,,,,,,,,,,,,,,,,,,,,,,,,,,,,,,,,,,,,,,,,,,,,,,,,,,,,,,,,,,,,,,,,,,,,,,,,,,,,,
AWpKrX1MoYI.mp4,10,seasoning food,A person is pouring spices in a curry,30.0,0.0,10.0,4.37,9.2,131,276,131,145,145,160,160,174,174,189,189,203,203,218,218,232,232,247,247,261,261,276,,,,,,,,,,,,,,,,,,,,,,,,,,,,,,,,,,,,,,,,,,,,,,,,,,,,,,,,,,,,,,,,,,,,,,,,,,,,,,,,,,,,,,,,,,,,,,,,,,,,,,,,,,,,,,,,,,,,,,,,,,
JMGmFMJ-I7U.mp4,8,pirouetting,A person is rotating,29.97002997002997,0.0,10.01,1.07,2.54,32,76,32,38,38,43,43,49,49,54,54,59,59,65,65,70,70,76,,,,,,,,,,,,,,,,,,,,,,,,,,,,,,,,,,,,,,,,,,,,,,,,,,,,,,,,,,,,,,,,,,,,,,,,,,,,,,,,,,,,,,,,,,,,,,,,,,,,,,,,,,,,,,,,,,,,,,,,,,,,,,
qkpMqv830Hg.mp4,3,changing gear in car,A person is moving his hand,29.97002997002997,0.0,10.01,0.23,1.94,7,58,7,24,24,41,41,58,,,,,,,,,,,,,,,,,,,,,,,,,,,,,,,,,,,,,,,,,,,,,,,,,,,,,,,,,,,,,,,,,,,,,,,,,,,,,,,,,,,,,,,,,,,,,,,,,,,,,,,,,,,,,,,,,,,,,,,,,,,,,,,,,,,,,,,,
efB28nq8QTM.mp4,6,putting on foundation,A person is cleaning her face,25.0,0.0,10.0,1.24,3.32,31,83,31,40,40,48,48,57,57,66,66,74,74,83,,,,,,,,,,,,,,,,,,,,,,,,,,,,,,,,,,,,,,,,,,,,,,,,,,,,,,,,,,,,,,,,,,,,,,,,,,,,,,,,,,,,,,,,,,,,,,,,,,,,,,,,,,,,,,,,,,,,,,,,,,,,,,,,,,
ooRyy4y6O84.mp4,2,front raises,A person is using dumbbells for a workout,30.0,0.0,9.53,0.03,7.53,1,226,1,113,113,226,,,,,,,,,,,,,,,,,,,,,,,,,,,,,,,,,,,,,,,,,,,,,,,,,,,,,,,,,,,,,,,,,,,,,,,,,,,,,,,,,,,,,,,,,,,,,,,,,,,,,,,,,,,,,,,,,,,,,,,,,,,,,,,,,,,,,,,,,,
ef1iURVP2xk.mp4,19,getting a haircut,A person is trimming his hair,25.0,0.0,10.0,0.96,8.92,24,223,24,34,34,45,45,55,55,66,66,76,76,87,87,97,97,108,108,118,118,129,129,139,139,150,150,160,160,171,171,181,181,192,192,202,202,213,213,223,,,,,,,,,,,,,,,,,,,,,,,,,,,,,,,,,,,,,,,,,,,,,,,,,,,,,,,,,,,,,,,,,,,,,,,,,,,,,,,,,,,,,,,,,,,,,,,,,,,,,,,,
mrWR1uiL4_c.mp4,9,yarn spinning,A person is pulling the thread,30.0,0.0,8.87,1.27,8.67,38,260,38,63,63,88,88,112,112,137,137,162,162,186,186,211,211,236,236,260,,,,,,,,,,,,,,,,,,,,,,,,,,,,,,,,,,,,,,,,,,,,,,,,,,,,,,,,,,,,,,,,,,,,,,,,,,,,,,,,,,,,,,,,,,,,,,,,,,,,,,,,,,,,,,,,,,,,,,,,,,,,
fszV7d7MVF8.mp4,3,jumping jacks,A woman doing exercise,30.0,0.0,9.5,0.37,3.97,11,119,11,47,47,83,83,119,,,,,,,,,,,,,,,,,,,,,,,,,,,,,,,,,,,,,,,,,,,,,,,,,,,,,,,,,,,,,,,,,,,,,,,,,,,,,,,,,,,,,,,,,,,,,,,,,,,,,,,,,,,,,,,,,,,,,,,,,,,,,,,,,,,,,,,,
6s9wB3fvZQk.mp4,5,krumping,A woman is dancing,25.0,0.0,10.0,6.2,8.4,155,210,155,166,166,177,177,188,188,199,199,210,,,,,,,,,,,,,,,,,,,,,,,,,,,,,,,,,,,,,,,,,,,,,,,,,,,,,,,,,,,,,,,,,,,,,,,,,,,,,,,,,,,,,,,,,,,,,,,,,,,,,,,,,,,,,,,,,,,,,,,,,,,,,,,,,,,,
D-XhsWBP5rs.mp4,6,mixing colours,A person is painting,29.97002997002997,0.0,10.01,5.97,7.77,179,233,179,188,188,197,197,206,206,215,215,224,224,233,,,,,,,,,,,,,,,,,,,,,,,,,,,,,,,,,,,,,,,,,,,,,,,,,,,,,,,,,,,,,,,,,,,,,,,,,,,,,,,,,,,,,,,,,,,,,,,,,,,,,,,,,,,,,,,,,,,,,,,,,,,,,,,,,,
egmAFjWlq-o.mp4,2,packing,A baby is placing dropping packets in the box,30.0,0.0,10.0,0.07,3.17,2,95,2,49,49,95,,,,,,,,,,,,,,,,,,,,,,,,,,,,,,,,,,,,,,,,,,,,,,,,,,,,,,,,,,,,,,,,,,,,,,,,,,,,,,,,,,,,,,,,,,,,,,,,,,,,,,,,,,,,,,,,,,,,,,,,,,,,,,,,,,,,,,,,,,
TTQGodd_nPg.mp4,6,carrying baby,A person is moving to and fro,23.583333333333332,0.0,9.88,0.25,9.29,6,219,6,41,41,77,77,112,112,148,148,183,183,219,,,,,,,,,,,,,,,,,,,,,,,,,,,,,,,,,,,,,,,,,,,,,,,,,,,,,,,,,,,,,,,,,,,,,,,,,,,,,,,,,,,,,,,,,,,,,,,,,,,,,,,,,,,,,,,,,,,,,,,,,,,,,,,,,,
vPEYrYh7lTg.mp4,3,crying,A person is moving the hands,30.0,0.0,10.0,1.77,2.77,53,83,53,63,63,73,73,83,,,,,,,,,,,,,,,,,,,,,,,,,,,,,,,,,,,,,,,,,,,,,,,,,,,,,,,,,,,,,,,,,,,,,,,,,,,,,,,,,,,,,,,,,,,,,,,,,,,,,,,,,,,,,,,,,,,,,,,,,,,,,,,,,,,,,,,,
e9eMi4fTgQE.mp4,6,push up,A boy is doing pushups,29.0,0.0,10.0,0.55,9.07,16,263,16,57,57,99,99,140,140,181,181,222,222,263,,,,,,,,,,,,,,,,,,,,,,,,,,,,,,,,,,,,,,,,,,,,,,,,,,,,,,,,,,,,,,,,,,,,,,,,,,,,,,,,,,,,,,,,,,,,,,,,,,,,,,,,,,,,,,,,,,,,,,,,,,,,,,,,,,
C6YB_EwE2oI.mp4,5,waxing armpits,A person is rubbing the hands,23.858,0.0,10.02,0.21,4.4,5,105,5,25,25,45,45,65,65,85,85,105,,,,,,,,,,,,,,,,,,,,,,,,,,,,,,,,,,,,,,,,,,,,,,,,,,,,,,,,,,,,,,,,,,,,,,,,,,,,,,,,,,,,,,,,,,,,,,,,,,,,,,,,,,,,,,,,,,,,,,,,,,,,,,,,,,,,
mPM8BQvCwWI.mp4,2,needle felting,A person is tapping the needle,29.97002997002997,0.0,10.01,0.53,1.0,16,30,16,23,23,30,,,,,,,,,,,,,,,,,,,,,,,,,,,,,,,,,,,,,,,,,,,,,,,,,,,,,,,,,,,,,,,,,,,,,,,,,,,,,,,,,,,,,,,,,,,,,,,,,,,,,,,,,,,,,,,,,,,,,,,,,,,,,,,,,,,,,,,,,,
7hbI0s9hygY.mp4,2,card stacking,A person is playing with cards,29.833333333333332,0.0,10.02,0.13,3.35,4,100,4,52,52,100,,,,,,,,,,,,,,,,,,,,,,,,,,,,,,,,,,,,,,,,,,,,,,,,,,,,,,,,,,,,,,,,,,,,,,,,,,,,,,,,,,,,,,,,,,,,,,,,,,,,,,,,,,,,,,,,,,,,,,,,,,,,,,,,,,,,,,,,,,
CG5N7aj-u1E.mp4,2,shooting basketball,A person is playing basketball,30.0,0.0,10.0,1.47,3.03,44,91,44,68,68,91,,,,,,,,,,,,,,,,,,,,,,,,,,,,,,,,,,,,,,,,,,,,,,,,,,,,,,,,,,,,,,,,,,,,,,,,,,,,,,,,,,,,,,,,,,,,,,,,,,,,,,,,,,,,,,,,,,,,,,,,,,,,,,,,,,,,,,,,,,
7E-aVSApRYI.mp4,2,stacking cups,A person is arranging the cups,29.906,0.0,10.03,1.27,2.04,38,61,38,50,50,61,,,,,,,,,,,,,,,,,,,,,,,,,,,,,,,,,,,,,,,,,,,,,,,,,,,,,,,,,,,,,,,,,,,,,,,,,,,,,,,,,,,,,,,,,,,,,,,,,,,,,,,,,,,,,,,,,,,,,,,,,,,,,,,,,,,,,,,,,,
EfCKgrYxH24.mp4,2,beatboxing,A man is waving his hand,10.022,0.0,10.08,0.7,1.5,7,15,7,11,11,15,,,,,,,,,,,,,,,,,,,,,,,,,,,,,,,,,,,,,,,,,,,,,,,,,,,,,,,,,,,,,,,,,,,,,,,,,,,,,,,,,,,,,,,,,,,,,,,,,,,,,,,,,,,,,,,,,,,,,,,,,,,,,,,,,,,,,,,,,,
JEnp_xZbkxk.mp4,3,front raises,A person is lifting weights,29.97002997002997,0.0,10.01,4.87,10.01,146,300,146,197,197,249,249,300,,,,,,,,,,,,,,,,,,,,,,,,,,,,,,,,,,,,,,,,,,,,,,,,,,,,,,,,,,,,,,,,,,,,,,,,,,,,,,,,,,,,,,,,,,,,,,,,,,,,,,,,,,,,,,,,,,,,,,,,,,,,,,,,,,,,,,,,
lyCa10PFRcE.mp4,3,winking,A person is winking their eyes,10.0,0.0,10.0,0.7,3.8,7,38,7,17,17,28,28,38,,,,,,,,,,,,,,,,,,,,,,,,,,,,,,,,,,,,,,,,,,,,,,,,,,,,,,,,,,,,,,,,,,,,,,,,,,,,,,,,,,,,,,,,,,,,,,,,,,,,,,,,,,,,,,,,,,,,,,,,,,,,,,,,,,,,,,,,
pCdwV0G4Ic8.mp4,7,bending metal,A person is hitting the object,29.97002997002997,0.0,10.01,1.13,6.61,34,198,34,57,57,80,80,104,104,127,127,151,151,174,174,198,,,,,,,,,,,,,,,,,,,,,,,,,,,,,,,,,,,,,,,,,,,,,,,,,,,,,,,,,,,,,,,,,,,,,,,,,,,,,,,,,,,,,,,,,,,,,,,,,,,,,,,,,,,,,,,,,,,,,,,,,,,,,,,,
GdwipL7npiM.mp4,4,catching or throwing softball,A person is doing practice for the match,29.97002997002997,0.0,9.54,0.03,7.57,1,227,1,58,58,114,114,170,170,227,,,,,,,,,,,,,,,,,,,,,,,,,,,,,,,,,,,,,,,,,,,,,,,,,,,,,,,,,,,,,,,,,,,,,,,,,,,,,,,,,,,,,,,,,,,,,,,,,,,,,,,,,,,,,,,,,,,,,,,,,,,,,,,,,,,,,,
Lanbgp72WxE.mp4,2,shining shoes,A person is polishing the shoe,29.97002997002997,0.0,10.01,5.07,6.97,152,209,152,180,180,209,,,,,,,,,,,,,,,,,,,,,,,,,,,,,,,,,,,,,,,,,,,,,,,,,,,,,,,,,,,,,,,,,,,,,,,,,,,,,,,,,,,,,,,,,,,,,,,,,,,,,,,,,,,,,,,,,,,,,,,,,,,,,,,,,,,,,,,,,,
6oy7rOsq92g.mp4,2,making slime,A person is pressing the clay with his fingers,25.0,0.0,10.0,4.44,5.6,111,140,111,125,125,140,,,,,,,,,,,,,,,,,,,,,,,,,,,,,,,,,,,,,,,,,,,,,,,,,,,,,,,,,,,,,,,,,,,,,,,,,,,,,,,,,,,,,,,,,,,,,,,,,,,,,,,,,,,,,,,,,,,,,,,,,,,,,,,,,,,,,,,,,,
iPUfpQR6wLs.mp4,2,smoking pipe,A man is putting the glass jars beside each other,30.0,0.0,10.0,0.8,3.53,24,106,24,65,65,106,,,,,,,,,,,,,,,,,,,,,,,,,,,,,,,,,,,,,,,,,,,,,,,,,,,,,,,,,,,,,,,,,,,,,,,,,,,,,,,,,,,,,,,,,,,,,,,,,,,,,,,,,,,,,,,,,,,,,,,,,,,,,,,,,,,,,,,,,,
A7kUIKN3p14.mp4,2,snatch weight lifting,A person is doing a power lift,29.97002997002997,0.0,10.01,0.03,10.01,1,300,1,150,150,300,,,,,,,,,,,,,,,,,,,,,,,,,,,,,,,,,,,,,,,,,,,,,,,,,,,,,,,,,,,,,,,,,,,,,,,,,,,,,,,,,,,,,,,,,,,,,,,,,,,,,,,,,,,,,,,,,,,,,,,,,,,,,,,,,,,,,,,,,,
8dhABofQeUk.mp4,2,surfing water,A person is surfing on the water,30.0,0.0,10.0,0.17,8.6,5,258,5,131,131,258,,,,,,,,,,,,,,,,,,,,,,,,,,,,,,,,,,,,,,,,,,,,,,,,,,,,,,,,,,,,,,,,,,,,,,,,,,,,,,,,,,,,,,,,,,,,,,,,,,,,,,,,,,,,,,,,,,,,,,,,,,,,,,,,,,,,,,,,,,
ocJTEGAvEFk.mp4,9,fixing hair,A person is braiding the hair,29.0,0.0,10.0,1.9,9.34,55,271,55,79,79,103,103,127,127,151,151,175,175,199,199,223,223,247,247,271,,,,,,,,,,,,,,,,,,,,,,,,,,,,,,,,,,,,,,,,,,,,,,,,,,,,,,,,,,,,,,,,,,,,,,,,,,,,,,,,,,,,,,,,,,,,,,,,,,,,,,,,,,,,,,,,,,,,,,,,,,,,
TY7f2BwoYkw.mp4,4,massaging legs,A person is massaging with hands,30.0,0.0,10.0,1.17,7.27,35,218,35,81,81,127,127,172,172,218,,,,,,,,,,,,,,,,,,,,,,,,,,,,,,,,,,,,,,,,,,,,,,,,,,,,,,,,,,,,,,,,,,,,,,,,,,,,,,,,,,,,,,,,,,,,,,,,,,,,,,,,,,,,,,,,,,,,,,,,,,,,,,,,,,,,,,
BbrwxxyIDPg.mp4,3,milking goat,A person is rubbing the meat,30.0,0.0,10.0,2.13,4.93,64,148,64,92,92,120,120,148,,,,,,,,,,,,,,,,,,,,,,,,,,,,,,,,,,,,,,,,,,,,,,,,,,,,,,,,,,,,,,,,,,,,,,,,,,,,,,,,,,,,,,,,,,,,,,,,,,,,,,,,,,,,,,,,,,,,,,,,,,,,,,,,,,,,,,,,
qm7RxZq2Jow.mp4,2,changing gear in car,A person is handling the gear,30.0,0.0,10.0,2.03,2.93,61,88,61,74,74,88,,,,,,,,,,,,,,,,,,,,,,,,,,,,,,,,,,,,,,,,,,,,,,,,,,,,,,,,,,,,,,,,,,,,,,,,,,,,,,,,,,,,,,,,,,,,,,,,,,,,,,,,,,,,,,,,,,,,,,,,,,,,,,,,,,,,,,,,,,
mVV1_qP0U44.mp4,2,planing wood,A person is smoothing the wood with a machine,29.416666666666668,0.0,10.03,3.4,4.73,100,139,100,119,119,139,,,,,,,,,,,,,,,,,,,,,,,,,,,,,,,,,,,,,,,,,,,,,,,,,,,,,,,,,,,,,,,,,,,,,,,,,,,,,,,,,,,,,,,,,,,,,,,,,,,,,,,,,,,,,,,,,,,,,,,,,,,,,,,,,,,,,,,,,,
SfNzYILGaXY.mp4,2,tie dying,A person is applying color,29.97002997002997,0.0,10.01,0.4,1.6,12,48,12,30,30,48,,,,,,,,,,,,,,,,,,,,,,,,,,,,,,,,,,,,,,,,,,,,,,,,,,,,,,,,,,,,,,,,,,,,,,,,,,,,,,,,,,,,,,,,,,,,,,,,,,,,,,,,,,,,,,,,,,,,,,,,,,,,,,,,,,,,,,,,,,
dvvUeVEkx7o.mp4,3,putting on eyeliner,A person is applying eyeliner,29.97002997002997,0.0,9.28,2.07,3.17,62,95,62,73,73,84,84,95,,,,,,,,,,,,,,,,,,,,,,,,,,,,,,,,,,,,,,,,,,,,,,,,,,,,,,,,,,,,,,,,,,,,,,,,,,,,,,,,,,,,,,,,,,,,,,,,,,,,,,,,,,,,,,,,,,,,,,,,,,,,,,,,,,,,,,,,
JyJIwnu8o20.mp4,3,bouncing on bouncy castle,A kid is jumping on the inflatable balloon,26.333333333333332,0.0,10.03,3.84,5.85,101,154,101,119,119,136,136,154,,,,,,,,,,,,,,,,,,,,,,,,,,,,,,,,,,,,,,,,,,,,,,,,,,,,,,,,,,,,,,,,,,,,,,,,,,,,,,,,,,,,,,,,,,,,,,,,,,,,,,,,,,,,,,,,,,,,,,,,,,,,,,,,,,,,,,,,
fRTSBPLtOZ0.mp4,15,playing cello,A person is playing the musical instrument,25.0,0.0,10.0,4.68,9.8,117,245,117,126,126,134,134,143,143,151,151,160,160,168,168,177,177,185,185,194,194,202,202,211,211,219,219,228,228,236,236,245,,,,,,,,,,,,,,,,,,,,,,,,,,,,,,,,,,,,,,,,,,,,,,,,,,,,,,,,,,,,,,,,,,,,,,,,,,,,,,,,,,,,,,,,,,,,,,,,,,,,,,,,,,,,,,,,
CpVDZT0OZ_w.mp4,13,mixing colours,A person is painting with a brush,29.97002997002997,0.0,10.01,6.64,9.91,199,297,199,207,207,214,214,222,222,229,229,237,237,244,244,252,252,259,259,267,267,275,275,282,282,290,290,297,,,,,,,,,,,,,,,,,,,,,,,,,,,,,,,,,,,,,,,,,,,,,,,,,,,,,,,,,,,,,,,,,,,,,,,,,,,,,,,,,,,,,,,,,,,,,,,,,,,,,,,,,,,,,,,,,,,,
xgE2LBuiaw0.mp4,7,making a sandwich,A person is applying butter to bread,29.97002997002997,0.0,10.01,0.03,4.37,1,131,1,20,20,38,38,57,57,75,75,94,94,112,112,131,,,,,,,,,,,,,,,,,,,,,,,,,,,,,,,,,,,,,,,,,,,,,,,,,,,,,,,,,,,,,,,,,,,,,,,,,,,,,,,,,,,,,,,,,,,,,,,,,,,,,,,,,,,,,,,,,,,,,,,,,,,,,,,,
C6zL5Birtvs.mp4,21,tapping pen,A boy is tapping the table with his hands,30.0,0.0,10.0,4.37,9.63,131,289,131,138,138,146,146,153,153,161,161,169,169,176,176,184,184,191,191,199,199,206,206,214,214,221,221,229,229,236,236,244,244,251,251,259,259,267,267,274,274,282,282,289,,,,,,,,,,,,,,,,,,,,,,,,,,,,,,,,,,,,,,,,,,,,,,,,,,,,,,,,,,,,,,,,,,,,,,,,,,,,,,,,,,,,,,,,,,,,,,,,,,,,
FDTmhGmSIQQ.mp4,3,beatboxing,A person is moving the hand,15.0,0.0,10.0,5.93,7.27,89,109,89,96,96,102,102,109,,,,,,,,,,,,,,,,,,,,,,,,,,,,,,,,,,,,,,,,,,,,,,,,,,,,,,,,,,,,,,,,,,,,,,,,,,,,,,,,,,,,,,,,,,,,,,,,,,,,,,,,,,,,,,,,,,,,,,,,,,,,,,,,,,,,,,,,
8-4OCbWnKI4.mp4,3,eating nachos,A person is eating the chips,24.0,0.0,10.0,0.04,6.0,1,144,1,49,49,96,96,144,,,,,,,,,,,,,,,,,,,,,,,,,,,,,,,,,,,,,,,,,,,,,,,,,,,,,,,,,,,,,,,,,,,,,,,,,,,,,,,,,,,,,,,,,,,,,,,,,,,,,,,,,,,,,,,,,,,,,,,,,,,,,,,,,,,,,,,,
PLri45wv8QM.mp4,15,playing maracas,A person is tapping the hands,24.0,0.0,9.38,2.63,8.04,63,193,63,72,72,81,81,89,89,98,98,107,107,115,115,124,124,132,132,141,141,150,150,158,158,167,167,176,176,184,184,193,,,,,,,,,,,,,,,,,,,,,,,,,,,,,,,,,,,,,,,,,,,,,,,,,,,,,,,,,,,,,,,,,,,,,,,,,,,,,,,,,,,,,,,,,,,,,,,,,,,,,,,,,,,,,,,,
oGZYWw1QGuc.mp4,4,shearing sheep,A person is cutting with scissors,25.0,0.0,10.0,2.08,3.8,52,95,52,63,63,74,74,84,84,95,,,,,,,,,,,,,,,,,,,,,,,,,,,,,,,,,,,,,,,,,,,,,,,,,,,,,,,,,,,,,,,,,,,,,,,,,,,,,,,,,,,,,,,,,,,,,,,,,,,,,,,,,,,,,,,,,,,,,,,,,,,,,,,,,,,,,,
dmbIArIoTjI.mp4,3,playing ping pong,A person is playing an indoor game,30.0,0.0,9.53,1.73,6.4,52,192,52,98,98,145,145,192,,,,,,,,,,,,,,,,,,,,,,,,,,,,,,,,,,,,,,,,,,,,,,,,,,,,,,,,,,,,,,,,,,,,,,,,,,,,,,,,,,,,,,,,,,,,,,,,,,,,,,,,,,,,,,,,,,,,,,,,,,,,,,,,,,,,,,,,
B4HgwLyBOgE.mp4,3,putting wallpaper on wall,A person is pasting sheets to the wall,29.97002997002997,0.0,10.01,0.47,2.04,14,61,14,30,30,46,46,61,,,,,,,,,,,,,,,,,,,,,,,,,,,,,,,,,,,,,,,,,,,,,,,,,,,,,,,,,,,,,,,,,,,,,,,,,,,,,,,,,,,,,,,,,,,,,,,,,,,,,,,,,,,,,,,,,,,,,,,,,,,,,,,,,,,,,,,,
8b0Rp8xsa_U.mp4,3,tapping guitar,A person is playing the guitar,29.06549520766773,0.0,10.01,2.55,3.13,74,91,74,80,80,85,85,91,,,,,,,,,,,,,,,,,,,,,,,,,,,,,,,,,,,,,,,,,,,,,,,,,,,,,,,,,,,,,,,,,,,,,,,,,,,,,,,,,,,,,,,,,,,,,,,,,,,,,,,,,,,,,,,,,,,,,,,,,,,,,,,,,,,,,,,,
Eiyb50AN1kA.mp4,2,tying necktie,A person knotting his tie,24.169685414680647,0.0,10.01,1.61,6.62,39,160,39,99,99,160,,,,,,,,,,,,,,,,,,,,,,,,,,,,,,,,,,,,,,,,,,,,,,,,,,,,,,,,,,,,,,,,,,,,,,,,,,,,,,,,,,,,,,,,,,,,,,,,,,,,,,,,,,,,,,,,,,,,,,,,,,,,,,,,,,,,,,,,,,
8euNSaWLrho.mp4,3,dribbling basketball,A person is playing with a basketball,30.0,0.0,9.07,0.47,1.6,14,48,14,26,26,37,37,48,,,,,,,,,,,,,,,,,,,,,,,,,,,,,,,,,,,,,,,,,,,,,,,,,,,,,,,,,,,,,,,,,,,,,,,,,,,,,,,,,,,,,,,,,,,,,,,,,,,,,,,,,,,,,,,,,,,,,,,,,,,,,,,,,,,,,,,,
8o8m_81Az28.mp4,4,waxing back,A person is rubbing with his hand,30.0,0.0,10.0,1.4,5.0,42,150,42,69,69,96,96,123,123,150,,,,,,,,,,,,,,,,,,,,,,,,,,,,,,,,,,,,,,,,,,,,,,,,,,,,,,,,,,,,,,,,,,,,,,,,,,,,,,,,,,,,,,,,,,,,,,,,,,,,,,,,,,,,,,,,,,,,,,,,,,,,,,,,,,,,,,
6JHijqutcvQ.mp4,3,tap dancing,A person is dancing,29.916666666666668,0.0,10.03,0.33,2.47,10,74,10,31,31,53,53,74,,,,,,,,,,,,,,,,,,,,,,,,,,,,,,,,,,,,,,,,,,,,,,,,,,,,,,,,,,,,,,,,,,,,,,,,,,,,,,,,,,,,,,,,,,,,,,,,,,,,,,,,,,,,,,,,,,,,,,,,,,,,,,,,,,,,,,,,
k2kjIE4BgcY.mp4,2,lunge,A man is exercising,23.976023976023978,0.0,10.01,2.13,10.01,51,240,51,145,145,240,,,,,,,,,,,,,,,,,,,,,,,,,,,,,,,,,,,,,,,,,,,,,,,,,,,,,,,,,,,,,,,,,,,,,,,,,,,,,,,,,,,,,,,,,,,,,,,,,,,,,,,,,,,,,,,,,,,,,,,,,,,,,,,,,,,,,,,,,,
jRoJsjR-KHk.mp4,3,dancing ballet,A person on the left corner is jumping,24.993,0.0,10.0,4.68,6.6,117,165,117,133,133,149,149,165,,,,,,,,,,,,,,,,,,,,,,,,,,,,,,,,,,,,,,,,,,,,,,,,,,,,,,,,,,,,,,,,,,,,,,,,,,,,,,,,,,,,,,,,,,,,,,,,,,,,,,,,,,,,,,,,,,,,,,,,,,,,,,,,,,,,,,,,
JTzBS2l7f9w.mp4,4,hammer throw,A person is playing hammer throw,30.0,0.0,8.0,1.33,3.73,40,112,40,58,58,76,76,94,94,112,,,,,,,,,,,,,,,,,,,,,,,,,,,,,,,,,,,,,,,,,,,,,,,,,,,,,,,,,,,,,,,,,,,,,,,,,,,,,,,,,,,,,,,,,,,,,,,,,,,,,,,,,,,,,,,,,,,,,,,,,,,,,,,,,,,,,,
l6o5uEXDgC8.mp4,3,mountain climber (exercise),A person is exercising,23.976023976023978,0.0,10.01,3.63,9.8,87,235,87,137,137,186,186,235,,,,,,,,,,,,,,,,,,,,,,,,,,,,,,,,,,,,,,,,,,,,,,,,,,,,,,,,,,,,,,,,,,,,,,,,,,,,,,,,,,,,,,,,,,,,,,,,,,,,,,,,,,,,,,,,,,,,,,,,,,,,,,,,,,,,,,,,
dBQfLg2ZOak.mp4,6,changing wheel (not on bike),A person is removing the bolt from the tyre,25.0,0.0,10.0,1.4,3.96,35,99,35,46,46,56,56,67,67,78,78,88,88,99,,,,,,,,,,,,,,,,,,,,,,,,,,,,,,,,,,,,,,,,,,,,,,,,,,,,,,,,,,,,,,,,,,,,,,,,,,,,,,,,,,,,,,,,,,,,,,,,,,,,,,,,,,,,,,,,,,,,,,,,,,,,,,,,,,
kVUkfK8II4Y.mp4,3,building sandcastle,A person is smoothing the sand,29.97002997002997,0.0,10.01,4.6,6.67,138,200,138,159,159,179,179,200,,,,,,,,,,,,,,,,,,,,,,,,,,,,,,,,,,,,,,,,,,,,,,,,,,,,,,,,,,,,,,,,,,,,,,,,,,,,,,,,,,,,,,,,,,,,,,,,,,,,,,,,,,,,,,,,,,,,,,,,,,,,,,,,,,,,,,,,
VjBmeMbxS80.mp4,2,climbing ladder,A person is climbing,30.0,0.0,10.0,0.67,8.8,20,264,20,142,142,264,,,,,,,,,,,,,,,,,,,,,,,,,,,,,,,,,,,,,,,,,,,,,,,,,,,,,,,,,,,,,,,,,,,,,,,,,,,,,,,,,,,,,,,,,,,,,,,,,,,,,,,,,,,,,,,,,,,,,,,,,,,,,,,,,,,,,,,,,,
AmUrFMgvSs8.mp4,5,stacking dice,A boy is playing with the cup,24.101,0.0,10.04,0.04,2.07,1,50,1,11,11,21,21,30,30,40,40,50,,,,,,,,,,,,,,,,,,,,,,,,,,,,,,,,,,,,,,,,,,,,,,,,,,,,,,,,,,,,,,,,,,,,,,,,,,,,,,,,,,,,,,,,,,,,,,,,,,,,,,,,,,,,,,,,,,,,,,,,,,,,,,,,,,,,
fjVekAxX0hE.mp4,3,dining,A person is mixing buttermilk,23.976023976023978,0.0,10.01,5.76,8.01,138,192,138,156,156,174,174,192,,,,,,,,,,,,,,,,,,,,,,,,,,,,,,,,,,,,,,,,,,,,,,,,,,,,,,,,,,,,,,,,,,,,,,,,,,,,,,,,,,,,,,,,,,,,,,,,,,,,,,,,,,,,,,,,,,,,,,,,,,,,,,,,,,,,,,,,
B7Kskdyw-jc.mp4,6,cleaning toilet,A person is cleaning the toilet,24.0,0.0,10.0,7.75,9.88,186,237,186,195,195,203,203,212,212,220,220,229,229,237,,,,,,,,,,,,,,,,,,,,,,,,,,,,,,,,,,,,,,,,,,,,,,,,,,,,,,,,,,,,,,,,,,,,,,,,,,,,,,,,,,,,,,,,,,,,,,,,,,,,,,,,,,,,,,,,,,,,,,,,,,,,,,,,,,
DxsjzuhTizU.mp4,6,swing dancing,A woman is clapping her hands,29.97002997002997,0.0,10.01,0.53,4.87,16,146,16,37,37,59,59,81,81,103,103,124,124,146,,,,,,,,,,,,,,,,,,,,,,,,,,,,,,,,,,,,,,,,,,,,,,,,,,,,,,,,,,,,,,,,,,,,,,,,,,,,,,,,,,,,,,,,,,,,,,,,,,,,,,,,,,,,,,,,,,,,,,,,,,,,,,,,,,
fzC1RSy2CBo.mp4,6,hopscotch,A person is jumping on the sand,29.97002997002997,0.0,10.01,0.87,8.17,26,245,26,63,63,99,99,135,135,172,172,208,208,245,,,,,,,,,,,,,,,,,,,,,,,,,,,,,,,,,,,,,,,,,,,,,,,,,,,,,,,,,,,,,,,,,,,,,,,,,,,,,,,,,,,,,,,,,,,,,,,,,,,,,,,,,,,,,,,,,,,,,,,,,,,,,,,,,,
Cql7S7Hm0mo.mp4,3,cooking sausages (not on barbeque),A person is stirring the food item in a dish,25.0,0.0,10.0,0.56,2.24,14,56,14,28,28,42,42,56,,,,,,,,,,,,,,,,,,,,,,,,,,,,,,,,,,,,,,,,,,,,,,,,,,,,,,,,,,,,,,,,,,,,,,,,,,,,,,,,,,,,,,,,,,,,,,,,,,,,,,,,,,,,,,,,,,,,,,,,,,,,,,,,,,,,,,,,
CBGUznvFVfA.mp4,5,shaking head,A person is shaking his head,25.0,0.0,10.0,0.48,4.16,12,104,12,30,30,49,49,67,67,86,86,104,,,,,,,,,,,,,,,,,,,,,,,,,,,,,,,,,,,,,,,,,,,,,,,,,,,,,,,,,,,,,,,,,,,,,,,,,,,,,,,,,,,,,,,,,,,,,,,,,,,,,,,,,,,,,,,,,,,,,,,,,,,,,,,,,,,,
lh9Iz3h4FYo.mp4,2,putting on sari,A person is pleating the saree,30.0,0.0,10.0,5.37,6.47,161,194,161,178,178,194,,,,,,,,,,,,,,,,,,,,,,,,,,,,,,,,,,,,,,,,,,,,,,,,,,,,,,,,,,,,,,,,,,,,,,,,,,,,,,,,,,,,,,,,,,,,,,,,,,,,,,,,,,,,,,,,,,,,,,,,,,,,,,,,,,,,,,,,,,
jexAjr2reDg.mp4,3,contact juggling,A person is waving both hands,29.917,0.0,10.03,0.43,4.61,13,138,13,55,55,96,96,138,,,,,,,,,,,,,,,,,,,,,,,,,,,,,,,,,,,,,,,,,,,,,,,,,,,,,,,,,,,,,,,,,,,,,,,,,,,,,,,,,,,,,,,,,,,,,,,,,,,,,,,,,,,,,,,,,,,,,,,,,,,,,,,,,,,,,,,,
DCIh83C3eoo.mp4,2,playing badminton,A person is playing the shuttlecock,29.97002997002997,0.0,10.01,8.38,9.81,251,294,251,272,272,294,,,,,,,,,,,,,,,,,,,,,,,,,,,,,,,,,,,,,,,,,,,,,,,,,,,,,,,,,,,,,,,,,,,,,,,,,,,,,,,,,,,,,,,,,,,,,,,,,,,,,,,,,,,,,,,,,,,,,,,,,,,,,,,,,,,,,,,,,,
4E3YKtjmAYg.mp4,2,washing feet,A person is cleaning the leg,29.97002997002997,0.0,7.54,5.81,6.67,174,200,174,187,187,200,,,,,,,,,,,,,,,,,,,,,,,,,,,,,,,,,,,,,,,,,,,,,,,,,,,,,,,,,,,,,,,,,,,,,,,,,,,,,,,,,,,,,,,,,,,,,,,,,,,,,,,,,,,,,,,,,,,,,,,,,,,,,,,,,,,,,,,,,,
D-XhsWBP5rs.mp4,6,mixing colours,A person is mixing the paint,29.97002997002997,0.0,10.01,6.04,7.87,181,236,181,190,190,199,199,209,209,218,218,227,227,236,,,,,,,,,,,,,,,,,,,,,,,,,,,,,,,,,,,,,,,,,,,,,,,,,,,,,,,,,,,,,,,,,,,,,,,,,,,,,,,,,,,,,,,,,,,,,,,,,,,,,,,,,,,,,,,,,,,,,,,,,,,,,,,,,,
oopnT_wGGHE.mp4,4,rolling pastry,A person is rotating dough,29.795,0.0,10.0,0.07,2.72,2,81,2,22,22,42,42,61,61,81,,,,,,,,,,,,,,,,,,,,,,,,,,,,,,,,,,,,,,,,,,,,,,,,,,,,,,,,,,,,,,,,,,,,,,,,,,,,,,,,,,,,,,,,,,,,,,,,,,,,,,,,,,,,,,,,,,,,,,,,,,,,,,,,,,,,,,
A-_dQhXhqCE.mp4,2,being in zero gravity,A person is moving his hand,25.0,0.0,10.0,0.6,2.28,15,57,15,36,36,57,,,,,,,,,,,,,,,,,,,,,,,,,,,,,,,,,,,,,,,,,,,,,,,,,,,,,,,,,,,,,,,,,,,,,,,,,,,,,,,,,,,,,,,,,,,,,,,,,,,,,,,,,,,,,,,,,,,,,,,,,,,,,,,,,,,,,,,,,,
o-n8od2ztB8.mp4,11,headbanging,A person is shaking his head,15.0,0.0,10.0,0.07,9.67,1,145,1,14,14,27,27,40,40,53,53,66,66,79,79,93,93,106,106,119,119,132,132,145,,,,,,,,,,,,,,,,,,,,,,,,,,,,,,,,,,,,,,,,,,,,,,,,,,,,,,,,,,,,,,,,,,,,,,,,,,,,,,,,,,,,,,,,,,,,,,,,,,,,,,,,,,,,,,,,,,,,,,,,
QnNpL4alYQY.mp4,5,grooming horse,A person is cleaning a horse with a cloth,29.97002997002997,0.0,10.01,2.07,4.4,62,132,62,76,76,90,90,104,104,118,118,132,,,,,,,,,,,,,,,,,,,,,,,,,,,,,,,,,,,,,,,,,,,,,,,,,,,,,,,,,,,,,,,,,,,,,,,,,,,,,,,,,,,,,,,,,,,,,,,,,,,,,,,,,,,,,,,,,,,,,,,,,,,,,,,,,,,,
WTXrpw8xrmQ.mp4,2,gold panning,A person is dipping the bowl into the water,30.0,0.0,10.0,0.03,1.77,1,53,1,27,27,53,,,,,,,,,,,,,,,,,,,,,,,,,,,,,,,,,,,,,,,,,,,,,,,,,,,,,,,,,,,,,,,,,,,,,,,,,,,,,,,,,,,,,,,,,,,,,,,,,,,,,,,,,,,,,,,,,,,,,,,,,,,,,,,,,,,,,,,,,,
8shqyr9-j4A.mp4,4,filling eyebrows,A person is rubbing the eyebrow,29.656,0.0,10.01,7.22,8.46,214,251,214,223,223,233,233,242,242,251,,,,,,,,,,,,,,,,,,,,,,,,,,,,,,,,,,,,,,,,,,,,,,,,,,,,,,,,,,,,,,,,,,,,,,,,,,,,,,,,,,,,,,,,,,,,,,,,,,,,,,,,,,,,,,,,,,,,,,,,,,,,,,,,,,,,,,
J2XSJ-Nz8_c.mp4,3,cracking neck,A person is nodding his head,30.0,0.0,5.37,0.43,5.07,13,152,13,60,60,106,106,152,,,,,,,,,,,,,,,,,,,,,,,,,,,,,,,,,,,,,,,,,,,,,,,,,,,,,,,,,,,,,,,,,,,,,,,,,,,,,,,,,,,,,,,,,,,,,,,,,,,,,,,,,,,,,,,,,,,,,,,,,,,,,,,,,,,,,,,,
RzUilK9NAqU.mp4,5,playing hand clapping games,A person is playing with the baby,29.97002997002997,0.0,10.01,0.53,3.37,16,101,16,33,33,50,50,67,67,84,84,101,,,,,,,,,,,,,,,,,,,,,,,,,,,,,,,,,,,,,,,,,,,,,,,,,,,,,,,,,,,,,,,,,,,,,,,,,,,,,,,,,,,,,,,,,,,,,,,,,,,,,,,,,,,,,,,,,,,,,,,,,,,,,,,,,,,,
a7QzsB9aQkM.mp4,2,changing oil,A person is cleaning the screwdriver with a white cloth,29.97002997002997,0.0,10.01,0.13,0.8,4,24,4,14,14,24,,,,,,,,,,,,,,,,,,,,,,,,,,,,,,,,,,,,,,,,,,,,,,,,,,,,,,,,,,,,,,,,,,,,,,,,,,,,,,,,,,,,,,,,,,,,,,,,,,,,,,,,,,,,,,,,,,,,,,,,,,,,,,,,,,,,,,,,,,
KLgpGM3KxY0.mp4,5,smelling feet,A baby is waving her hands,30.0,0.0,9.43,7.2,9.2,216,276,216,228,228,240,240,252,252,264,264,276,,,,,,,,,,,,,,,,,,,,,,,,,,,,,,,,,,,,,,,,,,,,,,,,,,,,,,,,,,,,,,,,,,,,,,,,,,,,,,,,,,,,,,,,,,,,,,,,,,,,,,,,,,,,,,,,,,,,,,,,,,,,,,,,,,,,
F3Iz-CjmL_E.mp4,2,blowing nose,A kid is shaking his head,15.0,0.0,10.0,1.47,2.8,22,42,22,32,32,42,,,,,,,,,,,,,,,,,,,,,,,,,,,,,,,,,,,,,,,,,,,,,,,,,,,,,,,,,,,,,,,,,,,,,,,,,,,,,,,,,,,,,,,,,,,,,,,,,,,,,,,,,,,,,,,,,,,,,,,,,,,,,,,,,,,,,,,,,,
HDT5mDC078Y.mp4,5,leatherworking,A person is pressing an object,30.0,0.0,10.0,0.4,8.73,12,262,12,62,62,112,112,162,162,212,212,262,,,,,,,,,,,,,,,,,,,,,,,,,,,,,,,,,,,,,,,,,,,,,,,,,,,,,,,,,,,,,,,,,,,,,,,,,,,,,,,,,,,,,,,,,,,,,,,,,,,,,,,,,,,,,,,,,,,,,,,,,,,,,,,,,,,,
hrFkx6vP5WE.mp4,4,waxing eyebrows,A person is rubbing the wax strip,30.0,0.0,10.0,2.43,4.4,73,132,73,88,88,103,103,117,117,132,,,,,,,,,,,,,,,,,,,,,,,,,,,,,,,,,,,,,,,,,,,,,,,,,,,,,,,,,,,,,,,,,,,,,,,,,,,,,,,,,,,,,,,,,,,,,,,,,,,,,,,,,,,,,,,,,,,,,,,,,,,,,,,,,,,,,,
-ugRK5Xp-K4.mp4,5,pumping fist,A person is dancing,30.0,0.0,10.0,2.8,6.77,84,203,84,108,108,132,132,155,155,179,179,203,,,,,,,,,,,,,,,,,,,,,,,,,,,,,,,,,,,,,,,,,,,,,,,,,,,,,,,,,,,,,,,,,,,,,,,,,,,,,,,,,,,,,,,,,,,,,,,,,,,,,,,,,,,,,,,,,,,,,,,,,,,,,,,,,,,,
GQS_tWbmzI4.mp4,8,beatboxing,A boy is shaking his head,6.0,0.0,10.0,1.0,5.5,6,33,6,9,9,13,13,16,16,20,20,23,23,26,26,30,30,33,,,,,,,,,,,,,,,,,,,,,,,,,,,,,,,,,,,,,,,,,,,,,,,,,,,,,,,,,,,,,,,,,,,,,,,,,,,,,,,,,,,,,,,,,,,,,,,,,,,,,,,,,,,,,,,,,,,,,,,,,,,,,,
ocJTEGAvEFk.mp4,9,fixing hair,A person is doing a braid,29.0,0.0,10.0,1.83,9.45,53,274,53,78,78,102,102,127,127,151,151,176,176,200,200,225,225,249,249,274,,,,,,,,,,,,,,,,,,,,,,,,,,,,,,,,,,,,,,,,,,,,,,,,,,,,,,,,,,,,,,,,,,,,,,,,,,,,,,,,,,,,,,,,,,,,,,,,,,,,,,,,,,,,,,,,,,,,,,,,,,,,
jlOmClMWfKA.mp4,2,gymnastics tumbling,A person is doing flips on the ground,16.0,0.0,10.0,1.5,4.38,24,70,24,47,47,70,,,,,,,,,,,,,,,,,,,,,,,,,,,,,,,,,,,,,,,,,,,,,,,,,,,,,,,,,,,,,,,,,,,,,,,,,,,,,,,,,,,,,,,,,,,,,,,,,,,,,,,,,,,,,,,,,,,,,,,,,,,,,,,,,,,,,,,,,,
NMaNXj9cLjE.mp4,3,mountain climber (exercise),A person is doing push-ups,29.97002997002997,0.0,10.01,1.07,5.71,32,171,32,79,79,125,125,171,,,,,,,,,,,,,,,,,,,,,,,,,,,,,,,,,,,,,,,,,,,,,,,,,,,,,,,,,,,,,,,,,,,,,,,,,,,,,,,,,,,,,,,,,,,,,,,,,,,,,,,,,,,,,,,,,,,,,,,,,,,,,,,,,,,,,,,,
e374Mb4Bhjo.mp4,3,playing cymbals,A person is adjusting the drum plate,29.97002997002997,0.0,10.01,4.77,6.47,143,194,143,160,160,177,177,194,,,,,,,,,,,,,,,,,,,,,,,,,,,,,,,,,,,,,,,,,,,,,,,,,,,,,,,,,,,,,,,,,,,,,,,,,,,,,,,,,,,,,,,,,,,,,,,,,,,,,,,,,,,,,,,,,,,,,,,,,,,,,,,,,,,,,,,,
sOa50s_xnSs.mp4,4,scrubbing face,A woman is applying cream to her face,29.97002997002997,0.0,10.01,8.51,9.21,255,276,255,260,260,266,266,271,271,276,,,,,,,,,,,,,,,,,,,,,,,,,,,,,,,,,,,,,,,,,,,,,,,,,,,,,,,,,,,,,,,,,,,,,,,,,,,,,,,,,,,,,,,,,,,,,,,,,,,,,,,,,,,,,,,,,,,,,,,,,,,,,,,,,,,,,,
geYCqDP8BsM.mp4,7,putting on eyeliner,A person is doing eye makeup,29.97002997002997,0.0,10.01,2.17,5.91,65,177,65,81,81,97,97,113,113,129,129,145,145,161,161,177,,,,,,,,,,,,,,,,,,,,,,,,,,,,,,,,,,,,,,,,,,,,,,,,,,,,,,,,,,,,,,,,,,,,,,,,,,,,,,,,,,,,,,,,,,,,,,,,,,,,,,,,,,,,,,,,,,,,,,,,,,,,,,,,
nQGOZYpu7iQ.mp4,2,contact juggling,A person is playing with the ball,30.0,0.0,10.0,2.47,3.97,74,119,74,97,97,119,,,,,,,,,,,,,,,,,,,,,,,,,,,,,,,,,,,,,,,,,,,,,,,,,,,,,,,,,,,,,,,,,,,,,,,,,,,,,,,,,,,,,,,,,,,,,,,,,,,,,,,,,,,,,,,,,,,,,,,,,,,,,,,,,,,,,,,,,,
4mNZX8vGP7w.mp4,2,home roasting coffee,A person is mixing the food,25.0,0.0,10.0,1.64,4.76,41,119,41,80,80,119,,,,,,,,,,,,,,,,,,,,,,,,,,,,,,,,,,,,,,,,,,,,,,,,,,,,,,,,,,,,,,,,,,,,,,,,,,,,,,,,,,,,,,,,,,,,,,,,,,,,,,,,,,,,,,,,,,,,,,,,,,,,,,,,,,,,,,,,,,
jNMvsYIKEKw.mp4,3,swinging on something,A person is swinging in the air,30.0,0.0,10.0,0.03,9.8,1,294,1,99,99,196,196,294,,,,,,,,,,,,,,,,,,,,,,,,,,,,,,,,,,,,,,,,,,,,,,,,,,,,,,,,,,,,,,,,,,,,,,,,,,,,,,,,,,,,,,,,,,,,,,,,,,,,,,,,,,,,,,,,,,,,,,,,,,,,,,,,,,,,,,,,
Np5rLn4x95k.mp4,4,massaging neck,A person is massaging the neck,30.0,0.0,10.0,0.27,8.97,8,269,8,74,74,139,139,204,204,269,,,,,,,,,,,,,,,,,,,,,,,,,,,,,,,,,,,,,,,,,,,,,,,,,,,,,,,,,,,,,,,,,,,,,,,,,,,,,,,,,,,,,,,,,,,,,,,,,,,,,,,,,,,,,,,,,,,,,,,,,,,,,,,,,,,,,,
CG5N7aj-u1E.mp4,2,shooting basketball,A girl is playing basketball,30.0,0.0,10.0,1.57,2.97,47,89,47,68,68,89,,,,,,,,,,,,,,,,,,,,,,,,,,,,,,,,,,,,,,,,,,,,,,,,,,,,,,,,,,,,,,,,,,,,,,,,,,,,,,,,,,,,,,,,,,,,,,,,,,,,,,,,,,,,,,,,,,,,,,,,,,,,,,,,,,,,,,,,,,
vs_FrYIZImk.mp4,2,skateboarding,A person is skating,29.97002997002997,0.0,10.01,4.2,6.01,126,180,126,153,153,180,,,,,,,,,,,,,,,,,,,,,,,,,,,,,,,,,,,,,,,,,,,,,,,,,,,,,,,,,,,,,,,,,,,,,,,,,,,,,,,,,,,,,,,,,,,,,,,,,,,,,,,,,,,,,,,,,,,,,,,,,,,,,,,,,,,,,,,,,,
geYCqDP8BsM.mp4,7,putting on eyeliner,A person is applying mascara,29.97002997002997,0.0,10.01,2.17,5.87,65,176,65,81,81,97,97,113,113,128,128,144,144,160,160,176,,,,,,,,,,,,,,,,,,,,,,,,,,,,,,,,,,,,,,,,,,,,,,,,,,,,,,,,,,,,,,,,,,,,,,,,,,,,,,,,,,,,,,,,,,,,,,,,,,,,,,,,,,,,,,,,,,,,,,,,,,,,,,,,
9VOnPdCJrKg.mp4,7,stacking dice,A person is waving hisher hand,30.0,0.0,10.0,1.0,4.63,30,139,30,46,46,61,61,77,77,92,92,108,108,124,124,139,,,,,,,,,,,,,,,,,,,,,,,,,,,,,,,,,,,,,,,,,,,,,,,,,,,,,,,,,,,,,,,,,,,,,,,,,,,,,,,,,,,,,,,,,,,,,,,,,,,,,,,,,,,,,,,,,,,,,,,,,,,,,,,,
HJe9YOvzJPU.mp4,7,clapping,A person is clapping,30.0,0.0,10.0,2.2,7.4,66,222,66,88,88,111,111,133,133,155,155,177,177,200,200,222,,,,,,,,,,,,,,,,,,,,,,,,,,,,,,,,,,,,,,,,,,,,,,,,,,,,,,,,,,,,,,,,,,,,,,,,,,,,,,,,,,,,,,,,,,,,,,,,,,,,,,,,,,,,,,,,,,,,,,,,,,,,,,,,
p0m4DO42RjE.mp4,2,cosplaying,A person in the background is clapping his hands,30.0,0.0,10.0,9.13,9.67,274,290,274,282,282,290,,,,,,,,,,,,,,,,,,,,,,,,,,,,,,,,,,,,,,,,,,,,,,,,,,,,,,,,,,,,,,,,,,,,,,,,,,,,,,,,,,,,,,,,,,,,,,,,,,,,,,,,,,,,,,,,,,,,,,,,,,,,,,,,,,,,,,,,,,
N3LfhMeClTg.mp4,7,checking tires,A person is fixing the screw,29.97002997002997,0.0,10.01,5.61,8.84,168,265,168,182,182,196,196,209,209,223,223,237,237,251,251,265,,,,,,,,,,,,,,,,,,,,,,,,,,,,,,,,,,,,,,,,,,,,,,,,,,,,,,,,,,,,,,,,,,,,,,,,,,,,,,,,,,,,,,,,,,,,,,,,,,,,,,,,,,,,,,,,,,,,,,,,,,,,,,,,
gv-7uPjAeTA.mp4,5,playing beer pong,A person is dancing,23.954,0.0,10.02,0.17,8.02,4,192,4,41,41,79,79,117,117,154,154,192,,,,,,,,,,,,,,,,,,,,,,,,,,,,,,,,,,,,,,,,,,,,,,,,,,,,,,,,,,,,,,,,,,,,,,,,,,,,,,,,,,,,,,,,,,,,,,,,,,,,,,,,,,,,,,,,,,,,,,,,,,,,,,,,,,,,
AAG8NHnJEKo.mp4,2,jumping sofa,A person is jumping on the couch,29.946,0.0,8.08,5.88,7.15,176,214,176,195,195,214,,,,,,,,,,,,,,,,,,,,,,,,,,,,,,,,,,,,,,,,,,,,,,,,,,,,,,,,,,,,,,,,,,,,,,,,,,,,,,,,,,,,,,,,,,,,,,,,,,,,,,,,,,,,,,,,,,,,,,,,,,,,,,,,,,,,,,,,,,
UB_E0yZfqLw.mp4,2,javelin throw,A person is moving their hands,25.0,0.0,10.0,6.24,8.96,156,224,156,190,190,224,,,,,,,,,,,,,,,,,,,,,,,,,,,,,,,,,,,,,,,,,,,,,,,,,,,,,,,,,,,,,,,,,,,,,,,,,,,,,,,,,,,,,,,,,,,,,,,,,,,,,,,,,,,,,,,,,,,,,,,,,,,,,,,,,,,,,,,,,,
dSscGQ3v0KQ.mp4,4,moon walking,A person is dancing with their right leg,30.0,0.0,9.4,2.07,6.4,62,192,62,95,95,127,127,160,160,192,,,,,,,,,,,,,,,,,,,,,,,,,,,,,,,,,,,,,,,,,,,,,,,,,,,,,,,,,,,,,,,,,,,,,,,,,,,,,,,,,,,,,,,,,,,,,,,,,,,,,,,,,,,,,,,,,,,,,,,,,,,,,,,,,,,,,,
TgWYLwK4S9o.mp4,2,sucking lolly,A baby is moving its lips,15.0,0.0,9.4,0.4,1.53,6,23,6,15,15,23,,,,,,,,,,,,,,,,,,,,,,,,,,,,,,,,,,,,,,,,,,,,,,,,,,,,,,,,,,,,,,,,,,,,,,,,,,,,,,,,,,,,,,,,,,,,,,,,,,,,,,,,,,,,,,,,,,,,,,,,,,,,,,,,,,,,,,,,,,
QsX3gEWP7mw.mp4,4,shucking oysters,A person is cleaning with a knife,29.97002997002997,0.0,10.01,6.37,7.67,191,230,191,200,200,210,210,220,220,230,,,,,,,,,,,,,,,,,,,,,,,,,,,,,,,,,,,,,,,,,,,,,,,,,,,,,,,,,,,,,,,,,,,,,,,,,,,,,,,,,,,,,,,,,,,,,,,,,,,,,,,,,,,,,,,,,,,,,,,,,,,,,,,,,,,,,,
7MZD90wIQrs.mp4,3,playing oboe,A person is moving a trumpet,30.0,0.0,10.0,0.53,2.4,16,72,16,34,34,53,53,72,,,,,,,,,,,,,,,,,,,,,,,,,,,,,,,,,,,,,,,,,,,,,,,,,,,,,,,,,,,,,,,,,,,,,,,,,,,,,,,,,,,,,,,,,,,,,,,,,,,,,,,,,,,,,,,,,,,,,,,,,,,,,,,,,,,,,,,,
5iVUG9CdGqc.mp4,3,dunking basketball,A ball is bouncing,30.0,0.0,5.8,3.03,5.8,91,174,91,122,122,154,154,174,,,,,,,,,,,,,,,,,,,,,,,,,,,,,,,,,,,,,,,,,,,,,,,,,,,,,,,,,,,,,,,,,,,,,,,,,,,,,,,,,,,,,,,,,,,,,,,,,,,,,,,,,,,,,,,,,,,,,,,,,,,,,,,,,,,,,,,,
2MvbDyjLu7E.mp4,26,separating eggs,A person is moving the filter,30.0,0.0,10.0,4.17,9.93,125,298,125,131,131,138,138,145,145,151,151,158,158,165,165,171,171,178,178,185,185,191,191,198,198,205,205,211,211,218,218,224,224,231,231,238,238,244,244,251,251,258,258,264,264,271,271,278,278,284,284,291,291,298,,,,,,,,,,,,,,,,,,,,,,,,,,,,,,,,,,,,,,,,,,,,,,,,,,,,,,,,,,,,,,,,,,,,,,,,,,,,,,,,,,,,,,,,,,
WcBpcBDzjhc.mp4,4,robot dancing,A person is dancing,30.0,0.0,10.0,0.03,2.4,1,72,1,19,19,37,37,54,54,72,,,,,,,,,,,,,,,,,,,,,,,,,,,,,,,,,,,,,,,,,,,,,,,,,,,,,,,,,,,,,,,,,,,,,,,,,,,,,,,,,,,,,,,,,,,,,,,,,,,,,,,,,,,,,,,,,,,,,,,,,,,,,,,,,,,,,,
S0308AqEgQk.mp4,3,making a cake,A kid is smoothing the cake with his right hand,29.97002997002997,0.0,10.01,2.34,4.0,70,120,70,86,86,103,103,120,,,,,,,,,,,,,,,,,,,,,,,,,,,,,,,,,,,,,,,,,,,,,,,,,,,,,,,,,,,,,,,,,,,,,,,,,,,,,,,,,,,,,,,,,,,,,,,,,,,,,,,,,,,,,,,,,,,,,,,,,,,,,,,,,,,,,,,,
kVUkfK8II4Y.mp4,3,building sandcastle,A person is rubbing the sand,29.97002997002997,0.0,10.01,4.57,6.71,137,201,137,158,158,180,180,201,,,,,,,,,,,,,,,,,,,,,,,,,,,,,,,,,,,,,,,,,,,,,,,,,,,,,,,,,,,,,,,,,,,,,,,,,,,,,,,,,,,,,,,,,,,,,,,,,,,,,,,,,,,,,,,,,,,,,,,,,,,,,,,,,,,,,,,,
a7aM_nL7BPc.mp4,6,filling eyebrows,A woman is brushing her eyebrows,23.976023976023978,0.0,10.01,0.04,3.25,1,78,1,14,14,27,27,39,39,52,52,65,65,78,,,,,,,,,,,,,,,,,,,,,,,,,,,,,,,,,,,,,,,,,,,,,,,,,,,,,,,,,,,,,,,,,,,,,,,,,,,,,,,,,,,,,,,,,,,,,,,,,,,,,,,,,,,,,,,,,,,,,,,,,,,,,,,,,,
cYTZhEyQxhY.mp4,2,card stacking,A person is arranging playing cards,29.739,0.0,10.02,0.34,1.24,10,37,10,23,23,37,,,,,,,,,,,,,,,,,,,,,,,,,,,,,,,,,,,,,,,,,,,,,,,,,,,,,,,,,,,,,,,,,,,,,,,,,,,,,,,,,,,,,,,,,,,,,,,,,,,,,,,,,,,,,,,,,,,,,,,,,,,,,,,,,,,,,,,,,,
sOul9QaVqk8.mp4,2,whistling,A person is moving his hand,30.0,0.0,8.17,6.17,7.37,185,221,185,203,203,221,,,,,,,,,,,,,,,,,,,,,,,,,,,,,,,,,,,,,,,,,,,,,,,,,,,,,,,,,,,,,,,,,,,,,,,,,,,,,,,,,,,,,,,,,,,,,,,,,,,,,,,,,,,,,,,,,,,,,,,,,,,,,,,,,,,,,,,,,,
ryQmZgXaPqI.mp4,2,using a paint roller,A person is painting,25.0,0.0,10.0,0.72,4.8,18,120,18,69,69,120,,,,,,,,,,,,,,,,,,,,,,,,,,,,,,,,,,,,,,,,,,,,,,,,,,,,,,,,,,,,,,,,,,,,,,,,,,,,,,,,,,,,,,,,,,,,,,,,,,,,,,,,,,,,,,,,,,,,,,,,,,,,,,,,,,,,,,,,,,
fkXNpj537sg.mp4,2,jumping jacks,A person is exercising,29.97002997002997,0.0,10.01,8.01,10.01,240,300,240,270,270,300,,,,,,,,,,,,,,,,,,,,,,,,,,,,,,,,,,,,,,,,,,,,,,,,,,,,,,,,,,,,,,,,,,,,,,,,,,,,,,,,,,,,,,,,,,,,,,,,,,,,,,,,,,,,,,,,,,,,,,,,,,,,,,,,,,,,,,,,,,
HrjtIMb_i1o.mp4,7,bouncing on trampoline,A person is jumping,29.97002997002997,0.0,9.38,0.03,7.44,1,223,1,33,33,65,65,96,96,128,128,160,160,191,191,223,,,,,,,,,,,,,,,,,,,,,,,,,,,,,,,,,,,,,,,,,,,,,,,,,,,,,,,,,,,,,,,,,,,,,,,,,,,,,,,,,,,,,,,,,,,,,,,,,,,,,,,,,,,,,,,,,,,,,,,,,,,,,,,,
fLCzkKOC3Rs.mp4,2,shuffling feet,A person is dancing,30.0,0.0,9.2,4.73,5.47,142,164,142,153,153,164,,,,,,,,,,,,,,,,,,,,,,,,,,,,,,,,,,,,,,,,,,,,,,,,,,,,,,,,,,,,,,,,,,,,,,,,,,,,,,,,,,,,,,,,,,,,,,,,,,,,,,,,,,,,,,,,,,,,,,,,,,,,,,,,,,,,,,,,,,
qE6JiylcnVE.mp4,3,playing blackjack,A person is distributing the cards,29.97002997002997,0.0,10.01,0.4,2.44,12,73,12,32,32,53,53,73,,,,,,,,,,,,,,,,,,,,,,,,,,,,,,,,,,,,,,,,,,,,,,,,,,,,,,,,,,,,,,,,,,,,,,,,,,,,,,,,,,,,,,,,,,,,,,,,,,,,,,,,,,,,,,,,,,,,,,,,,,,,,,,,,,,,,,,,
sbDpaGgemns.mp4,5,playing hand clapping games,A person is playing with their hands,24.0,0.0,10.0,0.54,7.46,13,179,13,46,46,79,79,113,113,146,146,179,,,,,,,,,,,,,,,,,,,,,,,,,,,,,,,,,,,,,,,,,,,,,,,,,,,,,,,,,,,,,,,,,,,,,,,,,,,,,,,,,,,,,,,,,,,,,,,,,,,,,,,,,,,,,,,,,,,,,,,,,,,,,,,,,,,,
Qf3r5LlsJgk.mp4,2,lighting fire,A boy is lighting a lighter,30.0,0.0,9.77,2.83,3.47,85,104,85,95,95,104,,,,,,,,,,,,,,,,,,,,,,,,,,,,,,,,,,,,,,,,,,,,,,,,,,,,,,,,,,,,,,,,,,,,,,,,,,,,,,,,,,,,,,,,,,,,,,,,,,,,,,,,,,,,,,,,,,,,,,,,,,,,,,,,,,,,,,,,,,
esdm2Ovwyts.mp4,5,fly tying,A person is rotating the rope,30.0,0.0,10.0,6.53,9.17,196,275,196,211,211,227,227,243,243,259,259,275,,,,,,,,,,,,,,,,,,,,,,,,,,,,,,,,,,,,,,,,,,,,,,,,,,,,,,,,,,,,,,,,,,,,,,,,,,,,,,,,,,,,,,,,,,,,,,,,,,,,,,,,,,,,,,,,,,,,,,,,,,,,,,,,,,,,
_Ap6LEZ9nmE.mp4,3,cutting pineapple,A person is cutting the fruit,28.916666666666668,0.0,5.12,2.01,3.98,58,115,58,77,77,96,96,115,,,,,,,,,,,,,,,,,,,,,,,,,,,,,,,,,,,,,,,,,,,,,,,,,,,,,,,,,,,,,,,,,,,,,,,,,,,,,,,,,,,,,,,,,,,,,,,,,,,,,,,,,,,,,,,,,,,,,,,,,,,,,,,,,,,,,,,,
rO1qgYxe_3M.mp4,7,waving hand,A girl is shaking her hand,29.97002997002997,0.0,10.01,1.03,3.4,31,102,31,41,41,51,51,61,61,72,72,82,82,92,92,102,,,,,,,,,,,,,,,,,,,,,,,,,,,,,,,,,,,,,,,,,,,,,,,,,,,,,,,,,,,,,,,,,,,,,,,,,,,,,,,,,,,,,,,,,,,,,,,,,,,,,,,,,,,,,,,,,,,,,,,,,,,,,,,,
u_ryIGzjzdo.mp4,2,pinching,A man is pinching himself to his cheek,30.0,0.0,10.0,3.57,4.17,107,125,107,116,116,125,,,,,,,,,,,,,,,,,,,,,,,,,,,,,,,,,,,,,,,,,,,,,,,,,,,,,,,,,,,,,,,,,,,,,,,,,,,,,,,,,,,,,,,,,,,,,,,,,,,,,,,,,,,,,,,,,,,,,,,,,,,,,,,,,,,,,,,,,,
jtLCfox03sM.mp4,2,ice skating,A person is skating,25.0,0.0,10.0,5.28,8.52,132,213,132,172,172,213,,,,,,,,,,,,,,,,,,,,,,,,,,,,,,,,,,,,,,,,,,,,,,,,,,,,,,,,,,,,,,,,,,,,,,,,,,,,,,,,,,,,,,,,,,,,,,,,,,,,,,,,,,,,,,,,,,,,,,,,,,,,,,,,,,,,,,,,,,
_hxIyBXLTLw.mp4,8,playing guitar,A person is playing the guitar,29.604,0.0,10.03,5.24,7.57,155,224,155,164,164,172,172,181,181,189,189,198,198,207,207,215,215,224,,,,,,,,,,,,,,,,,,,,,,,,,,,,,,,,,,,,,,,,,,,,,,,,,,,,,,,,,,,,,,,,,,,,,,,,,,,,,,,,,,,,,,,,,,,,,,,,,,,,,,,,,,,,,,,,,,,,,,,,,,,,,,
LBueODuOHQc.mp4,3,playing polo,A person riding a horse on the ground,25.0,0.0,10.0,5.6,6.92,140,173,140,151,151,162,162,173,,,,,,,,,,,,,,,,,,,,,,,,,,,,,,,,,,,,,,,,,,,,,,,,,,,,,,,,,,,,,,,,,,,,,,,,,,,,,,,,,,,,,,,,,,,,,,,,,,,,,,,,,,,,,,,,,,,,,,,,,,,,,,,,,,,,,,,,
lioRJ7ojDP8.mp4,3,building sandcastle,A person is shaping the sand,29.943,0.0,9.45,2.24,4.78,67,143,67,92,92,117,117,143,,,,,,,,,,,,,,,,,,,,,,,,,,,,,,,,,,,,,,,,,,,,,,,,,,,,,,,,,,,,,,,,,,,,,,,,,,,,,,,,,,,,,,,,,,,,,,,,,,,,,,,,,,,,,,,,,,,,,,,,,,,,,,,,,,,,,,,,
K1rfza7aXQ8.mp4,2,making cheese,A person is mixing cheese,29.97002997002997,0.0,10.01,5.61,9.04,168,271,168,219,219,271,,,,,,,,,,,,,,,,,,,,,,,,,,,,,,,,,,,,,,,,,,,,,,,,,,,,,,,,,,,,,,,,,,,,,,,,,,,,,,,,,,,,,,,,,,,,,,,,,,,,,,,,,,,,,,,,,,,,,,,,,,,,,,,,,,,,,,,,,,
9WtPHZ-HMMk.mp4,2,high fiving,A girl is touching a dog's face,30.0,0.0,9.5,0.2,1.63,6,49,6,28,28,49,,,,,,,,,,,,,,,,,,,,,,,,,,,,,,,,,,,,,,,,,,,,,,,,,,,,,,,,,,,,,,,,,,,,,,,,,,,,,,,,,,,,,,,,,,,,,,,,,,,,,,,,,,,,,,,,,,,,,,,,,,,,,,,,,,,,,,,,,,
8pQG7DWI7S4.mp4,7,crocheting,A person is pulling the thread with his hand,29.97002997002997,0.0,10.01,8.88,10.01,266,300,266,271,271,276,276,281,281,285,285,290,290,295,295,300,,,,,,,,,,,,,,,,,,,,,,,,,,,,,,,,,,,,,,,,,,,,,,,,,,,,,,,,,,,,,,,,,,,,,,,,,,,,,,,,,,,,,,,,,,,,,,,,,,,,,,,,,,,,,,,,,,,,,,,,,,,,,,,,
sD2xkGzQpSo.mp4,2,opening wine bottle,A person is hitting the shoe on the wall,30.0,0.0,9.23,0.03,1.37,1,41,1,21,21,41,,,,,,,,,,,,,,,,,,,,,,,,,,,,,,,,,,,,,,,,,,,,,,,,,,,,,,,,,,,,,,,,,,,,,,,,,,,,,,,,,,,,,,,,,,,,,,,,,,,,,,,,,,,,,,,,,,,,,,,,,,,,,,,,,,,,,,,,,,
9FTpvmTG1d0.mp4,3,rope pushdown,A person is exercising,29.97002997002997,0.0,9.01,1.77,6.77,53,203,53,103,103,153,153,203,,,,,,,,,,,,,,,,,,,,,,,,,,,,,,,,,,,,,,,,,,,,,,,,,,,,,,,,,,,,,,,,,,,,,,,,,,,,,,,,,,,,,,,,,,,,,,,,,,,,,,,,,,,,,,,,,,,,,,,,,,,,,,,,,,,,,,,,
c3qEld6osCs.mp4,2,water sliding,A person waving his hand,25.0,0.0,10.0,8.92,9.52,223,238,223,230,230,238,,,,,,,,,,,,,,,,,,,,,,,,,,,,,,,,,,,,,,,,,,,,,,,,,,,,,,,,,,,,,,,,,,,,,,,,,,,,,,,,,,,,,,,,,,,,,,,,,,,,,,,,,,,,,,,,,,,,,,,,,,,,,,,,,,,,,,,,,,
mEIGzw9Zezo.mp4,12,drumming fingers,A person is playing drums,30.0,0.0,10.0,0.23,10.0,7,300,7,32,32,56,56,80,80,105,105,129,129,154,154,178,178,202,202,227,227,251,251,276,276,300,,,,,,,,,,,,,,,,,,,,,,,,,,,,,,,,,,,,,,,,,,,,,,,,,,,,,,,,,,,,,,,,,,,,,,,,,,,,,,,,,,,,,,,,,,,,,,,,,,,,,,,,,,,,,,,,,,,,,,
larjBDhZnKE.mp4,3,combing hair,A girl combing her hair,24.0,0.0,10.0,3.88,9.42,93,226,93,137,137,181,181,226,,,,,,,,,,,,,,,,,,,,,,,,,,,,,,,,,,,,,,,,,,,,,,,,,,,,,,,,,,,,,,,,,,,,,,,,,,,,,,,,,,,,,,,,,,,,,,,,,,,,,,,,,,,,,,,,,,,,,,,,,,,,,,,,,,,,,,,,
aVfz_sQG7Gk.mp4,9,waxing eyebrows,A person is tapping the eyebrows of the woman,15.0,0.0,10.0,2.4,8.93,36,134,36,47,47,58,58,69,69,80,80,91,91,102,102,113,113,123,123,134,,,,,,,,,,,,,,,,,,,,,,,,,,,,,,,,,,,,,,,,,,,,,,,,,,,,,,,,,,,,,,,,,,,,,,,,,,,,,,,,,,,,,,,,,,,,,,,,,,,,,,,,,,,,,,,,,,,,,,,,,,,,
PJqPd8ZjUZQ.mp4,13,repairing puncture,A person is rubbing with a tool,30.0,0.0,10.0,3.0,6.8,90,204,90,99,99,108,108,116,116,125,125,134,134,143,143,151,151,160,160,169,169,178,178,186,186,195,195,204,,,,,,,,,,,,,,,,,,,,,,,,,,,,,,,,,,,,,,,,,,,,,,,,,,,,,,,,,,,,,,,,,,,,,,,,,,,,,,,,,,,,,,,,,,,,,,,,,,,,,,,,,,,,,,,,,,,,
MUSUBGW39LM.mp4,3,punching bag,A boy is punching the punching bag,29.97002997002997,0.0,10.01,0.73,5.77,22,173,22,72,72,122,122,173,,,,,,,,,,,,,,,,,,,,,,,,,,,,,,,,,,,,,,,,,,,,,,,,,,,,,,,,,,,,,,,,,,,,,,,,,,,,,,,,,,,,,,,,,,,,,,,,,,,,,,,,,,,,,,,,,,,,,,,,,,,,,,,,,,,,,,,,
ma1abomMxLU.mp4,3,opening refrigerator,A person is knocking inside the refrigerator,29.247,0.0,10.02,9.2,9.98,269,292,269,277,277,285,285,292,,,,,,,,,,,,,,,,,,,,,,,,,,,,,,,,,,,,,,,,,,,,,,,,,,,,,,,,,,,,,,,,,,,,,,,,,,,,,,,,,,,,,,,,,,,,,,,,,,,,,,,,,,,,,,,,,,,,,,,,,,,,,,,,,,,,,,,,
oKYmJk1bZ6Q.mp4,4,chiseling stone,A person is hitting with a hammer,30.0,0.0,10.0,2.43,4.4,73,132,73,88,88,103,103,117,117,132,,,,,,,,,,,,,,,,,,,,,,,,,,,,,,,,,,,,,,,,,,,,,,,,,,,,,,,,,,,,,,,,,,,,,,,,,,,,,,,,,,,,,,,,,,,,,,,,,,,,,,,,,,,,,,,,,,,,,,,,,,,,,,,,,,,,,,
vmTPg565gjE.mp4,3,changing oil,A person is losing the cap,25.0,0.0,10.0,2.4,4.36,60,109,60,76,76,93,93,109,,,,,,,,,,,,,,,,,,,,,,,,,,,,,,,,,,,,,,,,,,,,,,,,,,,,,,,,,,,,,,,,,,,,,,,,,,,,,,,,,,,,,,,,,,,,,,,,,,,,,,,,,,,,,,,,,,,,,,,,,,,,,,,,,,,,,,,,
JSB_XqAJCUI.mp4,11,massaging person's head,A person is massaging the head,29.0,0.0,10.0,0.07,2.79,2,81,2,9,9,17,17,24,24,31,31,38,38,45,45,53,53,60,60,67,67,74,74,81,,,,,,,,,,,,,,,,,,,,,,,,,,,,,,,,,,,,,,,,,,,,,,,,,,,,,,,,,,,,,,,,,,,,,,,,,,,,,,,,,,,,,,,,,,,,,,,,,,,,,,,,,,,,,,,,,,,,,,,,
tAxSKXXax_g.mp4,11,scrambling eggs,A person is whisking the egg in a bowl,30.0,0.0,10.0,4.37,6.77,131,203,131,137,137,144,144,150,150,157,157,164,164,170,170,177,177,183,183,190,190,196,196,203,,,,,,,,,,,,,,,,,,,,,,,,,,,,,,,,,,,,,,,,,,,,,,,,,,,,,,,,,,,,,,,,,,,,,,,,,,,,,,,,,,,,,,,,,,,,,,,,,,,,,,,,,,,,,,,,,,,,,,,,
jBYtr7i2GBg.mp4,8,recording music,A person is playing the guitar,29.97002997002997,0.0,10.01,1.67,5.17,50,155,50,63,63,76,76,89,89,102,102,116,116,129,129,142,142,155,,,,,,,,,,,,,,,,,,,,,,,,,,,,,,,,,,,,,,,,,,,,,,,,,,,,,,,,,,,,,,,,,,,,,,,,,,,,,,,,,,,,,,,,,,,,,,,,,,,,,,,,,,,,,,,,,,,,,,,,,,,,,,
LwwkLlu5Gno.mp4,11,playing maracas,A person is shaking an object,11.0,0.0,9.27,4.64,8.36,51,92,51,54,54,58,58,62,62,65,65,69,69,73,73,77,77,80,80,84,84,88,88,92,,,,,,,,,,,,,,,,,,,,,,,,,,,,,,,,,,,,,,,,,,,,,,,,,,,,,,,,,,,,,,,,,,,,,,,,,,,,,,,,,,,,,,,,,,,,,,,,,,,,,,,,,,,,,,,,,,,,,,,,
xlZTQkK2fVs.mp4,5,swimming breast stroke,A person is swimming,14.988,0.0,10.01,0.07,9.81,1,147,1,30,30,59,59,89,89,118,118,147,,,,,,,,,,,,,,,,,,,,,,,,,,,,,,,,,,,,,,,,,,,,,,,,,,,,,,,,,,,,,,,,,,,,,,,,,,,,,,,,,,,,,,,,,,,,,,,,,,,,,,,,,,,,,,,,,,,,,,,,,,,,,,,,,,,,
uTsl1-Hod0o.mp4,9,rock scissors paper,A person is nodding his head,29.97002997002997,0.0,10.01,0.97,5.71,29,171,29,45,45,60,60,76,76,92,92,108,108,124,124,140,140,156,156,171,,,,,,,,,,,,,,,,,,,,,,,,,,,,,,,,,,,,,,,,,,,,,,,,,,,,,,,,,,,,,,,,,,,,,,,,,,,,,,,,,,,,,,,,,,,,,,,,,,,,,,,,,,,,,,,,,,,,,,,,,,,,
Rnr3dG4ZtTk.mp4,3,fixing bicycle,A person is moving his hand near the tire,29.97002997002997,0.0,10.01,5.21,6.91,156,207,156,173,173,190,190,207,,,,,,,,,,,,,,,,,,,,,,,,,,,,,,,,,,,,,,,,,,,,,,,,,,,,,,,,,,,,,,,,,,,,,,,,,,,,,,,,,,,,,,,,,,,,,,,,,,,,,,,,,,,,,,,,,,,,,,,,,,,,,,,,,,,,,,,,
RnXUyjuOES4.mp4,2,folding napkins,A person is arranging clothes with his hands,26.0,0.0,10.0,6.12,7.38,159,192,159,176,176,192,,,,,,,,,,,,,,,,,,,,,,,,,,,,,,,,,,,,,,,,,,,,,,,,,,,,,,,,,,,,,,,,,,,,,,,,,,,,,,,,,,,,,,,,,,,,,,,,,,,,,,,,,,,,,,,,,,,,,,,,,,,,,,,,,,,,,,,,,,
dmbIArIoTjI.mp4,3,playing ping pong,A person is playing table tennis,30.0,0.0,9.53,1.77,6.43,53,193,53,100,100,146,146,193,,,,,,,,,,,,,,,,,,,,,,,,,,,,,,,,,,,,,,,,,,,,,,,,,,,,,,,,,,,,,,,,,,,,,,,,,,,,,,,,,,,,,,,,,,,,,,,,,,,,,,,,,,,,,,,,,,,,,,,,,,,,,,,,,,,,,,,,
jdYkQiqiZ5c.mp4,3,massaging back,A person is doing massage with their hands,25.0,0.0,10.0,0.16,9.64,4,241,4,83,83,162,162,241,,,,,,,,,,,,,,,,,,,,,,,,,,,,,,,,,,,,,,,,,,,,,,,,,,,,,,,,,,,,,,,,,,,,,,,,,,,,,,,,,,,,,,,,,,,,,,,,,,,,,,,,,,,,,,,,,,,,,,,,,,,,,,,,,,,,,,,,
gouMQRILeKI.mp4,2,braiding hair,A person is setting the hair,29.97002997002997,0.0,10.01,0.33,7.61,10,228,10,119,119,228,,,,,,,,,,,,,,,,,,,,,,,,,,,,,,,,,,,,,,,,,,,,,,,,,,,,,,,,,,,,,,,,,,,,,,,,,,,,,,,,,,,,,,,,,,,,,,,,,,,,,,,,,,,,,,,,,,,,,,,,,,,,,,,,,,,,,,,,,,
KHfzpE8KW6w.mp4,4,home roasting coffee,A person is mixing the food,29.97002997002997,0.0,10.01,0.53,3.2,16,96,16,36,36,56,56,76,76,96,,,,,,,,,,,,,,,,,,,,,,,,,,,,,,,,,,,,,,,,,,,,,,,,,,,,,,,,,,,,,,,,,,,,,,,,,,,,,,,,,,,,,,,,,,,,,,,,,,,,,,,,,,,,,,,,,,,,,,,,,,,,,,,,,,,,,,
NfDE5fMu4yI.mp4,7,shuffling cards,A man is moving the cards with his hands,15.0,0.0,10.0,0.27,6.07,4,91,4,17,17,29,29,41,41,54,54,66,66,79,79,91,,,,,,,,,,,,,,,,,,,,,,,,,,,,,,,,,,,,,,,,,,,,,,,,,,,,,,,,,,,,,,,,,,,,,,,,,,,,,,,,,,,,,,,,,,,,,,,,,,,,,,,,,,,,,,,,,,,,,,,,,,,,,,,,
Q0uftveS5EM.mp4,3,shopping,A person is arranging the clothes,28.278,0.0,10.01,2.02,4.63,57,131,57,81,81,106,106,131,,,,,,,,,,,,,,,,,,,,,,,,,,,,,,,,,,,,,,,,,,,,,,,,,,,,,,,,,,,,,,,,,,,,,,,,,,,,,,,,,,,,,,,,,,,,,,,,,,,,,,,,,,,,,,,,,,,,,,,,,,,,,,,,,,,,,,,,
JD5JsZs_s2Q.mp4,24,juggling soccer ball,A person is hitting the ball with the right leg,29.97002997002997,0.0,10.01,0.73,5.87,22,176,22,28,28,34,34,41,41,47,47,54,54,60,60,67,67,73,73,80,80,86,86,92,92,99,99,105,105,112,112,118,118,125,125,131,131,138,138,144,144,150,150,157,157,163,163,170,170,176,,,,,,,,,,,,,,,,,,,,,,,,,,,,,,,,,,,,,,,,,,,,,,,,,,,,,,,,,,,,,,,,,,,,,,,,,,,,,,,,,,,,,,,,,,,,,,
a4UxYe_0ie8.mp4,17,sanding wood,A person is smoothing with the tool,29.97002997002997,0.0,10.01,3.2,9.81,96,294,96,108,108,119,119,131,131,142,142,154,154,166,166,177,177,189,189,201,201,212,212,224,224,236,236,247,247,259,259,270,270,282,282,294,,,,,,,,,,,,,,,,,,,,,,,,,,,,,,,,,,,,,,,,,,,,,,,,,,,,,,,,,,,,,,,,,,,,,,,,,,,,,,,,,,,,,,,,,,,,,,,,,,,,,,,,,,,,
XkcggQfBf1A.mp4,2,playing darts,A woman is throwing the small arrows,29.999,0.0,10.0,1.07,4.0,32,120,32,76,76,120,,,,,,,,,,,,,,,,,,,,,,,,,,,,,,,,,,,,,,,,,,,,,,,,,,,,,,,,,,,,,,,,,,,,,,,,,,,,,,,,,,,,,,,,,,,,,,,,,,,,,,,,,,,,,,,,,,,,,,,,,,,,,,,,,,,,,,,,,,
8tBlzuFAwM4.mp4,2,crocheting,A person is knitting the wool,29.97002997002997,0.0,10.01,7.81,10.01,234,300,234,267,267,300,,,,,,,,,,,,,,,,,,,,,,,,,,,,,,,,,,,,,,,,,,,,,,,,,,,,,,,,,,,,,,,,,,,,,,,,,,,,,,,,,,,,,,,,,,,,,,,,,,,,,,,,,,,,,,,,,,,,,,,,,,,,,,,,,,,,,,,,,,
kOtbPuUwI18.mp4,3,leatherworking,A person is moving the tool,25.0,0.0,10.0,6.6,8.52,165,213,165,181,181,197,197,213,,,,,,,,,,,,,,,,,,,,,,,,,,,,,,,,,,,,,,,,,,,,,,,,,,,,,,,,,,,,,,,,,,,,,,,,,,,,,,,,,,,,,,,,,,,,,,,,,,,,,,,,,,,,,,,,,,,,,,,,,,,,,,,,,,,,,,,,
gFW4s23ZCF0.mp4,2,putting on eyeliner,A person is applying kajal,29.97002997002997,0.0,10.01,0.97,3.04,29,91,29,60,60,91,,,,,,,,,,,,,,,,,,,,,,,,,,,,,,,,,,,,,,,,,,,,,,,,,,,,,,,,,,,,,,,,,,,,,,,,,,,,,,,,,,,,,,,,,,,,,,,,,,,,,,,,,,,,,,,,,,,,,,,,,,,,,,,,,,,,,,,,,,
J5mmnwyf-Ec.mp4,6,blowing bubble gum,A person with a green shirt is hitting with the index finger,30.0,0.0,6.9,2.83,5.23,85,157,85,97,97,109,109,121,121,133,133,145,145,157,,,,,,,,,,,,,,,,,,,,,,,,,,,,,,,,,,,,,,,,,,,,,,,,,,,,,,,,,,,,,,,,,,,,,,,,,,,,,,,,,,,,,,,,,,,,,,,,,,,,,,,,,,,,,,,,,,,,,,,,,,,,,,,,,,
I7aLv7wtSHI.mp4,2,backflip (human),A baby is jumping on the floor,30.0,0.0,9.1,6.97,8.27,209,248,209,229,229,248,,,,,,,,,,,,,,,,,,,,,,,,,,,,,,,,,,,,,,,,,,,,,,,,,,,,,,,,,,,,,,,,,,,,,,,,,,,,,,,,,,,,,,,,,,,,,,,,,,,,,,,,,,,,,,,,,,,,,,,,,,,,,,,,,,,,,,,,,,
igOQ444V84U.mp4,8,shaping bread dough,A person moving the dough roll,30.0,0.0,10.0,0.03,2.43,1,73,1,10,10,19,19,28,28,37,37,46,46,55,55,64,64,73,,,,,,,,,,,,,,,,,,,,,,,,,,,,,,,,,,,,,,,,,,,,,,,,,,,,,,,,,,,,,,,,,,,,,,,,,,,,,,,,,,,,,,,,,,,,,,,,,,,,,,,,,,,,,,,,,,,,,,,,,,,,,,
LJB7TcC38Is.mp4,4,cutting apple,A person is cutting a potato with a knife,10.0,0.0,10.0,0.8,5.5,8,55,8,20,20,32,32,43,43,55,,,,,,,,,,,,,,,,,,,,,,,,,,,,,,,,,,,,,,,,,,,,,,,,,,,,,,,,,,,,,,,,,,,,,,,,,,,,,,,,,,,,,,,,,,,,,,,,,,,,,,,,,,,,,,,,,,,,,,,,,,,,,,,,,,,,,,
JmuH-TcoCBQ.mp4,3,stacking dice,A person is moving the glass on the table,25.0,0.0,10.0,7.04,8.8,176,220,176,191,191,205,205,220,,,,,,,,,,,,,,,,,,,,,,,,,,,,,,,,,,,,,,,,,,,,,,,,,,,,,,,,,,,,,,,,,,,,,,,,,,,,,,,,,,,,,,,,,,,,,,,,,,,,,,,,,,,,,,,,,,,,,,,,,,,,,,,,,,,,,,,,
RnXUyjuOES4.mp4,2,folding napkins,A person is rubbing on a cloth,26.0,0.0,10.0,6.19,7.38,161,192,161,177,177,192,,,,,,,,,,,,,,,,,,,,,,,,,,,,,,,,,,,,,,,,,,,,,,,,,,,,,,,,,,,,,,,,,,,,,,,,,,,,,,,,,,,,,,,,,,,,,,,,,,,,,,,,,,,,,,,,,,,,,,,,,,,,,,,,,,,,,,,,,,
-BdonAovQQU.mp4,2,home roasting coffee,A person is mixing food,30.0,0.0,10.0,1.0,1.87,30,56,30,43,43,56,,,,,,,,,,,,,,,,,,,,,,,,,,,,,,,,,,,,,,,,,,,,,,,,,,,,,,,,,,,,,,,,,,,,,,,,,,,,,,,,,,,,,,,,,,,,,,,,,,,,,,,,,,,,,,,,,,,,,,,,,,,,,,,,,,,,,,,,,,
PgF05QyJJwI.mp4,2,yoga,A person is doing exercise,30.0,0.0,10.0,0.53,10.0,16,300,16,158,158,300,,,,,,,,,,,,,,,,,,,,,,,,,,,,,,,,,,,,,,,,,,,,,,,,,,,,,,,,,,,,,,,,,,,,,,,,,,,,,,,,,,,,,,,,,,,,,,,,,,,,,,,,,,,,,,,,,,,,,,,,,,,,,,,,,,,,,,,,,,
T6Cbr1sfqyI.mp4,5,javelin throw,A person is jumping on his right leg,30.0,0.0,9.17,6.13,7.77,184,233,184,193,193,203,203,213,213,223,223,233,,,,,,,,,,,,,,,,,,,,,,,,,,,,,,,,,,,,,,,,,,,,,,,,,,,,,,,,,,,,,,,,,,,,,,,,,,,,,,,,,,,,,,,,,,,,,,,,,,,,,,,,,,,,,,,,,,,,,,,,,,,,,,,,,,,,
2cNED_TC9iI.mp4,4,assembling bicycle,A person is fixing the screw,29.97002997002997,0.0,10.01,1.63,8.04,49,241,49,97,97,145,145,193,193,241,,,,,,,,,,,,,,,,,,,,,,,,,,,,,,,,,,,,,,,,,,,,,,,,,,,,,,,,,,,,,,,,,,,,,,,,,,,,,,,,,,,,,,,,,,,,,,,,,,,,,,,,,,,,,,,,,,,,,,,,,,,,,,,,,,,,,,
NeMoKBKXUjc.mp4,2,counting money,A person is placing the coins,30.0,0.0,10.0,0.27,5.97,8,179,8,94,94,179,,,,,,,,,,,,,,,,,,,,,,,,,,,,,,,,,,,,,,,,,,,,,,,,,,,,,,,,,,,,,,,,,,,,,,,,,,,,,,,,,,,,,,,,,,,,,,,,,,,,,,,,,,,,,,,,,,,,,,,,,,,,,,,,,,,,,,,,,,
fgaz2sFs5j8.mp4,2,jumping jacks,A boy is dancing a step,29.416666666666668,0.0,10.03,3.71,9.01,109,265,109,187,187,265,,,,,,,,,,,,,,,,,,,,,,,,,,,,,,,,,,,,,,,,,,,,,,,,,,,,,,,,,,,,,,,,,,,,,,,,,,,,,,,,,,,,,,,,,,,,,,,,,,,,,,,,,,,,,,,,,,,,,,,,,,,,,,,,,,,,,,,,,,
8uff8lqikio.mp4,8,waxing legs,A person is applying wax to the leg,25.0,0.0,10.0,0.32,7.8,8,195,8,31,31,55,55,78,78,101,101,125,125,148,148,172,172,195,,,,,,,,,,,,,,,,,,,,,,,,,,,,,,,,,,,,,,,,,,,,,,,,,,,,,,,,,,,,,,,,,,,,,,,,,,,,,,,,,,,,,,,,,,,,,,,,,,,,,,,,,,,,,,,,,,,,,,,,,,,,,,
N9BpuI-6EmA.mp4,6,swimming butterfly stroke,A person is swimming in the water,30.0,0.0,10.0,0.53,9.23,16,277,16,59,59,103,103,146,146,190,190,234,234,277,,,,,,,,,,,,,,,,,,,,,,,,,,,,,,,,,,,,,,,,,,,,,,,,,,,,,,,,,,,,,,,,,,,,,,,,,,,,,,,,,,,,,,,,,,,,,,,,,,,,,,,,,,,,,,,,,,,,,,,,,,,,,,,,,,
NyscV0RER98.mp4,3,playing lute,A person is playing the guitar,29.97002997002997,0.0,10.01,0.57,1.43,17,43,17,26,26,34,34,43,,,,,,,,,,,,,,,,,,,,,,,,,,,,,,,,,,,,,,,,,,,,,,,,,,,,,,,,,,,,,,,,,,,,,,,,,,,,,,,,,,,,,,,,,,,,,,,,,,,,,,,,,,,,,,,,,,,,,,,,,,,,,,,,,,,,,,,,
dMSku7Nwxd8.mp4,2,juggling fire,A person is fire juggling,25.0,0.0,10.0,8.6,10.0,215,250,215,233,233,250,,,,,,,,,,,,,,,,,,,,,,,,,,,,,,,,,,,,,,,,,,,,,,,,,,,,,,,,,,,,,,,,,,,,,,,,,,,,,,,,,,,,,,,,,,,,,,,,,,,,,,,,,,,,,,,,,,,,,,,,,,,,,,,,,,,,,,,,,,
s-ll1b2Eyv0.mp4,6,tie dying,A person is tapping with his hand,8.0,0.0,10.0,0.38,2.75,3,22,3,6,6,9,9,12,12,16,16,19,19,22,,,,,,,,,,,,,,,,,,,,,,,,,,,,,,,,,,,,,,,,,,,,,,,,,,,,,,,,,,,,,,,,,,,,,,,,,,,,,,,,,,,,,,,,,,,,,,,,,,,,,,,,,,,,,,,,,,,,,,,,,,,,,,,,,,
WH1KkjjAe2o.mp4,2,wood burning (art),A person is drawing a picture,30.0,0.0,10.0,6.43,7.0,193,210,193,202,202,210,,,,,,,,,,,,,,,,,,,,,,,,,,,,,,,,,,,,,,,,,,,,,,,,,,,,,,,,,,,,,,,,,,,,,,,,,,,,,,,,,,,,,,,,,,,,,,,,,,,,,,,,,,,,,,,,,,,,,,,,,,,,,,,,,,,,,,,,,,
VdcmkP3Inv4.mp4,6,directing traffic,A person is moving the hand,29.916666666666668,0.0,10.03,1.97,3.51,59,105,59,66,66,74,74,82,82,90,90,98,98,105,,,,,,,,,,,,,,,,,,,,,,,,,,,,,,,,,,,,,,,,,,,,,,,,,,,,,,,,,,,,,,,,,,,,,,,,,,,,,,,,,,,,,,,,,,,,,,,,,,,,,,,,,,,,,,,,,,,,,,,,,,,,,,,,,,
Sn627y08nmw.mp4,2,bench pressing,The woman is doing exercise,29.97002997002997,0.0,9.84,0.57,8.31,17,249,17,133,133,249,,,,,,,,,,,,,,,,,,,,,,,,,,,,,,,,,,,,,,,,,,,,,,,,,,,,,,,,,,,,,,,,,,,,,,,,,,,,,,,,,,,,,,,,,,,,,,,,,,,,,,,,,,,,,,,,,,,,,,,,,,,,,,,,,,,,,,,,,,
hiwmrWPmZaE.mp4,7,steering car,A person is rotating the steering,25.0,0.0,10.0,3.24,6.68,81,167,81,93,93,106,106,118,118,130,130,142,142,155,155,167,,,,,,,,,,,,,,,,,,,,,,,,,,,,,,,,,,,,,,,,,,,,,,,,,,,,,,,,,,,,,,,,,,,,,,,,,,,,,,,,,,,,,,,,,,,,,,,,,,,,,,,,,,,,,,,,,,,,,,,,,,,,,,,,
2MvbDyjLu7E.mp4,26,separating eggs,A person is moving the funnel,30.0,0.0,10.0,4.17,9.97,125,299,125,131,131,138,138,145,145,152,152,158,158,165,165,172,172,178,178,185,185,192,192,198,198,205,205,212,212,218,218,225,225,232,232,239,239,245,245,252,252,259,259,265,265,272,272,279,279,285,285,292,292,299,,,,,,,,,,,,,,,,,,,,,,,,,,,,,,,,,,,,,,,,,,,,,,,,,,,,,,,,,,,,,,,,,,,,,,,,,,,,,,,,,,,,,,,,,,
L4KnpWOsAr4.mp4,4,playing cello,A person is playing a musical instrument,29.97002997002997,0.0,10.01,2.64,10.01,79,300,79,134,134,189,189,245,245,300,,,,,,,,,,,,,,,,,,,,,,,,,,,,,,,,,,,,,,,,,,,,,,,,,,,,,,,,,,,,,,,,,,,,,,,,,,,,,,,,,,,,,,,,,,,,,,,,,,,,,,,,,,,,,,,,,,,,,,,,,,,,,,,,,,,,,,
8dg37dwxtUQ.mp4,2,crocheting,A person is knitting yarn,30.0,0.0,10.0,1.67,4.07,50,122,50,86,86,122,,,,,,,,,,,,,,,,,,,,,,,,,,,,,,,,,,,,,,,,,,,,,,,,,,,,,,,,,,,,,,,,,,,,,,,,,,,,,,,,,,,,,,,,,,,,,,,,,,,,,,,,,,,,,,,,,,,,,,,,,,,,,,,,,,,,,,,,,,
DaYQeArdK4Y.mp4,3,playing didgeridoo,A person is moving the hand by holding a stick,24.0,0.0,10.0,0.21,1.04,5,25,5,12,12,18,18,25,,,,,,,,,,,,,,,,,,,,,,,,,,,,,,,,,,,,,,,,,,,,,,,,,,,,,,,,,,,,,,,,,,,,,,,,,,,,,,,,,,,,,,,,,,,,,,,,,,,,,,,,,,,,,,,,,,,,,,,,,,,,,,,,,,,,,,,,
lx4_H9JvWdk.mp4,2,walking through snow,A person is digging the snow,23.976023976023978,0.0,10.01,0.67,4.55,16,109,16,63,63,109,,,,,,,,,,,,,,,,,,,,,,,,,,,,,,,,,,,,,,,,,,,,,,,,,,,,,,,,,,,,,,,,,,,,,,,,,,,,,,,,,,,,,,,,,,,,,,,,,,,,,,,,,,,,,,,,,,,,,,,,,,,,,,,,,,,,,,,,,,
8SXFBopRZTs.mp4,7,making latte art,A person is designing a coffee cup,30.0,0.0,10.0,0.03,7.8,1,234,1,34,34,68,68,101,101,134,134,167,167,201,201,234,,,,,,,,,,,,,,,,,,,,,,,,,,,,,,,,,,,,,,,,,,,,,,,,,,,,,,,,,,,,,,,,,,,,,,,,,,,,,,,,,,,,,,,,,,,,,,,,,,,,,,,,,,,,,,,,,,,,,,,,,,,,,,,,
kGL8M02piEk.mp4,8,sharpening knives,A person is sharpening the knife,29.97002997002997,0.0,10.01,0.07,2.47,2,74,2,11,11,20,20,29,29,38,38,47,47,56,56,65,65,74,,,,,,,,,,,,,,,,,,,,,,,,,,,,,,,,,,,,,,,,,,,,,,,,,,,,,,,,,,,,,,,,,,,,,,,,,,,,,,,,,,,,,,,,,,,,,,,,,,,,,,,,,,,,,,,,,,,,,,,,,,,,,,
EL0YuhpJslU.mp4,2,steer roping,A person is handling the rope,30.0,0.0,10.0,9.37,10.0,281,300,281,290,290,300,,,,,,,,,,,,,,,,,,,,,,,,,,,,,,,,,,,,,,,,,,,,,,,,,,,,,,,,,,,,,,,,,,,,,,,,,,,,,,,,,,,,,,,,,,,,,,,,,,,,,,,,,,,,,,,,,,,,,,,,,,,,,,,,,,,,,,,,,,
O7r9xk-Py-c.mp4,4,chopping meat,A person is cutting the meat,30.0,0.0,10.0,7.37,9.0,221,270,221,233,233,245,245,258,258,270,,,,,,,,,,,,,,,,,,,,,,,,,,,,,,,,,,,,,,,,,,,,,,,,,,,,,,,,,,,,,,,,,,,,,,,,,,,,,,,,,,,,,,,,,,,,,,,,,,,,,,,,,,,,,,,,,,,,,,,,,,,,,,,,,,,,,,
K0vRZCfw4Hg.mp4,7,sharpening knives,A person is sharpening the knife,29.97002997002997,0.0,10.01,0.03,2.97,1,89,1,14,14,26,26,39,39,51,51,64,64,76,76,89,,,,,,,,,,,,,,,,,,,,,,,,,,,,,,,,,,,,,,,,,,,,,,,,,,,,,,,,,,,,,,,,,,,,,,,,,,,,,,,,,,,,,,,,,,,,,,,,,,,,,,,,,,,,,,,,,,,,,,,,,,,,,,,,
a2rzpGVERJM.mp4,4,twiddling fingers,A person is moving the hand's fingers,29.97002997002997,0.0,10.01,3.77,4.7,113,141,113,120,120,127,127,134,134,141,,,,,,,,,,,,,,,,,,,,,,,,,,,,,,,,,,,,,,,,,,,,,,,,,,,,,,,,,,,,,,,,,,,,,,,,,,,,,,,,,,,,,,,,,,,,,,,,,,,,,,,,,,,,,,,,,,,,,,,,,,,,,,,,,,,,,,
VHCjwe8RQec.mp4,4,sausage making,A person is mixing with their hands,29.97002997002997,0.0,10.01,1.17,3.04,35,91,35,49,49,63,63,77,77,91,,,,,,,,,,,,,,,,,,,,,,,,,,,,,,,,,,,,,,,,,,,,,,,,,,,,,,,,,,,,,,,,,,,,,,,,,,,,,,,,,,,,,,,,,,,,,,,,,,,,,,,,,,,,,,,,,,,,,,,,,,,,,,,,,,,,,,
qoQBPXcPvts.mp4,6,using a paint roller,A person is painting the wall with the roller,29.916666666666668,0.0,10.03,0.03,8.06,1,241,1,41,41,81,81,121,121,161,161,201,201,241,,,,,,,,,,,,,,,,,,,,,,,,,,,,,,,,,,,,,,,,,,,,,,,,,,,,,,,,,,,,,,,,,,,,,,,,,,,,,,,,,,,,,,,,,,,,,,,,,,,,,,,,,,,,,,,,,,,,,,,,,,,,,,,,,,
sVt-ScBN1eA.mp4,3,waving hand,A person is moving the hand,30.0,0.0,10.0,1.6,4.6,48,138,48,78,78,108,108,138,,,,,,,,,,,,,,,,,,,,,,,,,,,,,,,,,,,,,,,,,,,,,,,,,,,,,,,,,,,,,,,,,,,,,,,,,,,,,,,,,,,,,,,,,,,,,,,,,,,,,,,,,,,,,,,,,,,,,,,,,,,,,,,,,,,,,,,,
dDSl17_lJrM.mp4,6,breathing fire,A person is moving his hands,30.0,0.0,10.0,6.73,7.8,202,234,202,207,207,212,212,218,218,223,223,229,229,234,,,,,,,,,,,,,,,,,,,,,,,,,,,,,,,,,,,,,,,,,,,,,,,,,,,,,,,,,,,,,,,,,,,,,,,,,,,,,,,,,,,,,,,,,,,,,,,,,,,,,,,,,,,,,,,,,,,,,,,,,,,,,,,,,,
9kT_phurIHU.mp4,6,punching bag,A boy is doing boxing,24.0,0.0,10.0,0.67,7.38,16,177,16,43,43,70,70,96,96,123,123,150,150,177,,,,,,,,,,,,,,,,,,,,,,,,,,,,,,,,,,,,,,,,,,,,,,,,,,,,,,,,,,,,,,,,,,,,,,,,,,,,,,,,,,,,,,,,,,,,,,,,,,,,,,,,,,,,,,,,,,,,,,,,,,,,,,,,,,
fncy-lbnLCk.mp4,3,steering car,A person is rotating the steering wheel,29.97002997002997,0.0,9.34,0.57,8.98,17,269,17,101,101,185,185,269,,,,,,,,,,,,,,,,,,,,,,,,,,,,,,,,,,,,,,,,,,,,,,,,,,,,,,,,,,,,,,,,,,,,,,,,,,,,,,,,,,,,,,,,,,,,,,,,,,,,,,,,,,,,,,,,,,,,,,,,,,,,,,,,,,,,,,,,
OIIWQQJ3RVo.mp4,7,clay pottery making,A person is pressing the clay,11.988011988011989,0.0,10.01,0.58,2.75,7,33,7,11,11,14,14,18,18,22,22,25,25,29,29,33,,,,,,,,,,,,,,,,,,,,,,,,,,,,,,,,,,,,,,,,,,,,,,,,,,,,,,,,,,,,,,,,,,,,,,,,,,,,,,,,,,,,,,,,,,,,,,,,,,,,,,,,,,,,,,,,,,,,,,,,,,,,,,,,
Rnr3dG4ZtTk.mp4,3,fixing bicycle,A person is repairing the chain of a bicycle,29.97002997002997,0.0,10.01,5.27,6.61,158,198,158,171,171,185,185,198,,,,,,,,,,,,,,,,,,,,,,,,,,,,,,,,,,,,,,,,,,,,,,,,,,,,,,,,,,,,,,,,,,,,,,,,,,,,,,,,,,,,,,,,,,,,,,,,,,,,,,,,,,,,,,,,,,,,,,,,,,,,,,,,,,,,,,,,
j0Sw7rcNEBo.mp4,5,swimming front crawl,A person is swimming,29.0,0.0,10.0,0.03,6.21,1,180,1,37,37,73,73,108,108,144,144,180,,,,,,,,,,,,,,,,,,,,,,,,,,,,,,,,,,,,,,,,,,,,,,,,,,,,,,,,,,,,,,,,,,,,,,,,,,,,,,,,,,,,,,,,,,,,,,,,,,,,,,,,,,,,,,,,,,,,,,,,,,,,,,,,,,,,
L2SaEzAlmmk.mp4,2,smelling feet,A person is tapping on legs,29.97002997002997,0.0,10.01,9.61,10.01,288,300,288,294,294,300,,,,,,,,,,,,,,,,,,,,,,,,,,,,,,,,,,,,,,,,,,,,,,,,,,,,,,,,,,,,,,,,,,,,,,,,,,,,,,,,,,,,,,,,,,,,,,,,,,,,,,,,,,,,,,,,,,,,,,,,,,,,,,,,,,,,,,,,,,
9mClKtfzr-o.mp4,2,punching person (boxing),A person is doing a workout,29.97002997002997,0.0,10.01,0.13,10.01,4,300,4,152,152,300,,,,,,,,,,,,,,,,,,,,,,,,,,,,,,,,,,,,,,,,,,,,,,,,,,,,,,,,,,,,,,,,,,,,,,,,,,,,,,,,,,,,,,,,,,,,,,,,,,,,,,,,,,,,,,,,,,,,,,,,,,,,,,,,,,,,,,,,,,
hIWIJyMby2s.mp4,5,blasting sand,A person is plastering the wall,30.0,0.0,9.8,1.87,9.0,56,270,56,99,99,142,142,185,185,227,227,270,,,,,,,,,,,,,,,,,,,,,,,,,,,,,,,,,,,,,,,,,,,,,,,,,,,,,,,,,,,,,,,,,,,,,,,,,,,,,,,,,,,,,,,,,,,,,,,,,,,,,,,,,,,,,,,,,,,,,,,,,,,,,,,,,,,,
9HdUqbgarMA.mp4,6,krumping,A person is jumping,24.0,0.0,10.0,0.38,3.71,9,89,9,22,22,36,36,49,49,62,62,76,76,89,,,,,,,,,,,,,,,,,,,,,,,,,,,,,,,,,,,,,,,,,,,,,,,,,,,,,,,,,,,,,,,,,,,,,,,,,,,,,,,,,,,,,,,,,,,,,,,,,,,,,,,,,,,,,,,,,,,,,,,,,,,,,,,,,,
BDduXreZRbw.mp4,2,spinning plates,A person is rotating the plate,29.0,0.0,10.0,6.48,7.55,188,219,188,204,204,219,,,,,,,,,,,,,,,,,,,,,,,,,,,,,,,,,,,,,,,,,,,,,,,,,,,,,,,,,,,,,,,,,,,,,,,,,,,,,,,,,,,,,,,,,,,,,,,,,,,,,,,,,,,,,,,,,,,,,,,,,,,,,,,,,,,,,,,,,,
aAArkiMhoB4.mp4,8,sanding wood,A person is cleaning with the cloth,29.97002997002997,0.0,7.91,2.87,7.84,86,235,86,105,105,123,123,142,142,161,161,179,179,198,198,216,216,235,,,,,,,,,,,,,,,,,,,,,,,,,,,,,,,,,,,,,,,,,,,,,,,,,,,,,,,,,,,,,,,,,,,,,,,,,,,,,,,,,,,,,,,,,,,,,,,,,,,,,,,,,,,,,,,,,,,,,,,,,,,,,,
cAFSpIPJmxY.mp4,2,doing sudoku,A person is playing a game,25.0,0.0,10.0,5.44,9.72,136,243,136,190,190,243,,,,,,,,,,,,,,,,,,,,,,,,,,,,,,,,,,,,,,,,,,,,,,,,,,,,,,,,,,,,,,,,,,,,,,,,,,,,,,,,,,,,,,,,,,,,,,,,,,,,,,,,,,,,,,,,,,,,,,,,,,,,,,,,,,,,,,,,,,
larjBDhZnKE.mp4,2,combing hair,A girl is combing her hair,24.0,0.0,10.0,3.63,6.79,87,163,87,125,125,163,,,,,,,,,,,,,,,,,,,,,,,,,,,,,,,,,,,,,,,,,,,,,,,,,,,,,,,,,,,,,,,,,,,,,,,,,,,,,,,,,,,,,,,,,,,,,,,,,,,,,,,,,,,,,,,,,,,,,,,,,,,,,,,,,,,,,,,,,,
6cZ5nPWfBjw.mp4,3,tap dancing,A person is moving their legs,24.0,0.0,10.0,0.42,1.79,10,43,10,21,21,32,32,43,,,,,,,,,,,,,,,,,,,,,,,,,,,,,,,,,,,,,,,,,,,,,,,,,,,,,,,,,,,,,,,,,,,,,,,,,,,,,,,,,,,,,,,,,,,,,,,,,,,,,,,,,,,,,,,,,,,,,,,,,,,,,,,,,,,,,,,,
yDUo-KACAdw.mp4,8,cleaning pool,A person is putting the pipe into the swimming pool,25.0,0.0,10.0,0.24,7.84,6,196,6,30,30,53,53,77,77,101,101,125,125,148,148,172,172,196,,,,,,,,,,,,,,,,,,,,,,,,,,,,,,,,,,,,,,,,,,,,,,,,,,,,,,,,,,,,,,,,,,,,,,,,,,,,,,,,,,,,,,,,,,,,,,,,,,,,,,,,,,,,,,,,,,,,,,,,,,,,,,
xBGpxEoxUj8.mp4,3,javelin throw,A person is trying to throw the object,29.917,0.0,10.03,4.14,7.12,124,213,124,154,154,183,183,213,,,,,,,,,,,,,,,,,,,,,,,,,,,,,,,,,,,,,,,,,,,,,,,,,,,,,,,,,,,,,,,,,,,,,,,,,,,,,,,,,,,,,,,,,,,,,,,,,,,,,,,,,,,,,,,,,,,,,,,,,,,,,,,,,,,,,,,,
yCEVY-9Tc8k.mp4,45,scrambling eggs,A person is mixing in the bowl,30.0,0.0,10.0,0.03,10.0,1,300,1,8,8,14,14,21,21,28,28,34,34,41,41,48,48,54,54,61,61,68,68,74,74,81,81,88,88,94,94,101,101,107,107,114,114,121,121,127,127,134,134,141,141,147,147,154,154,161,161,167,167,174,174,180,180,187,187,194,194,200,200,207,207,214,214,220,220,227,227,234,234,240,240,247,247,254,254,260,260,267,267,273,273,280,280,287,287,293,293,300,,,,,,,,,,,,,,,,,,,,,,,,,,,,,,,,,,,,,,,,,,,,,,,,,,,,
kRsVhL549N8.mp4,5,shaping bread dough,A person is making dough,30.0,0.0,9.2,6.63,9.13,199,274,199,214,214,229,229,244,244,259,259,274,,,,,,,,,,,,,,,,,,,,,,,,,,,,,,,,,,,,,,,,,,,,,,,,,,,,,,,,,,,,,,,,,,,,,,,,,,,,,,,,,,,,,,,,,,,,,,,,,,,,,,,,,,,,,,,,,,,,,,,,,,,,,,,,,,,,
cdu-0xQEXJc.mp4,3,treating wood,A person is rubbing the door,25.0,0.0,10.0,6.12,8.64,153,216,153,174,174,195,195,216,,,,,,,,,,,,,,,,,,,,,,,,,,,,,,,,,,,,,,,,,,,,,,,,,,,,,,,,,,,,,,,,,,,,,,,,,,,,,,,,,,,,,,,,,,,,,,,,,,,,,,,,,,,,,,,,,,,,,,,,,,,,,,,,,,,,,,,,
48OBJ_YZnaM.mp4,2,separating eggs,A person is breaking the egg,23.976023976023978,0.0,9.84,2.46,3.34,59,80,59,69,69,80,,,,,,,,,,,,,,,,,,,,,,,,,,,,,,,,,,,,,,,,,,,,,,,,,,,,,,,,,,,,,,,,,,,,,,,,,,,,,,,,,,,,,,,,,,,,,,,,,,,,,,,,,,,,,,,,,,,,,,,,,,,,,,,,,,,,,,,,,,
a_JmlsgbHX8.mp4,37,sieving,The machine is rotating anti-clockwise,29.0,0.0,10.0,0.03,9.03,1,262,1,8,8,15,15,22,22,29,29,36,36,43,43,51,51,58,58,65,65,72,72,79,79,86,86,93,93,100,100,107,107,114,114,121,121,128,128,135,135,142,142,149,149,156,156,163,163,170,170,178,178,185,185,192,192,199,199,206,206,213,213,220,220,227,227,234,234,241,241,248,248,255,255,262,,,,,,,,,,,,,,,,,,,,,,,,,,,,,,,,,,,,,,,,,,,,,,,,,,,,,,,,,,,,,,,,,,,,
a_XYbrkx8To.mp4,3,zumba,A person is dancing,30.0,0.0,10.0,4.33,7.03,130,211,130,157,157,184,184,211,,,,,,,,,,,,,,,,,,,,,,,,,,,,,,,,,,,,,,,,,,,,,,,,,,,,,,,,,,,,,,,,,,,,,,,,,,,,,,,,,,,,,,,,,,,,,,,,,,,,,,,,,,,,,,,,,,,,,,,,,,,,,,,,,,,,,,,,
arO1rcMQvSU.mp4,2,curling eyelashes,A person is using an eyelash curler,30.0,0.0,10.0,0.03,5.57,1,167,1,84,84,167,,,,,,,,,,,,,,,,,,,,,,,,,,,,,,,,,,,,,,,,,,,,,,,,,,,,,,,,,,,,,,,,,,,,,,,,,,,,,,,,,,,,,,,,,,,,,,,,,,,,,,,,,,,,,,,,,,,,,,,,,,,,,,,,,,,,,,,,,,
t9OE3nxnI2Y.mp4,4,using a sledge hammer,A person is hitting the tire with a hammer,29.5,0.0,10.0,1.49,9.02,44,266,44,99,99,155,155,210,210,266,,,,,,,,,,,,,,,,,,,,,,,,,,,,,,,,,,,,,,,,,,,,,,,,,,,,,,,,,,,,,,,,,,,,,,,,,,,,,,,,,,,,,,,,,,,,,,,,,,,,,,,,,,,,,,,,,,,,,,,,,,,,,,,,,,,,,,
jnpdzG5NRQc.mp4,4,massaging feet,A person is massaging the foot,24.0,0.0,10.0,1.46,5.04,35,121,35,56,56,78,78,99,99,121,,,,,,,,,,,,,,,,,,,,,,,,,,,,,,,,,,,,,,,,,,,,,,,,,,,,,,,,,,,,,,,,,,,,,,,,,,,,,,,,,,,,,,,,,,,,,,,,,,,,,,,,,,,,,,,,,,,,,,,,,,,,,,,,,,,,,,
ZBtfgwQ0gS8.mp4,3,steer roping,A person is rotating the wire,29.916666666666668,0.0,10.03,4.81,6.12,144,183,144,157,157,170,170,183,,,,,,,,,,,,,,,,,,,,,,,,,,,,,,,,,,,,,,,,,,,,,,,,,,,,,,,,,,,,,,,,,,,,,,,,,,,,,,,,,,,,,,,,,,,,,,,,,,,,,,,,,,,,,,,,,,,,,,,,,,,,,,,,,,,,,,,,
DGvO4_sOmxE.mp4,10,weaving fabric,A machine arm is moving,25.0,0.0,10.0,0.32,8.32,8,208,8,28,28,48,48,68,68,88,88,108,108,128,128,148,148,168,168,188,188,208,,,,,,,,,,,,,,,,,,,,,,,,,,,,,,,,,,,,,,,,,,,,,,,,,,,,,,,,,,,,,,,,,,,,,,,,,,,,,,,,,,,,,,,,,,,,,,,,,,,,,,,,,,,,,,,,,,,,,,,,,,
ef1iURVP2xk.mp4,19,getting a haircut,A person is trimming his hair,25.0,0.0,10.0,0.84,8.88,21,222,21,32,32,42,42,53,53,63,63,74,74,84,84,95,95,106,106,116,116,127,127,137,137,148,148,159,159,169,169,180,180,190,190,201,201,211,211,222,,,,,,,,,,,,,,,,,,,,,,,,,,,,,,,,,,,,,,,,,,,,,,,,,,,,,,,,,,,,,,,,,,,,,,,,,,,,,,,,,,,,,,,,,,,,,,,,,,,,,,,,
fc9kZa7Y8Ro.mp4,4,playing guitar,A person is playing the guitar,24.0,0.0,10.0,0.38,2.29,9,55,9,20,20,32,32,43,43,55,,,,,,,,,,,,,,,,,,,,,,,,,,,,,,,,,,,,,,,,,,,,,,,,,,,,,,,,,,,,,,,,,,,,,,,,,,,,,,,,,,,,,,,,,,,,,,,,,,,,,,,,,,,,,,,,,,,,,,,,,,,,,,,,,,,,,,
gFW4s23ZCF0.mp4,2,putting on eyeliner,A person is applying kajal,29.97002997002997,0.0,10.01,0.93,3.0,28,90,28,59,59,90,,,,,,,,,,,,,,,,,,,,,,,,,,,,,,,,,,,,,,,,,,,,,,,,,,,,,,,,,,,,,,,,,,,,,,,,,,,,,,,,,,,,,,,,,,,,,,,,,,,,,,,,,,,,,,,,,,,,,,,,,,,,,,,,,,,,,,,,,,
cjYZqPTZvHY.mp4,3,making balloon shapes,A kid is playing with a balloon,29.97002997002997,0.0,10.01,1.33,3.87,40,116,40,65,65,91,91,116,,,,,,,,,,,,,,,,,,,,,,,,,,,,,,,,,,,,,,,,,,,,,,,,,,,,,,,,,,,,,,,,,,,,,,,,,,,,,,,,,,,,,,,,,,,,,,,,,,,,,,,,,,,,,,,,,,,,,,,,,,,,,,,,,,,,,,,,
iCoV-Un6Op8.mp4,7,shining shoes,A person is polishing the shoe,23.953,0.0,10.02,6.64,9.85,159,236,159,170,170,181,181,192,192,203,203,214,214,225,225,236,,,,,,,,,,,,,,,,,,,,,,,,,,,,,,,,,,,,,,,,,,,,,,,,,,,,,,,,,,,,,,,,,,,,,,,,,,,,,,,,,,,,,,,,,,,,,,,,,,,,,,,,,,,,,,,,,,,,,,,,,,,,,,,,
eEDpvg1Eo2o.mp4,7,busking,A man moves the guitar strings with his fingers,30.0,0.0,10.0,0.07,2.33,2,70,2,12,12,22,22,31,31,41,41,50,50,60,60,70,,,,,,,,,,,,,,,,,,,,,,,,,,,,,,,,,,,,,,,,,,,,,,,,,,,,,,,,,,,,,,,,,,,,,,,,,,,,,,,,,,,,,,,,,,,,,,,,,,,,,,,,,,,,,,,,,,,,,,,,,,,,,,,,
TeOXyKTbeuE.mp4,4,making sushi,A person is applying oil with a brush,30.0,0.0,10.0,6.37,8.57,191,257,191,207,207,224,224,240,240,257,,,,,,,,,,,,,,,,,,,,,,,,,,,,,,,,,,,,,,,,,,,,,,,,,,,,,,,,,,,,,,,,,,,,,,,,,,,,,,,,,,,,,,,,,,,,,,,,,,,,,,,,,,,,,,,,,,,,,,,,,,,,,,,,,,,,,,
kvmh09DdNko.mp4,4,singing,A person is moving his hand,29.97002997002997,0.0,9.31,0.4,2.04,12,61,12,24,24,37,37,49,49,61,,,,,,,,,,,,,,,,,,,,,,,,,,,,,,,,,,,,,,,,,,,,,,,,,,,,,,,,,,,,,,,,,,,,,,,,,,,,,,,,,,,,,,,,,,,,,,,,,,,,,,,,,,,,,,,,,,,,,,,,,,,,,,,,,,,,,,
dNsHd6q3WTk.mp4,2,packing,A person is keeping her clothes in a bag,29.97002997002997,0.0,10.01,1.67,3.27,50,98,50,74,74,98,,,,,,,,,,,,,,,,,,,,,,,,,,,,,,,,,,,,,,,,,,,,,,,,,,,,,,,,,,,,,,,,,,,,,,,,,,,,,,,,,,,,,,,,,,,,,,,,,,,,,,,,,,,,,,,,,,,,,,,,,,,,,,,,,,,,,,,,,,
T6Cbr1sfqyI.mp4,5,javelin throw,A man is jumping,30.0,0.0,9.17,5.83,7.8,175,234,175,187,187,199,199,210,210,222,222,234,,,,,,,,,,,,,,,,,,,,,,,,,,,,,,,,,,,,,,,,,,,,,,,,,,,,,,,,,,,,,,,,,,,,,,,,,,,,,,,,,,,,,,,,,,,,,,,,,,,,,,,,,,,,,,,,,,,,,,,,,,,,,,,,,,,,
fgaz2sFs5j8.mp4,2,jumping jacks,A person is jumping on the floor,29.416666666666668,0.0,10.03,3.77,8.97,111,264,111,187,187,264,,,,,,,,,,,,,,,,,,,,,,,,,,,,,,,,,,,,,,,,,,,,,,,,,,,,,,,,,,,,,,,,,,,,,,,,,,,,,,,,,,,,,,,,,,,,,,,,,,,,,,,,,,,,,,,,,,,,,,,,,,,,,,,,,,,,,,,,,,
8arA38O3v4E.mp4,3,waking up,A kid is jumping,29.97002997002997,0.0,10.01,4.67,6.11,140,183,140,155,155,169,169,183,,,,,,,,,,,,,,,,,,,,,,,,,,,,,,,,,,,,,,,,,,,,,,,,,,,,,,,,,,,,,,,,,,,,,,,,,,,,,,,,,,,,,,,,,,,,,,,,,,,,,,,,,,,,,,,,,,,,,,,,,,,,,,,,,,,,,,,,
ucfjsTCUMZE.mp4,2,catching or throwing frisbee,A boy is hitting the object to his leg,29.97002997002997,0.0,10.01,5.44,6.67,163,200,163,182,182,200,,,,,,,,,,,,,,,,,,,,,,,,,,,,,,,,,,,,,,,,,,,,,,,,,,,,,,,,,,,,,,,,,,,,,,,,,,,,,,,,,,,,,,,,,,,,,,,,,,,,,,,,,,,,,,,,,,,,,,,,,,,,,,,,,,,,,,,,,,
EvVfr-W31C8.mp4,2,making balloon shapes,A person is turning the balloon,23.976023976023978,0.0,10.01,1.63,3.29,39,79,39,59,59,79,,,,,,,,,,,,,,,,,,,,,,,,,,,,,,,,,,,,,,,,,,,,,,,,,,,,,,,,,,,,,,,,,,,,,,,,,,,,,,,,,,,,,,,,,,,,,,,,,,,,,,,,,,,,,,,,,,,,,,,,,,,,,,,,,,,,,,,,,,
I_OuI2-miA8.mp4,3,playing scrabble,A person places a few objects on a green play board,29.97,0.0,10.01,4.37,8.51,131,255,131,172,172,214,214,255,,,,,,,,,,,,,,,,,,,,,,,,,,,,,,,,,,,,,,,,,,,,,,,,,,,,,,,,,,,,,,,,,,,,,,,,,,,,,,,,,,,,,,,,,,,,,,,,,,,,,,,,,,,,,,,,,,,,,,,,,,,,,,,,,,,,,,,,
gMVs2BqYMn4.mp4,9,celebrating,A person is waving the hand with a white cloth,29.97002997002997,0.0,10.01,5.51,9.28,165,278,165,178,178,190,190,203,203,216,216,228,228,241,241,253,253,266,266,278,,,,,,,,,,,,,,,,,,,,,,,,,,,,,,,,,,,,,,,,,,,,,,,,,,,,,,,,,,,,,,,,,,,,,,,,,,,,,,,,,,,,,,,,,,,,,,,,,,,,,,,,,,,,,,,,,,,,,,,,,,,,
7eh3Fx-1VD4.mp4,2,playing bass guitar,A person is playing an instrument,29.97002997002997,0.0,10.01,3.0,5.01,90,150,90,120,120,150,,,,,,,,,,,,,,,,,,,,,,,,,,,,,,,,,,,,,,,,,,,,,,,,,,,,,,,,,,,,,,,,,,,,,,,,,,,,,,,,,,,,,,,,,,,,,,,,,,,,,,,,,,,,,,,,,,,,,,,,,,,,,,,,,,,,,,,,,,
lRUYAgrsoLw.mp4,5,sharpening knives,A person is sharpening the knife,29.97002997002997,0.0,10.01,0.03,6.21,1,186,1,38,38,75,75,112,112,149,149,186,,,,,,,,,,,,,,,,,,,,,,,,,,,,,,,,,,,,,,,,,,,,,,,,,,,,,,,,,,,,,,,,,,,,,,,,,,,,,,,,,,,,,,,,,,,,,,,,,,,,,,,,,,,,,,,,,,,,,,,,,,,,,,,,,,,,
7D582WY2Et4.mp4,8,tap dancing,A woman is stretching her leg,29.97002997002997,0.0,10.01,2.94,7.11,88,213,88,103,103,119,119,135,135,150,150,166,166,182,182,198,198,213,,,,,,,,,,,,,,,,,,,,,,,,,,,,,,,,,,,,,,,,,,,,,,,,,,,,,,,,,,,,,,,,,,,,,,,,,,,,,,,,,,,,,,,,,,,,,,,,,,,,,,,,,,,,,,,,,,,,,,,,,,,,,,
rr4AG8fdrA0.mp4,10,peeling apples,A child is rotating the machine's handle,29.97002997002997,0.0,8.44,0.03,8.38,1,251,1,26,26,51,51,76,76,101,101,126,126,151,151,176,176,201,201,226,226,251,,,,,,,,,,,,,,,,,,,,,,,,,,,,,,,,,,,,,,,,,,,,,,,,,,,,,,,,,,,,,,,,,,,,,,,,,,,,,,,,,,,,,,,,,,,,,,,,,,,,,,,,,,,,,,,,,,,,,,,,,,
E1fmSijoPT4.mp4,3,playing cymbals,A woman is playing an instrument,29.97002997002997,0.0,9.41,4.0,7.81,120,234,120,158,158,196,196,234,,,,,,,,,,,,,,,,,,,,,,,,,,,,,,,,,,,,,,,,,,,,,,,,,,,,,,,,,,,,,,,,,,,,,,,,,,,,,,,,,,,,,,,,,,,,,,,,,,,,,,,,,,,,,,,,,,,,,,,,,,,,,,,,,,,,,,,,
vx-g_xfa_G0.mp4,3,headbanging,A group of girls are rotating their heads,30.0,0.0,10.0,0.07,1.93,2,58,2,21,21,39,39,58,,,,,,,,,,,,,,,,,,,,,,,,,,,,,,,,,,,,,,,,,,,,,,,,,,,,,,,,,,,,,,,,,,,,,,,,,,,,,,,,,,,,,,,,,,,,,,,,,,,,,,,,,,,,,,,,,,,,,,,,,,,,,,,,,,,,,,,,
7_sxiwOBqB8.mp4,15,dribbling basketball,A boy is playing with a ball,29.97002997002997,0.0,8.98,0.07,7.61,2,228,2,17,17,32,32,47,47,62,62,78,78,93,93,108,108,123,123,138,138,153,153,168,168,183,183,198,198,213,213,228,,,,,,,,,,,,,,,,,,,,,,,,,,,,,,,,,,,,,,,,,,,,,,,,,,,,,,,,,,,,,,,,,,,,,,,,,,,,,,,,,,,,,,,,,,,,,,,,,,,,,,,,,,,,,,,,
T1y8wsYTORI.mp4,7,marriage proposal,A person is clapping,30.0,0.0,10.0,0.23,2.43,7,73,7,17,17,26,26,35,35,45,45,54,54,64,64,73,,,,,,,,,,,,,,,,,,,,,,,,,,,,,,,,,,,,,,,,,,,,,,,,,,,,,,,,,,,,,,,,,,,,,,,,,,,,,,,,,,,,,,,,,,,,,,,,,,,,,,,,,,,,,,,,,,,,,,,,,,,,,,,,
8AHA_FM1dIc.mp4,4,riding mechanical bull,A woman is playing with a bull,29.666666666666668,0.0,10.01,0.03,5.7,1,169,1,43,43,85,85,127,127,169,,,,,,,,,,,,,,,,,,,,,,,,,,,,,,,,,,,,,,,,,,,,,,,,,,,,,,,,,,,,,,,,,,,,,,,,,,,,,,,,,,,,,,,,,,,,,,,,,,,,,,,,,,,,,,,,,,,,,,,,,,,,,,,,,,,,,,
AIF4DmpgrtI.mp4,9,battle rope training,A person is doing the exercise with the rope,30.0,0.0,10.0,0.37,9.63,11,289,11,42,42,73,73,104,104,135,135,165,165,196,196,227,227,258,258,289,,,,,,,,,,,,,,,,,,,,,,,,,,,,,,,,,,,,,,,,,,,,,,,,,,,,,,,,,,,,,,,,,,,,,,,,,,,,,,,,,,,,,,,,,,,,,,,,,,,,,,,,,,,,,,,,,,,,,,,,,,,,
6vE9eZgE-2U.mp4,4,frying vegetables,A person is mixing the curry,25.0,0.0,10.0,3.16,4.04,79,101,79,84,84,90,90,96,96,101,,,,,,,,,,,,,,,,,,,,,,,,,,,,,,,,,,,,,,,,,,,,,,,,,,,,,,,,,,,,,,,,,,,,,,,,,,,,,,,,,,,,,,,,,,,,,,,,,,,,,,,,,,,,,,,,,,,,,,,,,,,,,,,,,,,,,,
zYyOgqOsJTY.mp4,2,playing dominoes,A person is placing the objects in a row,30.0,0.0,10.0,2.8,5.13,84,154,84,119,119,154,,,,,,,,,,,,,,,,,,,,,,,,,,,,,,,,,,,,,,,,,,,,,,,,,,,,,,,,,,,,,,,,,,,,,,,,,,,,,,,,,,,,,,,,,,,,,,,,,,,,,,,,,,,,,,,,,,,,,,,,,,,,,,,,,,,,,,,,,,
Myp6jG5hm_E.mp4,2,playing rubiks cube,A person playing with a cube,30.0,0.0,10.0,0.27,3.57,8,107,8,58,58,107,,,,,,,,,,,,,,,,,,,,,,,,,,,,,,,,,,,,,,,,,,,,,,,,,,,,,,,,,,,,,,,,,,,,,,,,,,,,,,,,,,,,,,,,,,,,,,,,,,,,,,,,,,,,,,,,,,,,,,,,,,,,,,,,,,,,,,,,,,
WaIcPYknUXI.mp4,12,grooming horse,A person is cleaning a horse's leg,30.0,0.0,10.0,0.13,3.0,4,90,4,11,11,18,18,25,25,32,32,40,40,47,47,54,54,61,61,68,68,76,76,83,83,90,,,,,,,,,,,,,,,,,,,,,,,,,,,,,,,,,,,,,,,,,,,,,,,,,,,,,,,,,,,,,,,,,,,,,,,,,,,,,,,,,,,,,,,,,,,,,,,,,,,,,,,,,,,,,,,,,,,,,,
lOuPF0ozSHE.mp4,2,shining shoes,A man is cleaning,17.0,0.0,10.0,4.12,6.06,70,103,70,87,87,103,,,,,,,,,,,,,,,,,,,,,,,,,,,,,,,,,,,,,,,,,,,,,,,,,,,,,,,,,,,,,,,,,,,,,,,,,,,,,,,,,,,,,,,,,,,,,,,,,,,,,,,,,,,,,,,,,,,,,,,,,,,,,,,,,,,,,,,,,,
BrloXzK2grQ.mp4,3,decoupage,A person is painting,29.372,0.0,10.01,0.14,0.89,4,26,4,11,11,18,18,26,,,,,,,,,,,,,,,,,,,,,,,,,,,,,,,,,,,,,,,,,,,,,,,,,,,,,,,,,,,,,,,,,,,,,,,,,,,,,,,,,,,,,,,,,,,,,,,,,,,,,,,,,,,,,,,,,,,,,,,,,,,,,,,,,,,,,,,,
mlaMEKmWno8.mp4,3,building sandcastle,A person is sweeping,18.519,0.0,10.04,1.3,2.32,24,43,24,30,30,37,37,43,,,,,,,,,,,,,,,,,,,,,,,,,,,,,,,,,,,,,,,,,,,,,,,,,,,,,,,,,,,,,,,,,,,,,,,,,,,,,,,,,,,,,,,,,,,,,,,,,,,,,,,,,,,,,,,,,,,,,,,,,,,,,,,,,,,,,,,,
BCeDLGNZU48.mp4,10,curling eyelashes,A person is applying mascara,29.97002997002997,0.0,10.01,2.04,5.04,61,151,61,70,70,79,79,88,88,97,97,106,106,115,115,124,124,133,133,142,142,151,,,,,,,,,,,,,,,,,,,,,,,,,,,,,,,,,,,,,,,,,,,,,,,,,,,,,,,,,,,,,,,,,,,,,,,,,,,,,,,,,,,,,,,,,,,,,,,,,,,,,,,,,,,,,,,,,,,,,,,,,,
fEy9XOxpmGU.mp4,2,deadlifting,A person is lifting weights,30.0,0.0,10.0,0.53,7.73,16,232,16,124,124,232,,,,,,,,,,,,,,,,,,,,,,,,,,,,,,,,,,,,,,,,,,,,,,,,,,,,,,,,,,,,,,,,,,,,,,,,,,,,,,,,,,,,,,,,,,,,,,,,,,,,,,,,,,,,,,,,,,,,,,,,,,,,,,,,,,,,,,,,,,
s-ll1b2Eyv0.mp4,6,tie dying,A person is sprinkling color,8.0,0.0,10.0,0.5,2.88,4,23,4,7,7,10,10,13,13,17,17,20,20,23,,,,,,,,,,,,,,,,,,,,,,,,,,,,,,,,,,,,,,,,,,,,,,,,,,,,,,,,,,,,,,,,,,,,,,,,,,,,,,,,,,,,,,,,,,,,,,,,,,,,,,,,,,,,,,,,,,,,,,,,,,,,,,,,,,
CAjBhfTnafc.mp4,3,climbing a rope,A person is climbing a rope,15.0,0.0,10.0,0.53,4.47,8,67,8,28,28,47,47,67,,,,,,,,,,,,,,,,,,,,,,,,,,,,,,,,,,,,,,,,,,,,,,,,,,,,,,,,,,,,,,,,,,,,,,,,,,,,,,,,,,,,,,,,,,,,,,,,,,,,,,,,,,,,,,,,,,,,,,,,,,,,,,,,,,,,,,,,
8OfUScjQQoQ.mp4,11,hurdling,A man is jumping on the ground,15.0,0.0,10.0,0.53,9.6,8,144,8,21,21,33,33,45,45,58,58,70,70,82,82,95,95,107,107,119,119,132,132,144,,,,,,,,,,,,,,,,,,,,,,,,,,,,,,,,,,,,,,,,,,,,,,,,,,,,,,,,,,,,,,,,,,,,,,,,,,,,,,,,,,,,,,,,,,,,,,,,,,,,,,,,,,,,,,,,,,,,,,,,
ldqYpaZJNUw.mp4,11,flint knapping,A person is smoothing the wood,30.0,0.0,10.0,1.27,3.57,38,107,38,45,45,51,51,57,57,63,63,69,69,76,76,82,82,88,88,94,94,101,101,107,,,,,,,,,,,,,,,,,,,,,,,,,,,,,,,,,,,,,,,,,,,,,,,,,,,,,,,,,,,,,,,,,,,,,,,,,,,,,,,,,,,,,,,,,,,,,,,,,,,,,,,,,,,,,,,,,,,,,,,,
8lm4C9dwvfk.mp4,3,breakdancing,A person is dancing on the floor,29.916666666666668,0.0,10.03,0.03,3.61,1,108,1,37,37,72,72,108,,,,,,,,,,,,,,,,,,,,,,,,,,,,,,,,,,,,,,,,,,,,,,,,,,,,,,,,,,,,,,,,,,,,,,,,,,,,,,,,,,,,,,,,,,,,,,,,,,,,,,,,,,,,,,,,,,,,,,,,,,,,,,,,,,,,,,,,
eEDpvg1Eo2o.mp4,7,busking,A person is playing the guitar,30.0,0.0,10.0,0.07,2.43,2,73,2,13,13,23,23,33,33,43,43,53,53,63,63,73,,,,,,,,,,,,,,,,,,,,,,,,,,,,,,,,,,,,,,,,,,,,,,,,,,,,,,,,,,,,,,,,,,,,,,,,,,,,,,,,,,,,,,,,,,,,,,,,,,,,,,,,,,,,,,,,,,,,,,,,,,,,,,,,
jBriQMdcGVA.mp4,2,playing monopoly,A person is placing the toys on the game board,25.0,0.0,10.0,1.32,5.12,33,128,33,80,80,128,,,,,,,,,,,,,,,,,,,,,,,,,,,,,,,,,,,,,,,,,,,,,,,,,,,,,,,,,,,,,,,,,,,,,,,,,,,,,,,,,,,,,,,,,,,,,,,,,,,,,,,,,,,,,,,,,,,,,,,,,,,,,,,,,,,,,,,,,,
wj1NnPi4_0Q.mp4,12,chiseling stone,A person is hitting with the hammer,30.0,0.0,10.0,5.07,10.0,152,300,152,165,165,177,177,189,189,202,202,214,214,226,226,238,238,251,251,263,263,275,275,288,288,300,,,,,,,,,,,,,,,,,,,,,,,,,,,,,,,,,,,,,,,,,,,,,,,,,,,,,,,,,,,,,,,,,,,,,,,,,,,,,,,,,,,,,,,,,,,,,,,,,,,,,,,,,,,,,,,,,,,,,,
aAArkiMhoB4.mp4,8,sanding wood,A person is cleaning the object with the cloth,29.97002997002997,0.0,7.91,2.87,7.84,86,235,86,105,105,123,123,142,142,161,161,179,179,198,198,216,216,235,,,,,,,,,,,,,,,,,,,,,,,,,,,,,,,,,,,,,,,,,,,,,,,,,,,,,,,,,,,,,,,,,,,,,,,,,,,,,,,,,,,,,,,,,,,,,,,,,,,,,,,,,,,,,,,,,,,,,,,,,,,,,,
oFfUC6OlfT8.mp4,3,playing trombone,A baby is waving the instrument,30.0,0.0,6.5,3.47,5.67,104,170,104,126,126,148,148,170,,,,,,,,,,,,,,,,,,,,,,,,,,,,,,,,,,,,,,,,,,,,,,,,,,,,,,,,,,,,,,,,,,,,,,,,,,,,,,,,,,,,,,,,,,,,,,,,,,,,,,,,,,,,,,,,,,,,,,,,,,,,,,,,,,,,,,,,
FA2vcPt-FxY.mp4,2,moon walking,A person is doing the moonwalk,12.0,0.0,7.25,1.42,4.25,17,51,17,34,34,51,,,,,,,,,,,,,,,,,,,,,,,,,,,,,,,,,,,,,,,,,,,,,,,,,,,,,,,,,,,,,,,,,,,,,,,,,,,,,,,,,,,,,,,,,,,,,,,,,,,,,,,,,,,,,,,,,,,,,,,,,,,,,,,,,,,,,,,,,,
VXg2VUTMtbE.mp4,4,putting on shoes,A person is exercising,10.0,0.0,10.0,0.1,8.8,1,88,1,23,23,44,44,66,66,88,,,,,,,,,,,,,,,,,,,,,,,,,,,,,,,,,,,,,,,,,,,,,,,,,,,,,,,,,,,,,,,,,,,,,,,,,,,,,,,,,,,,,,,,,,,,,,,,,,,,,,,,,,,,,,,,,,,,,,,,,,,,,,,,,,,,,,
AE0e7UFpEiU.mp4,2,making latte art,A person is preparing the coffee,30.0,0.0,10.0,0.13,4.13,4,124,4,64,64,124,,,,,,,,,,,,,,,,,,,,,,,,,,,,,,,,,,,,,,,,,,,,,,,,,,,,,,,,,,,,,,,,,,,,,,,,,,,,,,,,,,,,,,,,,,,,,,,,,,,,,,,,,,,,,,,,,,,,,,,,,,,,,,,,,,,,,,,,,,
AKorKCyTM9M.mp4,3,metal detecting,The machine is scanning,28.333333333333332,0.0,9.0,6.81,8.68,193,246,193,210,210,228,228,246,,,,,,,,,,,,,,,,,,,,,,,,,,,,,,,,,,,,,,,,,,,,,,,,,,,,,,,,,,,,,,,,,,,,,,,,,,,,,,,,,,,,,,,,,,,,,,,,,,,,,,,,,,,,,,,,,,,,,,,,,,,,,,,,,,,,,,,,
48OBJ_YZnaM.mp4,2,separating eggs,A person is cracking the egg,23.976023976023978,0.0,9.84,2.63,3.29,63,79,63,71,71,79,,,,,,,,,,,,,,,,,,,,,,,,,,,,,,,,,,,,,,,,,,,,,,,,,,,,,,,,,,,,,,,,,,,,,,,,,,,,,,,,,,,,,,,,,,,,,,,,,,,,,,,,,,,,,,,,,,,,,,,,,,,,,,,,,,,,,,,,,,
8shqyr9-j4A.mp4,4,filling eyebrows,A person is rubbing the eyebrow,29.656,0.0,10.01,7.15,8.53,212,253,212,222,222,233,233,243,243,253,,,,,,,,,,,,,,,,,,,,,,,,,,,,,,,,,,,,,,,,,,,,,,,,,,,,,,,,,,,,,,,,,,,,,,,,,,,,,,,,,,,,,,,,,,,,,,,,,,,,,,,,,,,,,,,,,,,,,,,,,,,,,,,,,,,,,,
nAGpmX0qf6E.mp4,2,fidgeting,A person is moving the hand,29.0,0.0,10.0,0.03,1.9,1,55,1,28,28,55,,,,,,,,,,,,,,,,,,,,,,,,,,,,,,,,,,,,,,,,,,,,,,,,,,,,,,,,,,,,,,,,,,,,,,,,,,,,,,,,,,,,,,,,,,,,,,,,,,,,,,,,,,,,,,,,,,,,,,,,,,,,,,,,,,,,,,,,,,
rdfmd7RUUzo.mp4,14,laying bricks,A person is tapping the brick,25.0,0.0,10.0,5.2,8.32,130,208,130,136,136,141,141,147,147,152,152,158,158,163,163,169,169,175,175,180,180,186,186,191,191,197,197,202,202,208,,,,,,,,,,,,,,,,,,,,,,,,,,,,,,,,,,,,,,,,,,,,,,,,,,,,,,,,,,,,,,,,,,,,,,,,,,,,,,,,,,,,,,,,,,,,,,,,,,,,,,,,,,,,,,,,,,
