video_name,count,class,fps,video_start_sec,video_end_sec,repetition_segment_start_sec,repetition_segment_end_sec,repetition_segment_start_frame,repetition_segment_end_frame,rep_1_start_frame,rep_1_end_frame,rep_2_start_frame,rep_2_end_frame,rep_3_start_frame,rep_3_end_frame,rep_4_start_frame,rep_4_end_frame,rep_5_start_frame,rep_5_end_frame,rep_6_start_frame,rep_6_end_frame,rep_7_start_frame,rep_7_end_frame,rep_8_start_frame,rep_8_end_frame,rep_9_start_frame,rep_9_end_frame,rep_10_start_frame,rep_10_end_frame,rep_11_start_frame,rep_11_end_frame,rep_12_start_frame,rep_12_end_frame,rep_13_start_frame,rep_13_end_frame,rep_14_start_frame,rep_14_end_frame,rep_15_start_frame,rep_15_end_frame,rep_16_start_frame,rep_16_end_frame,rep_17_start_frame,rep_17_end_frame,rep_18_start_frame,rep_18_end_frame,rep_19_start_frame,rep_19_end_frame,rep_20_start_frame,rep_20_end_frame,rep_21_start_frame,rep_21_end_frame,rep_22_start_frame,rep_22_end_frame,rep_23_start_frame,rep_23_end_frame,rep_24_start_frame,rep_24_end_frame,rep_25_start_frame,rep_25_end_frame,rep_26_start_frame,rep_26_end_frame,rep_27_start_frame,rep_27_end_frame,rep_28_start_frame,rep_28_end_frame,rep_29_start_frame,rep_29_end_frame,rep_30_start_frame,rep_30_end_frame,rep_31_start_frame,rep_31_end_frame,rep_32_start_frame,rep_32_end_frame,rep_33_start_frame,rep_33_end_frame,rep_34_start_frame,rep_34_end_frame,rep_35_start_frame,rep_35_end_frame,rep_36_start_frame,rep_36_end_frame,rep_37_start_frame,rep_37_end_frame,rep_38_start_frame,rep_38_end_frame,rep_39_start_frame,rep_39_end_frame,rep_40_start_frame,rep_40_end_frame,rep_41_start_frame,rep_41_end_frame,rep_42_start_frame,rep_42_end_frame,rep_43_start_frame,rep_43_end_frame,rep_44_start_frame,rep_44_end_frame,rep_45_start_frame,rep_45_end_frame,rep_46_start_frame,rep_46_end_frame,rep_47_start_frame,rep_47_end_frame,rep_48_start_frame,rep_48_end_frame,rep_49_start_frame,rep_49_end_frame,rep_50_start_frame,rep_50_end_frame,rep_51_start_frame,rep_51_end_frame,rep_52_start_frame,rep_52_end_frame,rep_53_start_frame,rep_53_end_frame
v_PlayingViolin_g17_c02.avi,3.0,Playing Violin,25.0,0.0,7.4,0.04,4.92,1.0,123.0,1.0,59.0,59.0,92.0,92.0,123.0,,,,,,,,,,,,,,,,,,,,,,,,,,,,,,,,,,,,,,,,,,,,,,,,,,,,,,,,,,,,,,,,,,,,,,,,,,,,,,,,,,,,,,,,,,,,,,,,,,,,
v_FrontCrawl_g16_c01.avi,2.0,Front Crawl,25.0,0.0,5.0,0.04,3.72,1.0,93.0,1.0,47.0,47.0,93.0,,,,,,,,,,,,,,,,,,,,,,,,,,,,,,,,,,,,,,,,,,,,,,,,,,,,,,,,,,,,,,,,,,,,,,,,,,,,,,,,,,,,,,,,,,,,,,,,,,,,,,
v_PlayingCello_g17_c02.avi,8.0,Playing Cello,25.0,0.0,15.52,0.04,15.4,1.0,385.0,1.0,60.0,60.0,127.0,127.0,184.0,184.0,247.0,247.0,274.0,274.0,304.0,304.0,358.0,358.0,385.0,,,,,,,,,,,,,,,,,,,,,,,,,,,,,,,,,,,,,,,,,,,,,,,,,,,,,,,,,,,,,,,,,,,,,,,,,,,,,,,,,,,,,,,,,,
v_TrampolineJumping_g01_c04.avi,3.0,Trampoline Jumping,29.97,0.0,3.537,0.033,2.97,1.0,89.0,1.0,32.0,32.0,62.0,62.0,89.0,,,,,,,,,,,,,,,,,,,,,,,,,,,,,,,,,,,,,,,,,,,,,,,,,,,,,,,,,,,,,,,,,,,,,,,,,,,,,,,,,,,,,,,,,,,,,,,,,,,,
v_HammerThrow_g09_c04.avi,4.0,Hammer Throw,25.0,0.0,6.6,4.16,5.92,104.0,148.0,104.0,116.0,116.0,127.0,127.0,138.0,138.0,148.0,,,,,,,,,,,,,,,,,,,,,,,,,,,,,,,,,,,,,,,,,,,,,,,,,,,,,,,,,,,,,,,,,,,,,,,,,,,,,,,,,,,,,,,,,,,,,,,,,,
v_BabyCrawling_g07_c01.avi,9.0,Baby Crawling,25.0,0.0,8.12,0.04,7.76,1.0,194.0,1.0,26.0,26.0,44.0,44.0,59.0,59.0,73.0,73.0,91.0,91.0,117.0,117.0,139.0,139.0,163.0,163.0,194.0,,,,,,,,,,,,,,,,,,,,,,,,,,,,,,,,,,,,,,,,,,,,,,,,,,,,,,,,,,,,,,,,,,,,,,,,,,,,,,,,,,,,,,,,
v_Biking_g01_c01.avi,4.0,Biking,29.97,0.0,5.038,0.033,4.338,1.0,130.0,1.0,36.0,36.0,67.0,67.0,98.0,98.0,130.0,,,,,,,,,,,,,,,,,,,,,,,,,,,,,,,,,,,,,,,,,,,,,,,,,,,,,,,,,,,,,,,,,,,,,,,,,,,,,,,,,,,,,,,,,,,,,,,,,,
v_BenchPress_g12_c01.avi,3.0,Bench Press,25.0,0.0,2.6,0.04,2.6,1.0,65.0,1.0,24.0,24.0,46.0,46.0,65.0,,,,,,,,,,,,,,,,,,,,,,,,,,,,,,,,,,,,,,,,,,,,,,,,,,,,,,,,,,,,,,,,,,,,,,,,,,,,,,,,,,,,,,,,,,,,,,,,,,,,
v_BenchPress_g10_c01.avi,3.0,Bench Press,25.0,0.0,4.48,0.04,4.48,1.0,112.0,1.0,38.0,38.0,76.0,76.0,112.0,,,,,,,,,,,,,,,,,,,,,,,,,,,,,,,,,,,,,,,,,,,,,,,,,,,,,,,,,,,,,,,,,,,,,,,,,,,,,,,,,,,,,,,,,,,,,,,,,,,,
v_HandStandPushups_g03_c04.avi,2.0,Hand Stand Pushups,25.0,0.0,7.0,0.04,6.88,1.0,172.0,1.0,71.0,71.0,172.0,,,,,,,,,,,,,,,,,,,,,,,,,,,,,,,,,,,,,,,,,,,,,,,,,,,,,,,,,,,,,,,,,,,,,,,,,,,,,,,,,,,,,,,,,,,,,,,,,,,,,,
v_PlayingViolin_g15_c02.avi,3.0,Playing Violin,25.0,0.0,6.72,0.04,6.08,1.0,152.0,1.0,76.0,76.0,107.0,107.0,152.0,,,,,,,,,,,,,,,,,,,,,,,,,,,,,,,,,,,,,,,,,,,,,,,,,,,,,,,,,,,,,,,,,,,,,,,,,,,,,,,,,,,,,,,,,,,,,,,,,,,,
v_PlayingCello_g19_c03.avi,7.0,Playing Cello,25.0,0.0,9.72,1.04,8.44,26.0,211.0,26.0,46.0,46.0,76.0,76.0,112.0,112.0,142.0,142.0,163.0,163.0,185.0,185.0,211.0,,,,,,,,,,,,,,,,,,,,,,,,,,,,,,,,,,,,,,,,,,,,,,,,,,,,,,,,,,,,,,,,,,,,,,,,,,,,,,,,,,,,,,,,,,,,
v_TableTennisShot_g09_c05.avi,6.0,Table Tennis Shot,25.0,0.0,6.56,0.48,6.44,12.0,161.0,12.0,35.0,35.0,61.0,61.0,84.0,84.0,109.0,109.0,135.0,135.0,161.0,,,,,,,,,,,,,,,,,,,,,,,,,,,,,,,,,,,,,,,,,,,,,,,,,,,,,,,,,,,,,,,,,,,,,,,,,,,,,,,,,,,,,,,,,,,,,,
v_PommelHorse_g01_c07.avi,16.0,Pommel Horse,29.97,0.0,16.817,0.434,15.382,13.0,461.0,13.0,42.0,42.0,69.0,69.0,97.0,97.0,124.0,124.0,151.0,151.0,179.0,179.0,208.0,208.0,235.0,235.0,263.0,263.0,291.0,291.0,319.0,319.0,346.0,346.0,375.0,375.0,404.0,404.0,433.0,433.0,461.0,,,,,,,,,,,,,,,,,,,,,,,,,,,,,,,,,,,,,,,,,,,,,,,,,,,,,,,,,,,,,,,,,,,,,,,,,,
v_CuttingInKitchen_g20_c01.avi,7.0,Cutting In Kitchen,25.0,0.0,11.56,0.44,9.04,11.0,226.0,11.0,29.0,29.0,49.0,49.0,69.0,69.0,93.0,93.0,119.0,119.0,170.0,170.0,226.0,,,,,,,,,,,,,,,,,,,,,,,,,,,,,,,,,,,,,,,,,,,,,,,,,,,,,,,,,,,,,,,,,,,,,,,,,,,,,,,,,,,,,,,,,,,,
v_JumpingJack_g03_c02.avi,2.0,Jumping Jack,29.97,0.0,2.936,0.033,2.035,1.0,61.0,1.0,33.0,33.0,61.0,,,,,,,,,,,,,,,,,,,,,,,,,,,,,,,,,,,,,,,,,,,,,,,,,,,,,,,,,,,,,,,,,,,,,,,,,,,,,,,,,,,,,,,,,,,,,,,,,,,,,,
v_JumpingJack_g19_c03.avi,3.0,Jumping Jack,29.97,0.0,2.803,0.033,2.769,1.0,83.0,1.0,30.0,30.0,56.0,56.0,83.0,,,,,,,,,,,,,,,,,,,,,,,,,,,,,,,,,,,,,,,,,,,,,,,,,,,,,,,,,,,,,,,,,,,,,,,,,,,,,,,,,,,,,,,,,,,,,,,,,,,,
v_SoccerJuggling_g04_c01.avi,18.0,Soccer Juggling,29.97,0.0,12.012,1.401,11.845,42.0,355.0,42.0,53.0,53.0,68.0,68.0,86.0,86.0,103.0,103.0,117.0,117.0,130.0,130.0,147.0,147.0,162.0,162.0,180.0,180.0,195.0,195.0,216.0,216.0,233.0,233.0,252.0,252.0,270.0,270.0,296.0,296.0,322.0,322.0,341.0,341.0,355.0,,,,,,,,,,,,,,,,,,,,,,,,,,,,,,,,,,,,,,,,,,,,,,,,,,,,,,,,,,,,,,,,,,,,,,
v_BabyCrawling_g09_c01.avi,3.0,Baby Crawling,25.0,0.0,5.76,0.04,5.48,1.0,137.0,1.0,38.0,38.0,91.0,91.0,137.0,,,,,,,,,,,,,,,,,,,,,,,,,,,,,,,,,,,,,,,,,,,,,,,,,,,,,,,,,,,,,,,,,,,,,,,,,,,,,,,,,,,,,,,,,,,,,,,,,,,,
v_BreastStroke_g11_c01.avi,2.0,Breast Stroke,25.0,0.0,15.72,0.04,13.24,1.0,331.0,1.0,162.0,162.0,331.0,,,,,,,,,,,,,,,,,,,,,,,,,,,,,,,,,,,,,,,,,,,,,,,,,,,,,,,,,,,,,,,,,,,,,,,,,,,,,,,,,,,,,,,,,,,,,,,,,,,,,,
v_HulaHoop_g01_c01.avi,9.0,Hula Hoop,25.0,0.0,3.64,0.08,3.64,2.0,91.0,2.0,11.0,11.0,19.0,19.0,27.0,27.0,38.0,38.0,49.0,49.0,60.0,60.0,70.0,70.0,81.0,81.0,91.0,,,,,,,,,,,,,,,,,,,,,,,,,,,,,,,,,,,,,,,,,,,,,,,,,,,,,,,,,,,,,,,,,,,,,,,,,,,,,,,,,,,,,,,,
v_BabyCrawling_g19_c05.avi,8.0,Baby Crawling,25.0,0.0,9.4,0.04,8.68,1.0,217.0,1.0,26.0,26.0,42.0,42.0,61.0,61.0,121.0,121.0,147.0,147.0,170.0,170.0,192.0,192.0,217.0,,,,,,,,,,,,,,,,,,,,,,,,,,,,,,,,,,,,,,,,,,,,,,,,,,,,,,,,,,,,,,,,,,,,,,,,,,,,,,,,,,,,,,,,,,
v_BabyCrawling_g10_c01.avi,5.0,Baby Crawling,25.0,0.0,5.68,0.04,4.76,1.0,119.0,1.0,27.0,27.0,43.0,43.0,60.0,60.0,77.0,77.0,119.0,,,,,,,,,,,,,,,,,,,,,,,,,,,,,,,,,,,,,,,,,,,,,,,,,,,,,,,,,,,,,,,,,,,,,,,,,,,,,,,,,,,,,,,,,,,,,,,,
v_ShavingBeard_g19_c07.avi,4.0,Shaving Beard,25.0,0.0,10.88,0.04,4.4,1.0,110.0,1.0,46.0,46.0,77.0,77.0,90.0,90.0,110.0,,,,,,,,,,,,,,,,,,,,,,,,,,,,,,,,,,,,,,,,,,,,,,,,,,,,,,,,,,,,,,,,,,,,,,,,,,,,,,,,,,,,,,,,,,,,,,,,,,
v_JumpRope_g17_c01.avi,17.0,Jump Rope,29.97,0.0,20.787,0.3,7.374,9.0,221.0,9.0,23.0,23.0,37.0,37.0,49.0,49.0,62.0,62.0,73.0,73.0,85.0,85.0,97.0,97.0,110.0,110.0,121.0,121.0,135.0,135.0,147.0,147.0,159.0,159.0,171.0,171.0,183.0,183.0,195.0,195.0,209.0,209.0,221.0,,,,,,,,,,,,,,,,,,,,,,,,,,,,,,,,,,,,,,,,,,,,,,,,,,,,,,,,,,,,,,,,,,,,,,,,
v_PlayingViolin_g07_c01.avi,6.0,Playing Violin,25.0,0.0,7.12,0.04,6.64,1.0,166.0,1.0,26.0,26.0,51.0,51.0,111.0,111.0,129.0,129.0,155.0,155.0,166.0,,,,,,,,,,,,,,,,,,,,,,,,,,,,,,,,,,,,,,,,,,,,,,,,,,,,,,,,,,,,,,,,,,,,,,,,,,,,,,,,,,,,,,,,,,,,,,
v_JumpRope_g15_c01.avi,7.0,Jump Rope,29.97,0.0,18.285,0.033,3.036,1.0,91.0,1.0,11.0,11.0,23.0,23.0,36.0,36.0,50.0,50.0,64.0,64.0,77.0,77.0,91.0,,,,,,,,,,,,,,,,,,,,,,,,,,,,,,,,,,,,,,,,,,,,,,,,,,,,,,,,,,,,,,,,,,,,,,,,,,,,,,,,,,,,,,,,,,,,
v_JumpingJack_g10_c01.avi,3.0,Jumping Jack,29.97,0.0,2.302,0.033,2.302,1.0,69.0,1.0,25.0,25.0,47.0,47.0,69.0,,,,,,,,,,,,,,,,,,,,,,,,,,,,,,,,,,,,,,,,,,,,,,,,,,,,,,,,,,,,,,,,,,,,,,,,,,,,,,,,,,,,,,,,,,,,,,,,,,,,
v_Hammering_g15_c02.avi,4.0,Hammering,25.0,0.0,6.0,4.28,5.96,107.0,149.0,107.0,118.0,118.0,128.0,128.0,138.0,138.0,149.0,,,,,,,,,,,,,,,,,,,,,,,,,,,,,,,,,,,,,,,,,,,,,,,,,,,,,,,,,,,,,,,,,,,,,,,,,,,,,,,,,,,,,,,,,,,,,,,,,,
v_CuttingInKitchen_g13_c01.avi,5.0,Cutting In Kitchen,25.0,0.0,5.92,1.08,3.8,27.0,95.0,27.0,52.0,52.0,64.0,64.0,74.0,74.0,84.0,84.0,95.0,,,,,,,,,,,,,,,,,,,,,,,,,,,,,,,,,,,,,,,,,,,,,,,,,,,,,,,,,,,,,,,,,,,,,,,,,,,,,,,,,,,,,,,,,,,,,,,,
v_CuttingInKitchen_g19_c04.avi,2.0,Cutting In Kitchen,25.0,0.0,2.12,0.04,1.32,1.0,33.0,1.0,15.0,15.0,33.0,,,,,,,,,,,,,,,,,,,,,,,,,,,,,,,,,,,,,,,,,,,,,,,,,,,,,,,,,,,,,,,,,,,,,,,,,,,,,,,,,,,,,,,,,,,,,,,,,,,,,,
v_JumpingJack_g07_c01.avi,3.0,Jumping Jack,29.97,0.0,2.936,0.033,2.936,1.0,88.0,1.0,29.0,29.0,59.0,59.0,88.0,,,,,,,,,,,,,,,,,,,,,,,,,,,,,,,,,,,,,,,,,,,,,,,,,,,,,,,,,,,,,,,,,,,,,,,,,,,,,,,,,,,,,,,,,,,,,,,,,,,,
v_Biking_g10_c01.avi,11.0,Biking,29.97,0.0,8.008,0.267,7.708,8.0,231.0,8.0,29.0,29.0,47.0,47.0,68.0,68.0,89.0,89.0,109.0,109.0,128.0,128.0,148.0,148.0,170.0,170.0,190.0,190.0,211.0,211.0,231.0,,,,,,,,,,,,,,,,,,,,,,,,,,,,,,,,,,,,,,,,,,,,,,,,,,,,,,,,,,,,,,,,,,,,,,,,,,,,,,,,,,,,
v_HandstandWalking_g16_c02.avi,4.0,Handstand Walking,25.0,0.0,5.28,0.32,4.52,8.0,113.0,8.0,35.0,35.0,63.0,63.0,88.0,88.0,113.0,,,,,,,,,,,,,,,,,,,,,,,,,,,,,,,,,,,,,,,,,,,,,,,,,,,,,,,,,,,,,,,,,,,,,,,,,,,,,,,,,,,,,,,,,,,,,,,,,,
v_ShavingBeard_g02_c07.avi,4.0,Shaving Beard,25.0,0.0,10.0,3.48,9.6,87.0,240.0,87.0,142.0,142.0,180.0,180.0,207.0,207.0,240.0,,,,,,,,,,,,,,,,,,,,,,,,,,,,,,,,,,,,,,,,,,,,,,,,,,,,,,,,,,,,,,,,,,,,,,,,,,,,,,,,,,,,,,,,,,,,,,,,,,
v_PommelHorse_g13_c07.avi,16.0,Pommel Horse,29.97,0.0,15.883,0.033,15.883,1.0,476.0,1.0,32.0,32.0,62.0,62.0,92.0,92.0,122.0,122.0,150.0,150.0,182.0,182.0,214.0,214.0,243.0,243.0,271.0,271.0,298.0,298.0,325.0,325.0,354.0,354.0,384.0,384.0,414.0,414.0,445.0,445.0,476.0,,,,,,,,,,,,,,,,,,,,,,,,,,,,,,,,,,,,,,,,,,,,,,,,,,,,,,,,,,,,,,,,,,,,,,,,,,
v_HulaHoop_g16_c05.avi,8.0,Hula Hoop,25.0,0.0,4.04,0.04,4.0,1.0,100.0,1.0,12.0,12.0,25.0,25.0,37.0,37.0,49.0,49.0,61.0,61.0,74.0,74.0,88.0,88.0,100.0,,,,,,,,,,,,,,,,,,,,,,,,,,,,,,,,,,,,,,,,,,,,,,,,,,,,,,,,,,,,,,,,,,,,,,,,,,,,,,,,,,,,,,,,,,
v_Hammering_g19_c06.avi,6.0,Hammering,25.0,0.0,4.64,0.6,4.64,15.0,116.0,15.0,27.0,27.0,59.0,59.0,71.0,71.0,90.0,90.0,102.0,102.0,116.0,,,,,,,,,,,,,,,,,,,,,,,,,,,,,,,,,,,,,,,,,,,,,,,,,,,,,,,,,,,,,,,,,,,,,,,,,,,,,,,,,,,,,,,,,,,,,,
v_Biking_g02_c01.avi,11.0,Biking,29.97,0.0,8.008,0.033,7.641,1.0,229.0,1.0,20.0,20.0,41.0,41.0,62.0,62.0,84.0,84.0,104.0,104.0,126.0,126.0,147.0,147.0,167.0,167.0,188.0,188.0,208.0,208.0,229.0,,,,,,,,,,,,,,,,,,,,,,,,,,,,,,,,,,,,,,,,,,,,,,,,,,,,,,,,,,,,,,,,,,,,,,,,,,,,,,,,,,,,
v_BodyWeightSquats_g06_c03.avi,3.0,Body Weight Squats,25.0,0.0,6.08,0.04,6.08,1.0,152.0,1.0,55.0,55.0,102.0,102.0,152.0,,,,,,,,,,,,,,,,,,,,,,,,,,,,,,,,,,,,,,,,,,,,,,,,,,,,,,,,,,,,,,,,,,,,,,,,,,,,,,,,,,,,,,,,,,,,,,,,,,,,
v_CuttingInKitchen_g12_c01.avi,6.0,Cutting In Kitchen,25.0,0.0,6.96,0.04,6.48,1.0,162.0,1.0,25.0,25.0,52.0,52.0,78.0,78.0,107.0,107.0,134.0,134.0,162.0,,,,,,,,,,,,,,,,,,,,,,,,,,,,,,,,,,,,,,,,,,,,,,,,,,,,,,,,,,,,,,,,,,,,,,,,,,,,,,,,,,,,,,,,,,,,,,
v_TableTennisShot_g08_c01.avi,3.0,Table Tennis Shot,25.0,0.0,3.44,0.24,3.0,6.0,75.0,6.0,31.0,31.0,54.0,54.0,75.0,,,,,,,,,,,,,,,,,,,,,,,,,,,,,,,,,,,,,,,,,,,,,,,,,,,,,,,,,,,,,,,,,,,,,,,,,,,,,,,,,,,,,,,,,,,,,,,,,,,,
v_JumpRope_g18_c06.avi,15.0,Jump Rope,29.97,0.0,19.987,0.367,6.573,11.0,197.0,11.0,24.0,24.0,36.0,36.0,48.0,48.0,60.0,60.0,72.0,72.0,85.0,85.0,98.0,98.0,110.0,110.0,122.0,122.0,134.0,134.0,147.0,147.0,158.0,158.0,171.0,171.0,184.0,184.0,197.0,,,,,,,,,,,,,,,,,,,,,,,,,,,,,,,,,,,,,,,,,,,,,,,,,,,,,,,,,,,,,,,,,,,,,,,,,,,,
v_SoccerJuggling_g11_c03.avi,12.0,Soccer Juggling,29.97,0.0,11.011,0.834,10.277,25.0,308.0,25.0,48.0,48.0,69.0,69.0,93.0,93.0,116.0,116.0,136.0,136.0,166.0,166.0,193.0,193.0,214.0,214.0,243.0,243.0,266.0,266.0,287.0,287.0,308.0,,,,,,,,,,,,,,,,,,,,,,,,,,,,,,,,,,,,,,,,,,,,,,,,,,,,,,,,,,,,,,,,,,,,,,,,,,,,,,,,,,
v_CuttingInKitchen_g18_c01.avi,6.0,Cutting In Kitchen,25.0,0.0,3.88,0.36,2.52,9.0,63.0,9.0,18.0,18.0,27.0,27.0,36.0,36.0,45.0,45.0,55.0,55.0,63.0,,,,,,,,,,,,,,,,,,,,,,,,,,,,,,,,,,,,,,,,,,,,,,,,,,,,,,,,,,,,,,,,,,,,,,,,,,,,,,,,,,,,,,,,,,,,,,
v_Biking_g07_c05.avi,4.0,Biking,29.97,0.0,6.406,0.033,4.204,1.0,126.0,1.0,33.0,33.0,63.0,63.0,95.0,95.0,126.0,,,,,,,,,,,,,,,,,,,,,,,,,,,,,,,,,,,,,,,,,,,,,,,,,,,,,,,,,,,,,,,,,,,,,,,,,,,,,,,,,,,,,,,,,,,,,,,,,,
v_BabyCrawling_g02_c01.avi,4.0,Baby Crawling,25.0,0.0,4.36,0.04,4.32,1.0,108.0,1.0,23.0,23.0,49.0,49.0,83.0,83.0,108.0,,,,,,,,,,,,,,,,,,,,,,,,,,,,,,,,,,,,,,,,,,,,,,,,,,,,,,,,,,,,,,,,,,,,,,,,,,,,,,,,,,,,,,,,,,,,,,,,,,
v_CuttingInKitchen_g17_c01.avi,6.0,Cutting In Kitchen,25.0,0.0,7.4,0.04,7.16,1.0,179.0,1.0,44.0,44.0,77.0,77.0,103.0,103.0,130.0,130.0,155.0,155.0,179.0,,,,,,,,,,,,,,,,,,,,,,,,,,,,,,,,,,,,,,,,,,,,,,,,,,,,,,,,,,,,,,,,,,,,,,,,,,,,,,,,,,,,,,,,,,,,,,
v_JumpRope_g13_c01.avi,4.0,Jump Rope,29.97,0.0,17.985,0.033,4.004,1.0,120.0,1.0,31.0,31.0,62.0,62.0,92.0,92.0,120.0,,,,,,,,,,,,,,,,,,,,,,,,,,,,,,,,,,,,,,,,,,,,,,,,,,,,,,,,,,,,,,,,,,,,,,,,,,,,,,,,,,,,,,,,,,,,,,,,,,
v_HammerThrow_g05_c02.avi,2.0,Hammer Throw,25.0,0.0,10.44,7.52,9.0,188.0,225.0,188.0,207.0,207.0,225.0,,,,,,,,,,,,,,,,,,,,,,,,,,,,,,,,,,,,,,,,,,,,,,,,,,,,,,,,,,,,,,,,,,,,,,,,,,,,,,,,,,,,,,,,,,,,,,,,,,,,,,
v_TrampolineJumping_g15_c05.avi,7.0,Trampoline Jumping,29.97,0.0,6.006,0.167,5.939,5.0,178.0,5.0,24.0,24.0,48.0,48.0,73.0,73.0,96.0,96.0,134.0,134.0,156.0,156.0,178.0,,,,,,,,,,,,,,,,,,,,,,,,,,,,,,,,,,,,,,,,,,,,,,,,,,,,,,,,,,,,,,,,,,,,,,,,,,,,,,,,,,,,,,,,,,,,
v_PlayingCello_g07_c01.avi,3.0,Playing Cello,25.0,0.0,16.56,0.04,12.72,1.0,318.0,1.0,111.0,111.0,216.0,216.0,318.0,,,,,,,,,,,,,,,,,,,,,,,,,,,,,,,,,,,,,,,,,,,,,,,,,,,,,,,,,,,,,,,,,,,,,,,,,,,,,,,,,,,,,,,,,,,,,,,,,,,,
v_TrampolineJumping_g03_c03.avi,7.0,Trampoline Jumping,29.97,0.0,8.542,0.4,7.808,12.0,234.0,12.0,43.0,43.0,75.0,75.0,109.0,109.0,144.0,144.0,173.0,173.0,202.0,202.0,234.0,,,,,,,,,,,,,,,,,,,,,,,,,,,,,,,,,,,,,,,,,,,,,,,,,,,,,,,,,,,,,,,,,,,,,,,,,,,,,,,,,,,,,,,,,,,,
v_TableTennisShot_g15_c02.avi,7.0,Table Tennis Shot,25.0,0.0,7.08,0.52,6.48,13.0,162.0,13.0,32.0,32.0,51.0,51.0,70.0,70.0,102.0,102.0,120.0,120.0,140.0,140.0,162.0,,,,,,,,,,,,,,,,,,,,,,,,,,,,,,,,,,,,,,,,,,,,,,,,,,,,,,,,,,,,,,,,,,,,,,,,,,,,,,,,,,,,,,,,,,,,
v_Hammering_g01_c01.avi,8.0,Hammering,25.0,0.0,3.92,0.24,3.52,6.0,88.0,6.0,20.0,20.0,31.0,31.0,44.0,44.0,54.0,54.0,62.0,62.0,71.0,71.0,81.0,81.0,88.0,,,,,,,,,,,,,,,,,,,,,,,,,,,,,,,,,,,,,,,,,,,,,,,,,,,,,,,,,,,,,,,,,,,,,,,,,,,,,,,,,,,,,,,,,,
v_HandstandWalking_g09_c01.avi,5.0,Handstand Walking,25.0,0.0,5.8,0.04,5.28,1.0,132.0,1.0,31.0,31.0,57.0,57.0,83.0,83.0,108.0,108.0,132.0,,,,,,,,,,,,,,,,,,,,,,,,,,,,,,,,,,,,,,,,,,,,,,,,,,,,,,,,,,,,,,,,,,,,,,,,,,,,,,,,,,,,,,,,,,,,,,,,
v_SoccerJuggling_g03_c01.avi,12.0,Soccer Juggling,29.97,0.0,7.674,0.3,7.174,9.0,215.0,9.0,21.0,21.0,37.0,37.0,52.0,52.0,62.0,62.0,83.0,83.0,109.0,109.0,131.0,131.0,147.0,147.0,161.0,161.0,180.0,180.0,195.0,195.0,215.0,,,,,,,,,,,,,,,,,,,,,,,,,,,,,,,,,,,,,,,,,,,,,,,,,,,,,,,,,,,,,,,,,,,,,,,,,,,,,,,,,,
v_HandstandWalking_g07_c01.avi,8.0,Handstand Walking,25.0,0.0,8.96,0.92,8.64,23.0,216.0,23.0,40.0,40.0,60.0,60.0,90.0,90.0,115.0,115.0,137.0,137.0,159.0,159.0,186.0,186.0,216.0,,,,,,,,,,,,,,,,,,,,,,,,,,,,,,,,,,,,,,,,,,,,,,,,,,,,,,,,,,,,,,,,,,,,,,,,,,,,,,,,,,,,,,,,,,
v_Hammering_g04_c01.avi,25.0,Hammering,25.0,0.0,8.96,0.04,8.84,1.0,221.0,1.0,10.0,10.0,17.0,17.0,25.0,25.0,32.0,32.0,40.0,40.0,47.0,47.0,58.0,58.0,67.0,67.0,76.0,76.0,83.0,83.0,91.0,91.0,99.0,99.0,107.0,107.0,115.0,115.0,128.0,128.0,136.0,136.0,145.0,145.0,154.0,154.0,170.0,170.0,179.0,179.0,187.0,187.0,195.0,195.0,203.0,203.0,212.0,212.0,221.0,,,,,,,,,,,,,,,,,,,,,,,,,,,,,,,,,,,,,,,,,,,,,,,,,,,,,,,,
v_JumpingJack_g05_c03.avi,2.0,Jumping Jack,29.97,0.0,3.337,1.068,2.936,32.0,88.0,32.0,60.0,60.0,88.0,,,,,,,,,,,,,,,,,,,,,,,,,,,,,,,,,,,,,,,,,,,,,,,,,,,,,,,,,,,,,,,,,,,,,,,,,,,,,,,,,,,,,,,,,,,,,,,,,,,,,,
v_PlayingCello_g10_c05.avi,7.0,Playing Cello,25.0,0.0,8.64,1.0,8.52,25.0,213.0,25.0,36.0,36.0,56.0,56.0,69.0,69.0,86.0,86.0,150.0,150.0,170.0,170.0,213.0,,,,,,,,,,,,,,,,,,,,,,,,,,,,,,,,,,,,,,,,,,,,,,,,,,,,,,,,,,,,,,,,,,,,,,,,,,,,,,,,,,,,,,,,,,,,
v_PlayingCello_g08_c03.avi,2.0,Playing Cello,25.0,0.0,7.28,0.8,5.76,20.0,144.0,20.0,117.0,117.0,144.0,,,,,,,,,,,,,,,,,,,,,,,,,,,,,,,,,,,,,,,,,,,,,,,,,,,,,,,,,,,,,,,,,,,,,,,,,,,,,,,,,,,,,,,,,,,,,,,,,,,,,,
v_HandStandPushups_g15_c04.avi,3.0,Hand Stand Pushups,25.0,0.0,4.8,0.04,4.8,1.0,120.0,1.0,43.0,43.0,79.0,79.0,120.0,,,,,,,,,,,,,,,,,,,,,,,,,,,,,,,,,,,,,,,,,,,,,,,,,,,,,,,,,,,,,,,,,,,,,,,,,,,,,,,,,,,,,,,,,,,,,,,,,,,,
v_SoccerJuggling_g16_c05.avi,9.0,Soccer Juggling,29.97,0.0,6.707,0.267,6.34,8.0,190.0,8.0,23.0,23.0,64.0,64.0,81.0,81.0,105.0,105.0,118.0,118.0,135.0,135.0,159.0,159.0,174.0,174.0,190.0,,,,,,,,,,,,,,,,,,,,,,,,,,,,,,,,,,,,,,,,,,,,,,,,,,,,,,,,,,,,,,,,,,,,,,,,,,,,,,,,,,,,,,,,
v_Hammering_g07_c05.avi,10.0,Hammering,25.0,0.0,5.08,0.04,4.76,1.0,119.0,1.0,12.0,12.0,24.0,24.0,36.0,36.0,48.0,48.0,60.0,60.0,72.0,72.0,84.0,84.0,96.0,96.0,108.0,108.0,119.0,,,,,,,,,,,,,,,,,,,,,,,,,,,,,,,,,,,,,,,,,,,,,,,,,,,,,,,,,,,,,,,,,,,,,,,,,,,,,,,,,,,,,,
v_FrontCrawl_g04_c01.avi,7.0,Front Crawl,25.0,0.0,14.16,0.76,13.12,19.0,328.0,19.0,61.0,61.0,102.0,102.0,144.0,144.0,187.0,187.0,236.0,236.0,285.0,285.0,328.0,,,,,,,,,,,,,,,,,,,,,,,,,,,,,,,,,,,,,,,,,,,,,,,,,,,,,,,,,,,,,,,,,,,,,,,,,,,,,,,,,,,,,,,,,,,,
v_FrontCrawl_g02_c04.avi,2.0,Front Crawl,25.0,0.0,5.36,0.04,4.92,1.0,123.0,1.0,64.0,64.0,123.0,,,,,,,,,,,,,,,,,,,,,,,,,,,,,,,,,,,,,,,,,,,,,,,,,,,,,,,,,,,,,,,,,,,,,,,,,,,,,,,,,,,,,,,,,,,,,,,,,,,,,,
v_HandstandWalking_g17_c04.avi,7.0,Handstand Walking,25.0,0.0,8.68,0.04,6.2,1.0,155.0,1.0,28.0,28.0,41.0,41.0,64.0,64.0,86.0,86.0,109.0,109.0,135.0,135.0,155.0,,,,,,,,,,,,,,,,,,,,,,,,,,,,,,,,,,,,,,,,,,,,,,,,,,,,,,,,,,,,,,,,,,,,,,,,,,,,,,,,,,,,,,,,,,,,
v_HammerThrow_g02_c01.avi,4.0,Hammer Throw,25.0,0.0,10.8,8.0,10.04,200.0,251.0,200.0,216.0,216.0,229.0,229.0,240.0,240.0,251.0,,,,,,,,,,,,,,,,,,,,,,,,,,,,,,,,,,,,,,,,,,,,,,,,,,,,,,,,,,,,,,,,,,,,,,,,,,,,,,,,,,,,,,,,,,,,,,,,,,
v_HandstandWalking_g15_c04.avi,8.0,Handstand Walking,25.0,0.0,9.0,0.32,8.68,8.0,217.0,8.0,33.0,33.0,60.0,60.0,86.0,86.0,112.0,112.0,139.0,139.0,164.0,164.0,188.0,188.0,217.0,,,,,,,,,,,,,,,,,,,,,,,,,,,,,,,,,,,,,,,,,,,,,,,,,,,,,,,,,,,,,,,,,,,,,,,,,,,,,,,,,,,,,,,,,,
v_Kayaking_g01_c01.avi,2.0,Kayaking,25.0,0.0,9.16,0.04,6.76,1.0,169.0,1.0,92.0,92.0,169.0,,,,,,,,,,,,,,,,,,,,,,,,,,,,,,,,,,,,,,,,,,,,,,,,,,,,,,,,,,,,,,,,,,,,,,,,,,,,,,,,,,,,,,,,,,,,,,,,,,,,,,
v_HulaHoop_g08_c05.avi,6.0,Hula Hoop,25.0,0.0,4.04,0.04,3.52,1.0,88.0,1.0,16.0,16.0,30.0,30.0,44.0,44.0,58.0,58.0,73.0,73.0,88.0,,,,,,,,,,,,,,,,,,,,,,,,,,,,,,,,,,,,,,,,,,,,,,,,,,,,,,,,,,,,,,,,,,,,,,,,,,,,,,,,,,,,,,,,,,,,,,
v_HandStandPushups_g11_c03.avi,2.0,Hand Stand Pushups,25.0,0.0,7.4,0.04,7.32,1.0,183.0,1.0,93.0,93.0,183.0,,,,,,,,,,,,,,,,,,,,,,,,,,,,,,,,,,,,,,,,,,,,,,,,,,,,,,,,,,,,,,,,,,,,,,,,,,,,,,,,,,,,,,,,,,,,,,,,,,,,,,
v_PlayingViolin_g18_c03.avi,4.0,Playing Violin,25.0,0.0,7.52,0.48,3.92,12.0,98.0,12.0,32.0,32.0,53.0,53.0,76.0,76.0,98.0,,,,,,,,,,,,,,,,,,,,,,,,,,,,,,,,,,,,,,,,,,,,,,,,,,,,,,,,,,,,,,,,,,,,,,,,,,,,,,,,,,,,,,,,,,,,,,,,,,
v_JumpingJack_g06_c03.avi,3.0,Jumping Jack,29.97,0.0,2.636,0.033,2.636,1.0,79.0,1.0,28.0,28.0,54.0,54.0,79.0,,,,,,,,,,,,,,,,,,,,,,,,,,,,,,,,,,,,,,,,,,,,,,,,,,,,,,,,,,,,,,,,,,,,,,,,,,,,,,,,,,,,,,,,,,,,,,,,,,,,
v_Biking_g19_c01.avi,3.0,Biking,29.97,0.0,5.038,0.033,4.071,1.0,122.0,1.0,40.0,40.0,84.0,84.0,122.0,,,,,,,,,,,,,,,,,,,,,,,,,,,,,,,,,,,,,,,,,,,,,,,,,,,,,,,,,,,,,,,,,,,,,,,,,,,,,,,,,,,,,,,,,,,,,,,,,,,,
v_Biking_g15_c01.avi,12.0,Biking,29.97,0.0,8.008,0.033,7.875,1.0,236.0,1.0,19.0,19.0,39.0,39.0,59.0,59.0,79.0,79.0,99.0,99.0,118.0,118.0,138.0,138.0,158.0,158.0,177.0,177.0,195.0,195.0,216.0,216.0,236.0,,,,,,,,,,,,,,,,,,,,,,,,,,,,,,,,,,,,,,,,,,,,,,,,,,,,,,,,,,,,,,,,,,,,,,,,,,,,,,,,,,
v_HammerThrow_g04_c01.avi,4.0,Hammer Throw,25.0,0.0,4.84,1.24,3.48,31.0,87.0,31.0,51.0,51.0,65.0,65.0,76.0,76.0,87.0,,,,,,,,,,,,,,,,,,,,,,,,,,,,,,,,,,,,,,,,,,,,,,,,,,,,,,,,,,,,,,,,,,,,,,,,,,,,,,,,,,,,,,,,,,,,,,,,,,
v_ShavingBeard_g09_c07.avi,10.0,Shaving Beard,25.0,0.0,11.68,1.08,10.52,27.0,263.0,27.0,55.0,55.0,76.0,76.0,95.0,95.0,114.0,114.0,137.0,137.0,169.0,169.0,187.0,187.0,213.0,213.0,233.0,233.0,263.0,,,,,,,,,,,,,,,,,,,,,,,,,,,,,,,,,,,,,,,,,,,,,,,,,,,,,,,,,,,,,,,,,,,,,,,,,,,,,,,,,,,,,,
v_JumpRope_g10_c02.avi,39.0,Jump Rope,29.97,0.0,20.053,0.234,16.683,7.0,500.0,7.0,21.0,21.0,35.0,35.0,49.0,49.0,62.0,62.0,72.0,72.0,85.0,85.0,97.0,97.0,109.0,109.0,123.0,123.0,135.0,135.0,148.0,148.0,159.0,159.0,171.0,171.0,185.0,185.0,198.0,198.0,209.0,209.0,222.0,222.0,236.0,236.0,248.0,248.0,260.0,260.0,273.0,273.0,285.0,285.0,297.0,297.0,309.0,309.0,321.0,321.0,335.0,335.0,348.0,348.0,359.0,359.0,375.0,375.0,386.0,386.0,399.0,399.0,412.0,412.0,423.0,423.0,437.0,437.0,450.0,450.0,461.0,461.0,475.0,475.0,488.0,488.0,500.0,,,,,,,,,,,,,,,,,,,,,,,,,,,,
v_PlayingViolin_g20_c04.avi,7.0,Playing Violin,25.0,0.0,7.16,1.36,7.16,34.0,179.0,34.0,56.0,56.0,79.0,79.0,97.0,97.0,117.0,117.0,139.0,139.0,158.0,158.0,179.0,,,,,,,,,,,,,,,,,,,,,,,,,,,,,,,,,,,,,,,,,,,,,,,,,,,,,,,,,,,,,,,,,,,,,,,,,,,,,,,,,,,,,,,,,,,,
v_TableTennisShot_g19_c07.avi,5.0,Table Tennis Shot,25.0,0.0,11.64,1.44,10.84,36.0,271.0,36.0,81.0,81.0,129.0,129.0,177.0,177.0,222.0,222.0,271.0,,,,,,,,,,,,,,,,,,,,,,,,,,,,,,,,,,,,,,,,,,,,,,,,,,,,,,,,,,,,,,,,,,,,,,,,,,,,,,,,,,,,,,,,,,,,,,,,
v_Biking_g05_c01.avi,5.0,Biking,29.97,0.0,10.01,0.033,5.939,1.0,178.0,1.0,44.0,44.0,78.0,78.0,112.0,112.0,145.0,145.0,178.0,,,,,,,,,,,,,,,,,,,,,,,,,,,,,,,,,,,,,,,,,,,,,,,,,,,,,,,,,,,,,,,,,,,,,,,,,,,,,,,,,,,,,,,,,,,,,,,,
v_TableTennisShot_g11_c04.avi,3.0,Table Tennis Shot,25.0,0.0,6.84,1.16,6.36,29.0,159.0,29.0,74.0,74.0,118.0,118.0,159.0,,,,,,,,,,,,,,,,,,,,,,,,,,,,,,,,,,,,,,,,,,,,,,,,,,,,,,,,,,,,,,,,,,,,,,,,,,,,,,,,,,,,,,,,,,,,,,,,,,,,
v_Rowing_g02_c06.avi,9.0,Rowing,25.0,0.0,11.6,0.44,11.4,11.0,285.0,11.0,41.0,41.0,70.0,70.0,102.0,102.0,132.0,132.0,163.0,163.0,194.0,194.0,225.0,225.0,255.0,255.0,285.0,,,,,,,,,,,,,,,,,,,,,,,,,,,,,,,,,,,,,,,,,,,,,,,,,,,,,,,,,,,,,,,,,,,,,,,,,,,,,,,,,,,,,,,,
v_HammerThrow_g19_c06.avi,4.0,Hammer Throw,25.0,0.0,9.64,6.8,8.8,170.0,220.0,170.0,186.0,186.0,198.0,198.0,209.0,209.0,220.0,,,,,,,,,,,,,,,,,,,,,,,,,,,,,,,,,,,,,,,,,,,,,,,,,,,,,,,,,,,,,,,,,,,,,,,,,,,,,,,,,,,,,,,,,,,,,,,,,,
v_Kayaking_g06_c02.avi,4.0,Kayaking,25.0,0.0,6.52,0.48,6.08,12.0,152.0,12.0,32.0,32.0,63.0,63.0,131.0,131.0,152.0,,,,,,,,,,,,,,,,,,,,,,,,,,,,,,,,,,,,,,,,,,,,,,,,,,,,,,,,,,,,,,,,,,,,,,,,,,,,,,,,,,,,,,,,,,,,,,,,,,
v_TrampolineJumping_g17_c02.avi,5.0,Trampoline Jumping,29.97,0.0,8.375,3.37,7.674,101.0,230.0,101.0,129.0,129.0,155.0,155.0,181.0,181.0,205.0,205.0,230.0,,,,,,,,,,,,,,,,,,,,,,,,,,,,,,,,,,,,,,,,,,,,,,,,,,,,,,,,,,,,,,,,,,,,,,,,,,,,,,,,,,,,,,,,,,,,,,,,
v_PlayingCello_g03_c04.avi,4.0,Playing Cello,25.0,0.0,7.56,1.16,6.16,29.0,154.0,29.0,60.0,60.0,92.0,92.0,132.0,132.0,154.0,,,,,,,,,,,,,,,,,,,,,,,,,,,,,,,,,,,,,,,,,,,,,,,,,,,,,,,,,,,,,,,,,,,,,,,,,,,,,,,,,,,,,,,,,,,,,,,,,,
v_PommelHorse_g11_c04.avi,7.0,Pommel Horse,29.97,0.0,9.81,0.033,7.708,1.0,231.0,1.0,36.0,36.0,73.0,73.0,98.0,98.0,124.0,124.0,158.0,158.0,195.0,195.0,231.0,,,,,,,,,,,,,,,,,,,,,,,,,,,,,,,,,,,,,,,,,,,,,,,,,,,,,,,,,,,,,,,,,,,,,,,,,,,,,,,,,,,,,,,,,,,,
v_JumpRope_g14_c04.avi,4.0,Jump Rope,29.97,0.0,10.21,0.767,2.736,23.0,82.0,23.0,37.0,37.0,52.0,52.0,67.0,67.0,82.0,,,,,,,,,,,,,,,,,,,,,,,,,,,,,,,,,,,,,,,,,,,,,,,,,,,,,,,,,,,,,,,,,,,,,,,,,,,,,,,,,,,,,,,,,,,,,,,,,,
v_CuttingInKitchen_g10_c01.avi,53.0,Cutting In Kitchen,25.0,0.0,12.76,0.08,12.72,2.0,318.0,2.0,6.0,6.0,12.0,12.0,17.0,17.0,24.0,24.0,30.0,30.0,36.0,36.0,41.0,41.0,47.0,47.0,54.0,54.0,57.0,57.0,62.0,62.0,69.0,69.0,72.0,72.0,79.0,79.0,84.0,84.0,90.0,90.0,96.0,96.0,101.0,101.0,107.0,107.0,117.0,117.0,122.0,122.0,129.0,129.0,135.0,135.0,141.0,141.0,147.0,147.0,152.0,152.0,159.0,159.0,165.0,165.0,171.0,171.0,175.0,175.0,182.0,182.0,189.0,189.0,195.0,195.0,199.0,199.0,210.0,210.0,216.0,216.0,222.0,222.0,227.0,227.0,234.0,234.0,240.0,240.0,244.0,244.0,252.0,252.0,257.0,257.0,264.0,264.0,270.0,270.0,276.0,276.0,282.0,282.0,287.0,287.0,294.0,294.0,300.0,300.0,306.0,306.0,312.0,312.0,318.0
v_BreastStroke_g02_c01.avi,5.0,Breast Stroke,25.0,0.0,9.08,0.04,8.64,1.0,216.0,1.0,38.0,38.0,81.0,81.0,127.0,127.0,172.0,172.0,216.0,,,,,,,,,,,,,,,,,,,,,,,,,,,,,,,,,,,,,,,,,,,,,,,,,,,,,,,,,,,,,,,,,,,,,,,,,,,,,,,,,,,,,,,,,,,,,,,,
v_PlayingCello_g13_c01.avi,9.0,Playing Cello,25.0,0.0,12.68,0.8,7.4,20.0,185.0,20.0,39.0,39.0,58.0,58.0,74.0,74.0,89.0,89.0,102.0,102.0,119.0,119.0,139.0,139.0,160.0,160.0,185.0,,,,,,,,,,,,,,,,,,,,,,,,,,,,,,,,,,,,,,,,,,,,,,,,,,,,,,,,,,,,,,,,,,,,,,,,,,,,,,,,,,,,,,,,
v_BodyWeightSquats_g13_c01.avi,2.0,Body Weight Squats,25.0,0.0,4.48,0.04,4.48,1.0,112,1.0,62.0,62.0,112.0,,,,,,,,,,,,,,,,,,,,,,,,,,,,,,,,,,,,,,,,,,,,,,,,,,,,,,,,,,,,,,,,,,,,,,,,,,,,,,,,,,,,,,,,,,,,,,,,,,,,,,
v_Rowing_g15_c03.avi,15.0,Rowing,25.0,0.0,33.84,0.04,33.72,1.0,843.0,1.0,61.0,61.0,121.0,121.0,178.0,178.0,236.0,236.0,293.0,293.0,346.0,346.0,403.0,403.0,460.0,460.0,514.0,514.0,570.0,570.0,626.0,626.0,678.0,678.0,733.0,733.0,787.0,787.0,843.0,,,,,,,,,,,,,,,,,,,,,,,,,,,,,,,,,,,,,,,,,,,,,,,,,,,,,,,,,,,,,,,,,,,,,,,,,,,,
v_Biking_g04_c03.avi,8.0,Biking,29.97,0.0,8.008,0.033,7.541,1.0,226.0,1.0,29.0,29.0,50.0,50.0,75.0,75.0,102.0,102.0,152.0,152.0,176.0,176.0,201.0,201.0,226.0,,,,,,,,,,,,,,,,,,,,,,,,,,,,,,,,,,,,,,,,,,,,,,,,,,,,,,,,,,,,,,,,,,,,,,,,,,,,,,,,,,,,,,,,,,
v_TrampolineJumping_g20_c05.avi,7.0,Trampoline Jumping,29.97,0.0,8.008,1.401,6.273,42.0,188.0,42.0,67.0,67.0,90.0,90.0,109.0,109.0,128.0,128.0,147.0,147.0,168.0,168.0,188.0,,,,,,,,,,,,,,,,,,,,,,,,,,,,,,,,,,,,,,,,,,,,,,,,,,,,,,,,,,,,,,,,,,,,,,,,,,,,,,,,,,,,,,,,,,,,
v_HandStandPushups_g07_c04.avi,2.0,Hand Stand Pushups,25.0,0.0,6.88,0.04,4.92,1.0,123.0,1.0,62.0,62.0,123.0,,,,,,,,,,,,,,,,,,,,,,,,,,,,,,,,,,,,,,,,,,,,,,,,,,,,,,,,,,,,,,,,,,,,,,,,,,,,,,,,,,,,,,,,,,,,,,,,,,,,,,
v_Rowing_g11_c02.avi,5.0,Rowing,25.0,0.0,7.68,0.04,7.68,1.0,192.0,1.0,37.0,37.0,77.0,77.0,115.0,115.0,152.0,152.0,192.0,,,,,,,,,,,,,,,,,,,,,,,,,,,,,,,,,,,,,,,,,,,,,,,,,,,,,,,,,,,,,,,,,,,,,,,,,,,,,,,,,,,,,,,,,,,,,,,,
v_JumpRope_g20_c03.avi,7.0,Jump Rope,29.97,0.0,16.984,0.033,4.605,1.0,138.0,1.0,21.0,21.0,41.0,41.0,60.0,60.0,80.0,80.0,99.0,99.0,118.0,118.0,138.0,,,,,,,,,,,,,,,,,,,,,,,,,,,,,,,,,,,,,,,,,,,,,,,,,,,,,,,,,,,,,,,,,,,,,,,,,,,,,,,,,,,,,,,,,,,,
v_Biking_g12_c04.avi,4.0,Biking,29.97,0.0,6.707,0.801,3.704,24.0,111.0,24.0,47.0,47.0,69.0,69.0,90.0,90.0,111.0,,,,,,,,,,,,,,,,,,,,,,,,,,,,,,,,,,,,,,,,,,,,,,,,,,,,,,,,,,,,,,,,,,,,,,,,,,,,,,,,,,,,,,,,,,,,,,,,,,
v_BreastStroke_g04_c01.avi,6.0,Breast Stroke,25.0,0.0,7.68,0.8,7.08,20.0,177.0,20.0,46.0,46.0,73.0,73.0,100.0,100.0,125.0,125.0,151.0,151.0,177.0,,,,,,,,,,,,,,,,,,,,,,,,,,,,,,,,,,,,,,,,,,,,,,,,,,,,,,,,,,,,,,,,,,,,,,,,,,,,,,,,,,,,,,,,,,,,,,
v_PommelHorse_g02_c04.avi,8.0,Pommel Horse,29.97,0.0,16.45,7.007,14.581,210.0,437.0,210.0,238.0,238.0,265.0,265.0,292.0,292.0,320.0,320.0,350.0,350.0,379.0,379.0,407.0,407.0,437.0,,,,,,,,,,,,,,,,,,,,,,,,,,,,,,,,,,,,,,,,,,,,,,,,,,,,,,,,,,,,,,,,,,,,,,,,,,,,,,,,,,,,,,,,,,
v_FrontCrawl_g11_c02.avi,7.0,Front Crawl,25.0,0.0,15.64,0.04,14.32,1.0,358.0,1.0,52.0,52.0,101.0,101.0,156.0,156.0,206.0,206.0,258.0,258.0,307.0,307.0,358.0,,,,,,,,,,,,,,,,,,,,,,,,,,,,,,,,,,,,,,,,,,,,,,,,,,,,,,,,,,,,,,,,,,,,,,,,,,,,,,,,,,,,,,,,,,,,
v_HulaHoop_g11_c02.avi,15.0,Hula Hoop,25.0,0.0,8.0,0.32,7.68,8.0,192.0,8.0,19.0,19.0,32.0,32.0,44.0,44.0,56.0,56.0,67.0,67.0,81.0,81.0,92.0,92.0,104.0,104.0,118.0,118.0,131.0,131.0,146.0,146.0,156.0,156.0,169.0,169.0,181.0,181.0,192.0,,,,,,,,,,,,,,,,,,,,,,,,,,,,,,,,,,,,,,,,,,,,,,,,,,,,,,,,,,,,,,,,,,,,,,,,,,,,
v_BabyCrawling_g16_c05.avi,4.0,Baby Crawling,25.0,0.0,8.92,0.48,8.08,12.0,202.0,12.0,38.0,38.0,68.0,68.0,116.0,116.0,202.0,,,,,,,,,,,,,,,,,,,,,,,,,,,,,,,,,,,,,,,,,,,,,,,,,,,,,,,,,,,,,,,,,,,,,,,,,,,,,,,,,,,,,,,,,,,,,,,,,,
v_FrontCrawl_g07_c01.avi,3.0,Front Crawl,25.0,0.0,10.72,0.04,8.84,1.0,221.0,1.0,88.0,88.0,154.0,154.0,221.0,,,,,,,,,,,,,,,,,,,,,,,,,,,,,,,,,,,,,,,,,,,,,,,,,,,,,,,,,,,,,,,,,,,,,,,,,,,,,,,,,,,,,,,,,,,,,,,,,,,,
v_Rowing_g20_c02.avi,3.0,Rowing,25.0,0.0,8.36,3.2,7.72,80.0,193.0,80.0,117.0,117.0,155.0,155.0,193.0,,,,,,,,,,,,,,,,,,,,,,,,,,,,,,,,,,,,,,,,,,,,,,,,,,,,,,,,,,,,,,,,,,,,,,,,,,,,,,,,,,,,,,,,,,,,,,,,,,,,
v_BodyWeightSquats_g18_c01.avi,5.0,Body Weight Squats,25.0,0.0,8.12,0.2,7.48,5.0,187.0,5.0,39.0,39.0,74.0,74.0,111.0,111.0,148.0,148.0,187.0,,,,,,,,,,,,,,,,,,,,,,,,,,,,,,,,,,,,,,,,,,,,,,,,,,,,,,,,,,,,,,,,,,,,,,,,,,,,,,,,,,,,,,,,,,,,,,,,
v_Biking_g17_c02.avi,8.0,Biking,29.97,0.0,8.008,0.033,5.672,1.0,170.0,1.0,23.0,23.0,43.0,43.0,62.0,62.0,83.0,83.0,107.0,107.0,127.0,127.0,149.0,149.0,170.0,,,,,,,,,,,,,,,,,,,,,,,,,,,,,,,,,,,,,,,,,,,,,,,,,,,,,,,,,,,,,,,,,,,,,,,,,,,,,,,,,,,,,,,,,,
v_BreastStroke_g12_c02.avi,7.0,Breast Stroke,25.0,0.0,13.28,0.52,12.4,13.0,310.0,13.0,59.0,59.0,102.0,102.0,144.0,144.0,186.0,186.0,228.0,228.0,268.0,268.0,310.0,,,,,,,,,,,,,,,,,,,,,,,,,,,,,,,,,,,,,,,,,,,,,,,,,,,,,,,,,,,,,,,,,,,,,,,,,,,,,,,,,,,,,,,,,,,,
v_PlayingCello_g04_c02.avi,3.0,Playing Cello,25.0,0.0,8.48,0.6,6.8,15.0,170.0,15.0,89.0,89.0,130.0,130.0,170.0,,,,,,,,,,,,,,,,,,,,,,,,,,,,,,,,,,,,,,,,,,,,,,,,,,,,,,,,,,,,,,,,,,,,,,,,,,,,,,,,,,,,,,,,,,,,,,,,,,,,
v_BodyWeightSquats_g10_c01.avi,3.0,Body Weight Squats,25.0,0.0,6.72,1.92,5.64,48.0,141.0,48.0,79.0,79.0,110.0,110.0,141.0,,,,,,,,,,,,,,,,,,,,,,,,,,,,,,,,,,,,,,,,,,,,,,,,,,,,,,,,,,,,,,,,,,,,,,,,,,,,,,,,,,,,,,,,,,,,,,,,,,,,
v_HandStandPushups_g20_c02.avi,5.0,Hand Stand Pushups,25.0,0.0,5.36,0.04,4.68,1.0,117.0,1.0,23.0,23.0,47.0,47.0,70.0,70.0,94.0,94.0,117.0,,,,,,,,,,,,,,,,,,,,,,,,,,,,,,,,,,,,,,,,,,,,,,,,,,,,,,,,,,,,,,,,,,,,,,,,,,,,,,,,,,,,,,,,,,,,,,,,
v_Kayaking_g05_c02.avi,3.0,Kayaking,25.0,0.0,7.24,0.36,4.24,9.0,106.0,9.0,43.0,43.0,73.0,73.0,106.0,,,,,,,,,,,,,,,,,,,,,,,,,,,,,,,,,,,,,,,,,,,,,,,,,,,,,,,,,,,,,,,,,,,,,,,,,,,,,,,,,,,,,,,,,,,,,,,,,,,,
v_JumpingJack_g16_c01.avi,2.0,Jumping Jack,29.97,0.0,2.603,0.033,2.302,1.0,69.0,1.0,34.0,34.0,69.0,,,,,,,,,,,,,,,,,,,,,,,,,,,,,,,,,,,,,,,,,,,,,,,,,,,,,,,,,,,,,,,,,,,,,,,,,,,,,,,,,,,,,,,,,,,,,,,,,,,,,,
v_TableTennisShot_g07_c02.avi,4.0,Table Tennis Shot,25.0,0.0,4.04,0.04,3.6,1.0,90.0,1.0,22.0,22.0,44.0,44.0,67.0,67.0,90.0,,,,,,,,,,,,,,,,,,,,,,,,,,,,,,,,,,,,,,,,,,,,,,,,,,,,,,,,,,,,,,,,,,,,,,,,,,,,,,,,,,,,,,,,,,,,,,,,,,
v_HammerThrow_g03_c06.avi,4.0,Hammer Throw,25.0,0.0,10.12,6.92,9.24,173.0,231.0,173.0,192.0,192.0,207.0,207.0,219.0,219.0,231.0,,,,,,,,,,,,,,,,,,,,,,,,,,,,,,,,,,,,,,,,,,,,,,,,,,,,,,,,,,,,,,,,,,,,,,,,,,,,,,,,,,,,,,,,,,,,,,,,,,
v_TrampolineJumping_g12_c02.avi,7.0,Trampoline Jumping,29.97,0.0,6.006,0.3,5.939,9.0,178.0,9.0,35.0,35.0,59.0,59.0,81.0,81.0,104.0,104.0,129.0,129.0,155.0,155.0,178.0,,,,,,,,,,,,,,,,,,,,,,,,,,,,,,,,,,,,,,,,,,,,,,,,,,,,,,,,,,,,,,,,,,,,,,,,,,,,,,,,,,,,,,,,,,,,
v_BenchPress_g04_c03.avi,4.0,Bench Press,25.0,0.0,8.32,0.32,8.32,8.0,208.0,8.0,81.0,81.0,129.0,129.0,164.0,164.0,208.0,,,,,,,,,,,,,,,,,,,,,,,,,,,,,,,,,,,,,,,,,,,,,,,,,,,,,,,,,,,,,,,,,,,,,,,,,,,,,,,,,,,,,,,,,,,,,,,,,,
v_HandStandPushups_g04_c04.avi,3.0,Hand Stand Pushups,25.0,0.0,8.88,1.24,8.04,31.0,201.0,31.0,81.0,81.0,140.0,140.0,201.0,,,,,,,,,,,,,,,,,,,,,,,,,,,,,,,,,,,,,,,,,,,,,,,,,,,,,,,,,,,,,,,,,,,,,,,,,,,,,,,,,,,,,,,,,,,,,,,,,,,,
v_HandStandPushups_g12_c07.avi,4.0,Hand Stand Pushups,25.0,0.0,10.04,0.04,10.04,1.0,251.0,1.0,53.0,53.0,115.0,115.0,174.0,174.0,251.0,,,,,,,,,,,,,,,,,,,,,,,,,,,,,,,,,,,,,,,,,,,,,,,,,,,,,,,,,,,,,,,,,,,,,,,,,,,,,,,,,,,,,,,,,,,,,,,,,,
v_BabyCrawling_g18_c02.avi,2.0,Baby Crawling,25.0,0.0,9.08,1.2,6.32,30.0,158.0,30.0,85.0,85.0,158.0,,,,,,,,,,,,,,,,,,,,,,,,,,,,,,,,,,,,,,,,,,,,,,,,,,,,,,,,,,,,,,,,,,,,,,,,,,,,,,,,,,,,,,,,,,,,,,,,,,,,,,
v_HandStandPushups_g06_c02.avi,2.0,Hand Stand Pushups,25.0,0.0,5.0,0.04,5.0,1.0,125.0,1.0,55.0,55.0,125.0,,,,,,,,,,,,,,,,,,,,,,,,,,,,,,,,,,,,,,,,,,,,,,,,,,,,,,,,,,,,,,,,,,,,,,,,,,,,,,,,,,,,,,,,,,,,,,,,,,,,,,
v_BenchPress_g02_c03.avi,2.0,Bench Press,25.0,0.0,8.84,0.04,5.76,1.0,144.0,1.0,44.0,44.0,144.0,,,,,,,,,,,,,,,,,,,,,,,,,,,,,,,,,,,,,,,,,,,,,,,,,,,,,,,,,,,,,,,,,,,,,,,,,,,,,,,,,,,,,,,,,,,,,,,,,,,,,,
v_BodyWeightSquats_g01_c01.avi,4.0,Body Weight Squats,25.0,0.0,10.68,0.76,10.68,19.0,267.0,19.0,83.0,83.0,144.0,144.0,208.0,208.0,267.0,,,,,,,,,,,,,,,,,,,,,,,,,,,,,,,,,,,,,,,,,,,,,,,,,,,,,,,,,,,,,,,,,,,,,,,,,,,,,,,,,,,,,,,,,,,,,,,,,,
v_HulaHoop_g18_c04.avi,10.0,Hula Hoop,25.0,0.0,4.8,0.04,4.44,1.0,111.0,1.0,11.0,11.0,20.0,20.0,30.0,30.0,40.0,40.0,51.0,51.0,62.0,62.0,74.0,74.0,86.0,86.0,98.0,98.0,111.0,,,,,,,,,,,,,,,,,,,,,,,,,,,,,,,,,,,,,,,,,,,,,,,,,,,,,,,,,,,,,,,,,,,,,,,,,,,,,,,,,,,,,,
v_Rowing_g05_c04.avi,8.0,Rowing,25.0,0.0,17.04,1.24,16.88,31.0,422.0,31.0,81.0,81.0,131.0,131.0,176.0,176.0,227.0,227.0,274.0,274.0,323.0,323.0,371.0,371.0,422.0,,,,,,,,,,,,,,,,,,,,,,,,,,,,,,,,,,,,,,,,,,,,,,,,,,,,,,,,,,,,,,,,,,,,,,,,,,,,,,,,,,,,,,,,,,
v_BreastStroke_g19_c04.avi,4.0,Breast Stroke,25.0,0.0,9.08,0.04,8.68,1.0,217.0,1.0,58.0,58.0,113.0,113.0,167.0,167.0,217.0,,,,,,,,,,,,,,,,,,,,,,,,,,,,,,,,,,,,,,,,,,,,,,,,,,,,,,,,,,,,,,,,,,,,,,,,,,,,,,,,,,,,,,,,,,,,,,,,,,
v_HammerThrow_g06_c04.avi,6.0,Hammer Throw,25.0,0.0,9.96,4.76,9.44,119.0,236.0,119.0,162.0,162.0,185.0,185.0,202.0,202.0,214.0,214.0,225.0,225.0,236.0,,,,,,,,,,,,,,,,,,,,,,,,,,,,,,,,,,,,,,,,,,,,,,,,,,,,,,,,,,,,,,,,,,,,,,,,,,,,,,,,,,,,,,,,,,,,,,
v_BreastStroke_g08_c01.avi,5.0,Breast Stroke,25.0,0.0,8.6,0.16,7.48,4.0,187.0,4.0,42.0,42.0,80.0,80.0,117.0,117.0,153.0,153.0,187.0,,,,,,,,,,,,,,,,,,,,,,,,,,,,,,,,,,,,,,,,,,,,,,,,,,,,,,,,,,,,,,,,,,,,,,,,,,,,,,,,,,,,,,,,,,,,,,,,
v_BodyWeightSquats_g02_c03.avi,2.0,Body Weight Squats,25.0,0.0,4.68,0.04,4.68,1.0,117.0,1.0,60.0,60.0,117.0,,,,,,,,,,,,,,,,,,,,,,,,,,,,,,,,,,,,,,,,,,,,,,,,,,,,,,,,,,,,,,,,,,,,,,,,,,,,,,,,,,,,,,,,,,,,,,,,,,,,,,
v_CuttingInKitchen_g01_c01.avi,10.0,Cutting In Kitchen,25.0,0.0,12.04,1.52,11.6,38.0,290.0,38.0,70.0,70.0,97.0,97.0,124.0,124.0,152.0,152.0,179.0,179.0,207.0,207.0,227.0,227.0,246.0,246.0,269.0,269.0,290.0,,,,,,,,,,,,,,,,,,,,,,,,,,,,,,,,,,,,,,,,,,,,,,,,,,,,,,,,,,,,,,,,,,,,,,,,,,,,,,,,,,,,,,
v_PommelHorse_g08_c01.avi,8.0,Pommel Horse,29.97,0.0,8.542,0.601,8.041,18.0,241.0,18.0,45.0,45.0,73.0,73.0,98.0,98.0,127.0,127.0,154.0,154.0,183.0,183.0,211.0,211.0,241.0,,,,,,,,,,,,,,,,,,,,,,,,,,,,,,,,,,,,,,,,,,,,,,,,,,,,,,,,,,,,,,,,,,,,,,,,,,,,,,,,,,,,,,,,,,
v_PommelHorse_g20_c07.avi,12.0,Pommel Horse,29.97,0.0,16.35,0.033,11.245,1.0,337.0,1.0,28.0,28.0,56.0,56.0,83.0,83.0,113.0,113.0,140.0,140.0,168.0,168.0,196.0,196.0,223.0,223.0,251.0,251.0,281.0,281.0,309.0,309.0,337.0,,,,,,,,,,,,,,,,,,,,,,,,,,,,,,,,,,,,,,,,,,,,,,,,,,,,,,,,,,,,,,,,,,,,,,,,,,,,,,,,,,
v_FrontCrawl_g01_c01.avi,2.0,Front Crawl,25.0,0.0,5.52,0.04,4.08,1.0,102.0,1.0,52.0,52.0,102.0,,,,,,,,,,,,,,,,,,,,,,,,,,,,,,,,,,,,,,,,,,,,,,,,,,,,,,,,,,,,,,,,,,,,,,,,,,,,,,,,,,,,,,,,,,,,,,,,,,,,,,
v_JumpingJack_g09_c01.avi,2.0,Jumping Jack,29.97,0.0,3.103,0.033,2.169,1.0,65.0,1.0,33.0,33.0,65.0,,,,,,,,,,,,,,,,,,,,,,,,,,,,,,,,,,,,,,,,,,,,,,,,,,,,,,,,,,,,,,,,,,,,,,,,,,,,,,,,,,,,,,,,,,,,,,,,,,,,,,
v_TableTennisShot_g06_c01.avi,2.0,Table Tennis Shot,25.0,0.0,8.28,0.92,6.96,23.0,174.0,23.0,94.0,94.0,174.0,,,,,,,,,,,,,,,,,,,,,,,,,,,,,,,,,,,,,,,,,,,,,,,,,,,,,,,,,,,,,,,,,,,,,,,,,,,,,,,,,,,,,,,,,,,,,,,,,,,,,,
v_Biking_g03_c01.avi,3.0,Biking,29.97,0.0,12.679,0.033,4.938,1.0,148.0,1.0,48.0,48.0,100.0,100.0,148.0,,,,,,,,,,,,,,,,,,,,,,,,,,,,,,,,,,,,,,,,,,,,,,,,,,,,,,,,,,,,,,,,,,,,,,,,,,,,,,,,,,,,,,,,,,,,,,,,,,,,
v_ShavingBeard_g17_c07.avi,6.0,Shaving Beard,25.0,0.0,12.92,0.2,3.68,5.0,92.0,5.0,15.0,15.0,26.0,26.0,38.0,38.0,59.0,59.0,73.0,73.0,92.0,,,,,,,,,,,,,,,,,,,,,,,,,,,,,,,,,,,,,,,,,,,,,,,,,,,,,,,,,,,,,,,,,,,,,,,,,,,,,,,,,,,,,,,,,,,,,,
v_JumpRope_g16_c01.avi,40.0,Jump Rope,29.97,0.0,17.985,0.1,17.651,3.0,529.0,3.0,19.0,19.0,32.0,32.0,45.0,45.0,58.0,58.0,71.0,71.0,83.0,83.0,96.0,96.0,108.0,108.0,121.0,121.0,135.0,135.0,147.0,147.0,159.0,159.0,172.0,172.0,185.0,185.0,197.0,197.0,211.0,211.0,225.0,225.0,238.0,238.0,251.0,251.0,264.0,264.0,277.0,277.0,290.0,290.0,304.0,304.0,317.0,317.0,331.0,331.0,344.0,344.0,357.0,357.0,370.0,370.0,383.0,383.0,396.0,396.0,410.0,410.0,422.0,422.0,436.0,436.0,449.0,449.0,462.0,462.0,476.0,476.0,489.0,489.0,502.0,502.0,516.0,516.0,529.0,,,,,,,,,,,,,,,,,,,,,,,,,,
v_Kayaking_g08_c01.avi,4.0,Kayaking,25.0,0.0,7.28,0.44,6.96,11.0,174.0,11.0,32.0,32.0,91.0,91.0,134.0,134.0,174.0,,,,,,,,,,,,,,,,,,,,,,,,,,,,,,,,,,,,,,,,,,,,,,,,,,,,,,,,,,,,,,,,,,,,,,,,,,,,,,,,,,,,,,,,,,,,,,,,,,
v_JumpingJack_g01_c01.avi,2.0,Jumping Jack,29.97,0.0,3.103,0.033,2.135,1.0,64.0,1.0,33.0,33.0,64.0,,,,,,,,,,,,,,,,,,,,,,,,,,,,,,,,,,,,,,,,,,,,,,,,,,,,,,,,,,,,,,,,,,,,,,,,,,,,,,,,,,,,,,,,,,,,,,,,,,,,,,
v_BreastStroke_g07_c01.avi,5.0,Breast Stroke,25.0,0.0,10.4,0.04,9.76,1.0,244.0,1.0,48.0,48.0,96.0,96.0,145.0,145.0,196.0,196.0,244.0,,,,,,,,,,,,,,,,,,,,,,,,,,,,,,,,,,,,,,,,,,,,,,,,,,,,,,,,,,,,,,,,,,,,,,,,,,,,,,,,,,,,,,,,,,,,,,,,
v_ShavingBeard_g03_c05.avi,13.0,Shaving Beard,25.0,0.0,7.32,1.36,6.92,34.0,173.0,34.0,45.0,45.0,55.0,55.0,66.0,66.0,77.0,77.0,88.0,88.0,98.0,98.0,106.0,106.0,115.0,115.0,127.0,127.0,140.0,140.0,151.0,151.0,163.0,163.0,173.0,,,,,,,,,,,,,,,,,,,,,,,,,,,,,,,,,,,,,,,,,,,,,,,,,,,,,,,,,,,,,,,,,,,,,,,,,,,,,,,,
v_Hammering_g17_c01.avi,5.0,Hammering,25.0,0.0,6.0,0.04,5.48,1.0,137.0,1.0,26.0,26.0,42.0,42.0,72.0,72.0,104.0,104.0,137.0,,,,,,,,,,,,,,,,,,,,,,,,,,,,,,,,,,,,,,,,,,,,,,,,,,,,,,,,,,,,,,,,,,,,,,,,,,,,,,,,,,,,,,,,,,,,,,,,
v_JumpingJack_g18_c04.avi,3.0,Jumping Jack,29.97,0.0,3.237,0.033,3.237,1.0,97.0,1.0,36.0,36.0,67.0,67.0,97.0,,,,,,,,,,,,,,,,,,,,,,,,,,,,,,,,,,,,,,,,,,,,,,,,,,,,,,,,,,,,,,,,,,,,,,,,,,,,,,,,,,,,,,,,,,,,,,,,,,,,
v_BenchPress_g08_c01.avi,3.0,Bench Press,25.0,0.0,2.56,0.04,2.56,1.0,64.0,1.0,23.0,23.0,45.0,45.0,64.0,,,,,,,,,,,,,,,,,,,,,,,,,,,,,,,,,,,,,,,,,,,,,,,,,,,,,,,,,,,,,,,,,,,,,,,,,,,,,,,,,,,,,,,,,,,,,,,,,,,,
v_TableTennisShot_g14_c04.avi,11.0,Table Tennis Shot,25.0,0.0,10.0,0.28,9.44,7.0,236.0,7.0,27.0,27.0,46.0,46.0,67.0,67.0,102.0,102.0,122.0,122.0,141.0,141.0,160.0,160.0,179.0,179.0,198.0,198.0,217.0,217.0,236.0,,,,,,,,,,,,,,,,,,,,,,,,,,,,,,,,,,,,,,,,,,,,,,,,,,,,,,,,,,,,,,,,,,,,,,,,,,,,,,,,,,,,
v_HandStandPushups_g17_c02.avi,2.0,Hand Stand Pushups,25.0,0.0,3.8,0.04,3.6,1.0,90.0,1.0,35.0,35.0,90.0,,,,,,,,,,,,,,,,,,,,,,,,,,,,,,,,,,,,,,,,,,,,,,,,,,,,,,,,,,,,,,,,,,,,,,,,,,,,,,,,,,,,,,,,,,,,,,,,,,,,,,
v_BabyCrawling_g13_c06.avi,5.0,Baby Crawling,25.0,0.0,6.68,0.04,5.44,1.0,136.0,1.0,24.0,24.0,49.0,49.0,81.0,81.0,107.0,107.0,136.0,,,,,,,,,,,,,,,,,,,,,,,,,,,,,,,,,,,,,,,,,,,,,,,,,,,,,,,,,,,,,,,,,,,,,,,,,,,,,,,,,,,,,,,,,,,,,,,,
v_SoccerJuggling_g02_c01.avi,14.0,Soccer Juggling,29.97,0.0,8.008,0.901,7.474,27.0,224.0,27.0,43.0,43.0,57.0,57.0,69.0,69.0,84.0,84.0,101.0,101.0,112.0,112.0,124.0,124.0,138.0,138.0,151.0,151.0,159.0,159.0,177.0,177.0,192.0,192.0,205.0,205.0,224.0,,,,,,,,,,,,,,,,,,,,,,,,,,,,,,,,,,,,,,,,,,,,,,,,,,,,,,,,,,,,,,,,,,,,,,,,,,,,,,
v_CuttingInKitchen_g08_c03.avi,17.0,Cutting In Kitchen,25.0,0.0,10.12,0.04,9.84,1.0,246.0,1.0,13.0,13.0,28.0,28.0,42.0,42.0,53.0,53.0,68.0,68.0,83.0,83.0,97.0,97.0,109.0,109.0,124.0,124.0,138.0,138.0,151.0,151.0,164.0,164.0,179.0,179.0,192.0,192.0,213.0,213.0,230.0,230.0,246.0,,,,,,,,,,,,,,,,,,,,,,,,,,,,,,,,,,,,,,,,,,,,,,,,,,,,,,,,,,,,,,,,,,,,,,,,
v_HandStandPushups_g18_c02.avi,3.0,Hand Stand Pushups,25.0,0.0,5.0,0.04,4.92,1.0,123.0,1.0,46.0,46.0,82.0,82.0,123.0,,,,,,,,,,,,,,,,,,,,,,,,,,,,,,,,,,,,,,,,,,,,,,,,,,,,,,,,,,,,,,,,,,,,,,,,,,,,,,,,,,,,,,,,,,,,,,,,,,,,
v_SoccerJuggling_g05_c01.avi,9.0,Soccer Juggling,29.97,0.0,8.008,0.367,7.474,11.0,224.0,11.0,38.0,38.0,65.0,65.0,86.0,86.0,109.0,109.0,135.0,135.0,160.0,160.0,186.0,186.0,205.0,205.0,224.0,,,,,,,,,,,,,,,,,,,,,,,,,,,,,,,,,,,,,,,,,,,,,,,,,,,,,,,,,,,,,,,,,,,,,,,,,,,,,,,,,,,,,,,,
v_BreastStroke_g06_c02.avi,2.0,Breast Stroke,25.0,0.0,4.0,0.04,3.6,1.0,90.0,1.0,47.0,47.0,90.0,,,,,,,,,,,,,,,,,,,,,,,,,,,,,,,,,,,,,,,,,,,,,,,,,,,,,,,,,,,,,,,,,,,,,,,,,,,,,,,,,,,,,,,,,,,,,,,,,,,,,,
v_BodyWeightSquats_g09_c01.avi,4.0,Body Weight Squats,25.0,0.0,8.0,0.24,6.56,6.0,164.0,6.0,51.0,51.0,85.0,85.0,124.0,124.0,164.0,,,,,,,,,,,,,,,,,,,,,,,,,,,,,,,,,,,,,,,,,,,,,,,,,,,,,,,,,,,,,,,,,,,,,,,,,,,,,,,,,,,,,,,,,,,,,,,,,,
v_HandstandWalking_g20_c04.avi,3.0,Handstand Walking,25.0,0.0,3.52,0.04,3.32,1.0,83.0,1.0,27.0,27.0,57.0,57.0,83.0,,,,,,,,,,,,,,,,,,,,,,,,,,,,,,,,,,,,,,,,,,,,,,,,,,,,,,,,,,,,,,,,,,,,,,,,,,,,,,,,,,,,,,,,,,,,,,,,,,,,
v_SoccerJuggling_g19_c01.avi,12.0,Soccer Juggling,29.97,0.0,12.579,0.267,7.474,8.0,224.0,8.0,29.0,29.0,45.0,45.0,58.0,58.0,78.0,78.0,101.0,101.0,121.0,121.0,138.0,138.0,154.0,154.0,169.0,169.0,183.0,183.0,201.0,201.0,224.0,,,,,,,,,,,,,,,,,,,,,,,,,,,,,,,,,,,,,,,,,,,,,,,,,,,,,,,,,,,,,,,,,,,,,,,,,,,,,,,,,,
v_Hammering_g12_c05.avi,2.0,Hammering,25.0,0.0,4.48,1.6,4.2,40.0,105.0,40.0,73.0,73.0,105.0,,,,,,,,,,,,,,,,,,,,,,,,,,,,,,,,,,,,,,,,,,,,,,,,,,,,,,,,,,,,,,,,,,,,,,,,,,,,,,,,,,,,,,,,,,,,,,,,,,,,,,
v_BenchPress_g05_c04.avi,3.0,Bench Press,25.0,0.0,11.92,0.04,11.92,1.0,298.0,1.0,50.0,50.0,187.0,187.0,298.0,,,,,,,,,,,,,,,,,,,,,,,,,,,,,,,,,,,,,,,,,,,,,,,,,,,,,,,,,,,,,,,,,,,,,,,,,,,,,,,,,,,,,,,,,,,,,,,,,,,,
v_BabyCrawling_g20_c03.avi,6.0,Baby Crawling,25.0,0.0,10.52,1.4,8.96,35.0,224.0,35.0,70.0,70.0,97.0,97.0,123.0,123.0,150.0,150.0,184.0,184.0,224.0,,,,,,,,,,,,,,,,,,,,,,,,,,,,,,,,,,,,,,,,,,,,,,,,,,,,,,,,,,,,,,,,,,,,,,,,,,,,,,,,,,,,,,,,,,,,,,
v_HulaHoop_g20_c01.avi,6.0,Hula Hoop,25.0,0.0,4.04,0.04,3.68,1.0,92.0,1.0,16.0,16.0,31.0,31.0,46.0,46.0,61.0,61.0,77.0,77.0,92.0,,,,,,,,,,,,,,,,,,,,,,,,,,,,,,,,,,,,,,,,,,,,,,,,,,,,,,,,,,,,,,,,,,,,,,,,,,,,,,,,,,,,,,,,,,,,,,
v_Rowing_g18_c01.avi,5.0,Rowing,25.0,0.0,10.2,1.24,9.48,31.0,237.0,31.0,72.0,72.0,113.0,113.0,156.0,156.0,198.0,198.0,237.0,,,,,,,,,,,,,,,,,,,,,,,,,,,,,,,,,,,,,,,,,,,,,,,,,,,,,,,,,,,,,,,,,,,,,,,,,,,,,,,,,,,,,,,,,,,,,,,,
v_BreastStroke_g18_c03.avi,3.0,Breast Stroke,25.0,0.0,6.32,0.04,4.8,1.0,120.0,1.0,40.0,40.0,77.0,77.0,120.0,,,,,,,,,,,,,,,,,,,,,,,,,,,,,,,,,,,,,,,,,,,,,,,,,,,,,,,,,,,,,,,,,,,,,,,,,,,,,,,,,,,,,,,,,,,,,,,,,,,,
v_HandStandPushups_g16_c07.avi,4.0,Hand Stand Pushups,25.0,0.0,6.36,1.0,6.24,25.0,156.0,25.0,52.0,52.0,95.0,95.0,120.0,120.0,156.0,,,,,,,,,,,,,,,,,,,,,,,,,,,,,,,,,,,,,,,,,,,,,,,,,,,,,,,,,,,,,,,,,,,,,,,,,,,,,,,,,,,,,,,,,,,,,,,,,,
v_BenchPress_g16_c01.avi,3.0,Bench Press,25.0,0.0,4.28,0.04,4.28,1.0,107.0,1.0,36.0,36.0,72.0,72.0,107.0,,,,,,,,,,,,,,,,,,,,,,,,,,,,,,,,,,,,,,,,,,,,,,,,,,,,,,,,,,,,,,,,,,,,,,,,,,,,,,,,,,,,,,,,,,,,,,,,,,,,
v_Hammering_g08_c04.avi,4.0,Hammering,25.0,0.0,5.8,0.76,3.72,19.0,93.0,19.0,30.0,30.0,66.0,66.0,80.0,80.0,93.0,,,,,,,,,,,,,,,,,,,,,,,,,,,,,,,,,,,,,,,,,,,,,,,,,,,,,,,,,,,,,,,,,,,,,,,,,,,,,,,,,,,,,,,,,,,,,,,,,,
v_PlayingViolin_g11_c01.avi,2.0,Playing Violin,25.0,0.0,7.92,2.12,7.4,53.0,185.0,53.0,152.0,152.0,185.0,,,,,,,,,,,,,,,,,,,,,,,,,,,,,,,,,,,,,,,,,,,,,,,,,,,,,,,,,,,,,,,,,,,,,,,,,,,,,,,,,,,,,,,,,,,,,,,,,,,,,,
v_HammerThrow_g12_c03.avi,5.0,Hammer Throw,25.0,0.0,7.88,2.72,6.44,68.0,161.0,68.0,100.0,100.0,122.0,122.0,137.0,137.0,149.0,149.0,161.0,,,,,,,,,,,,,,,,,,,,,,,,,,,,,,,,,,,,,,,,,,,,,,,,,,,,,,,,,,,,,,,,,,,,,,,,,,,,,,,,,,,,,,,,,,,,,,,,
v_HammerThrow_g08_c01.avi,2.0,Hammer Throw,25.0,0.0,8.08,5.2,7.04,130.0,176.0,130.0,156.0,156.0,176.0,,,,,,,,,,,,,,,,,,,,,,,,,,,,,,,,,,,,,,,,,,,,,,,,,,,,,,,,,,,,,,,,,,,,,,,,,,,,,,,,,,,,,,,,,,,,,,,,,,,,,,
v_CuttingInKitchen_g16_c01.avi,11.0,Cutting In Kitchen,25.0,0.0,7.04,0.04,6.68,1.0,167.0,1.0,10.0,10.0,23.0,23.0,31.0,31.0,43.0,43.0,56.0,56.0,68.0,68.0,78.0,78.0,92.0,92.0,107.0,107.0,152.0,152.0,167.0,,,,,,,,,,,,,,,,,,,,,,,,,,,,,,,,,,,,,,,,,,,,,,,,,,,,,,,,,,,,,,,,,,,,,,,,,,,,,,,,,,,,
v_Rowing_g12_c07.avi,9.0,Rowing,25.0,0.0,33.32,1.88,32.24,47.0,806.0,47.0,131.0,131.0,216.0,216.0,299.0,299.0,382.0,382.0,466.0,466.0,552.0,552.0,637.0,637.0,721.0,721.0,806.0,,,,,,,,,,,,,,,,,,,,,,,,,,,,,,,,,,,,,,,,,,,,,,,,,,,,,,,,,,,,,,,,,,,,,,,,,,,,,,,,,,,,,,,,
v_PommelHorse_g10_c04.avi,7.0,Pommel Horse,29.97,0.0,14.581,5.239,11.845,157.0,355.0,157.0,186.0,186.0,213.0,213.0,240.0,240.0,268.0,268.0,297.0,297.0,325.0,325.0,355.0,,,,,,,,,,,,,,,,,,,,,,,,,,,,,,,,,,,,,,,,,,,,,,,,,,,,,,,,,,,,,,,,,,,,,,,,,,,,,,,,,,,,,,,,,,,,
v_CuttingInKitchen_g14_c03.avi,3.0,Cutting In Kitchen,25.0,0.0,4.16,0.28,3.68,7.0,92.0,7.0,34.0,34.0,61.0,61.0,92.0,,,,,,,,,,,,,,,,,,,,,,,,,,,,,,,,,,,,,,,,,,,,,,,,,,,,,,,,,,,,,,,,,,,,,,,,,,,,,,,,,,,,,,,,,,,,,,,,,,,,
v_JumpRope_g03_c04.avi,29.0,Jump Rope,29.97,0.0,10.544,0.267,10.277,8.0,308.0,8.0,21.0,21.0,34.0,34.0,47.0,47.0,59.0,59.0,72.0,72.0,85.0,85.0,98.0,98.0,111.0,111.0,123.0,123.0,136.0,136.0,148.0,148.0,159.0,159.0,168.0,168.0,177.0,177.0,185.0,185.0,194.0,194.0,203.0,203.0,211.0,211.0,220.0,220.0,229.0,229.0,237.0,237.0,246.0,246.0,255.0,255.0,264.0,264.0,273.0,273.0,281.0,281.0,290.0,290.0,299.0,299.0,308.0,,,,,,,,,,,,,,,,,,,,,,,,,,,,,,,,,,,,,,,,,,,,,,,,
v_BenchPress_g03_c01.avi,3.0,Bench Press,25.0,0.0,3.72,0.04,3.72,1.0,93.0,1.0,31.0,31.0,61.0,61.0,93.0,,,,,,,,,,,,,,,,,,,,,,,,,,,,,,,,,,,,,,,,,,,,,,,,,,,,,,,,,,,,,,,,,,,,,,,,,,,,,,,,,,,,,,,,,,,,,,,,,,,,
v_TrampolineJumping_g14_c02.avi,6.0,Trampoline Jumping,29.97,0.0,7.641,0.234,7.241,7.0,217.0,7.0,38.0,38.0,71.0,71.0,105.0,105.0,142.0,142.0,181.0,181.0,217.0,,,,,,,,,,,,,,,,,,,,,,,,,,,,,,,,,,,,,,,,,,,,,,,,,,,,,,,,,,,,,,,,,,,,,,,,,,,,,,,,,,,,,,,,,,,,,,
v_JumpingJack_g17_c03.avi,3.0,Jumping Jack,29.97,0.0,3.37,0.033,3.37,1.0,101.0,1.0,39.0,39.0,71.0,71.0,101.0,,,,,,,,,,,,,,,,,,,,,,,,,,,,,,,,,,,,,,,,,,,,,,,,,,,,,,,,,,,,,,,,,,,,,,,,,,,,,,,,,,,,,,,,,,,,,,,,,,,,
v_Kayaking_g10_c04.avi,4.0,Kayaking,25.0,0.0,8.56,0.04,7.68,1.0,192.0,1.0,45.0,45.0,106.0,106.0,153.0,153.0,192.0,,,,,,,,,,,,,,,,,,,,,,,,,,,,,,,,,,,,,,,,,,,,,,,,,,,,,,,,,,,,,,,,,,,,,,,,,,,,,,,,,,,,,,,,,,,,,,,,,,
v_BenchPress_g01_c01.avi,2.0,Bench Press,25.0,0.0,6.04,0.04,4.88,1.0,122.0,1.0,36.0,36.0,122.0,,,,,,,,,,,,,,,,,,,,,,,,,,,,,,,,,,,,,,,,,,,,,,,,,,,,,,,,,,,,,,,,,,,,,,,,,,,,,,,,,,,,,,,,,,,,,,,,,,,,,,
v_SoccerJuggling_g18_c05.avi,18.0,Soccer Juggling,29.97,0.0,12.012,0.133,11.678,4.0,350.0,4.0,19.0,19.0,38.0,38.0,64.0,64.0,87.0,87.0,104.0,104.0,122.0,122.0,141.0,141.0,153.0,153.0,167.0,167.0,183.0,183.0,201.0,201.0,222.0,222.0,243.0,243.0,271.0,271.0,295.0,295.0,309.0,309.0,331.0,331.0,350.0,,,,,,,,,,,,,,,,,,,,,,,,,,,,,,,,,,,,,,,,,,,,,,,,,,,,,,,,,,,,,,,,,,,,,,
v_PlayingCello_g01_c01.avi,3.0,Playing Cello,25.0,0.0,8.92,0.04,8.88,1.0,222.0,1.0,73.0,73.0,149.0,149.0,222.0,,,,,,,,,,,,,,,,,,,,,,,,,,,,,,,,,,,,,,,,,,,,,,,,,,,,,,,,,,,,,,,,,,,,,,,,,,,,,,,,,,,,,,,,,,,,,,,,,,,,
v_Rowing_g01_c03.avi,4.0,Rowing,25.0,0.0,9.08,0.04,7.64,1.0,191.0,1.0,47.0,47.0,97.0,97.0,143.0,143.0,191.0,,,,,,,,,,,,,,,,,,,,,,,,,,,,,,,,,,,,,,,,,,,,,,,,,,,,,,,,,,,,,,,,,,,,,,,,,,,,,,,,,,,,,,,,,,,,,,,,,,
v_HammerThrow_g20_c05.avi,4.0,Hammer Throw,25.0,0.0,8.16,4.88,7.4,122.0,185.0,122.0,141.0,141.0,157.0,157.0,171.0,171.0,185.0,,,,,,,,,,,,,,,,,,,,,,,,,,,,,,,,,,,,,,,,,,,,,,,,,,,,,,,,,,,,,,,,,,,,,,,,,,,,,,,,,,,,,,,,,,,,,,,,,,
v_BenchPress_g20_c01.avi,3.0,Bench Press,25.0,0.0,3.48,0.04,3.48,1.0,87.0,1.0,30.0,30.0,58.0,58.0,87.0,,,,,,,,,,,,,,,,,,,,,,,,,,,,,,,,,,,,,,,,,,,,,,,,,,,,,,,,,,,,,,,,,,,,,,,,,,,,,,,,,,,,,,,,,,,,,,,,,,,,
v_HulaHoop_g13_c04.avi,7.0,Hula Hoop,25.0,0.0,4.04,0.2,3.96,5.0,99.0,5.0,20.0,20.0,34.0,34.0,49.0,49.0,63.0,63.0,76.0,76.0,87.0,87.0,99.0,,,,,,,,,,,,,,,,,,,,,,,,,,,,,,,,,,,,,,,,,,,,,,,,,,,,,,,,,,,,,,,,,,,,,,,,,,,,,,,,,,,,,,,,,,,,
v_HammerThrow_g11_c05.avi,6.0,Hammer Throw,25.0,0.0,6.48,0.04,5.36,1.0,134.0,1.0,44.0,44.0,75.0,75.0,96.0,96.0,111.0,111.0,123.0,123.0,134.0,,,,,,,,,,,,,,,,,,,,,,,,,,,,,,,,,,,,,,,,,,,,,,,,,,,,,,,,,,,,,,,,,,,,,,,,,,,,,,,,,,,,,,,,,,,,,,
v_PlayingViolin_g03_c04.avi,16.0,Playing Violin,25.0,0.0,7.96,0.84,7.68,21.0,192.0,21.0,29.0,29.0,37.0,37.0,45.0,45.0,53.0,53.0,61.0,61.0,70.0,70.0,119.0,119.0,128.0,128.0,136.0,136.0,144.0,144.0,152.0,152.0,159.0,159.0,168.0,168.0,176.0,176.0,184.0,184.0,192.0,,,,,,,,,,,,,,,,,,,,,,,,,,,,,,,,,,,,,,,,,,,,,,,,,,,,,,,,,,,,,,,,,,,,,,,,,,
v_BodyWeightSquats_g14_c02.avi,2.0,Body Weight Squats,25.0,0.0,4.56,0.04,4.56,1.0,114.0,1.0,55.0,55.0,114.0,,,,,,,,,,,,,,,,,,,,,,,,,,,,,,,,,,,,,,,,,,,,,,,,,,,,,,,,,,,,,,,,,,,,,,,,,,,,,,,,,,,,,,,,,,,,,,,,,,,,,,
v_Rowing_g09_c06.avi,7.0,Rowing,25.0,0.0,17.64,0.04,12.44,1.0,311.0,1.0,45.0,45.0,90.0,90.0,135.0,135.0,179.0,179.0,226.0,226.0,267.0,267.0,311.0,,,,,,,,,,,,,,,,,,,,,,,,,,,,,,,,,,,,,,,,,,,,,,,,,,,,,,,,,,,,,,,,,,,,,,,,,,,,,,,,,,,,,,,,,,,,
v_TrampolineJumping_g07_c04.avi,8.0,Trampoline Jumping,29.97,0.0,6.707,0.501,6.173,15.0,185.0,15.0,32.0,32.0,51.0,51.0,73.0,73.0,90.0,90.0,118.0,118.0,139.0,139.0,168.0,168.0,185.0,,,,,,,,,,,,,,,,,,,,,,,,,,,,,,,,,,,,,,,,,,,,,,,,,,,,,,,,,,,,,,,,,,,,,,,,,,,,,,,,,,,,,,,,,,
v_Hammering_g16_c04.avi,4.0,Hammering,25.0,0.0,3.0,1.16,2.68,29.0,67.0,29.0,38.0,38.0,48.0,48.0,57.0,57.0,67.0,,,,,,,,,,,,,,,,,,,,,,,,,,,,,,,,,,,,,,,,,,,,,,,,,,,,,,,,,,,,,,,,,,,,,,,,,,,,,,,,,,,,,,,,,,,,,,,,,,
v_ShavingBeard_g07_c04.avi,10.0,Shaving Beard,25.0,0.0,9.2,0.72,9.08,18.0,227.0,18.0,41.0,41.0,66.0,66.0,95.0,95.0,120.0,120.0,137.0,137.0,153.0,153.0,168.0,168.0,186.0,186.0,206.0,206.0,227.0,,,,,,,,,,,,,,,,,,,,,,,,,,,,,,,,,,,,,,,,,,,,,,,,,,,,,,,,,,,,,,,,,,,,,,,,,,,,,,,,,,,,,,
v_Kayaking_g19_c03.avi,3.0,Kayaking,25.0,0.0,7.24,0.04,3.16,1.0,79.0,1.0,27.0,27.0,54.0,54.0,79.0,,,,,,,,,,,,,,,,,,,,,,,,,,,,,,,,,,,,,,,,,,,,,,,,,,,,,,,,,,,,,,,,,,,,,,,,,,,,,,,,,,,,,,,,,,,,,,,,,,,,
v_ShavingBeard_g14_c04.avi,3.0,Shaving Beard,25.0,0.0,8.88,0.04,6.36,1.0,159.0,1.0,48.0,48.0,80.0,80.0,159.0,,,,,,,,,,,,,,,,,,,,,,,,,,,,,,,,,,,,,,,,,,,,,,,,,,,,,,,,,,,,,,,,,,,,,,,,,,,,,,,,,,,,,,,,,,,,,,,,,,,,
v_BabyCrawling_g17_c04.avi,3.0,Baby Crawling,25.0,0.0,6.96,0.04,6.16,1.0,154.0,1.0,47.0,47.0,97.0,97.0,154.0,,,,,,,,,,,,,,,,,,,,,,,,,,,,,,,,,,,,,,,,,,,,,,,,,,,,,,,,,,,,,,,,,,,,,,,,,,,,,,,,,,,,,,,,,,,,,,,,,,,,
v_Hammering_g05_c02.avi,18.0,Hammering,25.0,0.0,4.96,0.04,4.84,1.0,121.0,1.0,8.0,8.0,14.0,14.0,22.0,22.0,29.0,29.0,36.0,36.0,43.0,43.0,49.0,49.0,55.0,55.0,62.0,62.0,69.0,69.0,76.0,76.0,83.0,83.0,89.0,89.0,95.0,95.0,102.0,102.0,109.0,109.0,115.0,115.0,121.0,,,,,,,,,,,,,,,,,,,,,,,,,,,,,,,,,,,,,,,,,,,,,,,,,,,,,,,,,,,,,,,,,,,,,,
v_Kayaking_g20_c06.avi,6.0,Kayaking,25.0,0.0,7.16,0.04,7.04,1.0,176.0,1.0,27.0,27.0,48.0,48.0,67.0,67.0,94.0,94.0,143.0,143.0,176.0,,,,,,,,,,,,,,,,,,,,,,,,,,,,,,,,,,,,,,,,,,,,,,,,,,,,,,,,,,,,,,,,,,,,,,,,,,,,,,,,,,,,,,,,,,,,,,
v_BreastStroke_g17_c02.avi,2.0,Breast Stroke,25.0,0.0,5.68,0.04,4.16,1.0,104.0,1.0,52.0,52.0,104.0,,,,,,,,,,,,,,,,,,,,,,,,,,,,,,,,,,,,,,,,,,,,,,,,,,,,,,,,,,,,,,,,,,,,,,,,,,,,,,,,,,,,,,,,,,,,,,,,,,,,,,
v_TableTennisShot_g04_c05.avi,3.0,Table Tennis Shot,25.0,0.0,4.16,0.32,3.92,8.0,98.0,8.0,39.0,39.0,69.0,69.0,98.0,,,,,,,,,,,,,,,,,,,,,,,,,,,,,,,,,,,,,,,,,,,,,,,,,,,,,,,,,,,,,,,,,,,,,,,,,,,,,,,,,,,,,,,,,,,,,,,,,,,,
v_Hammering_g10_c01.avi,12.0,Hammering,25.0,0.0,5.2,0.6,5.08,15.0,127.0,15.0,25.0,25.0,34.0,34.0,43.0,43.0,52.0,52.0,61.0,61.0,71.0,71.0,80.0,80.0,90.0,90.0,100.0,100.0,109.0,109.0,118.0,118.0,127.0,,,,,,,,,,,,,,,,,,,,,,,,,,,,,,,,,,,,,,,,,,,,,,,,,,,,,,,,,,,,,,,,,,,,,,,,,,,,,,,,,,
v_TrampolineJumping_g11_c05.avi,9.0,Trampoline Jumping,29.97,0.0,10.21,0.367,10.01,11.0,300.0,11.0,42.0,42.0,73.0,73.0,108.0,108.0,141.0,141.0,173.0,173.0,201.0,201.0,234.0,234.0,266.0,266.0,300.0,,,,,,,,,,,,,,,,,,,,,,,,,,,,,,,,,,,,,,,,,,,,,,,,,,,,,,,,,,,,,,,,,,,,,,,,,,,,,,,,,,,,,,,,
v_BenchPress_g14_c01.avi,2.0,Bench Press,25.0,0.0,3.84,0.04,2.68,1.0,67.0,1.0,34.0,34.0,67.0,,,,,,,,,,,,,,,,,,,,,,,,,,,,,,,,,,,,,,,,,,,,,,,,,,,,,,,,,,,,,,,,,,,,,,,,,,,,,,,,,,,,,,,,,,,,,,,,,,,,,,
v_HulaHoop_g04_c05.avi,7.0,Hula Hoop,25.0,0.0,4.6,0.04,4.12,1.0,103.0,1.0,16.0,16.0,29.0,29.0,44.0,44.0,59.0,59.0,73.0,73.0,88.0,88.0,103.0,,,,,,,,,,,,,,,,,,,,,,,,,,,,,,,,,,,,,,,,,,,,,,,,,,,,,,,,,,,,,,,,,,,,,,,,,,,,,,,,,,,,,,,,,,,,
v_PommelHorse_g18_c03.avi,5.0,Pommel Horse,29.97,0.0,7.574,0.667,6.273,20.0,188.0,20.0,51.0,51.0,82.0,82.0,114.0,114.0,151.0,151.0,188.0,,,,,,,,,,,,,,,,,,,,,,,,,,,,,,,,,,,,,,,,,,,,,,,,,,,,,,,,,,,,,,,,,,,,,,,,,,,,,,,,,,,,,,,,,,,,,,,,
v_BodyWeightSquats_g12_c01.avi,3.0,Body Weight Squats,25.0,0.0,9.48,0.04,9.48,1.0,237.0,1.0,94.0,94.0,174.0,174.0,237.0,,,,,,,,,,,,,,,,,,,,,,,,,,,,,,,,,,,,,,,,,,,,,,,,,,,,,,,,,,,,,,,,,,,,,,,,,,,,,,,,,,,,,,,,,,,,,,,,,,,,
v_JumpingJack_g15_c01.avi,3.0,Jumping Jack,29.97,0.0,2.736,0.033,2.736,1.0,82.0,1.0,28.0,28.0,55.0,55.0,82.0,,,,,,,,,,,,,,,,,,,,,,,,,,,,,,,,,,,,,,,,,,,,,,,,,,,,,,,,,,,,,,,,,,,,,,,,,,,,,,,,,,,,,,,,,,,,,,,,,,,,
v_HulaHoop_g02_c02.avi,7.0,Hula Hoop,25.0,0.0,4.84,0.04,4.44,1.0,111.0,1.0,18.0,18.0,33.0,33.0,48.0,48.0,63.0,63.0,79.0,79.0,96.0,96.0,111.0,,,,,,,,,,,,,,,,,,,,,,,,,,,,,,,,,,,,,,,,,,,,,,,,,,,,,,,,,,,,,,,,,,,,,,,,,,,,,,,,,,,,,,,,,,,,
v_FrontCrawl_g17_c02.avi,2.0,Front Crawl,25.0,0.0,6.08,0.12,5.04,3.0,126.0,3.0,62.0,62.0,126.0,,,,,,,,,,,,,,,,,,,,,,,,,,,,,,,,,,,,,,,,,,,,,,,,,,,,,,,,,,,,,,,,,,,,,,,,,,,,,,,,,,,,,,,,,,,,,,,,,,,,,,
v_HammerThrow_g17_c03.avi,4.0,Hammer Throw,25.0,0.0,7.32,3.88,6.12,97.0,153.0,97.0,117.0,117.0,131.0,131.0,142.0,142.0,153.0,,,,,,,,,,,,,,,,,,,,,,,,,,,,,,,,,,,,,,,,,,,,,,,,,,,,,,,,,,,,,,,,,,,,,,,,,,,,,,,,,,,,,,,,,,,,,,,,,,
v_Hammering_g13_c01.avi,9.0,Hammering,25.0,0.0,7.0,0.64,5.92,16.0,148.0,16.0,28.0,28.0,39.0,39.0,52.0,52.0,66.0,66.0,83.0,83.0,100.0,100.0,115.0,115.0,130.0,130.0,148.0,,,,,,,,,,,,,,,,,,,,,,,,,,,,,,,,,,,,,,,,,,,,,,,,,,,,,,,,,,,,,,,,,,,,,,,,,,,,,,,,,,,,,,,,
v_PlayingViolin_g12_c01.avi,5.0,Playing Violin,25.0,0.0,8.6,0.84,7.4,21.0,185.0,21.0,44.0,44.0,69.0,69.0,96.0,96.0,154.0,154.0,185.0,,,,,,,,,,,,,,,,,,,,,,,,,,,,,,,,,,,,,,,,,,,,,,,,,,,,,,,,,,,,,,,,,,,,,,,,,,,,,,,,,,,,,,,,,,,,,,,,
v_HandstandWalking_g05_c05.avi,12.0,Handstand Walking,25.0,0.0,11.48,0.04,11.0,1.0,275.0,1.0,19.0,19.0,44.0,44.0,69.0,69.0,95.0,95.0,119.0,119.0,140.0,140.0,159.0,159.0,183.0,183.0,205.0,205.0,226.0,226.0,249.0,249.0,275.0,,,,,,,,,,,,,,,,,,,,,,,,,,,,,,,,,,,,,,,,,,,,,,,,,,,,,,,,,,,,,,,,,,,,,,,,,,,,,,,,,,
v_HulaHoop_g05_c04.avi,9.0,Hula Hoop,25.0,0.0,4.56,0.04,4.36,1.0,109.0,1.0,12.0,12.0,24.0,24.0,36.0,36.0,49.0,49.0,61.0,61.0,73.0,73.0,85.0,85.0,97.0,97.0,109.0,,,,,,,,,,,,,,,,,,,,,,,,,,,,,,,,,,,,,,,,,,,,,,,,,,,,,,,,,,,,,,,,,,,,,,,,,,,,,,,,,,,,,,,,
v_CuttingInKitchen_g09_c01.avi,7.0,Cutting In Kitchen,25.0,0.0,8.36,0.24,8.36,6.0,209.0,6.0,37.0,37.0,67.0,67.0,93.0,93.0,127.0,127.0,152.0,152.0,184.0,184.0,209.0,,,,,,,,,,,,,,,,,,,,,,,,,,,,,,,,,,,,,,,,,,,,,,,,,,,,,,,,,,,,,,,,,,,,,,,,,,,,,,,,,,,,,,,,,,,,
v_Biking_g09_c01.avi,7.0,Biking,29.97,0.0,6.006,0.133,5.272,4.0,158.0,4.0,25.0,25.0,44.0,44.0,68.0,68.0,87.0,87.0,110.0,110.0,134.0,134.0,158.0,,,,,,,,,,,,,,,,,,,,,,,,,,,,,,,,,,,,,,,,,,,,,,,,,,,,,,,,,,,,,,,,,,,,,,,,,,,,,,,,,,,,,,,,,,,,
v_PommelHorse_g03_c03.avi,8.0,Pommel Horse,29.917,0.0,8.39,0.602,7.989,18.0,239.0,18.0,46.0,46.0,73.0,73.0,102.0,102.0,128.0,128.0,155.0,155.0,184.0,184.0,212.0,212.0,239.0,,,,,,,,,,,,,,,,,,,,,,,,,,,,,,,,,,,,,,,,,,,,,,,,,,,,,,,,,,,,,,,,,,,,,,,,,,,,,,,,,,,,,,,,,,
v_PommelHorse_g07_c06.avi,6.0,Pommel Horse,29.97,0.0,22.356,0.467,6.306,14.0,189.0,14.0,43.0,43.0,73.0,73.0,103.0,103.0,130.0,130.0,159.0,159.0,189.0,,,,,,,,,,,,,,,,,,,,,,,,,,,,,,,,,,,,,,,,,,,,,,,,,,,,,,,,,,,,,,,,,,,,,,,,,,,,,,,,,,,,,,,,,,,,,,
v_BenchPress_g13_c01.avi,3.0,Bench Press,25.0,0.0,5.6,0.04,5.6,1.0,140.0,1.0,32.0,32.0,66.0,66.0,140.0,,,,,,,,,,,,,,,,,,,,,,,,,,,,,,,,,,,,,,,,,,,,,,,,,,,,,,,,,,,,,,,,,,,,,,,,,,,,,,,,,,,,,,,,,,,,,,,,,,,,
v_HandstandWalking_g01_c04.avi,6.0,Handstand Walking,25.0,0.0,5.6,0.04,5.36,1.0,134.0,1.0,26.0,26.0,45.0,45.0,66.0,66.0,83.0,83.0,104.0,104.0,134.0,,,,,,,,,,,,,,,,,,,,,,,,,,,,,,,,,,,,,,,,,,,,,,,,,,,,,,,,,,,,,,,,,,,,,,,,,,,,,,,,,,,,,,,,,,,,,,
v_Kayaking_g16_c05.avi,5.0,Kayaking,25.0,0.0,12.04,0.04,11.92,1.0,298.0,1.0,69.0,69.0,137.0,137.0,191.0,191.0,248.0,248.0,298.0,,,,,,,,,,,,,,,,,,,,,,,,,,,,,,,,,,,,,,,,,,,,,,,,,,,,,,,,,,,,,,,,,,,,,,,,,,,,,,,,,,,,,,,,,,,,,,,,
v_TableTennisShot_g02_c01.avi,8.0,Table Tennis Shot,25.0,0.0,9.0,0.52,8.6,13.0,215.0,13.0,39.0,39.0,64.0,64.0,90.0,90.0,115.0,115.0,140.0,140.0,166.0,166.0,189.0,189.0,215.0,,,,,,,,,,,,,,,,,,,,,,,,,,,,,,,,,,,,,,,,,,,,,,,,,,,,,,,,,,,,,,,,,,,,,,,,,,,,,,,,,,,,,,,,,,
v_PlayingViolin_g19_c03.avi,4.0,Playing Violin,25.0,0.0,8.96,0.24,7.2,6.0,180.0,6.0,37.0,37.0,60.0,60.0,87.0,87.0,180.0,,,,,,,,,,,,,,,,,,,,,,,,,,,,,,,,,,,,,,,,,,,,,,,,,,,,,,,,,,,,,,,,,,,,,,,,,,,,,,,,,,,,,,,,,,,,,,,,,,
v_JumpingJack_g20_c03.avi,3.0,Jumping Jack,29.97,0.0,4.671,0.033,4.671,1.0,140.0,1.0,49.0,49.0,95.0,95.0,140.0,,,,,,,,,,,,,,,,,,,,,,,,,,,,,,,,,,,,,,,,,,,,,,,,,,,,,,,,,,,,,,,,,,,,,,,,,,,,,,,,,,,,,,,,,,,,,,,,,,,,
v_Rowing_g14_c07.avi,7.0,Rowing,25.0,0.0,16.64,0.04,15.2,1.0,380.0,1.0,52.0,52.0,106.0,106.0,162.0,162.0,217.0,217.0,272.0,272.0,325.0,325.0,380.0,,,,,,,,,,,,,,,,,,,,,,,,,,,,,,,,,,,,,,,,,,,,,,,,,,,,,,,,,,,,,,,,,,,,,,,,,,,,,,,,,,,,,,,,,,,,
v_ShavingBeard_g01_c02.avi,4.0,Shaving Beard,25.0,0.0,5.48,0.04,5.08,1.0,127.0,1.0,36.0,36.0,68.0,68.0,101.0,101.0,127.0,,,,,,,,,,,,,,,,,,,,,,,,,,,,,,,,,,,,,,,,,,,,,,,,,,,,,,,,,,,,,,,,,,,,,,,,,,,,,,,,,,,,,,,,,,,,,,,,,,
v_JumpRope_g06_c01.avi,18.0,Jump Rope,29.97,0.0,12.913,0.4,8.008,12.0,240.0,12.0,26.0,26.0,38.0,38.0,51.0,51.0,65.0,65.0,77.0,77.0,86.0,86.0,102.0,102.0,113.0,113.0,128.0,128.0,140.0,140.0,152.0,152.0,164.0,164.0,180.0,180.0,191.0,191.0,204.0,204.0,216.0,216.0,228.0,228.0,240.0,,,,,,,,,,,,,,,,,,,,,,,,,,,,,,,,,,,,,,,,,,,,,,,,,,,,,,,,,,,,,,,,,,,,,,
v_PlayingCello_g02_c01.avi,7.0,Playing Cello,25.0,0.0,6.28,1.32,6.2,33.0,155.0,33.0,47.0,47.0,59.0,59.0,81.0,81.0,110.0,110.0,122.0,122.0,134.0,134.0,155.0,,,,,,,,,,,,,,,,,,,,,,,,,,,,,,,,,,,,,,,,,,,,,,,,,,,,,,,,,,,,,,,,,,,,,,,,,,,,,,,,,,,,,,,,,,,,
v_CuttingInKitchen_g05_c01.avi,8.0,Cutting In Kitchen,25.0,0.0,9.48,1.12,9.2,28.0,230.0,28.0,47.0,47.0,81.0,81.0,102.0,102.0,137.0,137.0,170.0,170.0,191.0,191.0,211.0,211.0,230.0,,,,,,,,,,,,,,,,,,,,,,,,,,,,,,,,,,,,,,,,,,,,,,,,,,,,,,,,,,,,,,,,,,,,,,,,,,,,,,,,,,,,,,,,,,
v_BodyWeightSquats_g07_c02.avi,2.0,Body Weight Squats,25.0,0.0,4.12,0.12,4.0,3.0,100.0,3.0,67.0,67.0,100.0,,,,,,,,,,,,,,,,,,,,,,,,,,,,,,,,,,,,,,,,,,,,,,,,,,,,,,,,,,,,,,,,,,,,,,,,,,,,,,,,,,,,,,,,,,,,,,,,,,,,,,
v_ShavingBeard_g11_c01.avi,8.0,Shaving Beard,25.0,0.0,6.36,0.32,5.16,8.0,129.0,8.0,22.0,22.0,35.0,35.0,49.0,49.0,65.0,65.0,80.0,80.0,95.0,95.0,111.0,111.0,129.0,,,,,,,,,,,,,,,,,,,,,,,,,,,,,,,,,,,,,,,,,,,,,,,,,,,,,,,,,,,,,,,,,,,,,,,,,,,,,,,,,,,,,,,,,,
v_SoccerJuggling_g14_c01.avi,15.0,Soccer Juggling,29.97,0.0,8.008,0.1,7.708,3.0,231.0,3.0,17.0,17.0,33.0,33.0,50.0,50.0,68.0,68.0,81.0,81.0,97.0,97.0,114.0,114.0,127.0,127.0,141.0,141.0,154.0,154.0,173.0,173.0,188.0,188.0,201.0,201.0,217.0,217.0,231.0,,,,,,,,,,,,,,,,,,,,,,,,,,,,,,,,,,,,,,,,,,,,,,,,,,,,,,,,,,,,,,,,,,,,,,,,,,,,
v_BabyCrawling_g14_c04.avi,7.0,Baby Crawling,25.0,0.0,8.88,0.24,8.08,6.0,202.0,6.0,27.0,27.0,46.0,46.0,81.0,81.0,113.0,113.0,144.0,144.0,174.0,174.0,202.0,,,,,,,,,,,,,,,,,,,,,,,,,,,,,,,,,,,,,,,,,,,,,,,,,,,,,,,,,,,,,,,,,,,,,,,,,,,,,,,,,,,,,,,,,,,,
v_CuttingInKitchen_g11_c02.avi,2.0,Cutting In Kitchen,25.0,0.0,5.12,0.04,4.76,1.0,119.0,1.0,76.0,76.0,119.0,,,,,,,,,,,,,,,,,,,,,,,,,,,,,,,,,,,,,,,,,,,,,,,,,,,,,,,,,,,,,,,,,,,,,,,,,,,,,,,,,,,,,,,,,,,,,,,,,,,,,,
v_PommelHorse_g14_c02.avi,6.0,Pommel Horse,29.97,0.0,12.045,5.606,11.645,168.0,349.0,168.0,198.0,198.0,227.0,227.0,257.0,257.0,288.0,288.0,318.0,318.0,349.0,,,,,,,,,,,,,,,,,,,,,,,,,,,,,,,,,,,,,,,,,,,,,,,,,,,,,,,,,,,,,,,,,,,,,,,,,,,,,,,,,,,,,,,,,,,,,,
v_ShavingBeard_g12_c03.avi,2.0,Shaving Beard,25.0,0.0,6.04,0.04,4.96,1.0,124.0,1.0,64.0,64.0,124.0,,,,,,,,,,,,,,,,,,,,,,,,,,,,,,,,,,,,,,,,,,,,,,,,,,,,,,,,,,,,,,,,,,,,,,,,,,,,,,,,,,,,,,,,,,,,,,,,,,,,,,
v_HandstandWalking_g08_c01.avi,7.0,Handstand Walking,25.0,0.0,5.44,0.24,4.88,6.0,122.0,6.0,22.0,22.0,39.0,39.0,54.0,54.0,73.0,73.0,88.0,88.0,106.0,106.0,122.0,,,,,,,,,,,,,,,,,,,,,,,,,,,,,,,,,,,,,,,,,,,,,,,,,,,,,,,,,,,,,,,,,,,,,,,,,,,,,,,,,,,,,,,,,,,,
v_PommelHorse_g15_c04.avi,9.0,Pommel Horse,29.97,0.0,9.743,0.067,8.976,2.0,269.0,2.0,33.0,33.0,59.0,59.0,88.0,88.0,116.0,116.0,146.0,146.0,177.0,177.0,207.0,207.0,234.0,234.0,269.0,,,,,,,,,,,,,,,,,,,,,,,,,,,,,,,,,,,,,,,,,,,,,,,,,,,,,,,,,,,,,,,,,,,,,,,,,,,,,,,,,,,,,,,,
v_JumpRope_g02_c07.avi,14.0,Jump Rope,29.97,0.0,17.017,0.033,4.204,1.0,126.0,1.0,11.0,11.0,20.0,20.0,29.0,29.0,37.0,37.0,47.0,47.0,55.0,55.0,64.0,64.0,72.0,72.0,81.0,81.0,89.0,89.0,100.0,100.0,109.0,109.0,116.0,116.0,126.0,,,,,,,,,,,,,,,,,,,,,,,,,,,,,,,,,,,,,,,,,,,,,,,,,,,,,,,,,,,,,,,,,,,,,,,,,,,,,,
v_JumpingJack_g12_c02.avi,3.0,Jumping Jack,29.97,0.0,3.203,0.033,3.17,1.0,95.0,1.0,33.0,33.0,66.0,66.0,95.0,,,,,,,,,,,,,,,,,,,,,,,,,,,,,,,,,,,,,,,,,,,,,,,,,,,,,,,,,,,,,,,,,,,,,,,,,,,,,,,,,,,,,,,,,,,,,,,,,,,,
v_BreastStroke_g13_c01.avi,2.0,Breast Stroke,25.0,0.0,2.68,0.04,2.12,1.0,53.0,1.0,28.0,28.0,53.0,,,,,,,,,,,,,,,,,,,,,,,,,,,,,,,,,,,,,,,,,,,,,,,,,,,,,,,,,,,,,,,,,,,,,,,,,,,,,,,,,,,,,,,,,,,,,,,,,,,,,,
v_PlayingViolin_g16_c02.avi,4.0,Playing Violin,25.0,0.0,7.32,0.04,7.08,1.0,177.0,1.0,46.0,46.0,62.0,62.0,127.0,127.0,177.0,,,,,,,,,,,,,,,,,,,,,,,,,,,,,,,,,,,,,,,,,,,,,,,,,,,,,,,,,,,,,,,,,,,,,,,,,,,,,,,,,,,,,,,,,,,,,,,,,,
v_TableTennisShot_g20_c03.avi,4.0,Table Tennis Shot,25.0,0.0,5.64,0.32,4.88,8.0,122.0,8.0,37.0,37.0,67.0,67.0,95.0,95.0,122.0,,,,,,,,,,,,,,,,,,,,,,,,,,,,,,,,,,,,,,,,,,,,,,,,,,,,,,,,,,,,,,,,,,,,,,,,,,,,,,,,,,,,,,,,,,,,,,,,,,
v_SoccerJuggling_g10_c01.avi,7.0,Soccer Juggling,29.97,0.0,6.707,0.467,6.406,14.0,192.0,14.0,38.0,38.0,65.0,65.0,86.0,86.0,111.0,111.0,134.0,134.0,157.0,157.0,192.0,,,,,,,,,,,,,,,,,,,,,,,,,,,,,,,,,,,,,,,,,,,,,,,,,,,,,,,,,,,,,,,,,,,,,,,,,,,,,,,,,,,,,,,,,,,,
v_SoccerJuggling_g08_c01.avi,10.0,Soccer Juggling,29.97,0.0,10.043,0.133,5.472,4.0,164.0,4.0,19.0,19.0,32.0,32.0,52.0,52.0,66.0,66.0,85.0,85.0,100.0,100.0,119.0,119.0,134.0,134.0,150.0,150.0,164.0,,,,,,,,,,,,,,,,,,,,,,,,,,,,,,,,,,,,,,,,,,,,,,,,,,,,,,,,,,,,,,,,,,,,,,,,,,,,,,,,,,,,,,
v_HandstandWalking_g04_c04.avi,5.0,Handstand Walking,25.0,0.0,5.12,0.04,4.76,1.0,119.0,1.0,20.0,20.0,40.0,40.0,69.0,69.0,99.0,99.0,119.0,,,,,,,,,,,,,,,,,,,,,,,,,,,,,,,,,,,,,,,,,,,,,,,,,,,,,,,,,,,,,,,,,,,,,,,,,,,,,,,,,,,,,,,,,,,,,,,,
v_HandStandPushups_g14_c04.avi,2.0,Hand Stand Pushups,25.0,0.0,6.6,0.04,6.36,1.0,159.0,1.0,68.0,68.0,159.0,,,,,,,,,,,,,,,,,,,,,,,,,,,,,,,,,,,,,,,,,,,,,,,,,,,,,,,,,,,,,,,,,,,,,,,,,,,,,,,,,,,,,,,,,,,,,,,,,,,,,,
v_BabyCrawling_g11_c04.avi,3.0,Baby Crawling,25.0,0.0,4.36,0.04,3.32,1.0,83.0,1.0,31.0,31.0,54.0,54.0,83.0,,,,,,,,,,,,,,,,,,,,,,,,,,,,,,,,,,,,,,,,,,,,,,,,,,,,,,,,,,,,,,,,,,,,,,,,,,,,,,,,,,,,,,,,,,,,,,,,,,,,
v_ShavingBeard_g15_c07.avi,16.0,Shaving Beard,25.0,0.0,9.32,0.52,9.08,13.0,227.0,13.0,25.0,25.0,42.0,42.0,61.0,61.0,75.0,75.0,89.0,89.0,99.0,99.0,114.0,114.0,130.0,130.0,144.0,144.0,157.0,157.0,169.0,169.0,177.0,177.0,187.0,187.0,199.0,199.0,213.0,213.0,227.0,,,,,,,,,,,,,,,,,,,,,,,,,,,,,,,,,,,,,,,,,,,,,,,,,,,,,,,,,,,,,,,,,,,,,,,,,,
v_Rowing_g17_c07.avi,9.0,Rowing,25.0,0.0,15.32,0.72,15.04,18.0,376.0,18.0,56.0,56.0,97.0,97.0,138.0,138.0,177.0,177.0,218.0,218.0,256.0,256.0,297.0,297.0,336.0,336.0,376.0,,,,,,,,,,,,,,,,,,,,,,,,,,,,,,,,,,,,,,,,,,,,,,,,,,,,,,,,,,,,,,,,,,,,,,,,,,,,,,,,,,,,,,,,
v_SoccerJuggling_g17_c06.avi,14.0,Soccer Juggling,29.97,0.0,11.144,0.167,9.042,5.0,271.0,5.0,20.0,20.0,42.0,42.0,59.0,59.0,75.0,75.0,94.0,94.0,111.0,111.0,145.0,145.0,162.0,162.0,180.0,180.0,199.0,199.0,218.0,218.0,232.0,232.0,251.0,251.0,271.0,,,,,,,,,,,,,,,,,,,,,,,,,,,,,,,,,,,,,,,,,,,,,,,,,,,,,,,,,,,,,,,,,,,,,,,,,,,,,,
v_PlayingViolin_g02_c03.avi,17.0,Playing Violin,25.0,0.0,20.36,0.04,19.44,1.0,486.0,1.0,40.0,40.0,55.0,55.0,85.0,85.0,132.0,132.0,182.0,182.0,204.0,204.0,209.0,209.0,215.0,215.0,270.0,270.0,290.0,290.0,332.0,332.0,348.0,348.0,399.0,399.0,408.0,408.0,425.0,425.0,454.0,454.0,486.0,,,,,,,,,,,,,,,,,,,,,,,,,,,,,,,,,,,,,,,,,,,,,,,,,,,,,,,,,,,,,,,,,,,,,,,,
v_TrampolineJumping_g02_c01.avi,6.0,Trampoline Jumping,29.97,0.0,6.707,0.2,6.406,6.0,192.0,6.0,34.0,34.0,65.0,65.0,97.0,97.0,128.0,128.0,166.0,166.0,192.0,,,,,,,,,,,,,,,,,,,,,,,,,,,,,,,,,,,,,,,,,,,,,,,,,,,,,,,,,,,,,,,,,,,,,,,,,,,,,,,,,,,,,,,,,,,,,,
v_BenchPress_g17_c01.avi,2.0,Bench Press,25.0,0.0,2.84,0.04,2.0,1.0,50.0,1.0,25.0,25.0,50.0,,,,,,,,,,,,,,,,,,,,,,,,,,,,,,,,,,,,,,,,,,,,,,,,,,,,,,,,,,,,,,,,,,,,,,,,,,,,,,,,,,,,,,,,,,,,,,,,,,,,,,
v_HammerThrow_g14_c02.avi,4.0,Hammer Throw,25.0,0.0,9.0,3.76,5.76,94.0,144.0,94.0,110.0,110.0,123.0,123.0,135.0,135.0,144.0,,,,,,,,,,,,,,,,,,,,,,,,,,,,,,,,,,,,,,,,,,,,,,,,,,,,,,,,,,,,,,,,,,,,,,,,,,,,,,,,,,,,,,,,,,,,,,,,,,
v_HandstandWalking_g06_c01.avi,3.0,Handstand Walking,25.0,0.0,2.68,0.52,2.24,13.0,56.0,13.0,25.0,25.0,45.0,45.0,56.0,,,,,,,,,,,,,,,,,,,,,,,,,,,,,,,,,,,,,,,,,,,,,,,,,,,,,,,,,,,,,,,,,,,,,,,,,,,,,,,,,,,,,,,,,,,,,,,,,,,,
v_Kayaking_g02_c04.avi,3.0,Kayaking,25.0,0.0,7.24,0.88,6.28,22.0,157.0,22.0,74.0,74.0,103.0,103.0,157.0,,,,,,,,,,,,,,,,,,,,,,,,,,,,,,,,,,,,,,,,,,,,,,,,,,,,,,,,,,,,,,,,,,,,,,,,,,,,,,,,,,,,,,,,,,,,,,,,,,,,
v_HandstandWalking_g18_c04.avi,14.0,Handstand Walking,25.0,0.0,14.56,0.04,14.36,1.0,359.0,1.0,28.0,28.0,60.0,60.0,88.0,88.0,120.0,120.0,145.0,145.0,170.0,170.0,193.0,193.0,217.0,217.0,243.0,243.0,268.0,268.0,293.0,293.0,319.0,319.0,339.0,339.0,359.0,,,,,,,,,,,,,,,,,,,,,,,,,,,,,,,,,,,,,,,,,,,,,,,,,,,,,,,,,,,,,,,,,,,,,,,,,,,,,,
v_Biking_g11_c05.avi,4.0,Biking,29.97,0.0,5.172,0.067,4.271,2.0,128.0,2.0,34.0,34.0,65.0,65.0,97.0,97.0,128.0,,,,,,,,,,,,,,,,,,,,,,,,,,,,,,,,,,,,,,,,,,,,,,,,,,,,,,,,,,,,,,,,,,,,,,,,,,,,,,,,,,,,,,,,,,,,,,,,,,
v_ShavingBeard_g18_c04.avi,6.0,Shaving Beard,25.0,0.0,10.8,1.48,7.36,37.0,184.0,37.0,56.0,56.0,100.0,100.0,121.0,121.0,138.0,138.0,159.0,159.0,184.0,,,,,,,,,,,,,,,,,,,,,,,,,,,,,,,,,,,,,,,,,,,,,,,,,,,,,,,,,,,,,,,,,,,,,,,,,,,,,,,,,,,,,,,,,,,,,,
v_Kayaking_g11_c07.avi,4.0,Kayaking,25.0,0.0,6.84,0.04,6.4,1.0,160.0,1.0,36.0,36.0,77.0,77.0,117.0,117.0,160.0,,,,,,,,,,,,,,,,,,,,,,,,,,,,,,,,,,,,,,,,,,,,,,,,,,,,,,,,,,,,,,,,,,,,,,,,,,,,,,,,,,,,,,,,,,,,,,,,,,
v_PlayingViolin_g06_c04.avi,4.0,Playing Violin,25.0,0.0,7.48,0.68,6.48,17.0,162.0,17.0,51.0,51.0,85.0,85.0,131.0,131.0,162.0,,,,,,,,,,,,,,,,,,,,,,,,,,,,,,,,,,,,,,,,,,,,,,,,,,,,,,,,,,,,,,,,,,,,,,,,,,,,,,,,,,,,,,,,,,,,,,,,,,
v_FrontCrawl_g10_c02.avi,2.0,Front Crawl,25.0,0.0,5.16,0.04,3.96,1.0,99.0,1.0,56.0,56.0,99.0,,,,,,,,,,,,,,,,,,,,,,,,,,,,,,,,,,,,,,,,,,,,,,,,,,,,,,,,,,,,,,,,,,,,,,,,,,,,,,,,,,,,,,,,,,,,,,,,,,,,,,
v_BenchPress_g09_c01.avi,3.0,Bench Press,25.0,0.0,3.4,0.04,3.36,1.0,84.0,1.0,28.0,28.0,56.0,56.0,84.0,,,,,,,,,,,,,,,,,,,,,,,,,,,,,,,,,,,,,,,,,,,,,,,,,,,,,,,,,,,,,,,,,,,,,,,,,,,,,,,,,,,,,,,,,,,,,,,,,,,,
v_HammerThrow_g15_c02.avi,4.0,Hammer Throw,25.0,0.0,9.52,6.88,9.16,172.0,229.0,172.0,190.0,190.0,205.0,205.0,217.0,217.0,229.0,,,,,,,,,,,,,,,,,,,,,,,,,,,,,,,,,,,,,,,,,,,,,,,,,,,,,,,,,,,,,,,,,,,,,,,,,,,,,,,,,,,,,,,,,,,,,,,,,,
v_HandstandWalking_g19_c03.avi,5.0,Handstand Walking,25.0,0.0,13.24,0.6,6.92,15.0,173.0,15.0,46.0,46.0,75.0,75.0,101.0,101.0,134.0,134.0,173.0,,,,,,,,,,,,,,,,,,,,,,,,,,,,,,,,,,,,,,,,,,,,,,,,,,,,,,,,,,,,,,,,,,,,,,,,,,,,,,,,,,,,,,,,,,,,,,,,
v_SoccerJuggling_g07_c05.avi,16.0,Soccer Juggling,29.97,0.0,12.012,0.801,11.945,24.0,358.0,24.0,43.0,43.0,65.0,65.0,86.0,86.0,109.0,109.0,131.0,131.0,151.0,151.0,170.0,170.0,194.0,194.0,218.0,218.0,235.0,235.0,255.0,255.0,272.0,272.0,293.0,293.0,311.0,311.0,334.0,334.0,358.0,,,,,,,,,,,,,,,,,,,,,,,,,,,,,,,,,,,,,,,,,,,,,,,,,,,,,,,,,,,,,,,,,,,,,,,,,,
v_Rowing_g10_c04.avi,5.0,Rowing,25.0,0.0,20.28,0.32,19.48,8.0,487.0,8.0,101.0,101.0,195.0,195.0,298.0,298.0,393.0,393.0,487.0,,,,,,,,,,,,,,,,,,,,,,,,,,,,,,,,,,,,,,,,,,,,,,,,,,,,,,,,,,,,,,,,,,,,,,,,,,,,,,,,,,,,,,,,,,,,,,,,
v_HammerThrow_g07_c03.avi,4.0,Hammer Throw,25.0,0.0,5.56,2.16,4.6,54.0,115.0,54.0,76.0,76.0,94.0,94.0,105.0,105.0,115.0,,,,,,,,,,,,,,,,,,,,,,,,,,,,,,,,,,,,,,,,,,,,,,,,,,,,,,,,,,,,,,,,,,,,,,,,,,,,,,,,,,,,,,,,,,,,,,,,,,
v_Hammering_g14_c03.avi,6.0,Hammering,25.0,0.0,11.0,0.32,9.0,8.0,225.0,8.0,41.0,41.0,80.0,80.0,119.0,119.0,154.0,154.0,190.0,190.0,225.0,,,,,,,,,,,,,,,,,,,,,,,,,,,,,,,,,,,,,,,,,,,,,,,,,,,,,,,,,,,,,,,,,,,,,,,,,,,,,,,,,,,,,,,,,,,,,,
v_HulaHoop_g19_c04.avi,9.0,Hula Hoop,25.0,0.0,3.72,0.04,3.6,1.0,90.0,1.0,10.0,10.0,19.0,19.0,28.0,28.0,37.0,37.0,47.0,47.0,57.0,57.0,67.0,67.0,78.0,78.0,90.0,,,,,,,,,,,,,,,,,,,,,,,,,,,,,,,,,,,,,,,,,,,,,,,,,,,,,,,,,,,,,,,,,,,,,,,,,,,,,,,,,,,,,,,,
v_FrontCrawl_g09_c03.avi,2.0,Front Crawl,25.0,0.0,5.56,0.04,4.8,1.0,120.0,1.0,61.0,61.0,120.0,,,,,,,,,,,,,,,,,,,,,,,,,,,,,,,,,,,,,,,,,,,,,,,,,,,,,,,,,,,,,,,,,,,,,,,,,,,,,,,,,,,,,,,,,,,,,,,,,,,,,,
v_CuttingInKitchen_g02_c01.avi,2.0,Cutting In Kitchen,25.0,0.0,3.2,0.04,2.6,1.0,65.0,1.0,33.0,33.0,65.0,,,,,,,,,,,,,,,,,,,,,,,,,,,,,,,,,,,,,,,,,,,,,,,,,,,,,,,,,,,,,,,,,,,,,,,,,,,,,,,,,,,,,,,,,,,,,,,,,,,,,,
v_FrontCrawl_g06_c01.avi,2.0,Front Crawl,25.0,0.0,6.0,0.04,5.4,1.0,135.0,1.0,59.0,59.0,135.0,,,,,,,,,,,,,,,,,,,,,,,,,,,,,,,,,,,,,,,,,,,,,,,,,,,,,,,,,,,,,,,,,,,,,,,,,,,,,,,,,,,,,,,,,,,,,,,,,,,,,,
v_FrontCrawl_g03_c01.avi,4.0,Front Crawl,25.0,0.0,9.16,0.04,7.56,1.0,189.0,1.0,49.0,49.0,95.0,95.0,142.0,142.0,189.0,,,,,,,,,,,,,,,,,,,,,,,,,,,,,,,,,,,,,,,,,,,,,,,,,,,,,,,,,,,,,,,,,,,,,,,,,,,,,,,,,,,,,,,,,,,,,,,,,,
v_JumpRope_g12_c02.avi,28.0,Jump Rope,29.97,0.0,13.447,0.133,13.113,4.0,393.0,4.0,18.0,18.0,33.0,33.0,47.0,47.0,61.0,61.0,76.0,76.0,90.0,90.0,104.0,104.0,118.0,118.0,132.0,132.0,146.0,146.0,160.0,160.0,174.0,174.0,188.0,188.0,202.0,202.0,216.0,216.0,231.0,231.0,244.0,244.0,258.0,258.0,272.0,272.0,285.0,285.0,299.0,299.0,312.0,312.0,326.0,326.0,339.0,339.0,351.0,351.0,366.0,366.0,380.0,380.0,393.0,,,,,,,,,,,,,,,,,,,,,,,,,,,,,,,,,,,,,,,,,,,,,,,,,,
v_PlayingCello_g18_c03.avi,6.0,Playing Cello,25.0,0.0,9.92,3.04,9.88,76.0,247.0,76.0,125.0,125.0,150.0,150.0,174.0,174.0,198.0,198.0,227.0,227.0,247.0,,,,,,,,,,,,,,,,,,,,,,,,,,,,,,,,,,,,,,,,,,,,,,,,,,,,,,,,,,,,,,,,,,,,,,,,,,,,,,,,,,,,,,,,,,,,,,
v_BreastStroke_g10_c02.avi,4.0,Breast Stroke,25.0,0.0,7.68,0.04,7.68,1.0,192.0,1.0,55.0,55.0,102.0,102.0,148.0,148.0,192.0,,,,,,,,,,,,,,,,,,,,,,,,,,,,,,,,,,,,,,,,,,,,,,,,,,,,,,,,,,,,,,,,,,,,,,,,,,,,,,,,,,,,,,,,,,,,,,,,,,
v_HulaHoop_g14_c04.avi,15.0,Hula Hoop,25.0,0.0,8.84,0.12,8.4,3.0,210.0,3.0,17.0,17.0,29.0,29.0,44.0,44.0,56.0,56.0,72.0,72.0,85.0,85.0,99.0,99.0,114.0,114.0,127.0,127.0,143.0,143.0,156.0,156.0,171.0,171.0,183.0,183.0,197.0,197.0,210.0,,,,,,,,,,,,,,,,,,,,,,,,,,,,,,,,,,,,,,,,,,,,,,,,,,,,,,,,,,,,,,,,,,,,,,,,,,,,
v_Hammering_g06_c03.avi,7.0,Hammering,25.0,0.0,5.08,0.6,5.0,15.0,125.0,15.0,29.0,29.0,44.0,44.0,59.0,59.0,82.0,82.0,95.0,95.0,110.0,110.0,125.0,,,,,,,,,,,,,,,,,,,,,,,,,,,,,,,,,,,,,,,,,,,,,,,,,,,,,,,,,,,,,,,,,,,,,,,,,,,,,,,,,,,,,,,,,,,,
v_PommelHorse_g06_c04.avi,8.0,Pommel Horse,29.97,0.0,10.277,0.033,7.674,1.0,230.0,1.0,28.0,28.0,57.0,57.0,85.0,85.0,112.0,112.0,142.0,142.0,172.0,172.0,201.0,201.0,230.0,,,,,,,,,,,,,,,,,,,,,,,,,,,,,,,,,,,,,,,,,,,,,,,,,,,,,,,,,,,,,,,,,,,,,,,,,,,,,,,,,,,,,,,,,,
v_JumpRope_g05_c05.avi,13.0,Jump Rope,29.97,0.0,20.821,0.367,5.539,11.0,166.0,11.0,22.0,22.0,34.0,34.0,47.0,47.0,60.0,60.0,71.0,71.0,84.0,84.0,95.0,95.0,104.0,104.0,116.0,116.0,129.0,129.0,141.0,141.0,145.0,145.0,166.0,,,,,,,,,,,,,,,,,,,,,,,,,,,,,,,,,,,,,,,,,,,,,,,,,,,,,,,,,,,,,,,,,,,,,,,,,,,,,,,,
v_BreastStroke_g09_c04.avi,2.0,Breast Stroke,25.0,0.0,3.72,0.04,2.56,1.0,64.0,1.0,32.0,32.0,64.0,,,,,,,,,,,,,,,,,,,,,,,,,,,,,,,,,,,,,,,,,,,,,,,,,,,,,,,,,,,,,,,,,,,,,,,,,,,,,,,,,,,,,,,,,,,,,,,,,,,,,,
v_BabyCrawling_g01_c01.avi,4.0,Baby Crawling,25.0,0.0,6.6,0.04,6.2,1.0,155.0,1.0,29.0,29.0,64.0,64.0,105.0,105.0,155.0,,,,,,,,,,,,,,,,,,,,,,,,,,,,,,,,,,,,,,,,,,,,,,,,,,,,,,,,,,,,,,,,,,,,,,,,,,,,,,,,,,,,,,,,,,,,,,,,,,
v_BodyWeightSquats_g08_c04.avi,2.0,Body Weight Squats,25.0,0.0,4.16,0.04,3.96,1.0,99.0,1.0,52.0,52.0,99.0,,,,,,,,,,,,,,,,,,,,,,,,,,,,,,,,,,,,,,,,,,,,,,,,,,,,,,,,,,,,,,,,,,,,,,,,,,,,,,,,,,,,,,,,,,,,,,,,,,,,,,
v_BenchPress_g06_c04.avi,2.0,Bench Press,25.0,0.0,10.08,0.24,7.16,6.0,179.0,6.0,72.0,72.0,179.0,,,,,,,,,,,,,,,,,,,,,,,,,,,,,,,,,,,,,,,,,,,,,,,,,,,,,,,,,,,,,,,,,,,,,,,,,,,,,,,,,,,,,,,,,,,,,,,,,,,,,,
v_ShavingBeard_g04_c02.avi,8.0,Shaving Beard,25.0,0.0,7.12,0.04,6.76,1.0,169.0,1.0,35.0,35.0,55.0,55.0,82.0,82.0,102.0,102.0,122.0,122.0,140.0,140.0,155.0,155.0,169.0,,,,,,,,,,,,,,,,,,,,,,,,,,,,,,,,,,,,,,,,,,,,,,,,,,,,,,,,,,,,,,,,,,,,,,,,,,,,,,,,,,,,,,,,,,
v_TrampolineJumping_g04_c04.avi,4.0,Trampoline Jumping,29.97,0.0,8.342,0.4,2.569,12.0,77.0,12.0,30.0,30.0,46.0,46.0,61.0,61.0,77.0,,,,,,,,,,,,,,,,,,,,,,,,,,,,,,,,,,,,,,,,,,,,,,,,,,,,,,,,,,,,,,,,,,,,,,,,,,,,,,,,,,,,,,,,,,,,,,,,,,
v_JumpRope_g07_c06.avi,12.0,Jump Rope,29.97,0.0,13.447,0.033,6.006,1.0,180.0,1.0,15.0,15.0,30.0,30.0,45.0,45.0,59.0,59.0,74.0,74.0,88.0,88.0,105.0,105.0,118.0,118.0,134.0,134.0,148.0,148.0,164.0,164.0,180.0,,,,,,,,,,,,,,,,,,,,,,,,,,,,,,,,,,,,,,,,,,,,,,,,,,,,,,,,,,,,,,,,,,,,,,,,,,,,,,,,,,
v_Kayaking_g17_c04.avi,3.0,Kayaking,25.0,0.0,7.88,0.04,6.24,1.0,156.0,1.0,51.0,51.0,102.0,102.0,156.0,,,,,,,,,,,,,,,,,,,,,,,,,,,,,,,,,,,,,,,,,,,,,,,,,,,,,,,,,,,,,,,,,,,,,,,,,,,,,,,,,,,,,,,,,,,,,,,,,,,,
v_CuttingInKitchen_g07_c01.avi,2.0,Cutting In Kitchen,25.0,0.0,3.24,0.04,2.36,1.0,59.0,1.0,28.0,28.0,59.0,,,,,,,,,,,,,,,,,,,,,,,,,,,,,,,,,,,,,,,,,,,,,,,,,,,,,,,,,,,,,,,,,,,,,,,,,,,,,,,,,,,,,,,,,,,,,,,,,,,,,,
v_ShavingBeard_g10_c03.avi,14.0,Shaving Beard,25.0,0.0,11.12,2.04,10.52,51.0,263.0,51.0,61.0,61.0,74.0,74.0,97.0,97.0,109.0,109.0,121.0,121.0,172.0,172.0,184.0,184.0,193.0,193.0,205.0,205.0,219.0,219.0,230.0,230.0,241.0,241.0,253.0,253.0,263.0,,,,,,,,,,,,,,,,,,,,,,,,,,,,,,,,,,,,,,,,,,,,,,,,,,,,,,,,,,,,,,,,,,,,,,,,,,,,,,
v_Rowing_g13_c01.avi,3.0,Rowing,25.0,0.0,8.68,1.12,7.24,28.0,181.0,28.0,79.0,79.0,131.0,131.0,181.0,,,,,,,,,,,,,,,,,,,,,,,,,,,,,,,,,,,,,,,,,,,,,,,,,,,,,,,,,,,,,,,,,,,,,,,,,,,,,,,,,,,,,,,,,,,,,,,,,,,,
v_JumpRope_g11_c01.avi,43.0,Jump Rope,29.97,0.0,17.784,0.033,17.718,1.0,531.0,1.0,11.0,11.0,23.0,23.0,35.0,35.0,47.0,47.0,59.0,59.0,71.0,71.0,82.0,82.0,94.0,94.0,106.0,106.0,118.0,118.0,130.0,130.0,142.0,142.0,154.0,154.0,166.0,166.0,178.0,178.0,190.0,190.0,203.0,203.0,216.0,216.0,229.0,229.0,241.0,241.0,254.0,254.0,266.0,266.0,278.0,278.0,292.0,292.0,304.0,304.0,317.0,317.0,331.0,331.0,341.0,341.0,354.0,354.0,366.0,366.0,379.0,379.0,391.0,391.0,404.0,404.0,416.0,416.0,429.0,429.0,442.0,442.0,455.0,455.0,468.0,468.0,480.0,480.0,493.0,493.0,506.0,506.0,518.0,518.0,531.0,,,,,,,,,,,,,,,,,,,,
v_TrampolineJumping_g09_c02.avi,4.0,Trampoline Jumping,29.97,0.0,6.707,3.003,6.34,90.0,190.0,90.0,112.0,112.0,138.0,138.0,164.0,164.0,190.0,,,,,,,,,,,,,,,,,,,,,,,,,,,,,,,,,,,,,,,,,,,,,,,,,,,,,,,,,,,,,,,,,,,,,,,,,,,,,,,,,,,,,,,,,,,,,,,,,,
v_Kayaking_g14_c03.avi,3.0,Kayaking,25.0,0.0,6.12,0.04,5.76,1.0,144.0,1.0,44.0,44.0,90.0,90.0,144.0,,,,,,,,,,,,,,,,,,,,,,,,,,,,,,,,,,,,,,,,,,,,,,,,,,,,,,,,,,,,,,,,,,,,,,,,,,,,,,,,,,,,,,,,,,,,,,,,,,,,
v_Biking_g08_c01.avi,11.0,Biking,29.97,0.0,6.707,0.033,6.707,1.0,201.0,1.0,20.0,20.0,38.0,38.0,57.0,57.0,75.0,75.0,93.0,93.0,109.0,109.0,128.0,128.0,145.0,145.0,164.0,164.0,182.0,182.0,201.0,,,,,,,,,,,,,,,,,,,,,,,,,,,,,,,,,,,,,,,,,,,,,,,,,,,,,,,,,,,,,,,,,,,,,,,,,,,,,,,,,,,,
v_TableTennisShot_g13_c01.avi,5.0,Table Tennis Shot,25.0,0.0,6.0,0.96,5.72,24.0,143.0,24.0,47.0,47.0,73.0,73.0,95.0,95.0,118.0,118.0,143.0,,,,,,,,,,,,,,,,,,,,,,,,,,,,,,,,,,,,,,,,,,,,,,,,,,,,,,,,,,,,,,,,,,,,,,,,,,,,,,,,,,,,,,,,,,,,,,,,
v_PlayingCello_g12_c06.avi,4.0,Playing Cello,25.0,0.0,9.24,0.68,9.24,17.0,231.0,17.0,68.0,68.0,119.0,119.0,173.0,173.0,231.0,,,,,,,,,,,,,,,,,,,,,,,,,,,,,,,,,,,,,,,,,,,,,,,,,,,,,,,,,,,,,,,,,,,,,,,,,,,,,,,,,,,,,,,,,,,,,,,,,,
v_SoccerJuggling_g13_c05.avi,10.0,Soccer Juggling,29.97,0.0,10.01,0.434,7.274,13.0,218.0,13.0,31.0,31.0,46.0,46.0,62.0,62.0,84.0,84.0,101.0,101.0,116.0,116.0,168.0,168.0,186.0,186.0,206.0,206.0,218.0,,,,,,,,,,,,,,,,,,,,,,,,,,,,,,,,,,,,,,,,,,,,,,,,,,,,,,,,,,,,,,,,,,,,,,,,,,,,,,,,,,,,,,
v_JumpingJack_g13_c02.avi,3.0,Jumping Jack,29.97,0.0,3.67,0.033,3.67,1.0,110.0,1.0,44.0,44.0,77.0,77.0,110.0,,,,,,,,,,,,,,,,,,,,,,,,,,,,,,,,,,,,,,,,,,,,,,,,,,,,,,,,,,,,,,,,,,,,,,,,,,,,,,,,,,,,,,,,,,,,,,,,,,,,
v_FrontCrawl_g20_c02.avi,3.0,Front Crawl,25.0,0.0,8.24,0.32,8.16,8.0,204.0,8.0,70.0,70.0,131.0,131.0,204.0,,,,,,,,,,,,,,,,,,,,,,,,,,,,,,,,,,,,,,,,,,,,,,,,,,,,,,,,,,,,,,,,,,,,,,,,,,,,,,,,,,,,,,,,,,,,,,,,,,,,
v_HandStandPushups_g05_c04.avi,2.0,Hand Stand Pushups,25.0,0.0,6.4,0.04,6.4,1.0,160.0,1.0,84.0,84.0,160.0,,,,,,,,,,,,,,,,,,,,,,,,,,,,,,,,,,,,,,,,,,,,,,,,,,,,,,,,,,,,,,,,,,,,,,,,,,,,,,,,,,,,,,,,,,,,,,,,,,,,,,
v_PommelHorse_g16_c04.avi,8.0,Pommel Horse,29.97,0.0,12.679,0.033,7.908,1.0,237.0,1.0,30.0,30.0,59.0,59.0,88.0,88.0,116.0,116.0,148.0,148.0,177.0,177.0,207.0,207.0,237.0,,,,,,,,,,,,,,,,,,,,,,,,,,,,,,,,,,,,,,,,,,,,,,,,,,,,,,,,,,,,,,,,,,,,,,,,,,,,,,,,,,,,,,,,,,
v_TrampolineJumping_g16_c03.avi,4.0,Trampoline Jumping,29.97,0.0,3.871,0.033,3.403,1.0,102.0,1.0,22.0,22.0,48.0,48.0,75.0,75.0,102.0,,,,,,,,,,,,,,,,,,,,,,,,,,,,,,,,,,,,,,,,,,,,,,,,,,,,,,,,,,,,,,,,,,,,,,,,,,,,,,,,,,,,,,,,,,,,,,,,,,
v_Biking_g14_c02.avi,4.0,Biking,29.97,0.0,5.639,0.367,4.738,11.0,142.0,11.0,45.0,45.0,79.0,79.0,111.0,111.0,142.0,,,,,,,,,,,,,,,,,,,,,,,,,,,,,,,,,,,,,,,,,,,,,,,,,,,,,,,,,,,,,,,,,,,,,,,,,,,,,,,,,,,,,,,,,,,,,,,,,,
v_Biking_g06_c01.avi,4.0,Biking,29.97,0.0,3.37,0.033,3.07,1.0,92.0,1.0,24.0,24.0,48.0,48.0,70.0,70.0,92.0,,,,,,,,,,,,,,,,,,,,,,,,,,,,,,,,,,,,,,,,,,,,,,,,,,,,,,,,,,,,,,,,,,,,,,,,,,,,,,,,,,,,,,,,,,,,,,,,,,
v_HandStandPushups_g02_c04.avi,2.0,Hand Stand Pushups,25.0,0.0,5.28,0.04,5.2,1.0,130.0,1.0,67.0,67.0,130.0,,,,,,,,,,,,,,,,,,,,,,,,,,,,,,,,,,,,,,,,,,,,,,,,,,,,,,,,,,,,,,,,,,,,,,,,,,,,,,,,,,,,,,,,,,,,,,,,,,,,,,
v_Kayaking_g15_c01.avi,2.0,Kayaking,25.0,0.0,6.6,1.04,4.36,26.0,109.0,26.0,55.0,55.0,109.0,,,,,,,,,,,,,,,,,,,,,,,,,,,,,,,,,,,,,,,,,,,,,,,,,,,,,,,,,,,,,,,,,,,,,,,,,,,,,,,,,,,,,,,,,,,,,,,,,,,,,,
v_HandStandPushups_g08_c04.avi,2.0,Hand Stand Pushups,25.0,0.0,5.2,0.04,5.2,1.0,130.0,1.0,57.0,57.0,130.0,,,,,,,,,,,,,,,,,,,,,,,,,,,,,,,,,,,,,,,,,,,,,,,,,,,,,,,,,,,,,,,,,,,,,,,,,,,,,,,,,,,,,,,,,,,,,,,,,,,,,,
v_JumpRope_g01_c01.avi,21.0,Jump Rope,29.97,0.0,8.575,0.033,8.508,1.0,255.0,1.0,16.0,16.0,28.0,28.0,44.0,44.0,58.0,58.0,66.0,66.0,75.0,75.0,86.0,86.0,99.0,99.0,109.0,109.0,122.0,122.0,134.0,134.0,146.0,146.0,158.0,158.0,171.0,171.0,183.0,183.0,195.0,195.0,205.0,205.0,217.0,217.0,229.0,229.0,243.0,243.0,255.0,,,,,,,,,,,,,,,,,,,,,,,,,,,,,,,,,,,,,,,,,,,,,,,,,,,,,,,,,,,,,,,,
v_BenchPress_g19_c01.avi,3.0,Bench Press,25.0,0.0,3.68,0.04,3.68,1.0,92.0,1.0,31.0,31.0,61.0,61.0,92.0,,,,,,,,,,,,,,,,,,,,,,,,,,,,,,,,,,,,,,,,,,,,,,,,,,,,,,,,,,,,,,,,,,,,,,,,,,,,,,,,,,,,,,,,,,,,,,,,,,,,
v_BreastStroke_g01_c01.avi,2.0,Breast Stroke,25.0,0.0,3.84,1.04,3.76,26.0,94.0,26.0,59.0,59.0,94.0,,,,,,,,,,,,,,,,,,,,,,,,,,,,,,,,,,,,,,,,,,,,,,,,,,,,,,,,,,,,,,,,,,,,,,,,,,,,,,,,,,,,,,,,,,,,,,,,,,,,,,
v_PlayingCello_g20_c01.avi,13.0,Playing Cello,25.0,0.0,12.88,0.52,9.52,13.0,238.0,13.0,35.0,35.0,47.0,47.0,84.0,84.0,98.0,98.0,113.0,113.0,152.0,152.0,173.0,173.0,181.0,181.0,196.0,196.0,203.0,203.0,218.0,218.0,224.0,224.0,238.0,,,,,,,,,,,,,,,,,,,,,,,,,,,,,,,,,,,,,,,,,,,,,,,,,,,,,,,,,,,,,,,,,,,,,,,,,,,,,,,,
v_HammerThrow_g10_c01.avi,6.0,Hammer Throw,25.0,0.0,10.08,4.52,9.76,113.0,244.0,113.0,156.0,156.0,187.0,187.0,207.0,207.0,221.0,221.0,233.0,233.0,244.0,,,,,,,,,,,,,,,,,,,,,,,,,,,,,,,,,,,,,,,,,,,,,,,,,,,,,,,,,,,,,,,,,,,,,,,,,,,,,,,,,,,,,,,,,,,,,,
v_BreastStroke_g16_c03.avi,5.0,Breast Stroke,25.0,0.0,8.88,0.04,8.84,1.0,221.0,1.0,44.0,44.0,86.0,86.0,130.0,130.0,175.0,175.0,221.0,,,,,,,,,,,,,,,,,,,,,,,,,,,,,,,,,,,,,,,,,,,,,,,,,,,,,,,,,,,,,,,,,,,,,,,,,,,,,,,,,,,,,,,,,,,,,,,,
v_HammerThrow_g13_c01.avi,5.0,Hammer Throw,25.0,0.0,7.2,3.76,6.56,94.0,164.0,94.0,113.0,113.0,131.0,131.0,143.0,143.0,154.0,154.0,164.0,,,,,,,,,,,,,,,,,,,,,,,,,,,,,,,,,,,,,,,,,,,,,,,,,,,,,,,,,,,,,,,,,,,,,,,,,,,,,,,,,,,,,,,,,,,,,,,,
v_BodyWeightSquats_g03_c01.avi,2.0,Body Weight Squats,25.0,0.0,5.28,0.92,3.92,23.0,98.0,23.0,62.0,62.0,98.0,,,,,,,,,,,,,,,,,,,,,,,,,,,,,,,,,,,,,,,,,,,,,,,,,,,,,,,,,,,,,,,,,,,,,,,,,,,,,,,,,,,,,,,,,,,,,,,,,,,,,,
v_CuttingInKitchen_g06_c01.avi,21.0,Cutting In Kitchen,25.0,0.0,9.72,0.52,9.72,13.0,243.0,13.0,29.0,29.0,46.0,46.0,60.0,60.0,70.0,70.0,80.0,80.0,90.0,90.0,101.0,101.0,112.0,112.0,121.0,121.0,132.0,132.0,142.0,142.0,152.0,152.0,162.0,162.0,172.0,172.0,182.0,182.0,193.0,193.0,202.0,202.0,212.0,212.0,223.0,223.0,233.0,233.0,243.0,,,,,,,,,,,,,,,,,,,,,,,,,,,,,,,,,,,,,,,,,,,,,,,,,,,,,,,,,,,,,,,,
v_PlayingViolin_g04_c01.avi,4.0,Playing Violin,25.0,0.0,7.04,0.04,7.04,1.0,176.0,1.0,51.0,51.0,64.0,64.0,91.0,91.0,176.0,,,,,,,,,,,,,,,,,,,,,,,,,,,,,,,,,,,,,,,,,,,,,,,,,,,,,,,,,,,,,,,,,,,,,,,,,,,,,,,,,,,,,,,,,,,,,,,,,,
v_PlayingViolin_g08_c04.avi,2.0,Playing Violin,25.0,0.0,7.24,1.6,5.36,40.0,134.0,40.0,62.0,62.0,134.0,,,,,,,,,,,,,,,,,,,,,,,,,,,,,,,,,,,,,,,,,,,,,,,,,,,,,,,,,,,,,,,,,,,,,,,,,,,,,,,,,,,,,,,,,,,,,,,,,,,,,,
v_PommelHorse_g04_c05.avi,13.0,Pommel Horse,29.97,0.0,13.28,0.734,12.646,22.0,379.0,22.0,50.0,50.0,77.0,77.0,103.0,103.0,130.0,130.0,158.0,158.0,185.0,185.0,212.0,212.0,241.0,241.0,268.0,268.0,297.0,297.0,322.0,322.0,349.0,349.0,379.0,,,,,,,,,,,,,,,,,,,,,,,,,,,,,,,,,,,,,,,,,,,,,,,,,,,,,,,,,,,,,,,,,,,,,,,,,,,,,,,,
v_HandStandPushups_g10_c04.avi,3.0,Hand Stand Pushups,25.0,0.0,5.2,0.04,4.92,1.0,123.0,1.0,42.0,42.0,81.0,81.0,123.0,,,,,,,,,,,,,,,,,,,,,,,,,,,,,,,,,,,,,,,,,,,,,,,,,,,,,,,,,,,,,,,,,,,,,,,,,,,,,,,,,,,,,,,,,,,,,,,,,,,,
v_FrontCrawl_g14_c01.avi,3.0,Front Crawl,25.0,0.0,5.96,0.04,5.72,1.0,143.0,1.0,43.0,43.0,94.0,94.0,143.0,,,,,,,,,,,,,,,,,,,,,,,,,,,,,,,,,,,,,,,,,,,,,,,,,,,,,,,,,,,,,,,,,,,,,,,,,,,,,,,,,,,,,,,,,,,,,,,,,,,,
v_BodyWeightSquats_g15_c02.avi,2.0,Body Weight Squats,25.0,0.0,4.88,0.04,4.88,1.0,122.0,1.0,64.0,64.0,122.0,,,,,,,,,,,,,,,,,,,,,,,,,,,,,,,,,,,,,,,,,,,,,,,,,,,,,,,,,,,,,,,,,,,,,,,,,,,,,,,,,,,,,,,,,,,,,,,,,,,,,,
v_HandStandPushups_g19_c02.avi,3.0,Hand Stand Pushups,25.0,0.0,5.4,0.04,5.28,1.0,132.0,1.0,47.0,47.0,89.0,89.0,132.0,,,,,,,,,,,,,,,,,,,,,,,,,,,,,,,,,,,,,,,,,,,,,,,,,,,,,,,,,,,,,,,,,,,,,,,,,,,,,,,,,,,,,,,,,,,,,,,,,,,,
v_Biking_g13_c04.avi,7.0,Biking,29.97,0.0,8.008,0.1,4.805,3.0,144.0,3.0,24.0,24.0,45.0,45.0,66.0,66.0,85.0,85.0,105.0,105.0,124.0,124.0,144.0,,,,,,,,,,,,,,,,,,,,,,,,,,,,,,,,,,,,,,,,,,,,,,,,,,,,,,,,,,,,,,,,,,,,,,,,,,,,,,,,,,,,,,,,,,,,
v_Rowing_g04_c06.avi,5.0,Rowing,25.0,0.0,13.84,0.08,11.4,2.0,285.0,2.0,54.0,54.0,106.0,106.0,158.0,158.0,218.0,218.0,285.0,,,,,,,,,,,,,,,,,,,,,,,,,,,,,,,,,,,,,,,,,,,,,,,,,,,,,,,,,,,,,,,,,,,,,,,,,,,,,,,,,,,,,,,,,,,,,,,,
v_Biking_g20_c07.avi,9.0,Biking,29.97,0.0,12.012,0.067,10.01,2.0,300.0,2.0,36.0,36.0,68.0,68.0,101.0,101.0,136.0,136.0,171.0,171.0,203.0,203.0,236.0,236.0,268.0,268.0,300.0,,,,,,,,,,,,,,,,,,,,,,,,,,,,,,,,,,,,,,,,,,,,,,,,,,,,,,,,,,,,,,,,,,,,,,,,,,,,,,,,,,,,,,,,
v_JumpRope_g08_c03.avi,17.0,Jump Rope,29.97,0.0,17.551,1.301,17.351,39.0,520.0,39.0,69.0,69.0,98.0,98.0,126.0,126.0,154.0,154.0,183.0,183.0,210.0,210.0,239.0,239.0,267.0,267.0,295.0,295.0,324.0,324.0,351.0,351.0,379.0,379.0,408.0,408.0,436.0,436.0,464.0,464.0,492.0,492.0,520.0,,,,,,,,,,,,,,,,,,,,,,,,,,,,,,,,,,,,,,,,,,,,,,,,,,,,,,,,,,,,,,,,,,,,,,,,
v_JumpingJack_g14_c01.avi,3.0,Jumping Jack,29.97,0.0,3.203,0.033,3.07,1.0,92.0,1.0,30.0,30.0,60.0,60.0,92.0,,,,,,,,,,,,,,,,,,,,,,,,,,,,,,,,,,,,,,,,,,,,,,,,,,,,,,,,,,,,,,,,,,,,,,,,,,,,,,,,,,,,,,,,,,,,,,,,,,,,
v_Hammering_g20_c04.avi,4.0,Hammering,25.0,0.0,6.76,0.04,5.92,1.0,148.0,1.0,45.0,45.0,79.0,79.0,113.0,113.0,148.0,,,,,,,,,,,,,,,,,,,,,,,,,,,,,,,,,,,,,,,,,,,,,,,,,,,,,,,,,,,,,,,,,,,,,,,,,,,,,,,,,,,,,,,,,,,,,,,,,,
v_HandstandWalking_g12_c04.avi,3.0,Handstand Walking,25.0,0.0,3.72,0.04,3.28,1.0,82.0,1.0,29.0,29.0,58.0,58.0,82.0,,,,,,,,,,,,,,,,,,,,,,,,,,,,,,,,,,,,,,,,,,,,,,,,,,,,,,,,,,,,,,,,,,,,,,,,,,,,,,,,,,,,,,,,,,,,,,,,,,,,
v_FrontCrawl_g08_c01.avi,3.0,Front Crawl,25.0,0.0,6.08,0.28,6.04,7.0,151.0,7.0,54.0,54.0,102.0,102.0,151.0,,,,,,,,,,,,,,,,,,,,,,,,,,,,,,,,,,,,,,,,,,,,,,,,,,,,,,,,,,,,,,,,,,,,,,,,,,,,,,,,,,,,,,,,,,,,,,,,,,,,
v_BreastStroke_g20_c01.avi,3.0,Breast Stroke,25.0,0.0,5.68,0.04,5.68,1.0,142.0,1.0,45.0,45.0,99.0,99.0,142.0,,,,,,,,,,,,,,,,,,,,,,,,,,,,,,,,,,,,,,,,,,,,,,,,,,,,,,,,,,,,,,,,,,,,,,,,,,,,,,,,,,,,,,,,,,,,,,,,,,,,
v_Kayaking_g03_c04.avi,5.0,Kayaking,25.0,0.0,7.48,0.04,6.92,1.0,173.0,1.0,37.0,37.0,70.0,70.0,101.0,101.0,138.0,138.0,173.0,,,,,,,,,,,,,,,,,,,,,,,,,,,,,,,,,,,,,,,,,,,,,,,,,,,,,,,,,,,,,,,,,,,,,,,,,,,,,,,,,,,,,,,,,,,,,,,,
v_BenchPress_g18_c01.avi,3.0,Bench Press,25.0,0.0,3.72,0.04,3.72,1.0,93.0,1.0,26.0,26.0,69.0,69.0,93.0,,,,,,,,,,,,,,,,,,,,,,,,,,,,,,,,,,,,,,,,,,,,,,,,,,,,,,,,,,,,,,,,,,,,,,,,,,,,,,,,,,,,,,,,,,,,,,,,,,,,
v_HulaHoop_g17_c02.avi,8.0,Hula Hoop,25.0,0.0,4.04,0.08,3.88,2.0,97.0,2.0,15.0,15.0,27.0,27.0,38.0,38.0,50.0,50.0,62.0,62.0,73.0,73.0,85.0,85.0,97.0,,,,,,,,,,,,,,,,,,,,,,,,,,,,,,,,,,,,,,,,,,,,,,,,,,,,,,,,,,,,,,,,,,,,,,,,,,,,,,,,,,,,,,,,,,
v_Hammering_g09_c01.avi,9.0,Hammering,25.0,0.0,6.0,0.48,5.28,12.0,132.0,12.0,23.0,23.0,35.0,35.0,63.0,63.0,73.0,73.0,84.0,84.0,93.0,93.0,107.0,107.0,120.0,120.0,132.0,,,,,,,,,,,,,,,,,,,,,,,,,,,,,,,,,,,,,,,,,,,,,,,,,,,,,,,,,,,,,,,,,,,,,,,,,,,,,,,,,,,,,,,,
v_JumpingJack_g02_c03.avi,2.0,Jumping Jack,29.97,0.0,3.37,0.033,2.402,1.0,72.0,1.0,39.0,39.0,72.0,,,,,,,,,,,,,,,,,,,,,,,,,,,,,,,,,,,,,,,,,,,,,,,,,,,,,,,,,,,,,,,,,,,,,,,,,,,,,,,,,,,,,,,,,,,,,,,,,,,,,,
v_ShavingBeard_g16_c03.avi,8.0,Shaving Beard,25.0,0.0,9.08,0.8,4.84,20.0,121.0,20.0,37.0,37.0,48.0,48.0,60.0,60.0,72.0,72.0,85.0,85.0,97.0,97.0,110.0,110.0,121.0,,,,,,,,,,,,,,,,,,,,,,,,,,,,,,,,,,,,,,,,,,,,,,,,,,,,,,,,,,,,,,,,,,,,,,,,,,,,,,,,,,,,,,,,,,
v_Kayaking_g04_c02.avi,4.0,Kayaking,25.0,0.0,9.48,0.04,5.6,1.0,140.0,1.0,32.0,32.0,66.0,66.0,104.0,104.0,140.0,,,,,,,,,,,,,,,,,,,,,,,,,,,,,,,,,,,,,,,,,,,,,,,,,,,,,,,,,,,,,,,,,,,,,,,,,,,,,,,,,,,,,,,,,,,,,,,,,,
v_HulaHoop_g15_c05.avi,6.0,Hula Hoop,25.0,0.0,4.04,0.04,3.6,1.0,90.0,1.0,16.0,16.0,30.0,30.0,43.0,43.0,60.0,60.0,74.0,74.0,90.0,,,,,,,,,,,,,,,,,,,,,,,,,,,,,,,,,,,,,,,,,,,,,,,,,,,,,,,,,,,,,,,,,,,,,,,,,,,,,,,,,,,,,,,,,,,,,,
v_PlayingCello_g09_c05.avi,3.0,Playing Cello,25.0,0.0,12.56,0.04,11.8,1.0,295.0,1.0,91.0,91.0,208.0,208.0,295.0,,,,,,,,,,,,,,,,,,,,,,,,,,,,,,,,,,,,,,,,,,,,,,,,,,,,,,,,,,,,,,,,,,,,,,,,,,,,,,,,,,,,,,,,,,,,,,,,,,,,
v_FrontCrawl_g15_c04.avi,3.0,Front Crawl,25.0,0.0,4.92,0.04,3.92,1.0,98.0,1.0,34.0,34.0,66.0,66.0,98.0,,,,,,,,,,,,,,,,,,,,,,,,,,,,,,,,,,,,,,,,,,,,,,,,,,,,,,,,,,,,,,,,,,,,,,,,,,,,,,,,,,,,,,,,,,,,,,,,,,,,
v_BodyWeightSquats_g04_c01.avi,2.0,Body Weight Squats,25.0,0.0,5.2,0.04,5.2,1.0,130.0,1.0,74.0,74.0,130.0,,,,,,,,,,,,,,,,,,,,,,,,,,,,,,,,,,,,,,,,,,,,,,,,,,,,,,,,,,,,,,,,,,,,,,,,,,,,,,,,,,,,,,,,,,,,,,,,,,,,,,
v_TableTennisShot_g17_c01.avi,3.0,Table Tennis Shot,25.0,0.0,5.08,0.68,4.32,17.0,108.0,17.0,43.0,43.0,73.0,73.0,108.0,,,,,,,,,,,,,,,,,,,,,,,,,,,,,,,,,,,,,,,,,,,,,,,,,,,,,,,,,,,,,,,,,,,,,,,,,,,,,,,,,,,,,,,,,,,,,,,,,,,,
v_PommelHorse_g09_c04.avi,5.0,Pommel Horse,29.97,0.0,10.978,3.103,7.941,93.0,238.0,93.0,122.0,122.0,153.0,153.0,182.0,182.0,210.0,210.0,238.0,,,,,,,,,,,,,,,,,,,,,,,,,,,,,,,,,,,,,,,,,,,,,,,,,,,,,,,,,,,,,,,,,,,,,,,,,,,,,,,,,,,,,,,,,,,,,,,,
v_HulaHoop_g12_c01.avi,4.0,Hula Hoop,25.0,0.0,4.04,0.24,3.64,6.0,91.0,6.0,25.0,25.0,47.0,47.0,70.0,70.0,91.0,,,,,,,,,,,,,,,,,,,,,,,,,,,,,,,,,,,,,,,,,,,,,,,,,,,,,,,,,,,,,,,,,,,,,,,,,,,,,,,,,,,,,,,,,,,,,,,,,,
v_ShavingBeard_g06_c05.avi,16.0,Shaving Beard,25.0,0.0,14.36,0.96,8.84,24.0,221.0,24.0,35.0,35.0,45.0,45.0,59.0,59.0,73.0,73.0,86.0,86.0,101.0,101.0,116.0,116.0,127.0,127.0,141.0,141.0,152.0,152.0,162.0,162.0,177.0,177.0,186.0,186.0,195.0,195.0,207.0,207.0,221.0,,,,,,,,,,,,,,,,,,,,,,,,,,,,,,,,,,,,,,,,,,,,,,,,,,,,,,,,,,,,,,,,,,,,,,,,,,
v_TableTennisShot_g03_c04.avi,4.0,Table Tennis Shot,25.0,0.0,5.24,0.52,4.6,13.0,115.0,13.0,40.0,40.0,67.0,67.0,93.0,93.0,115.0,,,,,,,,,,,,,,,,,,,,,,,,,,,,,,,,,,,,,,,,,,,,,,,,,,,,,,,,,,,,,,,,,,,,,,,,,,,,,,,,,,,,,,,,,,,,,,,,,,
v_CuttingInKitchen_g03_c01.avi,14.0,Cutting In Kitchen,25.0,0.0,10.64,0.92,10.32,23.0,258.0,23.0,39.0,39.0,56.0,56.0,70.0,70.0,84.0,84.0,95.0,95.0,105.0,105.0,150.0,150.0,165.0,165.0,195.0,195.0,209.0,209.0,222.0,222.0,234.0,234.0,246.0,246.0,258.0,,,,,,,,,,,,,,,,,,,,,,,,,,,,,,,,,,,,,,,,,,,,,,,,,,,,,,,,,,,,,,,,,,,,,,,,,,,,,,
v_BenchPress_g11_c01.avi,3.0,Bench Press,25.0,0.0,3.92,0.04,3.92,1.0,98.0,1.0,33.0,33.0,66.0,66.0,98.0,,,,,,,,,,,,,,,,,,,,,,,,,,,,,,,,,,,,,,,,,,,,,,,,,,,,,,,,,,,,,,,,,,,,,,,,,,,,,,,,,,,,,,,,,,,,,,,,,,,,
v_JumpRope_g19_c04.avi,9.0,Jump Rope,29.97,0.0,15.883,0.267,4.037,8.0,121.0,8.0,20.0,20.0,32.0,32.0,44.0,44.0,56.0,56.0,69.0,69.0,84.0,84.0,96.0,96.0,108.0,108.0,121.0,,,,,,,,,,,,,,,,,,,,,,,,,,,,,,,,,,,,,,,,,,,,,,,,,,,,,,,,,,,,,,,,,,,,,,,,,,,,,,,,,,,,,,,,
v_Rowing_g08_c02.avi,2.0,Rowing,25.0,0.0,7.0,1.04,4.6,26.0,115.0,26.0,69.0,69.0,115.0,,,,,,,,,,,,,,,,,,,,,,,,,,,,,,,,,,,,,,,,,,,,,,,,,,,,,,,,,,,,,,,,,,,,,,,,,,,,,,,,,,,,,,,,,,,,,,,,,,,,,,
v_BabyCrawling_g04_c01.avi,2.0,Baby Crawling,25.0,0.0,5.08,0.4,3.16,10.0,79.0,10.0,46.0,46.0,79.0,,,,,,,,,,,,,,,,,,,,,,,,,,,,,,,,,,,,,,,,,,,,,,,,,,,,,,,,,,,,,,,,,,,,,,,,,,,,,,,,,,,,,,,,,,,,,,,,,,,,,,
v_Hammering_g11_c04.avi,9.0,Hammering,25.0,0.0,4.6,0.08,4.56,2.0,114.0,2.0,17.0,17.0,29.0,29.0,44.0,44.0,54.0,54.0,67.0,67.0,77.0,77.0,89.0,89.0,99.0,99.0,114.0,,,,,,,,,,,,,,,,,,,,,,,,,,,,,,,,,,,,,,,,,,,,,,,,,,,,,,,,,,,,,,,,,,,,,,,,,,,,,,,,,,,,,,,,
v_Rowing_g19_c02.avi,6.0,Rowing,25.0,0.0,13.88,0.04,11.52,1.0,288.0,1.0,49.0,49.0,95.0,95.0,150.0,150.0,198.0,198.0,244.0,244.0,288.0,,,,,,,,,,,,,,,,,,,,,,,,,,,,,,,,,,,,,,,,,,,,,,,,,,,,,,,,,,,,,,,,,,,,,,,,,,,,,,,,,,,,,,,,,,,,,,
v_HulaHoop_g06_c04.avi,9.0,Hula Hoop,25.0,0.0,3.84,0.04,3.8,1.0,95.0,1.0,12.0,12.0,22.0,22.0,32.0,32.0,43.0,43.0,53.0,53.0,63.0,63.0,73.0,73.0,83.0,83.0,95.0,,,,,,,,,,,,,,,,,,,,,,,,,,,,,,,,,,,,,,,,,,,,,,,,,,,,,,,,,,,,,,,,,,,,,,,,,,,,,,,,,,,,,,,,
v_HulaHoop_g03_c04.avi,7.0,Hula Hoop,25.0,0.0,4.04,0.12,3.76,3.0,94.0,3.0,14.0,14.0,24.0,24.0,36.0,36.0,48.0,48.0,64.0,64.0,79.0,79.0,94.0,,,,,,,,,,,,,,,,,,,,,,,,,,,,,,,,,,,,,,,,,,,,,,,,,,,,,,,,,,,,,,,,,,,,,,,,,,,,,,,,,,,,,,,,,,,,
v_PommelHorse_g19_c05.avi,11.0,Pommel Horse,29.97,0.0,14.114,0.667,13.08,20.0,392.0,20.0,50.0,50.0,79.0,79.0,110.0,110.0,180.0,180.0,213.0,213.0,242.0,242.0,271.0,271.0,302.0,302.0,332.0,332.0,361.0,361.0,392.0,,,,,,,,,,,,,,,,,,,,,,,,,,,,,,,,,,,,,,,,,,,,,,,,,,,,,,,,,,,,,,,,,,,,,,,,,,,,,,,,,,,,
v_HammerThrow_g18_c04.avi,6.0,Hammer Throw,25.0,0.0,6.24,0.52,4.72,13.0,118.0,13.0,48.0,48.0,68.0,68.0,84.0,84.0,96.0,96.0,107.0,107.0,118.0,,,,,,,,,,,,,,,,,,,,,,,,,,,,,,,,,,,,,,,,,,,,,,,,,,,,,,,,,,,,,,,,,,,,,,,,,,,,,,,,,,,,,,,,,,,,,,
v_HandStandPushups_g13_c07.avi,4.0,Hand Stand Pushups,25.0,0.0,6.04,0.04,5.44,1.0,136.0,1.0,43.0,43.0,72.0,72.0,102.0,102.0,136.0,,,,,,,,,,,,,,,,,,,,,,,,,,,,,,,,,,,,,,,,,,,,,,,,,,,,,,,,,,,,,,,,,,,,,,,,,,,,,,,,,,,,,,,,,,,,,,,,,,
v_TableTennisShot_g12_c01.avi,3.0,Table Tennis Shot,25.0,0.0,5.76,0.92,4.48,23.0,112.0,23.0,54.0,54.0,83.0,83.0,112.0,,,,,,,,,,,,,,,,,,,,,,,,,,,,,,,,,,,,,,,,,,,,,,,,,,,,,,,,,,,,,,,,,,,,,,,,,,,,,,,,,,,,,,,,,,,,,,,,,,,,
v_ShavingBeard_g20_c05.avi,7.0,Shaving Beard,25.0,0.0,9.92,0.04,7.44,1.0,186.0,1.0,27.0,27.0,66.0,66.0,90.0,90.0,115.0,115.0,132.0,132.0,157.0,157.0,186.0,,,,,,,,,,,,,,,,,,,,,,,,,,,,,,,,,,,,,,,,,,,,,,,,,,,,,,,,,,,,,,,,,,,,,,,,,,,,,,,,,,,,,,,,,,,,
v_ShavingBeard_g13_c02.avi,16.0,Shaving Beard,25.0,0.0,7.2,0.44,6.6,11.0,165.0,11.0,20.0,20.0,28.0,28.0,36.0,36.0,44.0,44.0,53.0,53.0,62.0,62.0,71.0,71.0,81.0,81.0,91.0,91.0,99.0,99.0,112.0,112.0,124.0,124.0,134.0,134.0,144.0,144.0,155.0,155.0,165.0,,,,,,,,,,,,,,,,,,,,,,,,,,,,,,,,,,,,,,,,,,,,,,,,,,,,,,,,,,,,,,,,,,,,,,,,,,
v_BodyWeightSquats_g20_c01.avi,2.0,Body Weight Squats,25.0,0.0,4.0,0.04,3.4,1.0,85.0,1.0,42.0,42.0,85.0,,,,,,,,,,,,,,,,,,,,,,,,,,,,,,,,,,,,,,,,,,,,,,,,,,,,,,,,,,,,,,,,,,,,,,,,,,,,,,,,,,,,,,,,,,,,,,,,,,,,,,
v_SoccerJuggling_g09_c07.avi,7.0,Soccer Juggling,29.97,0.0,10.544,0.234,4.304,7.0,129.0,7.0,29.0,29.0,41.0,41.0,56.0,56.0,71.0,71.0,89.0,89.0,105.0,105.0,129.0,,,,,,,,,,,,,,,,,,,,,,,,,,,,,,,,,,,,,,,,,,,,,,,,,,,,,,,,,,,,,,,,,,,,,,,,,,,,,,,,,,,,,,,,,,,,
v_PlayingViolin_g01_c01.avi,3.0,Playing Violin,25.0,0.0,7.44,0.04,6.12,1.0,153.0,1.0,50.0,50.0,92.0,92.0,153.0,,,,,,,,,,,,,,,,,,,,,,,,,,,,,,,,,,,,,,,,,,,,,,,,,,,,,,,,,,,,,,,,,,,,,,,,,,,,,,,,,,,,,,,,,,,,,,,,,,,,
v_HandstandWalking_g10_c04.avi,4.0,Handstand Walking,25.0,0.0,7.84,0.32,6.16,8.0,154.0,8.0,44.0,44.0,107.0,107.0,130.0,130.0,154.0,,,,,,,,,,,,,,,,,,,,,,,,,,,,,,,,,,,,,,,,,,,,,,,,,,,,,,,,,,,,,,,,,,,,,,,,,,,,,,,,,,,,,,,,,,,,,,,,,,
v_FrontCrawl_g13_c04.avi,3.0,Front Crawl,25.0,0.0,5.56,0.04,5.0,1.0,125.0,1.0,41.0,41.0,86.0,86.0,125.0,,,,,,,,,,,,,,,,,,,,,,,,,,,,,,,,,,,,,,,,,,,,,,,,,,,,,,,,,,,,,,,,,,,,,,,,,,,,,,,,,,,,,,,,,,,,,,,,,,,,
v_HandstandWalking_g14_c02.avi,3.0,Handstand Walking,25.0,0.0,3.56,0.04,3.24,1.0,81.0,1.0,26.0,26.0,51.0,51.0,81.0,,,,,,,,,,,,,,,,,,,,,,,,,,,,,,,,,,,,,,,,,,,,,,,,,,,,,,,,,,,,,,,,,,,,,,,,,,,,,,,,,,,,,,,,,,,,,,,,,,,,
v_TrampolineJumping_g10_c04.avi,6.0,Trampoline Jumping,29.97,0.0,6.707,0.4,6.34,12.0,190.0,12.0,41.0,41.0,71.0,71.0,100.0,100.0,130.0,130.0,162.0,162.0,190.0,,,,,,,,,,,,,,,,,,,,,,,,,,,,,,,,,,,,,,,,,,,,,,,,,,,,,,,,,,,,,,,,,,,,,,,,,,,,,,,,,,,,,,,,,,,,,,
v_PlayingCello_g15_c04.avi,3.0,Playing Cello,25.0,0.0,12.76,0.04,12.76,1.0,319.0,1.0,63.0,63.0,193.0,193.0,319.0,,,,,,,,,,,,,,,,,,,,,,,,,,,,,,,,,,,,,,,,,,,,,,,,,,,,,,,,,,,,,,,,,,,,,,,,,,,,,,,,,,,,,,,,,,,,,,,,,,,,
v_SoccerJuggling_g01_c02.avi,19.0,Soccer Juggling,29.97,0.0,16.75,3.103,14.181,93.0,425.0,93.0,114.0,114.0,133.0,133.0,150.0,150.0,164.0,164.0,177.0,177.0,196.0,196.0,215.0,215.0,229.0,229.0,242.0,242.0,263.0,263.0,278.0,278.0,301.0,301.0,315.0,315.0,331.0,331.0,351.0,351.0,372.0,372.0,391.0,391.0,408.0,408.0,425.0,,,,,,,,,,,,,,,,,,,,,,,,,,,,,,,,,,,,,,,,,,,,,,,,,,,,,,,,,,,,,,,,,,,,
v_BodyWeightSquats_g05_c02.avi,3.0,Body Weight Squats,25.0,0.0,5.4,0.04,5.28,1.0,132.0,1.0,47.0,47.0,89.0,89.0,132.0,,,,,,,,,,,,,,,,,,,,,,,,,,,,,,,,,,,,,,,,,,,,,,,,,,,,,,,,,,,,,,,,,,,,,,,,,,,,,,,,,,,,,,,,,,,,,,,,,,,,
v_Hammering_g18_c07.avi,14.0,Hammering,25.0,0.0,10.0,0.8,9.48,20.0,237.0,20.0,36.0,36.0,52.0,52.0,69.0,69.0,83.0,83.0,99.0,99.0,119.0,119.0,132.0,132.0,146.0,146.0,162.0,162.0,174.0,174.0,189.0,189.0,205.0,205.0,221.0,221.0,237.0,,,,,,,,,,,,,,,,,,,,,,,,,,,,,,,,,,,,,,,,,,,,,,,,,,,,,,,,,,,,,,,,,,,,,,,,,,,,,,
v_TableTennisShot_g18_c01.avi,4.0,Table Tennis Shot,25.0,0.0,8.04,0.28,8.04,7.0,201.0,7.0,55.0,55.0,105.0,105.0,153.0,153.0,201.0,,,,,,,,,,,,,,,,,,,,,,,,,,,,,,,,,,,,,,,,,,,,,,,,,,,,,,,,,,,,,,,,,,,,,,,,,,,,,,,,,,,,,,,,,,,,,,,,,,
v_HulaHoop_g10_c02.avi,6.0,Hula Hoop,25.0,0.0,4.04,0.44,3.64,11.0,91.0,11.0,24.0,24.0,38.0,38.0,52.0,52.0,65.0,65.0,78.0,78.0,91.0,,,,,,,,,,,,,,,,,,,,,,,,,,,,,,,,,,,,,,,,,,,,,,,,,,,,,,,,,,,,,,,,,,,,,,,,,,,,,,,,,,,,,,,,,,,,,,
v_PlayingCello_g05_c02.avi,8.0,Playing Cello,25.0,0.0,7.92,0.36,7.92,9.0,198.0,9.0,79.0,79.0,101.0,101.0,118.0,118.0,135.0,135.0,151.0,151.0,167.0,167.0,182.0,182.0,198.0,,,,,,,,,,,,,,,,,,,,,,,,,,,,,,,,,,,,,,,,,,,,,,,,,,,,,,,,,,,,,,,,,,,,,,,,,,,,,,,,,,,,,,,,,,
v_HammerThrow_g16_c01.avi,4.0,Hammer Throw,25.0,0.0,6.52,2.72,5.0,68.0,125.0,68.0,87.0,87.0,101.0,101.0,114.0,114.0,125.0,,,,,,,,,,,,,,,,,,,,,,,,,,,,,,,,,,,,,,,,,,,,,,,,,,,,,,,,,,,,,,,,,,,,,,,,,,,,,,,,,,,,,,,,,,,,,,,,,,
v_HulaHoop_g09_c01.avi,8.0,Hula Hoop,25.0,0.0,4.04,0.04,4.04,1.0,101.0,1.0,14.0,14.0,26.0,26.0,40.0,40.0,52.0,52.0,64.0,64.0,76.0,76.0,88.0,88.0,101.0,,,,,,,,,,,,,,,,,,,,,,,,,,,,,,,,,,,,,,,,,,,,,,,,,,,,,,,,,,,,,,,,,,,,,,,,,,,,,,,,,,,,,,,,,,
v_Biking_g16_c02.avi,7.0,Biking,29.97,0.0,6.64,0.167,6.039,5.0,181.0,5.0,31.0,31.0,56.0,56.0,80.0,80.0,106.0,106.0,130.0,130.0,156.0,156.0,181.0,,,,,,,,,,,,,,,,,,,,,,,,,,,,,,,,,,,,,,,,,,,,,,,,,,,,,,,,,,,,,,,,,,,,,,,,,,,,,,,,,,,,,,,,,,,,
v_Biking_g18_c06.avi,6.0,Biking,29.97,0.0,8.008,0.033,7.04,1.0,211.0,1.0,34.0,34.0,69.0,69.0,104.0,104.0,137.0,137.0,174.0,174.0,211.0,,,,,,,,,,,,,,,,,,,,,,,,,,,,,,,,,,,,,,,,,,,,,,,,,,,,,,,,,,,,,,,,,,,,,,,,,,,,,,,,,,,,,,,,,,,,,,
v_PlayingViolin_g14_c04.avi,6.0,Playing Violin,25.0,0.0,7.04,0.44,6.84,11.0,171.0,11.0,32.0,32.0,71.0,71.0,91.0,91.0,112.0,112.0,151.0,151.0,171.0,,,,,,,,,,,,,,,,,,,,,,,,,,,,,,,,,,,,,,,,,,,,,,,,,,,,,,,,,,,,,,,,,,,,,,,,,,,,,,,,,,,,,,,,,,,,,,
v_PommelHorse_g05_c04.avi,7.0,Pommel Horse,29.917,0.0,9.827,0.033,6.585,1.0,197.0,1.0,30.0,30.0,57.0,57.0,84.0,84.0,111.0,111.0,138.0,138.0,167.0,167.0,197.0,,,,,,,,,,,,,,,,,,,,,,,,,,,,,,,,,,,,,,,,,,,,,,,,,,,,,,,,,,,,,,,,,,,,,,,,,,,,,,,,,,,,,,,,,,,,
v_PlayingViolin_g13_c02.avi,2.0,Playing Violin,25.0,0.0,6.84,0.2,4.92,5.0,123.0,5.0,57.0,57.0,123.0,,,,,,,,,,,,,,,,,,,,,,,,,,,,,,,,,,,,,,,,,,,,,,,,,,,,,,,,,,,,,,,,,,,,,,,,,,,,,,,,,,,,,,,,,,,,,,,,,,,,,,
v_PommelHorse_g17_c03.avi,17.0,Pommel Horse,29.97,0.0,17.451,0.567,17.251,17.0,517.0,17.0,46.0,46.0,75.0,75.0,105.0,105.0,133.0,133.0,162.0,162.0,191.0,191.0,220.0,220.0,250.0,250.0,279.0,279.0,309.0,309.0,338.0,338.0,367.0,367.0,397.0,397.0,427.0,427.0,457.0,457.0,488.0,488.0,517.0,,,,,,,,,,,,,,,,,,,,,,,,,,,,,,,,,,,,,,,,,,,,,,,,,,,,,,,,,,,,,,,,,,,,,,,,
v_BodyWeightSquats_g17_c01.avi,4.0,Body Weight Squats,25.0,0.0,7.2,0.8,7.16,20.0,179.0,20.0,58.0,58.0,98.0,98.0,142.0,142.0,179.0,,,,,,,,,,,,,,,,,,,,,,,,,,,,,,,,,,,,,,,,,,,,,,,,,,,,,,,,,,,,,,,,,,,,,,,,,,,,,,,,,,,,,,,,,,,,,,,,,,
v_FrontCrawl_g05_c01.avi,2.0,Front Crawl,25.0,0.0,4.0,0.04,3.08,1.0,77.0,1.0,40.0,40.0,77.0,,,,,,,,,,,,,,,,,,,,,,,,,,,,,,,,,,,,,,,,,,,,,,,,,,,,,,,,,,,,,,,,,,,,,,,,,,,,,,,,,,,,,,,,,,,,,,,,,,,,,,
v_TableTennisShot_g10_c02.avi,7.0,Table Tennis Shot,25.0,0.0,8.28,0.2,7.56,5.0,189.0,5.0,41.0,41.0,67.0,67.0,93.0,93.0,115.0,115.0,142.0,142.0,164.0,164.0,189.0,,,,,,,,,,,,,,,,,,,,,,,,,,,,,,,,,,,,,,,,,,,,,,,,,,,,,,,,,,,,,,,,,,,,,,,,,,,,,,,,,,,,,,,,,,,,
v_PommelHorse_g12_c05.avi,16.0,Pommel Horse,29.97,0.0,19.086,3.604,18.752,108.0,562.0,108.0,135.0,135.0,164.0,164.0,193.0,193.0,221.0,221.0,249.0,249.0,276.0,276.0,303.0,303.0,330.0,330.0,357.0,357.0,385.0,385.0,415.0,415.0,449.0,449.0,477.0,477.0,506.0,506.0,535.0,535.0,562.0,,,,,,,,,,,,,,,,,,,,,,,,,,,,,,,,,,,,,,,,,,,,,,,,,,,,,,,,,,,,,,,,,,,,,,,,,,
v_BenchPress_g15_c01.avi,3.0,Bench Press,25.0,0.0,2.68,0.04,2.68,1.0,67.0,1.0,25.0,25.0,46.0,46.0,67.0,,,,,,,,,,,,,,,,,,,,,,,,,,,,,,,,,,,,,,,,,,,,,,,,,,,,,,,,,,,,,,,,,,,,,,,,,,,,,,,,,,,,,,,,,,,,,,,,,,,,
v_HandStandPushups_g09_c03.avi,2.0,Hand Stand Pushups,25.0,0.0,4.2,0.04,4.12,1.0,103.0,1.0,48.0,48.0,103.0,,,,,,,,,,,,,,,,,,,,,,,,,,,,,,,,,,,,,,,,,,,,,,,,,,,,,,,,,,,,,,,,,,,,,,,,,,,,,,,,,,,,,,,,,,,,,,,,,,,,,,
v_BabyCrawling_g15_c02.avi,5.0,Baby Crawling,25.0,0.0,8.84,0.16,8.48,4.0,212.0,4.0,38.0,38.0,80.0,80.0,125.0,125.0,179.0,179.0,212.0,,,,,,,,,,,,,,,,,,,,,,,,,,,,,,,,,,,,,,,,,,,,,,,,,,,,,,,,,,,,,,,,,,,,,,,,,,,,,,,,,,,,,,,,,,,,,,,,
v_HulaHoop_g07_c02.avi,5.0,Hula Hoop,25.0,0.0,4.04,0.04,3.56,1.0,89.0,1.0,17.0,17.0,37.0,37.0,53.0,53.0,72.0,72.0,89.0,,,,,,,,,,,,,,,,,,,,,,,,,,,,,,,,,,,,,,,,,,,,,,,,,,,,,,,,,,,,,,,,,,,,,,,,,,,,,,,,,,,,,,,,,,,,,,,,
v_SoccerJuggling_g06_c05.avi,13.0,Soccer Juggling,29.97,0.0,10.01,1.401,9.543,42.0,286.0,42.0,57.0,57.0,74.0,74.0,101.0,101.0,114.0,114.0,128.0,128.0,147.0,147.0,171.0,171.0,185.0,185.0,205.0,205.0,224.0,224.0,242.0,242.0,260.0,260.0,286.0,,,,,,,,,,,,,,,,,,,,,,,,,,,,,,,,,,,,,,,,,,,,,,,,,,,,,,,,,,,,,,,,,,,,,,,,,,,,,,,,
v_JumpingJack_g04_c04.avi,3.0,Jumping Jack,29.97,0.0,2.836,0.033,2.836,1.0,85.0,1.0,29.0,29.0,57.0,57.0,85.0,,,,,,,,,,,,,,,,,,,,,,,,,,,,,,,,,,,,,,,,,,,,,,,,,,,,,,,,,,,,,,,,,,,,,,,,,,,,,,,,,,,,,,,,,,,,,,,,,,,,
v_BabyCrawling_g12_c05.avi,4.0,Baby Crawling,25.0,0.0,7.4,1.6,5.72,40.0,143.0,40.0,80.0,80.0,101.0,101.0,122.0,122.0,143.0,,,,,,,,,,,,,,,,,,,,,,,,,,,,,,,,,,,,,,,,,,,,,,,,,,,,,,,,,,,,,,,,,,,,,,,,,,,,,,,,,,,,,,,,,,,,,,,,,,
v_SoccerJuggling_g12_c05.avi,7.0,Soccer Juggling,29.97,0.0,12.012,0.601,5.906,18.0,177.0,18.0,41.0,41.0,62.0,62.0,86.0,86.0,108.0,108.0,130.0,130.0,155.0,155.0,177.0,,,,,,,,,,,,,,,,,,,,,,,,,,,,,,,,,,,,,,,,,,,,,,,,,,,,,,,,,,,,,,,,,,,,,,,,,,,,,,,,,,,,,,,,,,,,
v_BabyCrawling_g08_c01.avi,5.0,Baby Crawling,25.0,0.0,8.2,0.36,7.4,9.0,185.0,9.0,62.0,62.0,90.0,90.0,121.0,121.0,148.0,148.0,185.0,,,,,,,,,,,,,,,,,,,,,,,,,,,,,,,,,,,,,,,,,,,,,,,,,,,,,,,,,,,,,,,,,,,,,,,,,,,,,,,,,,,,,,,,,,,,,,,,
v_ShavingBeard_g08_c03.avi,5.0,Shaving Beard,25.0,0.0,4.08,0.36,3.2,9.0,80.0,9.0,22.0,22.0,32.0,32.0,45.0,45.0,67.0,67.0,80.0,,,,,,,,,,,,,,,,,,,,,,,,,,,,,,,,,,,,,,,,,,,,,,,,,,,,,,,,,,,,,,,,,,,,,,,,,,,,,,,,,,,,,,,,,,,,,,,,
v_BreastStroke_g05_c02.avi,3.0,Breast Stroke,25.0,0.0,9.0,0.04,7.08,1.0,177.0,1.0,61.0,61.0,118.0,118.0,177.0,,,,,,,,,,,,,,,,,,,,,,,,,,,,,,,,,,,,,,,,,,,,,,,,,,,,,,,,,,,,,,,,,,,,,,,,,,,,,,,,,,,,,,,,,,,,,,,,,,,,
v_TableTennisShot_g01_c06.avi,7.0,Table Tennis Shot,25.0,0.0,7.76,0.36,7.16,9.0,179.0,9.0,31.0,31.0,56.0,56.0,81.0,81.0,106.0,106.0,130.0,130.0,155.0,155.0,179.0,,,,,,,,,,,,,,,,,,,,,,,,,,,,,,,,,,,,,,,,,,,,,,,,,,,,,,,,,,,,,,,,,,,,,,,,,,,,,,,,,,,,,,,,,,,,
v_JumpingJack_g11_c03.avi,3.0,Jumping Jack,29.97,0.0,2.736,0.033,2.736,1.0,82.0,1.0,28.0,28.0,56.0,56.0,82.0,,,,,,,,,,,,,,,,,,,,,,,,,,,,,,,,,,,,,,,,,,,,,,,,,,,,,,,,,,,,,,,,,,,,,,,,,,,,,,,,,,,,,,,,,,,,,,,,,,,,
v_SoccerJuggling_g15_c01.avi,45.0,Soccer Juggling,29.97,0.0,19.987,0.067,19.72,2.0,591.0,2.0,15.0,15.0,29.0,29.0,47.0,47.0,58.0,58.0,73.0,73.0,84.0,84.0,96.0,96.0,109.0,109.0,120.0,120.0,132.0,132.0,143.0,143.0,155.0,155.0,170.0,170.0,182.0,182.0,196.0,196.0,210.0,210.0,221.0,221.0,231.0,231.0,246.0,246.0,258.0,258.0,272.0,272.0,287.0,287.0,300.0,300.0,311.0,311.0,324.0,324.0,339.0,339.0,354.0,354.0,365.0,365.0,377.0,377.0,394.0,394.0,406.0,406.0,418.0,418.0,434.0,434.0,445.0,445.0,458.0,458.0,470.0,470.0,481.0,481.0,495.0,495.0,509.0,509.0,525.0,525.0,534.0,534.0,549.0,549.0,564.0,564.0,578.0,578.0,591.0,,,,,,,,,,,,,,,,
v_BenchPress_g07_c01.avi,3.0,Bench Press,25.0,0.0,2.92,0.04,2.92,1.0,73.0,1.0,26.0,26.0,51.0,51.0,73.0,,,,,,,,,,,,,,,,,,,,,,,,,,,,,,,,,,,,,,,,,,,,,,,,,,,,,,,,,,,,,,,,,,,,,,,,,,,,,,,,,,,,,,,,,,,,,,,,,,,,
v_HandstandWalking_g11_c04.avi,5.0,Handstand Walking,25.0,0.0,5.24,0.16,5.24,4.0,131.0,4.0,24.0,24.0,54.0,54.0,74.0,74.0,101.0,101.0,131.0,,,,,,,,,,,,,,,,,,,,,,,,,,,,,,,,,,,,,,,,,,,,,,,,,,,,,,,,,,,,,,,,,,,,,,,,,,,,,,,,,,,,,,,,,,,,,,,,
v_PlayingViolin_g09_c03.avi,3.0,Playing Violin,25.0,0.0,7.0,0.6,7.0,15.0,175.0,15.0,67.0,67.0,113.0,113.0,175.0,,,,,,,,,,,,,,,,,,,,,,,,,,,,,,,,,,,,,,,,,,,,,,,,,,,,,,,,,,,,,,,,,,,,,,,,,,,,,,,,,,,,,,,,,,,,,,,,,,,,
v_TableTennisShot_g05_c03.avi,6.0,Table Tennis Shot,25.0,0.0,8.84,0.44,8.32,11.0,208.0,11.0,42.0,42.0,79.0,79.0,109.0,109.0,140.0,140.0,175.0,175.0,208.0,,,,,,,,,,,,,,,,,,,,,,,,,,,,,,,,,,,,,,,,,,,,,,,,,,,,,,,,,,,,,,,,,,,,,,,,,,,,,,,,,,,,,,,,,,,,,,
v_BodyWeightSquats_g19_c01.avi,3.0,Body Weight Squats,25.0,0.0,5.4,0.04,4.44,1.0,111.0,1.0,38.0,38.0,72.0,72.0,111.0,,,,,,,,,,,,,,,,,,,,,,,,,,,,,,,,,,,,,,,,,,,,,,,,,,,,,,,,,,,,,,,,,,,,,,,,,,,,,,,,,,,,,,,,,,,,,,,,,,,,
v_ShavingBeard_g05_c06.avi,10.0,Shaving Beard,25.0,0.0,20.84,0.52,7.8,13.0,195.0,13.0,26.0,26.0,41.0,41.0,54.0,54.0,70.0,70.0,98.0,98.0,117.0,117.0,129.0,129.0,151.0,151.0,173.0,173.0,195.0,,,,,,,,,,,,,,,,,,,,,,,,,,,,,,,,,,,,,,,,,,,,,,,,,,,,,,,,,,,,,,,,,,,,,,,,,,,,,,,,,,,,,,
v_Hammering_g03_c03.avi,12.0,Hammering,25.0,0.0,5.04,0.4,4.72,10.0,118.0,10.0,19.0,19.0,28.0,28.0,36.0,36.0,46.0,46.0,54.0,54.0,64.0,64.0,73.0,73.0,81.0,81.0,89.0,89.0,98.0,98.0,108.0,108.0,118.0,,,,,,,,,,,,,,,,,,,,,,,,,,,,,,,,,,,,,,,,,,,,,,,,,,,,,,,,,,,,,,,,,,,,,,,,,,,,,,,,,,
v_HammerThrow_g01_c01.avi,4.0,Hammer Throw,25.0,0.0,4.52,0.76,3.0,19.0,75.0,19.0,38.0,38.0,53.0,53.0,64.0,64.0,75.0,,,,,,,,,,,,,,,,,,,,,,,,,,,,,,,,,,,,,,,,,,,,,,,,,,,,,,,,,,,,,,,,,,,,,,,,,,,,,,,,,,,,,,,,,,,,,,,,,,
v_PlayingCello_g14_c02.avi,7.0,Playing Cello,25.0,0.0,7.64,0.32,7.48,8.0,187.0,8.0,39.0,39.0,64.0,64.0,87.0,87.0,111.0,111.0,139.0,139.0,162.0,162.0,187.0,,,,,,,,,,,,,,,,,,,,,,,,,,,,,,,,,,,,,,,,,,,,,,,,,,,,,,,,,,,,,,,,,,,,,,,,,,,,,,,,,,,,,,,,,,,,
v_HandstandWalking_g03_c04.avi,4.0,Handstand Walking,25.0,0.0,5.36,0.04,4.88,1.0,122.0,1.0,42.0,42.0,75.0,75.0,101.0,101.0,122.0,,,,,,,,,,,,,,,,,,,,,,,,,,,,,,,,,,,,,,,,,,,,,,,,,,,,,,,,,,,,,,,,,,,,,,,,,,,,,,,,,,,,,,,,,,,,,,,,,,
v_SoccerJuggling_g20_c01.avi,17.0,Soccer Juggling,29.97,0.0,10.043,0.033,9.576,1.0,287.0,1.0,20.0,20.0,36.0,36.0,51.0,51.0,66.0,66.0,83.0,83.0,101.0,101.0,117.0,117.0,137.0,137.0,159.0,159.0,172.0,172.0,189.0,189.0,211.0,211.0,228.0,228.0,241.0,241.0,255.0,255.0,268.0,268.0,287.0,,,,,,,,,,,,,,,,,,,,,,,,,,,,,,,,,,,,,,,,,,,,,,,,,,,,,,,,,,,,,,,,,,,,,,,,
v_TableTennisShot_g16_c02.avi,8.0,Table Tennis Shot,25.0,0.0,10.76,0.64,10.68,16.0,267.0,16.0,47.0,47.0,79.0,79.0,112.0,112.0,141.0,141.0,172.0,172.0,203.0,203.0,234.0,234.0,267.0,,,,,,,,,,,,,,,,,,,,,,,,,,,,,,,,,,,,,,,,,,,,,,,,,,,,,,,,,,,,,,,,,,,,,,,,,,,,,,,,,,,,,,,,,,
v_CuttingInKitchen_g04_c01.avi,20.0,Cutting In Kitchen,25.0,0.0,3.88,0.04,3.48,1.0,87.0,1.0,5.0,5.0,9.0,9.0,13.0,13.0,17.0,17.0,21.0,21.0,26.0,26.0,30.0,30.0,34.0,34.0,38.0,38.0,42.0,42.0,47.0,47.0,51.0,51.0,56.0,56.0,60.0,60.0,65.0,65.0,69.0,69.0,74.0,74.0,78.0,78.0,82.0,82.0,87.0,,,,,,,,,,,,,,,,,,,,,,,,,,,,,,,,,,,,,,,,,,,,,,,,,,,,,,,,,,,,,,,,,,
